shots,nll,prob,model,acc,hmm,dataset,flip_prob
1,6.8125,0.0010999396107533182,meta-llama/Llama-3.1-8B-Instruct,0.0,0,logiqa,0.75
2,6.90625,0.0010015064124832178,meta-llama/Llama-3.1-8B-Instruct,0.0,0,logiqa,0.75
3,3.5,0.0301973834223185,meta-llama/Llama-3.1-8B-Instruct,0.0,0,logiqa,0.75
4,1.1328125,0.3221260018134028,meta-llama/Llama-3.1-8B-Instruct,1.0,0,logiqa,0.75
5,2.1875,0.11219689052034373,meta-llama/Llama-3.1-8B-Instruct,0.0,0,logiqa,0.75
6,3.34375,0.03530431798508576,meta-llama/Llama-3.1-8B-Instruct,0.0,0,logiqa,0.75
7,2.3125,0.0990134083638263,meta-llama/Llama-3.1-8B-Instruct,0.0,0,logiqa,0.75
8,0.62109375,0.5373563825172994,meta-llama/Llama-3.1-8B-Instruct,1.0,0,logiqa,0.75
9,0.4453125,0.6406240497330474,meta-llama/Llama-3.1-8B-Instruct,1.0,0,logiqa,0.75
10,1.328125,0.26497362135689667,meta-llama/Llama-3.1-8B-Instruct,0.0,0,logiqa,0.75
11,3.0,0.049787068367863944,meta-llama/Llama-3.1-8B-Instruct,0.0,0,logiqa,0.75
12,4.53125,0.010767208646547101,meta-llama/Llama-3.1-8B-Instruct,0.0,0,logiqa,0.75
13,0.2353515625,0.7902929634144612,meta-llama/Llama-3.1-8B-Instruct,1.0,0,logiqa,0.75
14,3.03125,0.04825528130927965,meta-llama/Llama-3.1-8B-Instruct,0.0,0,logiqa,0.75
15,1.21875,0.29559943537737077,meta-llama/Llama-3.1-8B-Instruct,0.0,0,logiqa,0.75
16,0.58984375,0.5544139051397897,meta-llama/Llama-3.1-8B-Instruct,1.0,0,logiqa,0.75
17,2.125,0.11943296826671962,meta-llama/Llama-3.1-8B-Instruct,0.0,0,logiqa,0.75
18,4.6875,0.00920968160396814,meta-llama/Llama-3.1-8B-Instruct,0.0,0,logiqa,0.75
19,2.71875,0.06595714935553817,meta-llama/Llama-3.1-8B-Instruct,0.0,0,logiqa,0.75
20,3.328125,0.035860280096566576,meta-llama/Llama-3.1-8B-Instruct,0.0,0,logiqa,0.75
21,2.078125,0.1251646760876602,meta-llama/Llama-3.1-8B-Instruct,0.0,0,logiqa,0.75
22,1.5078125,0.221393747466153,meta-llama/Llama-3.1-8B-Instruct,0.0,0,logiqa,0.75
23,1.3046875,0.27125728970502744,meta-llama/Llama-3.1-8B-Instruct,0.0,0,logiqa,0.75
24,0.53125,0.5878696731223465,meta-llama/Llama-3.1-8B-Instruct,1.0,0,logiqa,0.75
25,2.0,0.1353352832366127,meta-llama/Llama-3.1-8B-Instruct,0.0,0,logiqa,0.75
26,1.2890625,0.2755289704553164,meta-llama/Llama-3.1-8B-Instruct,0.0,0,logiqa,0.75
27,1.1875,0.3049827687110593,meta-llama/Llama-3.1-8B-Instruct,0.0,0,logiqa,0.75
28,2.703125,0.06699582332279769,meta-llama/Llama-3.1-8B-Instruct,0.0,0,logiqa,0.75
29,1.265625,0.28206295169381546,meta-llama/Llama-3.1-8B-Instruct,0.0,0,logiqa,0.75
30,1.4765625,0.2284215394097245,meta-llama/Llama-3.1-8B-Instruct,0.0,0,logiqa,0.75
31,1.0,0.36787944117144233,meta-llama/Llama-3.1-8B-Instruct,1.0,0,logiqa,0.75
32,3.234375,0.039384812757335554,meta-llama/Llama-3.1-8B-Instruct,0.0,0,logiqa,0.75
33,1.078125,0.34023286457404905,meta-llama/Llama-3.1-8B-Instruct,0.0,0,logiqa,0.75
34,3.75,0.023517745856009107,meta-llama/Llama-3.1-8B-Instruct,0.0,0,logiqa,0.75
35,2.40625,0.09015273423081638,meta-llama/Llama-3.1-8B-Instruct,0.0,0,logiqa,0.75
36,1.828125,0.16071462536804407,meta-llama/Llama-3.1-8B-Instruct,0.0,0,logiqa,0.75
37,1.0,0.36787944117144233,meta-llama/Llama-3.1-8B-Instruct,1.0,0,logiqa,0.75
38,1.015625,0.3621759990808257,meta-llama/Llama-3.1-8B-Instruct,0.0,0,logiqa,0.75
1,4.625,0.009803655035821828,meta-llama/Llama-3.1-8B-Instruct,0.0,0,logiqa,0.75
2,1.8671875,0.15455774475698483,meta-llama/Llama-3.1-8B-Instruct,0.0,0,logiqa,0.75
3,0.73046875,0.48168314818692903,meta-llama/Llama-3.1-8B-Instruct,1.0,0,logiqa,0.75
4,2.46875,0.0846906561847805,meta-llama/Llama-3.1-8B-Instruct,0.0,0,logiqa,0.75
5,0.69921875,0.49697341264527733,meta-llama/Llama-3.1-8B-Instruct,1.0,0,logiqa,0.75
6,0.99609375,0.3693192805940405,meta-llama/Llama-3.1-8B-Instruct,1.0,0,logiqa,0.75
7,1.734375,0.17651048487186194,meta-llama/Llama-3.1-8B-Instruct,0.0,0,logiqa,0.75
8,2.234375,0.10705902083552722,meta-llama/Llama-3.1-8B-Instruct,0.0,0,logiqa,0.75
9,3.671875,0.025428746320412147,meta-llama/Llama-3.1-8B-Instruct,0.0,0,logiqa,0.75
10,1.9296875,0.14519356438370257,meta-llama/Llama-3.1-8B-Instruct,0.0,0,logiqa,0.75
11,2.28125,0.1021564313333943,meta-llama/Llama-3.1-8B-Instruct,0.0,0,logiqa,0.75
12,2.109375,0.1213137638466268,meta-llama/Llama-3.1-8B-Instruct,0.0,0,logiqa,0.75
13,3.03125,0.04825528130927965,meta-llama/Llama-3.1-8B-Instruct,0.0,0,logiqa,0.75
14,3.390625,0.03368761555886473,meta-llama/Llama-3.1-8B-Instruct,0.0,0,logiqa,0.75
15,2.96875,0.05136747956725073,meta-llama/Llama-3.1-8B-Instruct,0.0,0,logiqa,0.75
16,3.671875,0.025428746320412147,meta-llama/Llama-3.1-8B-Instruct,0.0,0,logiqa,0.75
17,1.40625,0.2450605392455259,meta-llama/Llama-3.1-8B-Instruct,0.0,0,logiqa,0.75
18,1.078125,0.34023286457404905,meta-llama/Llama-3.1-8B-Instruct,1.0,0,logiqa,0.75
19,0.73828125,0.47793466018873804,meta-llama/Llama-3.1-8B-Instruct,1.0,0,logiqa,0.75
20,2.90625,0.05468039736791477,meta-llama/Llama-3.1-8B-Instruct,0.0,0,logiqa,0.75
21,1.671875,0.18789443308700168,meta-llama/Llama-3.1-8B-Instruct,0.0,0,logiqa,0.75
22,0.86328125,0.4217758572543825,meta-llama/Llama-3.1-8B-Instruct,1.0,0,logiqa,0.75
23,2.171875,0.1139637344565904,meta-llama/Llama-3.1-8B-Instruct,0.0,0,logiqa,0.75
24,5.03125,0.006530642163653784,meta-llama/Llama-3.1-8B-Instruct,0.0,0,logiqa,0.75
25,1.359375,0.25682124007865503,meta-llama/Llama-3.1-8B-Instruct,0.0,0,logiqa,0.75
26,2.0625,0.1271357329320356,meta-llama/Llama-3.1-8B-Instruct,0.0,0,logiqa,0.75
27,1.390625,0.2489196812036605,meta-llama/Llama-3.1-8B-Instruct,0.0,0,logiqa,0.75
28,1.84375,0.15822297604949842,meta-llama/Llama-3.1-8B-Instruct,0.0,0,logiqa,0.75
29,3.046875,0.04750715251567949,meta-llama/Llama-3.1-8B-Instruct,0.0,0,logiqa,0.75
30,2.125,0.11943296826671962,meta-llama/Llama-3.1-8B-Instruct,0.0,0,logiqa,0.75
31,1.40625,0.2450605392455259,meta-llama/Llama-3.1-8B-Instruct,0.0,0,logiqa,0.75
32,1.7109375,0.18069631039374898,meta-llama/Llama-3.1-8B-Instruct,0.0,0,logiqa,0.75
33,4.5625,0.010435936462774504,meta-llama/Llama-3.1-8B-Instruct,0.0,0,logiqa,0.75
34,1.765625,0.17107982817134254,meta-llama/Llama-3.1-8B-Instruct,0.0,0,logiqa,0.75
35,0.625,0.5352614285189903,meta-llama/Llama-3.1-8B-Instruct,1.0,0,logiqa,0.75
36,0.62890625,0.5331746419722976,meta-llama/Llama-3.1-8B-Instruct,1.0,0,logiqa,0.75
1,9.5,7.48518298877006e-05,meta-llama/Llama-3.1-8B-Instruct,0.0,0,logiqa,0.75
2,1.734375,0.17651048487186194,meta-llama/Llama-3.1-8B-Instruct,0.0,0,logiqa,0.75
3,2.03125,0.13117145431019428,meta-llama/Llama-3.1-8B-Instruct,0.0,0,logiqa,0.75
4,0.1455078125,0.8645831354918224,meta-llama/Llama-3.1-8B-Instruct,1.0,0,logiqa,0.75
5,0.69921875,0.49697341264527733,meta-llama/Llama-3.1-8B-Instruct,1.0,0,logiqa,0.75
6,1.8515625,0.1569916750812332,meta-llama/Llama-3.1-8B-Instruct,0.0,0,logiqa,0.75
7,0.77734375,0.459625270884992,meta-llama/Llama-3.1-8B-Instruct,1.0,0,logiqa,0.75
8,1.3046875,0.27125728970502744,meta-llama/Llama-3.1-8B-Instruct,0.0,0,logiqa,0.75
9,0.15234375,0.8586930542645764,meta-llama/Llama-3.1-8B-Instruct,1.0,0,logiqa,0.75
10,0.8828125,0.41361797370441067,meta-llama/Llama-3.1-8B-Instruct,1.0,0,logiqa,0.75
11,1.9296875,0.14519356438370257,meta-llama/Llama-3.1-8B-Instruct,0.0,0,logiqa,0.75
12,1.6640625,0.18936810739025348,meta-llama/Llama-3.1-8B-Instruct,0.0,0,logiqa,0.75
13,2.984375,0.050571100611906464,meta-llama/Llama-3.1-8B-Instruct,0.0,0,logiqa,0.75
14,1.5,0.22313016014842982,meta-llama/Llama-3.1-8B-Instruct,0.0,0,logiqa,0.75
15,1.328125,0.26497362135689667,meta-llama/Llama-3.1-8B-Instruct,0.0,0,logiqa,0.75
16,0.2421875,0.7849089933174918,meta-llama/Llama-3.1-8B-Instruct,1.0,0,logiqa,0.75
17,2.09375,0.12322417764723749,meta-llama/Llama-3.1-8B-Instruct,0.0,0,logiqa,0.75
18,0.25390625,0.7757645265618263,meta-llama/Llama-3.1-8B-Instruct,1.0,0,logiqa,0.75
19,2.046875,0.129137829405204,meta-llama/Llama-3.1-8B-Instruct,0.0,0,logiqa,0.75
20,1.1484375,0.31713190105209277,meta-llama/Llama-3.1-8B-Instruct,1.0,0,logiqa,0.75
21,1.546875,0.21291228619240427,meta-llama/Llama-3.1-8B-Instruct,0.0,0,logiqa,0.75
22,4.0,0.01831563888873418,meta-llama/Llama-3.1-8B-Instruct,0.0,0,logiqa,0.75
23,1.5234375,0.21796135555570278,meta-llama/Llama-3.1-8B-Instruct,0.0,0,logiqa,0.75
24,2.34375,0.09596708604499847,meta-llama/Llama-3.1-8B-Instruct,0.0,0,logiqa,0.75
25,2.8125,0.060054667895307945,meta-llama/Llama-3.1-8B-Instruct,0.0,0,logiqa,0.75
26,1.1953125,0.30260937397538795,meta-llama/Llama-3.1-8B-Instruct,0.0,0,logiqa,0.75
27,0.90234375,0.40561787790561105,meta-llama/Llama-3.1-8B-Instruct,0.0,0,logiqa,0.75
28,0.83984375,0.43177798346854385,meta-llama/Llama-3.1-8B-Instruct,1.0,0,logiqa,0.75
29,1.8828125,0.1521615490248429,meta-llama/Llama-3.1-8B-Instruct,0.0,0,logiqa,0.75
30,2.0,0.1353352832366127,meta-llama/Llama-3.1-8B-Instruct,0.0,0,logiqa,0.75
31,2.046875,0.129137829405204,meta-llama/Llama-3.1-8B-Instruct,0.0,0,logiqa,0.75
32,2.109375,0.1213137638466268,meta-llama/Llama-3.1-8B-Instruct,0.0,0,logiqa,0.75
33,1.078125,0.34023286457404905,meta-llama/Llama-3.1-8B-Instruct,0.0,0,logiqa,0.75
34,1.375,0.25283959580474646,meta-llama/Llama-3.1-8B-Instruct,0.0,0,logiqa,0.75
35,1.390625,0.2489196812036605,meta-llama/Llama-3.1-8B-Instruct,0.0,0,logiqa,0.75
1,14.75,3.927863545481039e-07,meta-llama/Llama-3.1-8B-Instruct,0.0,0,logiqa,0.75
2,1.78125,0.16842748127818424,meta-llama/Llama-3.1-8B-Instruct,0.0,0,logiqa,0.75
3,9.25,9.61116520613947e-05,meta-llama/Llama-3.1-8B-Instruct,0.0,0,logiqa,0.75
4,3.125,0.04393693362340742,meta-llama/Llama-3.1-8B-Instruct,0.0,0,logiqa,0.75
5,3.953125,0.019194624751579337,meta-llama/Llama-3.1-8B-Instruct,0.0,0,logiqa,0.75
6,1.6171875,0.19845607261390505,meta-llama/Llama-3.1-8B-Instruct,0.0,0,logiqa,0.75
7,3.515625,0.02972921638615875,meta-llama/Llama-3.1-8B-Instruct,0.0,0,logiqa,0.75
8,0.50390625,0.604166020765368,meta-llama/Llama-3.1-8B-Instruct,1.0,0,logiqa,0.75
9,1.71875,0.17929012055011864,meta-llama/Llama-3.1-8B-Instruct,0.0,0,logiqa,0.75
10,1.75,0.17377394345044514,meta-llama/Llama-3.1-8B-Instruct,0.0,0,logiqa,0.75
11,1.28125,0.27768997095378994,meta-llama/Llama-3.1-8B-Instruct,0.0,0,logiqa,0.75
12,0.384765625,0.6806101355130432,meta-llama/Llama-3.1-8B-Instruct,1.0,0,logiqa,0.75
13,0.306640625,0.7359150228524268,meta-llama/Llama-3.1-8B-Instruct,1.0,0,logiqa,0.75
14,4.3125,0.013400007665140828,meta-llama/Llama-3.1-8B-Instruct,0.0,0,logiqa,0.75
15,1.296875,0.27338478699614155,meta-llama/Llama-3.1-8B-Instruct,0.0,0,logiqa,0.75
16,2.453125,0.08602433995839362,meta-llama/Llama-3.1-8B-Instruct,0.0,0,logiqa,0.75
17,0.265625,0.76672659607082,meta-llama/Llama-3.1-8B-Instruct,1.0,0,logiqa,0.75
18,1.359375,0.25682124007865503,meta-llama/Llama-3.1-8B-Instruct,0.0,0,logiqa,0.75
19,2.3125,0.0990134083638263,meta-llama/Llama-3.1-8B-Instruct,0.0,0,logiqa,0.75
20,0.060546875,0.941249646907103,meta-llama/Llama-3.1-8B-Instruct,1.0,0,logiqa,0.75
21,1.25,0.2865047968601901,meta-llama/Llama-3.1-8B-Instruct,0.0,0,logiqa,0.75
22,0.1982421875,0.8201711938713908,meta-llama/Llama-3.1-8B-Instruct,1.0,0,logiqa,0.75
23,1.6640625,0.18936810739025348,meta-llama/Llama-3.1-8B-Instruct,0.0,0,logiqa,0.75
24,3.5,0.0301973834223185,meta-llama/Llama-3.1-8B-Instruct,0.0,0,logiqa,0.75
25,1.4375,0.23752081909545814,meta-llama/Llama-3.1-8B-Instruct,0.0,0,logiqa,0.75
26,1.8515625,0.1569916750812332,meta-llama/Llama-3.1-8B-Instruct,0.0,0,logiqa,0.75
27,2.703125,0.06699582332279769,meta-llama/Llama-3.1-8B-Instruct,0.0,0,logiqa,0.75
28,2.40625,0.09015273423081638,meta-llama/Llama-3.1-8B-Instruct,0.0,0,logiqa,0.75
29,1.078125,0.34023286457404905,meta-llama/Llama-3.1-8B-Instruct,0.0,0,logiqa,0.75
30,0.62109375,0.5373563825172994,meta-llama/Llama-3.1-8B-Instruct,1.0,0,logiqa,0.75
31,0.060546875,0.941249646907103,meta-llama/Llama-3.1-8B-Instruct,1.0,0,logiqa,0.75
32,1.7578125,0.17242162389375282,meta-llama/Llama-3.1-8B-Instruct,0.0,0,logiqa,0.75
33,1.2890625,0.2755289704553164,meta-llama/Llama-3.1-8B-Instruct,0.0,0,logiqa,0.75
34,1.3515625,0.25883551402927246,meta-llama/Llama-3.1-8B-Instruct,0.0,0,logiqa,0.75
35,0.66796875,0.5127490421990961,meta-llama/Llama-3.1-8B-Instruct,1.0,0,logiqa,0.75
36,1.328125,0.26497362135689667,meta-llama/Llama-3.1-8B-Instruct,0.0,0,logiqa,0.75
37,0.1787109375,0.8363476211932502,meta-llama/Llama-3.1-8B-Instruct,1.0,0,logiqa,0.75
38,0.0751953125,0.9275623041230301,meta-llama/Llama-3.1-8B-Instruct,1.0,0,logiqa,0.75
39,1.046875,0.3510330150388101,meta-llama/Llama-3.1-8B-Instruct,1.0,0,logiqa,0.75
1,13.875,9.422454817328475e-07,meta-llama/Llama-3.1-8B-Instruct,0.0,0,logiqa,0.75
2,1.6875,0.18498139990730428,meta-llama/Llama-3.1-8B-Instruct,0.0,0,logiqa,0.75
3,1.4375,0.23752081909545814,meta-llama/Llama-3.1-8B-Instruct,0.0,0,logiqa,0.75
4,1.21875,0.29559943537737077,meta-llama/Llama-3.1-8B-Instruct,0.0,0,logiqa,0.75
5,1.171875,0.30978554847668166,meta-llama/Llama-3.1-8B-Instruct,0.0,0,logiqa,0.75
6,3.0,0.049787068367863944,meta-llama/Llama-3.1-8B-Instruct,0.0,0,logiqa,0.75
7,5.0,0.006737946999085467,meta-llama/Llama-3.1-8B-Instruct,0.0,0,logiqa,0.75
8,2.421875,0.08875504563653425,meta-llama/Llama-3.1-8B-Instruct,0.0,0,logiqa,0.75
9,4.375,0.012588142242433998,meta-llama/Llama-3.1-8B-Instruct,0.0,0,logiqa,0.75
10,0.81640625,0.44201730327044453,meta-llama/Llama-3.1-8B-Instruct,0.0,0,logiqa,0.75
11,0.921875,0.39777251796661167,meta-llama/Llama-3.1-8B-Instruct,0.0,0,logiqa,0.75
12,1.625,0.19691167520419406,meta-llama/Llama-3.1-8B-Instruct,0.0,0,logiqa,0.75
13,2.90625,0.05468039736791477,meta-llama/Llama-3.1-8B-Instruct,0.0,0,logiqa,0.75
14,0.007781982421875,0.9922482188107336,meta-llama/Llama-3.1-8B-Instruct,1.0,0,logiqa,0.75
15,1.046875,0.3510330150388101,meta-llama/Llama-3.1-8B-Instruct,0.0,0,logiqa,0.75
16,0.8984375,0.407205421393389,meta-llama/Llama-3.1-8B-Instruct,0.0,0,logiqa,0.75
17,1.7421875,0.17513686938087475,meta-llama/Llama-3.1-8B-Instruct,0.0,0,logiqa,0.75
18,1.859375,0.15576995617312325,meta-llama/Llama-3.1-8B-Instruct,0.0,0,logiqa,0.75
19,1.15625,0.314663961018459,meta-llama/Llama-3.1-8B-Instruct,1.0,0,logiqa,0.75
20,5.875,0.0028087941945255128,meta-llama/Llama-3.1-8B-Instruct,0.0,0,logiqa,0.75
21,0.83203125,0.4351644601644917,meta-llama/Llama-3.1-8B-Instruct,1.0,0,logiqa,0.75
22,1.1796875,0.30737477821235176,meta-llama/Llama-3.1-8B-Instruct,0.0,0,logiqa,0.75
23,7.625,0.000488095243523415,meta-llama/Llama-3.1-8B-Instruct,0.0,0,logiqa,0.75
24,1.84375,0.15822297604949842,meta-llama/Llama-3.1-8B-Instruct,0.0,0,logiqa,0.75
25,0.1318359375,0.8764847815685415,meta-llama/Llama-3.1-8B-Instruct,1.0,0,logiqa,0.75
26,0.9453125,0.3885581275123641,meta-llama/Llama-3.1-8B-Instruct,1.0,0,logiqa,0.75
27,2.46875,0.0846906561847805,meta-llama/Llama-3.1-8B-Instruct,0.0,0,logiqa,0.75
28,1.0859375,0.3375851514160396,meta-llama/Llama-3.1-8B-Instruct,1.0,0,logiqa,0.75
29,1.1328125,0.3221260018134028,meta-llama/Llama-3.1-8B-Instruct,1.0,0,logiqa,0.75
30,0.431640625,0.6494427282327384,meta-llama/Llama-3.1-8B-Instruct,1.0,0,logiqa,0.75
31,1.1796875,0.30737477821235176,meta-llama/Llama-3.1-8B-Instruct,0.0,0,logiqa,0.75
32,1.78125,0.16842748127818424,meta-llama/Llama-3.1-8B-Instruct,0.0,0,logiqa,0.75
33,0.45703125,0.6331605534862997,meta-llama/Llama-3.1-8B-Instruct,1.0,0,logiqa,0.75
34,1.25,0.2865047968601901,meta-llama/Llama-3.1-8B-Instruct,0.0,0,logiqa,0.75
35,1.1875,0.3049827687110593,meta-llama/Llama-3.1-8B-Instruct,0.0,0,logiqa,0.75
36,3.78125,0.022794180883612344,meta-llama/Llama-3.1-8B-Instruct,0.0,0,logiqa,0.75
37,3.90625,0.02011579402674089,meta-llama/Llama-3.1-8B-Instruct,0.0,0,logiqa,0.75
1,8.125,0.0002960447300568554,meta-llama/Llama-3.1-8B-Instruct,0.0,0,logiqa,0.75
2,2.25,0.10539922456186433,meta-llama/Llama-3.1-8B-Instruct,0.0,0,logiqa,0.75
3,1.125,0.32465246735834974,meta-llama/Llama-3.1-8B-Instruct,0.0,0,logiqa,0.75
4,0.470703125,0.6245629680224108,meta-llama/Llama-3.1-8B-Instruct,1.0,0,logiqa,0.75
5,4.6875,0.00920968160396814,meta-llama/Llama-3.1-8B-Instruct,0.0,0,logiqa,0.75
6,0.40625,0.6661436107034878,meta-llama/Llama-3.1-8B-Instruct,1.0,0,logiqa,0.75
7,1.2578125,0.2842751988422877,meta-llama/Llama-3.1-8B-Instruct,0.0,0,logiqa,0.75
8,1.1015625,0.3323513787550223,meta-llama/Llama-3.1-8B-Instruct,1.0,0,logiqa,0.75
9,1.8515625,0.1569916750812332,meta-llama/Llama-3.1-8B-Instruct,0.0,0,logiqa,0.75
10,0.64453125,0.5249085353233612,meta-llama/Llama-3.1-8B-Instruct,1.0,0,logiqa,0.75
11,1.71875,0.17929012055011864,meta-llama/Llama-3.1-8B-Instruct,0.0,0,logiqa,0.75
12,6.09375,0.002256929540148032,meta-llama/Llama-3.1-8B-Instruct,0.0,0,logiqa,0.75
13,1.5,0.22313016014842982,meta-llama/Llama-3.1-8B-Instruct,0.0,0,logiqa,0.75
14,1.4609375,0.23201865524727103,meta-llama/Llama-3.1-8B-Instruct,0.0,0,logiqa,0.75
15,3.921875,0.019803927546861083,meta-llama/Llama-3.1-8B-Instruct,0.0,0,logiqa,0.75
16,2.28125,0.1021564313333943,meta-llama/Llama-3.1-8B-Instruct,0.0,0,logiqa,0.75
17,1.9375,0.14406365910145327,meta-llama/Llama-3.1-8B-Instruct,0.0,0,logiqa,0.75
18,1.5234375,0.21796135555570278,meta-llama/Llama-3.1-8B-Instruct,0.0,0,logiqa,0.75
19,1.046875,0.3510330150388101,meta-llama/Llama-3.1-8B-Instruct,0.0,0,logiqa,0.75
20,0.158203125,0.8536763613451477,meta-llama/Llama-3.1-8B-Instruct,1.0,0,logiqa,0.75
21,0.5625,0.569782824730923,meta-llama/Llama-3.1-8B-Instruct,1.0,0,logiqa,0.75
22,1.65625,0.19085333986431632,meta-llama/Llama-3.1-8B-Instruct,0.0,0,logiqa,0.75
23,1.375,0.25283959580474646,meta-llama/Llama-3.1-8B-Instruct,0.0,0,logiqa,0.75
24,1.796875,0.1658162552121675,meta-llama/Llama-3.1-8B-Instruct,0.0,0,logiqa,0.75
25,3.484375,0.030672923016533588,meta-llama/Llama-3.1-8B-Instruct,0.0,0,logiqa,0.75
26,2.453125,0.08602433995839362,meta-llama/Llama-3.1-8B-Instruct,0.0,0,logiqa,0.75
27,1.25,0.2865047968601901,meta-llama/Llama-3.1-8B-Instruct,0.0,0,logiqa,0.75
28,1.171875,0.30978554847668166,meta-llama/Llama-3.1-8B-Instruct,0.0,0,logiqa,0.75
29,0.94140625,0.39007890102496307,meta-llama/Llama-3.1-8B-Instruct,1.0,0,logiqa,0.75
30,4.375,0.012588142242433998,meta-llama/Llama-3.1-8B-Instruct,0.0,0,logiqa,0.75
31,4.9375,0.007172507245008699,meta-llama/Llama-3.1-8B-Instruct,0.0,0,logiqa,0.75
32,3.265625,0.03817306945803752,meta-llama/Llama-3.1-8B-Instruct,0.0,0,logiqa,0.75
33,1.546875,0.21291228619240427,meta-llama/Llama-3.1-8B-Instruct,0.0,0,logiqa,0.75
34,2.21875,0.10874495509722103,meta-llama/Llama-3.1-8B-Instruct,0.0,0,logiqa,0.75
35,1.8046875,0.16452586287665122,meta-llama/Llama-3.1-8B-Instruct,0.0,0,logiqa,0.75
36,1.1796875,0.30737477821235176,meta-llama/Llama-3.1-8B-Instruct,1.0,0,logiqa,0.75
37,4.65625,0.00950202828005989,meta-llama/Llama-3.1-8B-Instruct,0.0,0,logiqa,0.75
38,0.39453125,0.673995900791531,meta-llama/Llama-3.1-8B-Instruct,1.0,0,logiqa,0.75
39,1.3984375,0.24698257287629313,meta-llama/Llama-3.1-8B-Instruct,0.0,0,logiqa,0.75
1,9.75,5.829466373086881e-05,meta-llama/Llama-3.1-8B-Instruct,0.0,0,logiqa,0.75
2,0.59375,0.5522524501630204,meta-llama/Llama-3.1-8B-Instruct,1.0,0,logiqa,0.75
3,2.3125,0.0990134083638263,meta-llama/Llama-3.1-8B-Instruct,0.0,0,logiqa,0.75
4,2.171875,0.1139637344565904,meta-llama/Llama-3.1-8B-Instruct,0.0,0,logiqa,0.75
5,5.0625,0.006329715427485747,meta-llama/Llama-3.1-8B-Instruct,0.0,0,logiqa,0.75
6,2.5625,0.07711171996831671,meta-llama/Llama-3.1-8B-Instruct,0.0,0,logiqa,0.75
7,1.2421875,0.2887518818320782,meta-llama/Llama-3.1-8B-Instruct,0.0,0,logiqa,0.75
8,1.3046875,0.27125728970502744,meta-llama/Llama-3.1-8B-Instruct,0.0,0,logiqa,0.75
9,4.0,0.01831563888873418,meta-llama/Llama-3.1-8B-Instruct,0.0,0,logiqa,0.75
10,1.34375,0.26086558612628497,meta-llama/Llama-3.1-8B-Instruct,0.0,0,logiqa,0.75
11,1.1875,0.3049827687110593,meta-llama/Llama-3.1-8B-Instruct,1.0,0,logiqa,0.75
12,0.3359375,0.7146677711559482,meta-llama/Llama-3.1-8B-Instruct,1.0,0,logiqa,0.75
13,3.25,0.03877420783172201,meta-llama/Llama-3.1-8B-Instruct,0.0,0,logiqa,0.75
14,1.4453125,0.23567241741677974,meta-llama/Llama-3.1-8B-Instruct,0.0,0,logiqa,0.75
15,1.4921875,0.22488019168416426,meta-llama/Llama-3.1-8B-Instruct,0.0,0,logiqa,0.75
16,1.078125,0.34023286457404905,meta-llama/Llama-3.1-8B-Instruct,0.0,0,logiqa,0.75
17,0.87890625,0.4152368286818413,meta-llama/Llama-3.1-8B-Instruct,0.0,0,logiqa,0.75
18,0.90234375,0.40561787790561105,meta-llama/Llama-3.1-8B-Instruct,1.0,0,logiqa,0.75
19,0.74609375,0.4742153431555798,meta-llama/Llama-3.1-8B-Instruct,1.0,0,logiqa,0.75
20,0.023193359375,0.9770735391778969,meta-llama/Llama-3.1-8B-Instruct,1.0,0,logiqa,0.75
21,6.0,0.0024787521766663585,meta-llama/Llama-3.1-8B-Instruct,0.0,0,logiqa,0.75
22,2.0,0.1353352832366127,meta-llama/Llama-3.1-8B-Instruct,0.0,0,logiqa,0.75
23,0.19140625,0.8257970399501007,meta-llama/Llama-3.1-8B-Instruct,1.0,0,logiqa,0.75
24,2.1875,0.11219689052034373,meta-llama/Llama-3.1-8B-Instruct,0.0,0,logiqa,0.75
25,2.765625,0.06293675158337987,meta-llama/Llama-3.1-8B-Instruct,0.0,0,logiqa,0.75
26,1.4921875,0.22488019168416426,meta-llama/Llama-3.1-8B-Instruct,0.0,0,logiqa,0.75
27,2.25,0.10539922456186433,meta-llama/Llama-3.1-8B-Instruct,0.0,0,logiqa,0.75
28,1.703125,0.18211352912101367,meta-llama/Llama-3.1-8B-Instruct,0.0,0,logiqa,0.75
29,0.96484375,0.3810427330152126,meta-llama/Llama-3.1-8B-Instruct,1.0,0,logiqa,0.75
30,1.328125,0.26497362135689667,meta-llama/Llama-3.1-8B-Instruct,0.0,0,logiqa,0.75
31,0.03076171875,0.9697066084520289,meta-llama/Llama-3.1-8B-Instruct,1.0,0,logiqa,0.75
32,4.96875,0.006951832396384793,meta-llama/Llama-3.1-8B-Instruct,0.0,0,logiqa,0.75
33,2.203125,0.1104574389603643,meta-llama/Llama-3.1-8B-Instruct,0.0,0,logiqa,0.75
34,3.71875,0.02426427924617674,meta-llama/Llama-3.1-8B-Instruct,0.0,0,logiqa,0.75
35,3.796875,0.022440789864373145,meta-llama/Llama-3.1-8B-Instruct,0.0,0,logiqa,0.75
36,2.296875,0.10057264266491435,meta-llama/Llama-3.1-8B-Instruct,0.0,0,logiqa,0.75
37,1.828125,0.16071462536804407,meta-llama/Llama-3.1-8B-Instruct,0.0,0,logiqa,0.75
1,5.21875,0.0054140925140856375,meta-llama/Llama-3.1-8B-Instruct,0.0,0,logiqa,0.75
2,3.375,0.03421811831166603,meta-llama/Llama-3.1-8B-Instruct,0.0,0,logiqa,0.75
3,4.4375,0.011825465259096618,meta-llama/Llama-3.1-8B-Instruct,0.0,0,logiqa,0.75
4,5.5625,0.0038391664740261636,meta-llama/Llama-3.1-8B-Instruct,0.0,0,logiqa,0.75
5,3.203125,0.040635020917967515,meta-llama/Llama-3.1-8B-Instruct,0.0,0,logiqa,0.75
6,0.259765625,0.7712323221982079,meta-llama/Llama-3.1-8B-Instruct,1.0,0,logiqa,0.75
7,1.9765625,0.13854466699075552,meta-llama/Llama-3.1-8B-Instruct,0.0,0,logiqa,0.75
8,2.8125,0.060054667895307945,meta-llama/Llama-3.1-8B-Instruct,0.0,0,logiqa,0.75
9,1.3515625,0.25883551402927246,meta-llama/Llama-3.1-8B-Instruct,0.0,0,logiqa,0.75
10,2.421875,0.08875504563653425,meta-llama/Llama-3.1-8B-Instruct,0.0,0,logiqa,0.75
11,1.6875,0.18498139990730428,meta-llama/Llama-3.1-8B-Instruct,0.0,0,logiqa,0.75
12,3.84375,0.021413151278198653,meta-llama/Llama-3.1-8B-Instruct,0.0,0,logiqa,0.75
13,1.0390625,0.353786201098432,meta-llama/Llama-3.1-8B-Instruct,0.0,0,logiqa,0.75
14,0.78515625,0.4560484386498127,meta-llama/Llama-3.1-8B-Instruct,0.0,0,logiqa,0.75
15,2.59375,0.0747392417609257,meta-llama/Llama-3.1-8B-Instruct,0.0,0,logiqa,0.75
16,2.03125,0.13117145431019428,meta-llama/Llama-3.1-8B-Instruct,0.0,0,logiqa,0.75
17,1.53125,0.2162651668298873,meta-llama/Llama-3.1-8B-Instruct,0.0,0,logiqa,0.75
18,0.73828125,0.47793466018873804,meta-llama/Llama-3.1-8B-Instruct,1.0,0,logiqa,0.75
19,0.6875,0.5028315779709409,meta-llama/Llama-3.1-8B-Instruct,1.0,0,logiqa,0.75
20,0.30078125,0.7402396824677261,meta-llama/Llama-3.1-8B-Instruct,1.0,0,logiqa,0.75
21,2.21875,0.10874495509722103,meta-llama/Llama-3.1-8B-Instruct,0.0,0,logiqa,0.75
22,3.71875,0.02426427924617674,meta-llama/Llama-3.1-8B-Instruct,0.0,0,logiqa,0.75
23,2.0,0.1353352832366127,meta-llama/Llama-3.1-8B-Instruct,0.0,0,logiqa,0.75
24,1.234375,0.29101659090983195,meta-llama/Llama-3.1-8B-Instruct,0.0,0,logiqa,0.75
25,1.6796875,0.18643222700816212,meta-llama/Llama-3.1-8B-Instruct,0.0,0,logiqa,0.75
26,1.390625,0.2489196812036605,meta-llama/Llama-3.1-8B-Instruct,0.0,0,logiqa,0.75
27,4.34375,0.012987732771292249,meta-llama/Llama-3.1-8B-Instruct,0.0,0,logiqa,0.75
28,1.1328125,0.3221260018134028,meta-llama/Llama-3.1-8B-Instruct,0.0,0,logiqa,0.75
29,0.76171875,0.46686331570996537,meta-llama/Llama-3.1-8B-Instruct,1.0,0,logiqa,0.75
30,2.5,0.0820849986238988,meta-llama/Llama-3.1-8B-Instruct,0.0,0,logiqa,0.75
31,3.4375,0.03214494732687607,meta-llama/Llama-3.1-8B-Instruct,0.0,0,logiqa,0.75
32,1.234375,0.29101659090983195,meta-llama/Llama-3.1-8B-Instruct,0.0,0,logiqa,0.75
33,0.1318359375,0.8764847815685415,meta-llama/Llama-3.1-8B-Instruct,1.0,0,logiqa,0.75
34,1.703125,0.18211352912101367,meta-llama/Llama-3.1-8B-Instruct,0.0,0,logiqa,0.75
35,1.796875,0.1658162552121675,meta-llama/Llama-3.1-8B-Instruct,0.0,0,logiqa,0.75
36,3.28125,0.037581250870997916,meta-llama/Llama-3.1-8B-Instruct,0.0,0,logiqa,0.75
1,7.34375,0.0006466211394278742,meta-llama/Llama-3.1-8B-Instruct,0.0,0,logiqa,0.75
2,1.234375,0.29101659090983195,meta-llama/Llama-3.1-8B-Instruct,1.0,0,logiqa,0.75
3,0.54296875,0.5810207839794026,meta-llama/Llama-3.1-8B-Instruct,1.0,0,logiqa,0.75
4,0.1845703125,0.8314614757090356,meta-llama/Llama-3.1-8B-Instruct,1.0,0,logiqa,0.75
5,1.7265625,0.17789487376266921,meta-llama/Llama-3.1-8B-Instruct,0.0,0,logiqa,0.75
6,0.69140625,0.5008712234296745,meta-llama/Llama-3.1-8B-Instruct,1.0,0,logiqa,0.75
7,2.3125,0.0990134083638263,meta-llama/Llama-3.1-8B-Instruct,0.0,0,logiqa,0.75
8,0.330078125,0.7188675697091758,meta-llama/Llama-3.1-8B-Instruct,1.0,0,logiqa,0.75
9,0.44140625,0.6431313813711866,meta-llama/Llama-3.1-8B-Instruct,1.0,0,logiqa,0.75
10,1.28125,0.27768997095378994,meta-llama/Llama-3.1-8B-Instruct,0.0,0,logiqa,0.75
11,0.640625,0.5269629692433709,meta-llama/Llama-3.1-8B-Instruct,1.0,0,logiqa,0.75
12,3.125,0.04393693362340742,meta-llama/Llama-3.1-8B-Instruct,0.0,0,logiqa,0.75
13,1.2265625,0.29329906232102687,meta-llama/Llama-3.1-8B-Instruct,0.0,0,logiqa,0.75
14,3.71875,0.02426427924617674,meta-llama/Llama-3.1-8B-Instruct,0.0,0,logiqa,0.75
15,2.328125,0.0974783477499485,meta-llama/Llama-3.1-8B-Instruct,0.0,0,logiqa,0.75
16,2.140625,0.11758133171956547,meta-llama/Llama-3.1-8B-Instruct,0.0,0,logiqa,0.75
17,1.0,0.36787944117144233,meta-llama/Llama-3.1-8B-Instruct,1.0,0,logiqa,0.75
18,0.96484375,0.3810427330152126,meta-llama/Llama-3.1-8B-Instruct,1.0,0,logiqa,0.75
19,6.875,0.001033297638647637,meta-llama/Llama-3.1-8B-Instruct,0.0,0,logiqa,0.75
20,1.3359375,0.26291158027609046,meta-llama/Llama-3.1-8B-Instruct,0.0,0,logiqa,0.75
21,1.640625,0.19385884264329528,meta-llama/Llama-3.1-8B-Instruct,0.0,0,logiqa,0.75
22,3.921875,0.019803927546861083,meta-llama/Llama-3.1-8B-Instruct,0.0,0,logiqa,0.75
23,2.421875,0.08875504563653425,meta-llama/Llama-3.1-8B-Instruct,0.0,0,logiqa,0.75
24,2.609375,0.07358051721811718,meta-llama/Llama-3.1-8B-Instruct,0.0,0,logiqa,0.75
25,0.0751953125,0.9275623041230301,meta-llama/Llama-3.1-8B-Instruct,1.0,0,logiqa,0.75
26,1.1328125,0.3221260018134028,meta-llama/Llama-3.1-8B-Instruct,1.0,0,logiqa,0.75
27,0.9765625,0.3766034507108804,meta-llama/Llama-3.1-8B-Instruct,1.0,0,logiqa,0.75
28,3.46875,0.031155951269699805,meta-llama/Llama-3.1-8B-Instruct,0.0,0,logiqa,0.75
29,0.73046875,0.48168314818692903,meta-llama/Llama-3.1-8B-Instruct,1.0,0,logiqa,0.75
30,1.1953125,0.30260937397538795,meta-llama/Llama-3.1-8B-Instruct,0.0,0,logiqa,0.75
31,1.8984375,0.14980250286418162,meta-llama/Llama-3.1-8B-Instruct,0.0,0,logiqa,0.75
32,1.3203125,0.26705183522634335,meta-llama/Llama-3.1-8B-Instruct,0.0,0,logiqa,0.75
33,0.921875,0.39777251796661167,meta-llama/Llama-3.1-8B-Instruct,1.0,0,logiqa,0.75
34,1.546875,0.21291228619240427,meta-llama/Llama-3.1-8B-Instruct,0.0,0,logiqa,0.75
35,2.125,0.11943296826671962,meta-llama/Llama-3.1-8B-Instruct,0.0,0,logiqa,0.75
36,0.265625,0.76672659607082,meta-llama/Llama-3.1-8B-Instruct,1.0,0,logiqa,0.75
37,2.21875,0.10874495509722103,meta-llama/Llama-3.1-8B-Instruct,0.0,0,logiqa,0.75
38,2.375,0.09301448921066349,meta-llama/Llama-3.1-8B-Instruct,0.0,0,logiqa,0.75
39,1.8125,0.1632455124539584,meta-llama/Llama-3.1-8B-Instruct,0.0,0,logiqa,0.75
1,4.03125,0.01775212592162854,meta-llama/Llama-3.1-8B-Instruct,0.0,0,logiqa,0.75
2,1.953125,0.14183015908734253,meta-llama/Llama-3.1-8B-Instruct,0.0,0,logiqa,0.75
3,3.796875,0.022440789864373145,meta-llama/Llama-3.1-8B-Instruct,0.0,0,logiqa,0.75
4,2.625,0.07243975703425146,meta-llama/Llama-3.1-8B-Instruct,0.0,0,logiqa,0.75
5,0.138671875,0.870513618882206,meta-llama/Llama-3.1-8B-Instruct,1.0,0,logiqa,0.75
6,1.46875,0.23021307174736147,meta-llama/Llama-3.1-8B-Instruct,0.0,0,logiqa,0.75
7,1.3203125,0.26705183522634335,meta-llama/Llama-3.1-8B-Instruct,0.0,0,logiqa,0.75
8,3.171875,0.04192491494570112,meta-llama/Llama-3.1-8B-Instruct,0.0,0,logiqa,0.75
9,1.78125,0.16842748127818424,meta-llama/Llama-3.1-8B-Instruct,0.0,0,logiqa,0.75
10,2.1875,0.11219689052034373,meta-llama/Llama-3.1-8B-Instruct,0.0,0,logiqa,0.75
11,3.0,0.049787068367863944,meta-llama/Llama-3.1-8B-Instruct,0.0,0,logiqa,0.75
12,1.4296875,0.23938371796817895,meta-llama/Llama-3.1-8B-Instruct,0.0,0,logiqa,0.75
13,1.1953125,0.30260937397538795,meta-llama/Llama-3.1-8B-Instruct,0.0,0,logiqa,0.75
14,0.25390625,0.7757645265618263,meta-llama/Llama-3.1-8B-Instruct,1.0,0,logiqa,0.75
15,0.98046875,0.37513521300027985,meta-llama/Llama-3.1-8B-Instruct,0.0,0,logiqa,0.75
16,1.3515625,0.25883551402927246,meta-llama/Llama-3.1-8B-Instruct,0.0,0,logiqa,0.75
17,0.0966796875,0.9078467542291261,meta-llama/Llama-3.1-8B-Instruct,1.0,0,logiqa,0.75
18,2.21875,0.10874495509722103,meta-llama/Llama-3.1-8B-Instruct,0.0,0,logiqa,0.75
19,3.515625,0.02972921638615875,meta-llama/Llama-3.1-8B-Instruct,0.0,0,logiqa,0.75
20,4.0,0.01831563888873418,meta-llama/Llama-3.1-8B-Instruct,0.0,0,logiqa,0.75
21,2.328125,0.0974783477499485,meta-llama/Llama-3.1-8B-Instruct,0.0,0,logiqa,0.75
22,3.4375,0.03214494732687607,meta-llama/Llama-3.1-8B-Instruct,0.0,0,logiqa,0.75
23,2.015625,0.13323710414756298,meta-llama/Llama-3.1-8B-Instruct,0.0,0,logiqa,0.75
24,1.296875,0.27338478699614155,meta-llama/Llama-3.1-8B-Instruct,1.0,0,logiqa,0.75
25,1.609375,0.2000125828826258,meta-llama/Llama-3.1-8B-Instruct,0.0,0,logiqa,0.75
26,3.140625,0.043255754605187734,meta-llama/Llama-3.1-8B-Instruct,0.0,0,logiqa,0.75
27,1.4609375,0.23201865524727103,meta-llama/Llama-3.1-8B-Instruct,0.0,0,logiqa,0.75
28,2.375,0.09301448921066349,meta-llama/Llama-3.1-8B-Instruct,0.0,0,logiqa,0.75
29,0.25390625,0.7757645265618263,meta-llama/Llama-3.1-8B-Instruct,1.0,0,logiqa,0.75
30,2.15625,0.11575840213626322,meta-llama/Llama-3.1-8B-Instruct,0.0,0,logiqa,0.75
31,2.140625,0.11758133171956547,meta-llama/Llama-3.1-8B-Instruct,0.0,0,logiqa,0.75
32,1.28125,0.27768997095378994,meta-llama/Llama-3.1-8B-Instruct,0.0,0,logiqa,0.75
33,1.21875,0.29559943537737077,meta-llama/Llama-3.1-8B-Instruct,0.0,0,logiqa,0.75
34,3.25,0.03877420783172201,meta-llama/Llama-3.1-8B-Instruct,0.0,0,logiqa,0.75
35,1.6875,0.18498139990730428,meta-llama/Llama-3.1-8B-Instruct,0.0,0,logiqa,0.75
36,3.203125,0.040635020917967515,meta-llama/Llama-3.1-8B-Instruct,0.0,0,logiqa,0.75
37,5.15625,0.005763271481312824,meta-llama/Llama-3.1-8B-Instruct,0.0,0,logiqa,0.75
38,1.59375,0.20316232275153173,meta-llama/Llama-3.1-8B-Instruct,0.0,0,logiqa,0.75
39,0.48046875,0.6184934050621846,meta-llama/Llama-3.1-8B-Instruct,1.0,0,logiqa,0.75
1,14.8125,3.689886323573741e-07,meta-llama/Llama-3.1-8B-Instruct,0.0,0,logiqa,0.75
2,1.0078125,0.36501658064745907,meta-llama/Llama-3.1-8B-Instruct,1.0,0,logiqa,0.75
3,2.265625,0.10376516104428837,meta-llama/Llama-3.1-8B-Instruct,0.0,0,logiqa,0.75
4,0.0458984375,0.9551389635657673,meta-llama/Llama-3.1-8B-Instruct,1.0,0,logiqa,0.75
5,2.3125,0.0990134083638263,meta-llama/Llama-3.1-8B-Instruct,0.0,0,logiqa,0.75
6,2.640625,0.07131668269775804,meta-llama/Llama-3.1-8B-Instruct,0.0,0,logiqa,0.75
7,1.6328125,0.19537929639047613,meta-llama/Llama-3.1-8B-Instruct,0.0,0,logiqa,0.75
8,0.470703125,0.6245629680224108,meta-llama/Llama-3.1-8B-Instruct,1.0,0,logiqa,0.75
9,1.53125,0.2162651668298873,meta-llama/Llama-3.1-8B-Instruct,0.0,0,logiqa,0.75
10,1.0078125,0.36501658064745907,meta-llama/Llama-3.1-8B-Instruct,1.0,0,logiqa,0.75
11,3.84375,0.021413151278198653,meta-llama/Llama-3.1-8B-Instruct,0.0,0,logiqa,0.75
12,1.421875,0.2412612277378443,meta-llama/Llama-3.1-8B-Instruct,0.0,0,logiqa,0.75
13,0.2890625,0.7489653936027156,meta-llama/Llama-3.1-8B-Instruct,1.0,0,logiqa,0.75
14,1.390625,0.2489196812036605,meta-llama/Llama-3.1-8B-Instruct,0.0,0,logiqa,0.75
15,1.4140625,0.2431534629991392,meta-llama/Llama-3.1-8B-Instruct,0.0,0,logiqa,0.75
16,4.46875,0.011461633942261852,meta-llama/Llama-3.1-8B-Instruct,0.0,0,logiqa,0.75
17,5.375,0.004630918733533246,meta-llama/Llama-3.1-8B-Instruct,0.0,0,logiqa,0.75
18,4.21875,0.014717029298635137,meta-llama/Llama-3.1-8B-Instruct,0.0,0,logiqa,0.75
19,0.94921875,0.3870432829338104,meta-llama/Llama-3.1-8B-Instruct,0.0,0,logiqa,0.75
20,0.515625,0.5971272734216274,meta-llama/Llama-3.1-8B-Instruct,1.0,0,logiqa,0.75
21,1.9765625,0.13854466699075552,meta-llama/Llama-3.1-8B-Instruct,0.0,0,logiqa,0.75
22,0.74609375,0.4742153431555798,meta-llama/Llama-3.1-8B-Instruct,1.0,0,logiqa,0.75
23,0.625,0.5352614285189903,meta-llama/Llama-3.1-8B-Instruct,1.0,0,logiqa,0.75
24,1.46875,0.23021307174736147,meta-llama/Llama-3.1-8B-Instruct,0.0,0,logiqa,0.75
25,0.283203125,0.7533667446967807,meta-llama/Llama-3.1-8B-Instruct,1.0,0,logiqa,0.75
26,3.8125,0.022092877665062443,meta-llama/Llama-3.1-8B-Instruct,0.0,0,logiqa,0.75
27,3.25,0.03877420783172201,meta-llama/Llama-3.1-8B-Instruct,0.0,0,logiqa,0.75
28,1.71875,0.17929012055011864,meta-llama/Llama-3.1-8B-Instruct,0.0,0,logiqa,0.75
29,4.15625,0.015666196140128895,meta-llama/Llama-3.1-8B-Instruct,0.0,0,logiqa,0.75
30,2.328125,0.0974783477499485,meta-llama/Llama-3.1-8B-Instruct,0.0,0,logiqa,0.75
31,0.8984375,0.407205421393389,meta-llama/Llama-3.1-8B-Instruct,1.0,0,logiqa,0.75
32,1.4296875,0.23938371796817895,meta-llama/Llama-3.1-8B-Instruct,0.0,0,logiqa,0.75
33,4.59375,0.010114856452604551,meta-llama/Llama-3.1-8B-Instruct,0.0,0,logiqa,0.75
34,0.390625,0.676633846161729,meta-llama/Llama-3.1-8B-Instruct,1.0,0,logiqa,0.75
35,3.3125,0.036424997337364234,meta-llama/Llama-3.1-8B-Instruct,0.0,0,logiqa,0.75
36,5.28125,0.005086069231012701,meta-llama/Llama-3.1-8B-Instruct,0.0,0,logiqa,0.75
37,1.921875,0.1463323316229146,meta-llama/Llama-3.1-8B-Instruct,0.0,0,logiqa,0.75
38,1.71875,0.17929012055011864,meta-llama/Llama-3.1-8B-Instruct,0.0,0,logiqa,0.75
1,2.6875,0.0680508540250102,meta-llama/Llama-3.1-8B-Instruct,0.0,0,logiqa,0.75
2,0.470703125,0.6245629680224108,meta-llama/Llama-3.1-8B-Instruct,1.0,0,logiqa,0.75
3,0.89453125,0.4087991783506979,meta-llama/Llama-3.1-8B-Instruct,0.0,0,logiqa,0.75
4,6.0,0.0024787521766663585,meta-llama/Llama-3.1-8B-Instruct,0.0,0,logiqa,0.75
5,2.8125,0.060054667895307945,meta-llama/Llama-3.1-8B-Instruct,0.0,0,logiqa,0.75
6,5.375,0.004630918733533246,meta-llama/Llama-3.1-8B-Instruct,0.0,0,logiqa,0.75
7,0.384765625,0.6806101355130432,meta-llama/Llama-3.1-8B-Instruct,1.0,0,logiqa,0.75
8,1.6171875,0.19845607261390505,meta-llama/Llama-3.1-8B-Instruct,0.0,0,logiqa,0.75
9,3.0625,0.04677062238395898,meta-llama/Llama-3.1-8B-Instruct,0.0,0,logiqa,0.75
10,0.5703125,0.5653487396106142,meta-llama/Llama-3.1-8B-Instruct,1.0,0,logiqa,0.75
11,1.421875,0.2412612277378443,meta-llama/Llama-3.1-8B-Instruct,0.0,0,logiqa,0.75
12,3.96875,0.018897039677585683,meta-llama/Llama-3.1-8B-Instruct,0.0,0,logiqa,0.75
13,0.921875,0.39777251796661167,meta-llama/Llama-3.1-8B-Instruct,1.0,0,logiqa,0.75
14,3.15625,0.04258513628878761,meta-llama/Llama-3.1-8B-Instruct,0.0,0,logiqa,0.75
15,2.0,0.1353352832366127,meta-llama/Llama-3.1-8B-Instruct,0.0,0,logiqa,0.75
16,6.40625,0.0016512049250036575,meta-llama/Llama-3.1-8B-Instruct,0.0,0,logiqa,0.75
17,1.640625,0.19385884264329528,meta-llama/Llama-3.1-8B-Instruct,0.0,0,logiqa,0.75
18,2.1875,0.11219689052034373,meta-llama/Llama-3.1-8B-Instruct,0.0,0,logiqa,0.75
19,3.71875,0.02426427924617674,meta-llama/Llama-3.1-8B-Instruct,0.0,0,logiqa,0.75
20,2.09375,0.12322417764723749,meta-llama/Llama-3.1-8B-Instruct,0.0,0,logiqa,0.75
21,2.625,0.07243975703425146,meta-llama/Llama-3.1-8B-Instruct,0.0,0,logiqa,0.75
22,0.431640625,0.6494427282327384,meta-llama/Llama-3.1-8B-Instruct,1.0,0,logiqa,0.75
23,0.1982421875,0.8201711938713908,meta-llama/Llama-3.1-8B-Instruct,1.0,0,logiqa,0.75
24,1.3359375,0.26291158027609046,meta-llama/Llama-3.1-8B-Instruct,0.0,0,logiqa,0.75
25,1.328125,0.26497362135689667,meta-llama/Llama-3.1-8B-Instruct,0.0,0,logiqa,0.75
26,1.46875,0.23021307174736147,meta-llama/Llama-3.1-8B-Instruct,0.0,0,logiqa,0.75
27,1.4296875,0.23938371796817895,meta-llama/Llama-3.1-8B-Instruct,0.0,0,logiqa,0.75
28,6.0,0.0024787521766663585,meta-llama/Llama-3.1-8B-Instruct,0.0,0,logiqa,0.75
29,1.265625,0.28206295169381546,meta-llama/Llama-3.1-8B-Instruct,0.0,0,logiqa,0.75
30,2.625,0.07243975703425146,meta-llama/Llama-3.1-8B-Instruct,0.0,0,logiqa,0.75
31,2.09375,0.12322417764723749,meta-llama/Llama-3.1-8B-Instruct,0.0,0,logiqa,0.75
32,2.65625,0.07021102001498804,meta-llama/Llama-3.1-8B-Instruct,0.0,0,logiqa,0.75
33,1.921875,0.1463323316229146,meta-llama/Llama-3.1-8B-Instruct,0.0,0,logiqa,0.75
34,1.234375,0.29101659090983195,meta-llama/Llama-3.1-8B-Instruct,0.0,0,logiqa,0.75
35,3.609375,0.027068759555306635,meta-llama/Llama-3.1-8B-Instruct,0.0,0,logiqa,0.75
36,2.421875,0.08875504563653425,meta-llama/Llama-3.1-8B-Instruct,0.0,0,logiqa,0.75
37,0.5703125,0.5653487396106142,meta-llama/Llama-3.1-8B-Instruct,1.0,0,logiqa,0.75
38,1.640625,0.19385884264329528,meta-llama/Llama-3.1-8B-Instruct,0.0,0,logiqa,0.75
39,1.3671875,0.2548226413322821,meta-llama/Llama-3.1-8B-Instruct,0.0,0,logiqa,0.75
40,0.08984375,0.9140739981758944,meta-llama/Llama-3.1-8B-Instruct,1.0,0,logiqa,0.75
1,15.0,3.059023205018258e-07,meta-llama/Llama-3.1-8B-Instruct,0.0,0,logiqa,0.75
2,4.125,0.016163494588165874,meta-llama/Llama-3.1-8B-Instruct,0.0,0,logiqa,0.75
3,2.28125,0.1021564313333943,meta-llama/Llama-3.1-8B-Instruct,0.0,0,logiqa,0.75
4,2.296875,0.10057264266491435,meta-llama/Llama-3.1-8B-Instruct,0.0,0,logiqa,0.75
5,0.007781982421875,0.9922482188107336,meta-llama/Llama-3.1-8B-Instruct,1.0,0,logiqa,0.75
6,0.36328125,0.6953908273230813,meta-llama/Llama-3.1-8B-Instruct,1.0,0,logiqa,0.75
7,1.7421875,0.17513686938087475,meta-llama/Llama-3.1-8B-Instruct,0.0,0,logiqa,0.75
8,4.0625,0.017205950425851383,meta-llama/Llama-3.1-8B-Instruct,0.0,0,logiqa,0.75
9,1.125,0.32465246735834974,meta-llama/Llama-3.1-8B-Instruct,0.0,0,logiqa,0.75
10,2.34375,0.09596708604499847,meta-llama/Llama-3.1-8B-Instruct,0.0,0,logiqa,0.75
11,1.7734375,0.16974847438608623,meta-llama/Llama-3.1-8B-Instruct,0.0,0,logiqa,0.75
12,4.34375,0.012987732771292249,meta-llama/Llama-3.1-8B-Instruct,0.0,0,logiqa,0.75
13,4.625,0.009803655035821828,meta-llama/Llama-3.1-8B-Instruct,0.0,0,logiqa,0.75
14,1.34375,0.26086558612628497,meta-llama/Llama-3.1-8B-Instruct,0.0,0,logiqa,0.75
15,2.34375,0.09596708604499847,meta-llama/Llama-3.1-8B-Instruct,0.0,0,logiqa,0.75
16,0.216796875,0.8050934873117519,meta-llama/Llama-3.1-8B-Instruct,1.0,0,logiqa,0.75
17,4.03125,0.01775212592162854,meta-llama/Llama-3.1-8B-Instruct,0.0,0,logiqa,0.75
18,4.34375,0.012987732771292249,meta-llama/Llama-3.1-8B-Instruct,0.0,0,logiqa,0.75
19,1.3046875,0.27125728970502744,meta-llama/Llama-3.1-8B-Instruct,0.0,0,logiqa,0.75
20,0.08251953125,0.9207934534340386,meta-llama/Llama-3.1-8B-Instruct,1.0,0,logiqa,0.75
21,2.09375,0.12322417764723749,meta-llama/Llama-3.1-8B-Instruct,0.0,0,logiqa,0.75
22,0.90234375,0.40561787790561105,meta-llama/Llama-3.1-8B-Instruct,0.0,0,logiqa,0.75
23,1.125,0.32465246735834974,meta-llama/Llama-3.1-8B-Instruct,0.0,0,logiqa,0.75
24,2.515625,0.08081238867682222,meta-llama/Llama-3.1-8B-Instruct,0.0,0,logiqa,0.75
25,0.216796875,0.8050934873117519,meta-llama/Llama-3.1-8B-Instruct,1.0,0,logiqa,0.75
26,1.7265625,0.17789487376266921,meta-llama/Llama-3.1-8B-Instruct,0.0,0,logiqa,0.75
27,0.73046875,0.48168314818692903,meta-llama/Llama-3.1-8B-Instruct,1.0,0,logiqa,0.75
28,3.84375,0.021413151278198653,meta-llama/Llama-3.1-8B-Instruct,0.0,0,logiqa,0.75
29,3.96875,0.018897039677585683,meta-llama/Llama-3.1-8B-Instruct,0.0,0,logiqa,0.75
30,0.82421875,0.43857749732635326,meta-llama/Llama-3.1-8B-Instruct,1.0,0,logiqa,0.75
31,2.546875,0.07832605286299588,meta-llama/Llama-3.1-8B-Instruct,0.0,0,logiqa,0.75
32,3.21875,0.04000503331137926,meta-llama/Llama-3.1-8B-Instruct,0.0,0,logiqa,0.75
33,0.96875,0.3795571881830896,meta-llama/Llama-3.1-8B-Instruct,0.0,0,logiqa,0.75
34,1.640625,0.19385884264329528,meta-llama/Llama-3.1-8B-Instruct,0.0,0,logiqa,0.75
35,5.0,0.006737946999085467,meta-llama/Llama-3.1-8B-Instruct,0.0,0,logiqa,0.75
36,1.6953125,0.18354186323251906,meta-llama/Llama-3.1-8B-Instruct,0.0,0,logiqa,0.75
37,0.060546875,0.941249646907103,meta-llama/Llama-3.1-8B-Instruct,1.0,0,logiqa,0.75
38,1.453125,0.23383840011408472,meta-llama/Llama-3.1-8B-Instruct,0.0,0,logiqa,0.75
39,1.0234375,0.35935752309532076,meta-llama/Llama-3.1-8B-Instruct,1.0,0,logiqa,0.75
40,1.4609375,0.23201865524727103,meta-llama/Llama-3.1-8B-Instruct,0.0,0,logiqa,0.75
1,6.375,0.001703619795802574,meta-llama/Llama-3.1-8B-Instruct,0.0,0,logiqa,0.75
2,5.03125,0.006530642163653784,meta-llama/Llama-3.1-8B-Instruct,0.0,0,logiqa,0.75
3,1.6015625,0.20158130101268698,meta-llama/Llama-3.1-8B-Instruct,0.0,0,logiqa,0.75
4,1.8828125,0.1521615490248429,meta-llama/Llama-3.1-8B-Instruct,0.0,0,logiqa,0.75
5,1.125,0.32465246735834974,meta-llama/Llama-3.1-8B-Instruct,0.0,0,logiqa,0.75
6,0.87890625,0.4152368286818413,meta-llama/Llama-3.1-8B-Instruct,1.0,0,logiqa,0.75
7,3.359375,0.034756975267222885,meta-llama/Llama-3.1-8B-Instruct,0.0,0,logiqa,0.75
8,0.03076171875,0.9697066084520289,meta-llama/Llama-3.1-8B-Instruct,1.0,0,logiqa,0.75
9,2.421875,0.08875504563653425,meta-llama/Llama-3.1-8B-Instruct,0.0,0,logiqa,0.75
10,1.140625,0.31961919737930994,meta-llama/Llama-3.1-8B-Instruct,0.0,0,logiqa,0.75
11,5.40625,0.004488440342699523,meta-llama/Llama-3.1-8B-Instruct,0.0,0,logiqa,0.75
12,1.75,0.17377394345044514,meta-llama/Llama-3.1-8B-Instruct,0.0,0,logiqa,0.75
13,0.2421875,0.7849089933174918,meta-llama/Llama-3.1-8B-Instruct,1.0,0,logiqa,0.75
14,1.4140625,0.2431534629991392,meta-llama/Llama-3.1-8B-Instruct,0.0,0,logiqa,0.75
15,4.90625,0.0074001870652772766,meta-llama/Llama-3.1-8B-Instruct,0.0,0,logiqa,0.75
16,2.59375,0.0747392417609257,meta-llama/Llama-3.1-8B-Instruct,0.0,0,logiqa,0.75
17,1.3125,0.26914634872918386,meta-llama/Llama-3.1-8B-Instruct,0.0,0,logiqa,0.75
18,1.890625,0.1509774184559146,meta-llama/Llama-3.1-8B-Instruct,0.0,0,logiqa,0.75
19,2.21875,0.10874495509722103,meta-llama/Llama-3.1-8B-Instruct,0.0,0,logiqa,0.75
20,0.69921875,0.49697341264527733,meta-llama/Llama-3.1-8B-Instruct,1.0,0,logiqa,0.75
21,2.046875,0.129137829405204,meta-llama/Llama-3.1-8B-Instruct,0.0,0,logiqa,0.75
22,3.25,0.03877420783172201,meta-llama/Llama-3.1-8B-Instruct,0.0,0,logiqa,0.75
23,2.203125,0.1104574389603643,meta-llama/Llama-3.1-8B-Instruct,0.0,0,logiqa,0.75
24,2.09375,0.12322417764723749,meta-llama/Llama-3.1-8B-Instruct,0.0,0,logiqa,0.75
25,1.3984375,0.24698257287629313,meta-llama/Llama-3.1-8B-Instruct,0.0,0,logiqa,0.75
26,0.2294921875,0.7949371790602927,meta-llama/Llama-3.1-8B-Instruct,1.0,0,logiqa,0.75
27,3.90625,0.02011579402674089,meta-llama/Llama-3.1-8B-Instruct,0.0,0,logiqa,0.75
28,4.09375,0.016676578983487567,meta-llama/Llama-3.1-8B-Instruct,0.0,0,logiqa,0.75
29,1.859375,0.15576995617312325,meta-llama/Llama-3.1-8B-Instruct,0.0,0,logiqa,0.75
30,0.87890625,0.4152368286818413,meta-llama/Llama-3.1-8B-Instruct,0.0,0,logiqa,0.75
31,1.453125,0.23383840011408472,meta-llama/Llama-3.1-8B-Instruct,0.0,0,logiqa,0.75
32,4.96875,0.006951832396384793,meta-llama/Llama-3.1-8B-Instruct,0.0,0,logiqa,0.75
33,0.345703125,0.7077225610574206,meta-llama/Llama-3.1-8B-Instruct,1.0,0,logiqa,0.75
34,1.46875,0.23021307174736147,meta-llama/Llama-3.1-8B-Instruct,0.0,0,logiqa,0.75
35,3.515625,0.02972921638615875,meta-llama/Llama-3.1-8B-Instruct,0.0,0,logiqa,0.75
36,3.59375,0.02749503049258667,meta-llama/Llama-3.1-8B-Instruct,0.0,0,logiqa,0.75
37,2.28125,0.1021564313333943,meta-llama/Llama-3.1-8B-Instruct,0.0,0,logiqa,0.75
38,0.1455078125,0.8645831354918224,meta-llama/Llama-3.1-8B-Instruct,1.0,0,logiqa,0.75
39,1.3046875,0.27125728970502744,meta-llama/Llama-3.1-8B-Instruct,0.0,0,logiqa,0.75
1,13.8125,1.0030150942450052e-06,meta-llama/Llama-3.1-8B-Instruct,0.0,0,logiqa,0.75
2,5.5625,0.0038391664740261636,meta-llama/Llama-3.1-8B-Instruct,0.0,0,logiqa,0.75
3,5.0,0.006737946999085467,meta-llama/Llama-3.1-8B-Instruct,0.0,0,logiqa,0.75
4,2.734375,0.0649345785355609,meta-llama/Llama-3.1-8B-Instruct,0.0,0,logiqa,0.75
5,2.21875,0.10874495509722103,meta-llama/Llama-3.1-8B-Instruct,0.0,0,logiqa,0.75
6,1.53125,0.2162651668298873,meta-llama/Llama-3.1-8B-Instruct,0.0,0,logiqa,0.75
7,1.4921875,0.22488019168416426,meta-llama/Llama-3.1-8B-Instruct,0.0,0,logiqa,0.75
8,1.125,0.32465246735834974,meta-llama/Llama-3.1-8B-Instruct,1.0,0,logiqa,0.75
9,2.265625,0.10376516104428837,meta-llama/Llama-3.1-8B-Instruct,0.0,0,logiqa,0.75
10,0.68359375,0.5047996051229459,meta-llama/Llama-3.1-8B-Instruct,1.0,0,logiqa,0.75
11,3.65625,0.025829190807190754,meta-llama/Llama-3.1-8B-Instruct,0.0,0,logiqa,0.75
12,1.9765625,0.13854466699075552,meta-llama/Llama-3.1-8B-Instruct,0.0,0,logiqa,0.75
13,2.921875,0.053832656382752,meta-llama/Llama-3.1-8B-Instruct,0.0,0,logiqa,0.75
14,1.1328125,0.3221260018134028,meta-llama/Llama-3.1-8B-Instruct,0.0,0,logiqa,0.75
15,1.3359375,0.26291158027609046,meta-llama/Llama-3.1-8B-Instruct,0.0,0,logiqa,0.75
16,0.271484375,0.76224719348739,meta-llama/Llama-3.1-8B-Instruct,1.0,0,logiqa,0.75
17,4.03125,0.01775212592162854,meta-llama/Llama-3.1-8B-Instruct,0.0,0,logiqa,0.75
18,1.46875,0.23021307174736147,meta-llama/Llama-3.1-8B-Instruct,0.0,0,logiqa,0.75
19,1.46875,0.23021307174736147,meta-llama/Llama-3.1-8B-Instruct,0.0,0,logiqa,0.75
20,2.046875,0.129137829405204,meta-llama/Llama-3.1-8B-Instruct,0.0,0,logiqa,0.75
21,2.90625,0.05468039736791477,meta-llama/Llama-3.1-8B-Instruct,0.0,0,logiqa,0.75
22,1.3828125,0.25087198245993886,meta-llama/Llama-3.1-8B-Instruct,0.0,0,logiqa,0.75
23,3.375,0.03421811831166603,meta-llama/Llama-3.1-8B-Instruct,0.0,0,logiqa,0.75
24,3.984375,0.018604068232532935,meta-llama/Llama-3.1-8B-Instruct,0.0,0,logiqa,0.75
25,3.109375,0.04462883965030139,meta-llama/Llama-3.1-8B-Instruct,0.0,0,logiqa,0.75
26,0.330078125,0.7188675697091758,meta-llama/Llama-3.1-8B-Instruct,1.0,0,logiqa,0.75
27,4.4375,0.011825465259096618,meta-llama/Llama-3.1-8B-Instruct,0.0,0,logiqa,0.75
28,1.3359375,0.26291158027609046,meta-llama/Llama-3.1-8B-Instruct,0.0,0,logiqa,0.75
29,2.09375,0.12322417764723749,meta-llama/Llama-3.1-8B-Instruct,0.0,0,logiqa,0.75
30,2.59375,0.0747392417609257,meta-llama/Llama-3.1-8B-Instruct,0.0,0,logiqa,0.75
31,1.0078125,0.36501658064745907,meta-llama/Llama-3.1-8B-Instruct,1.0,0,logiqa,0.75
32,2.25,0.10539922456186433,meta-llama/Llama-3.1-8B-Instruct,0.0,0,logiqa,0.75
33,0.8125,0.44374731008107987,meta-llama/Llama-3.1-8B-Instruct,1.0,0,logiqa,0.75
34,1.390625,0.2489196812036605,meta-llama/Llama-3.1-8B-Instruct,0.0,0,logiqa,0.75
35,1.28125,0.27768997095378994,meta-llama/Llama-3.1-8B-Instruct,0.0,0,logiqa,0.75
36,1.5390625,0.21458217794945839,meta-llama/Llama-3.1-8B-Instruct,0.0,0,logiqa,0.75
37,5.375,0.004630918733533246,meta-llama/Llama-3.1-8B-Instruct,0.0,0,logiqa,0.75
38,4.3125,0.013400007665140828,meta-llama/Llama-3.1-8B-Instruct,0.0,0,logiqa,0.75
1,9.375,8.481823524646916e-05,meta-llama/Llama-3.1-8B-Instruct,0.0,0,logiqa,0.75
2,1.4921875,0.22488019168416426,meta-llama/Llama-3.1-8B-Instruct,0.0,0,logiqa,0.75
3,1.1171875,0.3271987482181544,meta-llama/Llama-3.1-8B-Instruct,0.0,0,logiqa,0.75
4,1.703125,0.18211352912101367,meta-llama/Llama-3.1-8B-Instruct,0.0,0,logiqa,0.75
5,3.15625,0.04258513628878761,meta-llama/Llama-3.1-8B-Instruct,0.0,0,logiqa,0.75
6,7.125,0.0008047330101246132,meta-llama/Llama-3.1-8B-Instruct,0.0,0,logiqa,0.75
7,1.7734375,0.16974847438608623,meta-llama/Llama-3.1-8B-Instruct,0.0,0,logiqa,0.75
8,1.0625,0.3455907525769745,meta-llama/Llama-3.1-8B-Instruct,0.0,0,logiqa,0.75
9,2.65625,0.07021102001498804,meta-llama/Llama-3.1-8B-Instruct,0.0,0,logiqa,0.75
10,1.7265625,0.17789487376266921,meta-llama/Llama-3.1-8B-Instruct,0.0,0,logiqa,0.75
11,0.59375,0.5522524501630204,meta-llama/Llama-3.1-8B-Instruct,1.0,0,logiqa,0.75
12,1.1328125,0.3221260018134028,meta-llama/Llama-3.1-8B-Instruct,1.0,0,logiqa,0.75
13,2.5,0.0820849986238988,meta-llama/Llama-3.1-8B-Instruct,0.0,0,logiqa,0.75
14,7.25,0.000710174388842549,meta-llama/Llama-3.1-8B-Instruct,0.0,0,logiqa,0.75
15,1.546875,0.21291228619240427,meta-llama/Llama-3.1-8B-Instruct,0.0,0,logiqa,0.75
16,0.36328125,0.6953908273230813,meta-llama/Llama-3.1-8B-Instruct,1.0,0,logiqa,0.75
17,0.64453125,0.5249085353233612,meta-llama/Llama-3.1-8B-Instruct,1.0,0,logiqa,0.75
18,2.1875,0.11219689052034373,meta-llama/Llama-3.1-8B-Instruct,0.0,0,logiqa,0.75
19,1.921875,0.1463323316229146,meta-llama/Llama-3.1-8B-Instruct,0.0,0,logiqa,0.75
20,4.1875,0.015184197956837946,meta-llama/Llama-3.1-8B-Instruct,0.0,0,logiqa,0.75
21,1.3203125,0.26705183522634335,meta-llama/Llama-3.1-8B-Instruct,0.0,0,logiqa,0.75
22,1.71875,0.17929012055011864,meta-llama/Llama-3.1-8B-Instruct,0.0,0,logiqa,0.75
23,2.4375,0.08737902619542039,meta-llama/Llama-3.1-8B-Instruct,0.0,0,logiqa,0.75
24,1.4609375,0.23201865524727103,meta-llama/Llama-3.1-8B-Instruct,0.0,0,logiqa,0.75
25,3.34375,0.03530431798508576,meta-llama/Llama-3.1-8B-Instruct,0.0,0,logiqa,0.75
26,2.421875,0.08875504563653425,meta-llama/Llama-3.1-8B-Instruct,0.0,0,logiqa,0.75
27,0.68359375,0.5047996051229459,meta-llama/Llama-3.1-8B-Instruct,1.0,0,logiqa,0.75
28,2.71875,0.06595714935553817,meta-llama/Llama-3.1-8B-Instruct,0.0,0,logiqa,0.75
29,2.28125,0.1021564313333943,meta-llama/Llama-3.1-8B-Instruct,0.0,0,logiqa,0.75
30,2.203125,0.1104574389603643,meta-llama/Llama-3.1-8B-Instruct,0.0,0,logiqa,0.75
31,1.5703125,0.207980178394932,meta-llama/Llama-3.1-8B-Instruct,0.0,0,logiqa,0.75
32,0.90625,0.4040365236633421,meta-llama/Llama-3.1-8B-Instruct,0.0,0,logiqa,0.75
33,2.3125,0.0990134083638263,meta-llama/Llama-3.1-8B-Instruct,0.0,0,logiqa,0.75
34,2.046875,0.129137829405204,meta-llama/Llama-3.1-8B-Instruct,0.0,0,logiqa,0.75
35,1.1015625,0.3323513787550223,meta-llama/Llama-3.1-8B-Instruct,0.0,0,logiqa,0.75
36,1.1328125,0.3221260018134028,meta-llama/Llama-3.1-8B-Instruct,1.0,0,logiqa,0.75
37,2.84375,0.058206980009571974,meta-llama/Llama-3.1-8B-Instruct,0.0,0,logiqa,0.75
38,1.09375,0.33495804292529496,meta-llama/Llama-3.1-8B-Instruct,0.0,0,logiqa,0.75
39,2.34375,0.09596708604499847,meta-llama/Llama-3.1-8B-Instruct,0.0,0,logiqa,0.75
1,14.125,7.338215190190347e-07,meta-llama/Llama-3.1-8B-Instruct,0.0,0,logiqa,0.75
2,0.12451171875,0.8829279144942641,meta-llama/Llama-3.1-8B-Instruct,1.0,0,logiqa,0.75
3,0.78125,0.45783336177161427,meta-llama/Llama-3.1-8B-Instruct,1.0,0,logiqa,0.75
4,0.007781982421875,0.9922482188107336,meta-llama/Llama-3.1-8B-Instruct,1.0,0,logiqa,0.75
5,0.060546875,0.941249646907103,meta-llama/Llama-3.1-8B-Instruct,1.0,0,logiqa,0.75
6,1.3359375,0.26291158027609046,meta-llama/Llama-3.1-8B-Instruct,0.0,0,logiqa,0.75
7,2.125,0.11943296826671962,meta-llama/Llama-3.1-8B-Instruct,0.0,0,logiqa,0.75
8,3.0625,0.04677062238395898,meta-llama/Llama-3.1-8B-Instruct,0.0,0,logiqa,0.75
9,5.34375,0.00477791987398702,meta-llama/Llama-3.1-8B-Instruct,0.0,0,logiqa,0.75
10,0.373046875,0.6886329524177447,meta-llama/Llama-3.1-8B-Instruct,1.0,0,logiqa,0.75
11,2.671875,0.06912249904327114,meta-llama/Llama-3.1-8B-Instruct,0.0,0,logiqa,0.75
12,1.578125,0.20636166380601706,meta-llama/Llama-3.1-8B-Instruct,0.0,0,logiqa,0.75
13,1.4453125,0.23567241741677974,meta-llama/Llama-3.1-8B-Instruct,0.0,0,logiqa,0.75
14,2.90625,0.05468039736791477,meta-llama/Llama-3.1-8B-Instruct,0.0,0,logiqa,0.75
15,0.59765625,0.5500994219006123,meta-llama/Llama-3.1-8B-Instruct,1.0,0,logiqa,0.75
16,1.671875,0.18789443308700168,meta-llama/Llama-3.1-8B-Instruct,0.0,0,logiqa,0.75
17,3.59375,0.02749503049258667,meta-llama/Llama-3.1-8B-Instruct,0.0,0,logiqa,0.75
18,0.416015625,0.6596699630606897,meta-llama/Llama-3.1-8B-Instruct,1.0,0,logiqa,0.75
19,2.546875,0.07832605286299588,meta-llama/Llama-3.1-8B-Instruct,0.0,0,logiqa,0.75
20,0.318359375,0.7273413531419732,meta-llama/Llama-3.1-8B-Instruct,1.0,0,logiqa,0.75
21,0.259765625,0.7712323221982079,meta-llama/Llama-3.1-8B-Instruct,1.0,0,logiqa,0.75
22,0.494140625,0.6100949824510565,meta-llama/Llama-3.1-8B-Instruct,1.0,0,logiqa,0.75
23,1.4140625,0.2431534629991392,meta-llama/Llama-3.1-8B-Instruct,0.0,0,logiqa,0.75
24,2.875,0.05641613950377735,meta-llama/Llama-3.1-8B-Instruct,0.0,0,logiqa,0.75
25,1.8828125,0.1521615490248429,meta-llama/Llama-3.1-8B-Instruct,0.0,0,logiqa,0.75
26,2.5,0.0820849986238988,meta-llama/Llama-3.1-8B-Instruct,0.0,0,logiqa,0.75
27,2.296875,0.10057264266491435,meta-llama/Llama-3.1-8B-Instruct,0.0,0,logiqa,0.75
28,1.734375,0.17651048487186194,meta-llama/Llama-3.1-8B-Instruct,0.0,0,logiqa,0.75
29,0.87890625,0.4152368286818413,meta-llama/Llama-3.1-8B-Instruct,0.0,0,logiqa,0.75
30,1.9296875,0.14519356438370257,meta-llama/Llama-3.1-8B-Instruct,0.0,0,logiqa,0.75
31,3.703125,0.024646386044811498,meta-llama/Llama-3.1-8B-Instruct,0.0,0,logiqa,0.75
32,0.40625,0.6661436107034878,meta-llama/Llama-3.1-8B-Instruct,1.0,0,logiqa,0.75
33,1.4765625,0.2284215394097245,meta-llama/Llama-3.1-8B-Instruct,0.0,0,logiqa,0.75
34,1.21875,0.29559943537737077,meta-llama/Llama-3.1-8B-Instruct,0.0,0,logiqa,0.75
35,1.28125,0.27768997095378994,meta-llama/Llama-3.1-8B-Instruct,0.0,0,logiqa,0.75
36,1.34375,0.26086558612628497,meta-llama/Llama-3.1-8B-Instruct,0.0,0,logiqa,0.75
37,2.265625,0.10376516104428837,meta-llama/Llama-3.1-8B-Instruct,0.0,0,logiqa,0.75
38,0.953125,0.3855343441745787,meta-llama/Llama-3.1-8B-Instruct,1.0,0,logiqa,0.75
39,3.546875,0.028814544556403775,meta-llama/Llama-3.1-8B-Instruct,0.0,0,logiqa,0.75
1,6.40625,0.0016512049250036575,meta-llama/Llama-3.1-8B-Instruct,0.0,0,logiqa,0.75
2,0.87890625,0.4152368286818413,meta-llama/Llama-3.1-8B-Instruct,0.0,0,logiqa,0.75
3,0.138671875,0.870513618882206,meta-llama/Llama-3.1-8B-Instruct,1.0,0,logiqa,0.75
4,2.734375,0.0649345785355609,meta-llama/Llama-3.1-8B-Instruct,0.0,0,logiqa,0.75
5,2.03125,0.13117145431019428,meta-llama/Llama-3.1-8B-Instruct,0.0,0,logiqa,0.75
6,1.6796875,0.18643222700816212,meta-llama/Llama-3.1-8B-Instruct,0.0,0,logiqa,0.75
7,4.65625,0.00950202828005989,meta-llama/Llama-3.1-8B-Instruct,0.0,0,logiqa,0.75
8,1.96875,0.13963128628139898,meta-llama/Llama-3.1-8B-Instruct,0.0,0,logiqa,0.75
9,0.76171875,0.46686331570996537,meta-llama/Llama-3.1-8B-Instruct,1.0,0,logiqa,0.75
10,4.75,0.008651695203120634,meta-llama/Llama-3.1-8B-Instruct,0.0,0,logiqa,0.75
11,4.78125,0.008385510525424083,meta-llama/Llama-3.1-8B-Instruct,0.0,0,logiqa,0.75
12,2.53125,0.07955950871822769,meta-llama/Llama-3.1-8B-Instruct,0.0,0,logiqa,0.75
13,1.4140625,0.2431534629991392,meta-llama/Llama-3.1-8B-Instruct,0.0,0,logiqa,0.75
14,1.609375,0.2000125828826258,meta-llama/Llama-3.1-8B-Instruct,0.0,0,logiqa,0.75
15,1.7578125,0.17242162389375282,meta-llama/Llama-3.1-8B-Instruct,0.0,0,logiqa,0.75
16,0.0,1.0,meta-llama/Llama-3.1-8B-Instruct,1.0,0,logiqa,0.75
17,3.921875,0.019803927546861083,meta-llama/Llama-3.1-8B-Instruct,0.0,0,logiqa,0.75
18,0.984375,0.373672699406043,meta-llama/Llama-3.1-8B-Instruct,1.0,0,logiqa,0.75
19,0.96484375,0.3810427330152126,meta-llama/Llama-3.1-8B-Instruct,0.0,0,logiqa,0.75
20,1.421875,0.2412612277378443,meta-llama/Llama-3.1-8B-Instruct,0.0,0,logiqa,0.75
21,3.75,0.023517745856009107,meta-llama/Llama-3.1-8B-Instruct,0.0,0,logiqa,0.75
22,0.70703125,0.49310593486505433,meta-llama/Llama-3.1-8B-Instruct,1.0,0,logiqa,0.75
23,0.546875,0.5787555986124843,meta-llama/Llama-3.1-8B-Instruct,1.0,0,logiqa,0.75
24,6.0,0.0024787521766663585,meta-llama/Llama-3.1-8B-Instruct,0.0,0,logiqa,0.75
25,1.5234375,0.21796135555570278,meta-llama/Llama-3.1-8B-Instruct,0.0,0,logiqa,0.75
26,1.125,0.32465246735834974,meta-llama/Llama-3.1-8B-Instruct,0.0,0,logiqa,0.75
27,1.7734375,0.16974847438608623,meta-llama/Llama-3.1-8B-Instruct,0.0,0,logiqa,0.75
28,1.671875,0.18789443308700168,meta-llama/Llama-3.1-8B-Instruct,1.0,0,logiqa,0.75
29,1.1796875,0.30737477821235176,meta-llama/Llama-3.1-8B-Instruct,1.0,0,logiqa,0.75
30,0.330078125,0.7188675697091758,meta-llama/Llama-3.1-8B-Instruct,1.0,0,logiqa,0.75
31,1.1796875,0.30737477821235176,meta-llama/Llama-3.1-8B-Instruct,0.0,0,logiqa,0.75
32,4.90625,0.0074001870652772766,meta-llama/Llama-3.1-8B-Instruct,0.0,0,logiqa,0.75
33,1.609375,0.2000125828826258,meta-llama/Llama-3.1-8B-Instruct,0.0,0,logiqa,0.75
34,0.70703125,0.49310593486505433,meta-llama/Llama-3.1-8B-Instruct,1.0,0,logiqa,0.75
35,4.5,0.011108996538242306,meta-llama/Llama-3.1-8B-Instruct,0.0,0,logiqa,0.75
36,3.796875,0.022440789864373145,meta-llama/Llama-3.1-8B-Instruct,0.0,0,logiqa,0.75
37,0.98828125,0.372215887611955,meta-llama/Llama-3.1-8B-Instruct,0.0,0,logiqa,0.75
38,1.6796875,0.18643222700816212,meta-llama/Llama-3.1-8B-Instruct,0.0,0,logiqa,0.75
39,2.671875,0.06912249904327114,meta-llama/Llama-3.1-8B-Instruct,0.0,0,logiqa,0.75
40,0.3125,0.7316156289466418,meta-llama/Llama-3.1-8B-Instruct,1.0,0,logiqa,0.75
1,7.9375,0.0003570981085762476,meta-llama/Llama-3.1-8B-Instruct,0.0,0,logiqa,0.75
2,2.59375,0.0747392417609257,meta-llama/Llama-3.1-8B-Instruct,0.0,0,logiqa,0.75
3,1.59375,0.20316232275153173,meta-llama/Llama-3.1-8B-Instruct,0.0,0,logiqa,0.75
4,0.81640625,0.44201730327044453,meta-llama/Llama-3.1-8B-Instruct,1.0,0,logiqa,0.75
5,1.375,0.25283959580474646,meta-llama/Llama-3.1-8B-Instruct,0.0,0,logiqa,0.75
6,4.28125,0.013825369568946493,meta-llama/Llama-3.1-8B-Instruct,0.0,0,logiqa,0.75
7,3.859375,0.02108117113844438,meta-llama/Llama-3.1-8B-Instruct,0.0,0,logiqa,0.75
8,0.73046875,0.48168314818692903,meta-llama/Llama-3.1-8B-Instruct,1.0,0,logiqa,0.75
9,1.25,0.2865047968601901,meta-llama/Llama-3.1-8B-Instruct,0.0,0,logiqa,0.75
10,1.59375,0.20316232275153173,meta-llama/Llama-3.1-8B-Instruct,0.0,0,logiqa,0.75
11,2.203125,0.1104574389603643,meta-llama/Llama-3.1-8B-Instruct,0.0,0,logiqa,0.75
12,1.21875,0.29559943537737077,meta-llama/Llama-3.1-8B-Instruct,1.0,0,logiqa,0.75
13,1.765625,0.17107982817134254,meta-llama/Llama-3.1-8B-Instruct,0.0,0,logiqa,0.75
14,1.734375,0.17651048487186194,meta-llama/Llama-3.1-8B-Instruct,0.0,0,logiqa,0.75
15,1.34375,0.26086558612628497,meta-llama/Llama-3.1-8B-Instruct,0.0,0,logiqa,0.75
16,6.125,0.002187491118182885,meta-llama/Llama-3.1-8B-Instruct,0.0,0,logiqa,0.75
17,2.0625,0.1271357329320356,meta-llama/Llama-3.1-8B-Instruct,0.0,0,logiqa,0.75
18,1.015625,0.3621759990808257,meta-llama/Llama-3.1-8B-Instruct,1.0,0,logiqa,0.75
19,0.3515625,0.7035878743456275,meta-llama/Llama-3.1-8B-Instruct,1.0,0,logiqa,0.75
20,1.328125,0.26497362135689667,meta-llama/Llama-3.1-8B-Instruct,0.0,0,logiqa,0.75
21,0.1787109375,0.8363476211932502,meta-llama/Llama-3.1-8B-Instruct,1.0,0,logiqa,0.75
22,3.609375,0.027068759555306635,meta-llama/Llama-3.1-8B-Instruct,0.0,0,logiqa,0.75
23,1.1796875,0.30737477821235176,meta-llama/Llama-3.1-8B-Instruct,0.0,0,logiqa,0.75
24,0.91015625,0.4024613345370006,meta-llama/Llama-3.1-8B-Instruct,1.0,0,logiqa,0.75
25,1.75,0.17377394345044514,meta-llama/Llama-3.1-8B-Instruct,0.0,0,logiqa,0.75
26,1.2578125,0.2842751988422877,meta-llama/Llama-3.1-8B-Instruct,0.0,0,logiqa,0.75
27,2.53125,0.07955950871822769,meta-llama/Llama-3.1-8B-Instruct,0.0,0,logiqa,0.75
28,1.765625,0.17107982817134254,meta-llama/Llama-3.1-8B-Instruct,0.0,0,logiqa,0.75
29,1.90625,0.1486367305381225,meta-llama/Llama-3.1-8B-Instruct,0.0,0,logiqa,0.75
30,2.484375,0.08337764926156645,meta-llama/Llama-3.1-8B-Instruct,0.0,0,logiqa,0.75
31,1.578125,0.20636166380601706,meta-llama/Llama-3.1-8B-Instruct,0.0,0,logiqa,0.75
32,2.5,0.0820849986238988,meta-llama/Llama-3.1-8B-Instruct,0.0,0,logiqa,0.75
33,3.59375,0.02749503049258667,meta-llama/Llama-3.1-8B-Instruct,0.0,0,logiqa,0.75
34,4.09375,0.016676578983487567,meta-llama/Llama-3.1-8B-Instruct,0.0,0,logiqa,0.75
35,1.3828125,0.25087198245993886,meta-llama/Llama-3.1-8B-Instruct,0.0,0,logiqa,0.75
36,1.84375,0.15822297604949842,meta-llama/Llama-3.1-8B-Instruct,0.0,0,logiqa,0.75
37,3.53125,0.029268307607136092,meta-llama/Llama-3.1-8B-Instruct,0.0,0,logiqa,0.75
38,2.78125,0.061961007690531984,meta-llama/Llama-3.1-8B-Instruct,0.0,0,logiqa,0.75
39,3.625,0.026649097336355485,meta-llama/Llama-3.1-8B-Instruct,0.0,0,logiqa,0.75
40,0.83984375,0.43177798346854385,meta-llama/Llama-3.1-8B-Instruct,1.0,0,logiqa,0.75
41,0.494140625,0.6100949824510565,meta-llama/Llama-3.1-8B-Instruct,1.0,0,logiqa,0.75
1,6.375,0.001703619795802574,meta-llama/Llama-3.1-8B-Instruct,0.0,0,logiqa,0.75
2,2.484375,0.08337764926156645,meta-llama/Llama-3.1-8B-Instruct,0.0,0,logiqa,0.75
3,1.90625,0.1486367305381225,meta-llama/Llama-3.1-8B-Instruct,0.0,0,logiqa,0.75
4,0.15234375,0.8586930542645764,meta-llama/Llama-3.1-8B-Instruct,1.0,0,logiqa,0.75
5,5.125,0.005946217356472094,meta-llama/Llama-3.1-8B-Instruct,0.0,0,logiqa,0.75
6,3.125,0.04393693362340742,meta-llama/Llama-3.1-8B-Instruct,0.0,0,logiqa,0.75
7,2.125,0.11943296826671962,meta-llama/Llama-3.1-8B-Instruct,0.0,0,logiqa,0.75
8,1.796875,0.1658162552121675,meta-llama/Llama-3.1-8B-Instruct,0.0,0,logiqa,0.75
9,7.0,0.0009118819655545162,meta-llama/Llama-3.1-8B-Instruct,0.0,0,logiqa,0.75
10,1.578125,0.20636166380601706,meta-llama/Llama-3.1-8B-Instruct,0.0,0,logiqa,0.75
11,0.2294921875,0.7949371790602927,meta-llama/Llama-3.1-8B-Instruct,1.0,0,logiqa,0.75
12,3.828125,0.021750359344450344,meta-llama/Llama-3.1-8B-Instruct,0.0,0,logiqa,0.75
13,1.234375,0.29101659090983195,meta-llama/Llama-3.1-8B-Instruct,0.0,0,logiqa,0.75
14,0.0155029296875,0.9846166221284973,meta-llama/Llama-3.1-8B-Instruct,1.0,0,logiqa,0.75
15,2.75,0.06392786120670757,meta-llama/Llama-3.1-8B-Instruct,0.0,0,logiqa,0.75
16,1.375,0.25283959580474646,meta-llama/Llama-3.1-8B-Instruct,0.0,0,logiqa,0.75
17,0.890625,0.41039917309637,meta-llama/Llama-3.1-8B-Instruct,1.0,0,logiqa,0.75
18,3.078125,0.04604551109353302,meta-llama/Llama-3.1-8B-Instruct,0.0,0,logiqa,0.75
19,0.0751953125,0.9275623041230301,meta-llama/Llama-3.1-8B-Instruct,1.0,0,logiqa,0.75
20,2.5,0.0820849986238988,meta-llama/Llama-3.1-8B-Instruct,0.0,0,logiqa,0.75
21,2.359375,0.09447925428109244,meta-llama/Llama-3.1-8B-Instruct,0.0,0,logiqa,0.75
22,0.5546875,0.5742516868118521,meta-llama/Llama-3.1-8B-Instruct,1.0,0,logiqa,0.75
23,0.30078125,0.7402396824677261,meta-llama/Llama-3.1-8B-Instruct,1.0,0,logiqa,0.75
24,1.4296875,0.23938371796817895,meta-llama/Llama-3.1-8B-Instruct,0.0,0,logiqa,0.75
25,2.5625,0.07711171996831671,meta-llama/Llama-3.1-8B-Instruct,0.0,0,logiqa,0.75
26,1.4140625,0.2431534629991392,meta-llama/Llama-3.1-8B-Instruct,0.0,0,logiqa,0.75
27,0.6171875,0.5394595359337269,meta-llama/Llama-3.1-8B-Instruct,1.0,0,logiqa,0.75
28,1.28125,0.27768997095378994,meta-llama/Llama-3.1-8B-Instruct,0.0,0,logiqa,0.75
29,1.328125,0.26497362135689667,meta-llama/Llama-3.1-8B-Instruct,0.0,0,logiqa,0.75
30,3.546875,0.028814544556403775,meta-llama/Llama-3.1-8B-Instruct,0.0,0,logiqa,0.75
31,1.5546875,0.21125538963610227,meta-llama/Llama-3.1-8B-Instruct,0.0,0,logiqa,0.75
32,1.34375,0.26086558612628497,meta-llama/Llama-3.1-8B-Instruct,0.0,0,logiqa,0.75
33,1.59375,0.20316232275153173,meta-llama/Llama-3.1-8B-Instruct,0.0,0,logiqa,0.75
34,1.6796875,0.18643222700816212,meta-llama/Llama-3.1-8B-Instruct,0.0,0,logiqa,0.75
35,2.484375,0.08337764926156645,meta-llama/Llama-3.1-8B-Instruct,0.0,0,logiqa,0.75
36,0.71484375,0.48926855403569414,meta-llama/Llama-3.1-8B-Instruct,1.0,0,logiqa,0.75
37,1.484375,0.22664394888734782,meta-llama/Llama-3.1-8B-Instruct,0.0,0,logiqa,0.75
1,6.25,0.0019304541362277093,meta-llama/Llama-3.1-8B-Instruct,0.0,0,logiqa,0.75
2,1.9140625,0.1474800303242793,meta-llama/Llama-3.1-8B-Instruct,0.0,0,logiqa,0.75
3,1.1171875,0.3271987482181544,meta-llama/Llama-3.1-8B-Instruct,0.0,0,logiqa,0.75
4,3.96875,0.018897039677585683,meta-llama/Llama-3.1-8B-Instruct,0.0,0,logiqa,0.75
5,4.6875,0.00920968160396814,meta-llama/Llama-3.1-8B-Instruct,0.0,0,logiqa,0.75
6,1.21875,0.29559943537737077,meta-llama/Llama-3.1-8B-Instruct,0.0,0,logiqa,0.75
7,1.4453125,0.23567241741677974,meta-llama/Llama-3.1-8B-Instruct,0.0,0,logiqa,0.75
8,0.53515625,0.5855777864671197,meta-llama/Llama-3.1-8B-Instruct,1.0,0,logiqa,0.75
9,1.6953125,0.18354186323251906,meta-llama/Llama-3.1-8B-Instruct,0.0,0,logiqa,0.75
10,0.99609375,0.3693192805940405,meta-llama/Llama-3.1-8B-Instruct,1.0,0,logiqa,0.75
11,5.0,0.006737946999085467,meta-llama/Llama-3.1-8B-Instruct,0.0,0,logiqa,0.75
12,0.74609375,0.4742153431555798,meta-llama/Llama-3.1-8B-Instruct,0.0,0,logiqa,0.75
13,1.375,0.25283959580474646,meta-llama/Llama-3.1-8B-Instruct,0.0,0,logiqa,0.75
14,2.0625,0.1271357329320356,meta-llama/Llama-3.1-8B-Instruct,0.0,0,logiqa,0.75
15,0.82421875,0.43857749732635326,meta-llama/Llama-3.1-8B-Instruct,1.0,0,logiqa,0.75
16,0.6640625,0.514755885208607,meta-llama/Llama-3.1-8B-Instruct,1.0,0,logiqa,0.75
17,1.25,0.2865047968601901,meta-llama/Llama-3.1-8B-Instruct,0.0,0,logiqa,0.75
18,2.71875,0.06595714935553817,meta-llama/Llama-3.1-8B-Instruct,0.0,0,logiqa,0.75
19,2.703125,0.06699582332279769,meta-llama/Llama-3.1-8B-Instruct,0.0,0,logiqa,0.75
20,1.3828125,0.25087198245993886,meta-llama/Llama-3.1-8B-Instruct,0.0,0,logiqa,0.75
21,0.038330078125,0.9623952228475297,meta-llama/Llama-3.1-8B-Instruct,1.0,0,logiqa,0.75
22,1.53125,0.2162651668298873,meta-llama/Llama-3.1-8B-Instruct,0.0,0,logiqa,0.75
23,2.53125,0.07955950871822769,meta-llama/Llama-3.1-8B-Instruct,0.0,0,logiqa,0.75
24,2.40625,0.09015273423081638,meta-llama/Llama-3.1-8B-Instruct,0.0,0,logiqa,0.75
25,3.03125,0.04825528130927965,meta-llama/Llama-3.1-8B-Instruct,0.0,0,logiqa,0.75
26,2.9375,0.0529980584033558,meta-llama/Llama-3.1-8B-Instruct,0.0,0,logiqa,0.75
27,1.1953125,0.30260937397538795,meta-llama/Llama-3.1-8B-Instruct,0.0,0,logiqa,0.75
28,4.0625,0.017205950425851383,meta-llama/Llama-3.1-8B-Instruct,0.0,0,logiqa,0.75
29,0.953125,0.3855343441745787,meta-llama/Llama-3.1-8B-Instruct,1.0,0,logiqa,0.75
30,5.75,0.003182780796509667,meta-llama/Llama-3.1-8B-Instruct,0.0,0,logiqa,0.75
31,1.0234375,0.35935752309532076,meta-llama/Llama-3.1-8B-Instruct,0.0,0,logiqa,0.75
32,0.81640625,0.44201730327044453,meta-llama/Llama-3.1-8B-Instruct,1.0,0,logiqa,0.75
33,2.859375,0.057304564428268645,meta-llama/Llama-3.1-8B-Instruct,0.0,0,logiqa,0.75
34,0.82421875,0.43857749732635326,meta-llama/Llama-3.1-8B-Instruct,1.0,0,logiqa,0.75
35,1.734375,0.17651048487186194,meta-llama/Llama-3.1-8B-Instruct,0.0,0,logiqa,0.75
36,0.52734375,0.5901705299683179,meta-llama/Llama-3.1-8B-Instruct,1.0,0,logiqa,0.75
37,2.359375,0.09447925428109244,meta-llama/Llama-3.1-8B-Instruct,0.0,0,logiqa,0.75
38,1.109375,0.3297649998062575,meta-llama/Llama-3.1-8B-Instruct,0.0,0,logiqa,0.75
1,6.25,0.0019304541362277093,meta-llama/Llama-3.1-8B-Instruct,0.0,0,logiqa,0.75
2,0.69921875,0.49697341264527733,meta-llama/Llama-3.1-8B-Instruct,1.0,0,logiqa,0.75
3,1.140625,0.31961919737930994,meta-llama/Llama-3.1-8B-Instruct,0.0,0,logiqa,0.75
4,2.265625,0.10376516104428837,meta-llama/Llama-3.1-8B-Instruct,0.0,0,logiqa,0.75
5,2.625,0.07243975703425146,meta-llama/Llama-3.1-8B-Instruct,0.0,0,logiqa,0.75
6,0.40625,0.6661436107034878,meta-llama/Llama-3.1-8B-Instruct,1.0,0,logiqa,0.75
7,1.609375,0.2000125828826258,meta-llama/Llama-3.1-8B-Instruct,0.0,0,logiqa,0.75
8,1.671875,0.18789443308700168,meta-llama/Llama-3.1-8B-Instruct,0.0,0,logiqa,0.75
9,1.296875,0.27338478699614155,meta-llama/Llama-3.1-8B-Instruct,0.0,0,logiqa,0.75
10,2.140625,0.11758133171956547,meta-llama/Llama-3.1-8B-Instruct,0.0,0,logiqa,0.75
11,4.90625,0.0074001870652772766,meta-llama/Llama-3.1-8B-Instruct,0.0,0,logiqa,0.75
12,1.484375,0.22664394888734782,meta-llama/Llama-3.1-8B-Instruct,0.0,0,logiqa,0.75
13,2.375,0.09301448921066349,meta-llama/Llama-3.1-8B-Instruct,0.0,0,logiqa,0.75
14,0.2890625,0.7489653936027156,meta-llama/Llama-3.1-8B-Instruct,1.0,0,logiqa,0.75
15,4.28125,0.013825369568946493,meta-llama/Llama-3.1-8B-Instruct,0.0,0,logiqa,0.75
16,0.67578125,0.5087587974957017,meta-llama/Llama-3.1-8B-Instruct,1.0,0,logiqa,0.75
17,2.953125,0.05217639966630833,meta-llama/Llama-3.1-8B-Instruct,0.0,0,logiqa,0.75
18,0.5234375,0.5924803921133679,meta-llama/Llama-3.1-8B-Instruct,1.0,0,logiqa,0.75
19,2.0625,0.1271357329320356,meta-llama/Llama-3.1-8B-Instruct,0.0,0,logiqa,0.75
20,0.55859375,0.572012891653811,meta-llama/Llama-3.1-8B-Instruct,1.0,0,logiqa,0.75
21,2.15625,0.11575840213626322,meta-llama/Llama-3.1-8B-Instruct,0.0,0,logiqa,0.75
22,2.40625,0.09015273423081638,meta-llama/Llama-3.1-8B-Instruct,0.0,0,logiqa,0.75
23,1.984375,0.13746650383851944,meta-llama/Llama-3.1-8B-Instruct,0.0,0,logiqa,0.75
24,0.05322265625,0.9481688732517508,meta-llama/Llama-3.1-8B-Instruct,1.0,0,logiqa,0.75
25,3.140625,0.043255754605187734,meta-llama/Llama-3.1-8B-Instruct,0.0,0,logiqa,0.75
26,0.62890625,0.5331746419722976,meta-llama/Llama-3.1-8B-Instruct,1.0,0,logiqa,0.75
27,2.921875,0.053832656382752,meta-llama/Llama-3.1-8B-Instruct,0.0,0,logiqa,0.75
28,2.875,0.05641613950377735,meta-llama/Llama-3.1-8B-Instruct,0.0,0,logiqa,0.75
29,4.75,0.008651695203120634,meta-llama/Llama-3.1-8B-Instruct,0.0,0,logiqa,0.75
30,0.8125,0.44374731008107987,meta-llama/Llama-3.1-8B-Instruct,1.0,0,logiqa,0.75
31,0.83984375,0.43177798346854385,meta-llama/Llama-3.1-8B-Instruct,1.0,0,logiqa,0.75
32,1.21875,0.29559943537737077,meta-llama/Llama-3.1-8B-Instruct,0.0,0,logiqa,0.75
33,1.03125,0.356560980663947,meta-llama/Llama-3.1-8B-Instruct,0.0,0,logiqa,0.75
34,1.375,0.25283959580474646,meta-llama/Llama-3.1-8B-Instruct,0.0,0,logiqa,0.75
35,1.65625,0.19085333986431632,meta-llama/Llama-3.1-8B-Instruct,0.0,0,logiqa,0.75
36,1.390625,0.2489196812036605,meta-llama/Llama-3.1-8B-Instruct,0.0,0,logiqa,0.75
37,0.466796875,0.6270074383640806,meta-llama/Llama-3.1-8B-Instruct,1.0,0,logiqa,0.75
38,2.0625,0.1271357329320356,meta-llama/Llama-3.1-8B-Instruct,0.0,0,logiqa,0.75
39,1.921875,0.1463323316229146,meta-llama/Llama-3.1-8B-Instruct,0.0,0,logiqa,0.75
1,5.6875,0.0033880525218347116,meta-llama/Llama-3.1-8B-Instruct,0.0,0,logiqa,0.75
2,1.78125,0.16842748127818424,meta-llama/Llama-3.1-8B-Instruct,0.0,0,logiqa,0.75
3,3.5625,0.0283678164497131,meta-llama/Llama-3.1-8B-Instruct,0.0,0,logiqa,0.75
4,1.78125,0.16842748127818424,meta-llama/Llama-3.1-8B-Instruct,0.0,0,logiqa,0.75
5,3.96875,0.018897039677585683,meta-llama/Llama-3.1-8B-Instruct,0.0,0,logiqa,0.75
6,0.82421875,0.43857749732635326,meta-llama/Llama-3.1-8B-Instruct,1.0,0,logiqa,0.75
7,0.138671875,0.870513618882206,meta-llama/Llama-3.1-8B-Instruct,1.0,0,logiqa,0.75
8,2.1875,0.11219689052034373,meta-llama/Llama-3.1-8B-Instruct,0.0,0,logiqa,0.75
9,1.90625,0.1486367305381225,meta-llama/Llama-3.1-8B-Instruct,0.0,0,logiqa,0.75
10,0.421875,0.6558160112715016,meta-llama/Llama-3.1-8B-Instruct,1.0,0,logiqa,0.75
11,0.64453125,0.5249085353233612,meta-llama/Llama-3.1-8B-Instruct,1.0,0,logiqa,0.75
12,0.1982421875,0.8201711938713908,meta-llama/Llama-3.1-8B-Instruct,1.0,0,logiqa,0.75
13,3.75,0.023517745856009107,meta-llama/Llama-3.1-8B-Instruct,0.0,0,logiqa,0.75
14,2.84375,0.058206980009571974,meta-llama/Llama-3.1-8B-Instruct,0.0,0,logiqa,0.75
15,1.5234375,0.21796135555570278,meta-llama/Llama-3.1-8B-Instruct,0.0,0,logiqa,0.75
16,1.1875,0.3049827687110593,meta-llama/Llama-3.1-8B-Instruct,0.0,0,logiqa,0.75
17,5.28125,0.005086069231012701,meta-llama/Llama-3.1-8B-Instruct,0.0,0,logiqa,0.75
18,2.796875,0.06100039130459344,meta-llama/Llama-3.1-8B-Instruct,0.0,0,logiqa,0.75
19,0.66796875,0.5127490421990961,meta-llama/Llama-3.1-8B-Instruct,1.0,0,logiqa,0.75
20,1.1171875,0.3271987482181544,meta-llama/Llama-3.1-8B-Instruct,1.0,0,logiqa,0.75
21,1.0859375,0.3375851514160396,meta-llama/Llama-3.1-8B-Instruct,1.0,0,logiqa,0.75
22,1.765625,0.17107982817134254,meta-llama/Llama-3.1-8B-Instruct,0.0,0,logiqa,0.75
23,1.2109375,0.2979178504832066,meta-llama/Llama-3.1-8B-Instruct,1.0,0,logiqa,0.75
24,5.90625,0.00272237668213834,meta-llama/Llama-3.1-8B-Instruct,0.0,0,logiqa,0.75
25,0.27734375,0.7577939606593946,meta-llama/Llama-3.1-8B-Instruct,1.0,0,logiqa,0.75
26,1.53125,0.2162651668298873,meta-llama/Llama-3.1-8B-Instruct,0.0,0,logiqa,0.75
27,1.125,0.32465246735834974,meta-llama/Llama-3.1-8B-Instruct,0.0,0,logiqa,0.75
28,1.1328125,0.3221260018134028,meta-llama/Llama-3.1-8B-Instruct,0.0,0,logiqa,0.75
29,1.859375,0.15576995617312325,meta-llama/Llama-3.1-8B-Instruct,0.0,0,logiqa,0.75
30,0.5625,0.569782824730923,meta-llama/Llama-3.1-8B-Instruct,1.0,0,logiqa,0.75
31,3.0,0.049787068367863944,meta-llama/Llama-3.1-8B-Instruct,0.0,0,logiqa,0.75
32,1.6015625,0.20158130101268698,meta-llama/Llama-3.1-8B-Instruct,0.0,0,logiqa,0.75
33,1.484375,0.22664394888734782,meta-llama/Llama-3.1-8B-Instruct,0.0,0,logiqa,0.75
34,2.75,0.06392786120670757,meta-llama/Llama-3.1-8B-Instruct,0.0,0,logiqa,0.75
35,2.203125,0.1104574389603643,meta-llama/Llama-3.1-8B-Instruct,0.0,0,logiqa,0.75
36,1.453125,0.23383840011408472,meta-llama/Llama-3.1-8B-Instruct,0.0,0,logiqa,0.75
37,1.265625,0.28206295169381546,meta-llama/Llama-3.1-8B-Instruct,0.0,0,logiqa,0.75
38,1.3046875,0.27125728970502744,meta-llama/Llama-3.1-8B-Instruct,0.0,0,logiqa,0.75
39,1.7890625,0.16711676822020574,meta-llama/Llama-3.1-8B-Instruct,0.0,0,logiqa,0.75
1,6.40625,0.0016512049250036575,meta-llama/Llama-3.1-8B-Instruct,0.0,0,logiqa,0.75
2,1.0,0.36787944117144233,meta-llama/Llama-3.1-8B-Instruct,1.0,0,logiqa,0.75
3,2.46875,0.0846906561847805,meta-llama/Llama-3.1-8B-Instruct,0.0,0,logiqa,0.75
4,1.2109375,0.2979178504832066,meta-llama/Llama-3.1-8B-Instruct,0.0,0,logiqa,0.75
5,0.58203125,0.5587622272904076,meta-llama/Llama-3.1-8B-Instruct,1.0,0,logiqa,0.75
6,2.109375,0.1213137638466268,meta-llama/Llama-3.1-8B-Instruct,0.0,0,logiqa,0.75
7,3.1875,0.04127492938579755,meta-llama/Llama-3.1-8B-Instruct,0.0,0,logiqa,0.75
8,1.5390625,0.21458217794945839,meta-llama/Llama-3.1-8B-Instruct,0.0,0,logiqa,0.75
9,1.4296875,0.23938371796817895,meta-llama/Llama-3.1-8B-Instruct,0.0,0,logiqa,0.75
10,3.890625,0.0204325716890638,meta-llama/Llama-3.1-8B-Instruct,0.0,0,logiqa,0.75
11,3.640625,0.026235941377052294,meta-llama/Llama-3.1-8B-Instruct,0.0,0,logiqa,0.75
12,1.171875,0.30978554847668166,meta-llama/Llama-3.1-8B-Instruct,0.0,0,logiqa,0.75
13,2.78125,0.061961007690531984,meta-llama/Llama-3.1-8B-Instruct,0.0,0,logiqa,0.75
14,0.341796875,0.7104925088436513,meta-llama/Llama-3.1-8B-Instruct,1.0,0,logiqa,0.75
15,3.359375,0.034756975267222885,meta-llama/Llama-3.1-8B-Instruct,0.0,0,logiqa,0.75
16,2.328125,0.0974783477499485,meta-llama/Llama-3.1-8B-Instruct,0.0,0,logiqa,0.75
17,4.96875,0.006951832396384793,meta-llama/Llama-3.1-8B-Instruct,0.0,0,logiqa,0.75
18,1.609375,0.2000125828826258,meta-llama/Llama-3.1-8B-Instruct,0.0,0,logiqa,0.75
19,3.1875,0.04127492938579755,meta-llama/Llama-3.1-8B-Instruct,0.0,0,logiqa,0.75
20,1.125,0.32465246735834974,meta-llama/Llama-3.1-8B-Instruct,0.0,0,logiqa,0.75
21,3.484375,0.030672923016533588,meta-llama/Llama-3.1-8B-Instruct,0.0,0,logiqa,0.75
22,1.59375,0.20316232275153173,meta-llama/Llama-3.1-8B-Instruct,0.0,0,logiqa,0.75
23,2.53125,0.07955950871822769,meta-llama/Llama-3.1-8B-Instruct,0.0,0,logiqa,0.75
24,1.0625,0.3455907525769745,meta-llama/Llama-3.1-8B-Instruct,0.0,0,logiqa,0.75
25,1.25,0.2865047968601901,meta-llama/Llama-3.1-8B-Instruct,0.0,0,logiqa,0.75
26,3.578125,0.027928014220365963,meta-llama/Llama-3.1-8B-Instruct,0.0,0,logiqa,0.75
27,1.796875,0.1658162552121675,meta-llama/Llama-3.1-8B-Instruct,0.0,0,logiqa,0.75
28,1.5859375,0.20475574459755974,meta-llama/Llama-3.1-8B-Instruct,0.0,0,logiqa,0.75
29,1.3984375,0.24698257287629313,meta-llama/Llama-3.1-8B-Instruct,0.0,0,logiqa,0.75
30,1.1484375,0.31713190105209277,meta-llama/Llama-3.1-8B-Instruct,0.0,0,logiqa,0.75
31,1.40625,0.2450605392455259,meta-llama/Llama-3.1-8B-Instruct,0.0,0,logiqa,0.75
32,1.625,0.19691167520419406,meta-llama/Llama-3.1-8B-Instruct,0.0,0,logiqa,0.75
33,4.0,0.01831563888873418,meta-llama/Llama-3.1-8B-Instruct,0.0,0,logiqa,0.75
34,1.1796875,0.30737477821235176,meta-llama/Llama-3.1-8B-Instruct,1.0,0,logiqa,0.75
35,4.3125,0.013400007665140828,meta-llama/Llama-3.1-8B-Instruct,0.0,0,logiqa,0.75
36,1.2734375,0.27986792038923625,meta-llama/Llama-3.1-8B-Instruct,0.0,0,logiqa,0.75
37,1.2265625,0.29329906232102687,meta-llama/Llama-3.1-8B-Instruct,0.0,0,logiqa,0.75
38,1.5390625,0.21458217794945839,meta-llama/Llama-3.1-8B-Instruct,0.0,0,logiqa,0.75
1,9.375,8.481823524646916e-05,meta-llama/Llama-3.1-8B-Instruct,0.0,0,logiqa,0.75
2,0.69140625,0.5008712234296745,meta-llama/Llama-3.1-8B-Instruct,1.0,0,logiqa,0.75
3,2.046875,0.129137829405204,meta-llama/Llama-3.1-8B-Instruct,0.0,0,logiqa,0.75
4,2.9375,0.0529980584033558,meta-llama/Llama-3.1-8B-Instruct,0.0,0,logiqa,0.75
5,1.09375,0.33495804292529496,meta-llama/Llama-3.1-8B-Instruct,1.0,0,logiqa,0.75
6,0.6484375,0.5228621108821537,meta-llama/Llama-3.1-8B-Instruct,1.0,0,logiqa,0.75
7,1.2265625,0.29329906232102687,meta-llama/Llama-3.1-8B-Instruct,0.0,0,logiqa,0.75
8,2.34375,0.09596708604499847,meta-llama/Llama-3.1-8B-Instruct,0.0,0,logiqa,0.75
9,0.451171875,0.6368813687851224,meta-llama/Llama-3.1-8B-Instruct,1.0,0,logiqa,0.75
10,4.09375,0.016676578983487567,meta-llama/Llama-3.1-8B-Instruct,0.0,0,logiqa,0.75
11,4.09375,0.016676578983487567,meta-llama/Llama-3.1-8B-Instruct,0.0,0,logiqa,0.75
12,3.546875,0.028814544556403775,meta-llama/Llama-3.1-8B-Instruct,0.0,0,logiqa,0.75
13,2.3125,0.0990134083638263,meta-llama/Llama-3.1-8B-Instruct,0.0,0,logiqa,0.75
14,1.4609375,0.23201865524727103,meta-llama/Llama-3.1-8B-Instruct,0.0,0,logiqa,0.75
15,1.53125,0.2162651668298873,meta-llama/Llama-3.1-8B-Instruct,0.0,0,logiqa,0.75
16,1.5703125,0.207980178394932,meta-llama/Llama-3.1-8B-Instruct,0.0,0,logiqa,0.75
17,1.0703125,0.34290134400373157,meta-llama/Llama-3.1-8B-Instruct,0.0,0,logiqa,0.75
18,3.5625,0.0283678164497131,meta-llama/Llama-3.1-8B-Instruct,0.0,0,logiqa,0.75
19,1.7890625,0.16711676822020574,meta-llama/Llama-3.1-8B-Instruct,0.0,0,logiqa,0.75
20,1.875,0.15335496684492847,meta-llama/Llama-3.1-8B-Instruct,0.0,0,logiqa,0.75
21,0.470703125,0.6245629680224108,meta-llama/Llama-3.1-8B-Instruct,1.0,0,logiqa,0.75
22,0.27734375,0.7577939606593946,meta-llama/Llama-3.1-8B-Instruct,1.0,0,logiqa,0.75
23,0.96484375,0.3810427330152126,meta-llama/Llama-3.1-8B-Instruct,0.0,0,logiqa,0.75
24,1.59375,0.20316232275153173,meta-llama/Llama-3.1-8B-Instruct,0.0,0,logiqa,0.75
25,0.19140625,0.8257970399501007,meta-llama/Llama-3.1-8B-Instruct,1.0,0,logiqa,0.75
26,2.328125,0.0974783477499485,meta-llama/Llama-3.1-8B-Instruct,0.0,0,logiqa,0.75
27,5.78125,0.0030848569260302594,meta-llama/Llama-3.1-8B-Instruct,0.0,0,logiqa,0.75
28,4.46875,0.011461633942261852,meta-llama/Llama-3.1-8B-Instruct,0.0,0,logiqa,0.75
29,2.4375,0.08737902619542039,meta-llama/Llama-3.1-8B-Instruct,0.0,0,logiqa,0.75
30,1.1015625,0.3323513787550223,meta-llama/Llama-3.1-8B-Instruct,1.0,0,logiqa,0.75
31,0.216796875,0.8050934873117519,meta-llama/Llama-3.1-8B-Instruct,1.0,0,logiqa,0.75
32,6.5,0.0015034391929775724,meta-llama/Llama-3.1-8B-Instruct,0.0,0,logiqa,0.75
33,1.28125,0.27768997095378994,meta-llama/Llama-3.1-8B-Instruct,0.0,0,logiqa,0.75
34,1.265625,0.28206295169381546,meta-llama/Llama-3.1-8B-Instruct,1.0,0,logiqa,0.75
35,1.6796875,0.18643222700816212,meta-llama/Llama-3.1-8B-Instruct,0.0,0,logiqa,0.75
36,2.5625,0.07711171996831671,meta-llama/Llama-3.1-8B-Instruct,0.0,0,logiqa,0.75
37,1.8125,0.1632455124539584,meta-llama/Llama-3.1-8B-Instruct,0.0,0,logiqa,0.75
38,2.328125,0.0974783477499485,meta-llama/Llama-3.1-8B-Instruct,0.0,0,logiqa,0.75
39,0.83984375,0.43177798346854385,meta-llama/Llama-3.1-8B-Instruct,0.0,0,logiqa,0.75
40,4.15625,0.015666196140128895,meta-llama/Llama-3.1-8B-Instruct,0.0,0,logiqa,0.75
1,13.25,1.7603463121561693e-06,meta-llama/Llama-3.1-8B-Instruct,0.0,0,logiqa,0.75
2,1.921875,0.1463323316229146,meta-llama/Llama-3.1-8B-Instruct,0.0,0,logiqa,0.75
3,2.625,0.07243975703425146,meta-llama/Llama-3.1-8B-Instruct,0.0,0,logiqa,0.75
4,0.007781982421875,0.9922482188107336,meta-llama/Llama-3.1-8B-Instruct,1.0,0,logiqa,0.75
5,5.25,0.005247518399181385,meta-llama/Llama-3.1-8B-Instruct,0.0,0,logiqa,0.75
6,4.96875,0.006951832396384793,meta-llama/Llama-3.1-8B-Instruct,0.0,0,logiqa,0.75
7,1.2109375,0.2979178504832066,meta-llama/Llama-3.1-8B-Instruct,0.0,0,logiqa,0.75
8,0.1455078125,0.8645831354918224,meta-llama/Llama-3.1-8B-Instruct,1.0,0,logiqa,0.75
9,1.59375,0.20316232275153173,meta-llama/Llama-3.1-8B-Instruct,0.0,0,logiqa,0.75
10,0.796875,0.4507353134063624,meta-llama/Llama-3.1-8B-Instruct,1.0,0,logiqa,0.75
11,1.453125,0.23383840011408472,meta-llama/Llama-3.1-8B-Instruct,0.0,0,logiqa,0.75
12,1.3125,0.26914634872918386,meta-llama/Llama-3.1-8B-Instruct,0.0,0,logiqa,0.75
13,2.6875,0.0680508540250102,meta-llama/Llama-3.1-8B-Instruct,0.0,0,logiqa,0.75
14,3.59375,0.02749503049258667,meta-llama/Llama-3.1-8B-Instruct,0.0,0,logiqa,0.75
15,2.0625,0.1271357329320356,meta-llama/Llama-3.1-8B-Instruct,0.0,0,logiqa,0.75
16,0.357421875,0.6994773434756083,meta-llama/Llama-3.1-8B-Instruct,1.0,0,logiqa,0.75
17,1.0,0.36787944117144233,meta-llama/Llama-3.1-8B-Instruct,1.0,0,logiqa,0.75
18,2.90625,0.05468039736791477,meta-llama/Llama-3.1-8B-Instruct,0.0,0,logiqa,0.75
19,1.6953125,0.18354186323251906,meta-llama/Llama-3.1-8B-Instruct,0.0,0,logiqa,0.75
20,3.0,0.049787068367863944,meta-llama/Llama-3.1-8B-Instruct,0.0,0,logiqa,0.75
21,2.765625,0.06293675158337987,meta-llama/Llama-3.1-8B-Instruct,0.0,0,logiqa,0.75
22,2.53125,0.07955950871822769,meta-llama/Llama-3.1-8B-Instruct,0.0,0,logiqa,0.75
23,2.734375,0.0649345785355609,meta-llama/Llama-3.1-8B-Instruct,0.0,0,logiqa,0.75
24,2.859375,0.057304564428268645,meta-llama/Llama-3.1-8B-Instruct,0.0,0,logiqa,0.75
25,0.306640625,0.7359150228524268,meta-llama/Llama-3.1-8B-Instruct,1.0,0,logiqa,0.75
26,0.8046875,0.4472276633691456,meta-llama/Llama-3.1-8B-Instruct,1.0,0,logiqa,0.75
27,2.15625,0.11575840213626322,meta-llama/Llama-3.1-8B-Instruct,0.0,0,logiqa,0.75
28,1.984375,0.13746650383851944,meta-llama/Llama-3.1-8B-Instruct,0.0,0,logiqa,0.75
29,1.9453125,0.14294254681187055,meta-llama/Llama-3.1-8B-Instruct,0.0,0,logiqa,0.75
30,0.45703125,0.6331605534862997,meta-llama/Llama-3.1-8B-Instruct,1.0,0,logiqa,0.75
31,1.515625,0.21967084765457534,meta-llama/Llama-3.1-8B-Instruct,0.0,0,logiqa,0.75
32,0.451171875,0.6368813687851224,meta-llama/Llama-3.1-8B-Instruct,1.0,0,logiqa,0.75
33,3.890625,0.0204325716890638,meta-llama/Llama-3.1-8B-Instruct,0.0,0,logiqa,0.75
34,1.65625,0.19085333986431632,meta-llama/Llama-3.1-8B-Instruct,0.0,0,logiqa,0.75
35,1.390625,0.2489196812036605,meta-llama/Llama-3.1-8B-Instruct,0.0,0,logiqa,0.75
36,0.8515625,0.4267476175926629,meta-llama/Llama-3.1-8B-Instruct,0.0,0,logiqa,0.75
37,2.15625,0.11575840213626322,meta-llama/Llama-3.1-8B-Instruct,0.0,0,logiqa,0.75
38,0.2890625,0.7489653936027156,meta-llama/Llama-3.1-8B-Instruct,1.0,0,logiqa,0.75
39,2.171875,0.1139637344565904,meta-llama/Llama-3.1-8B-Instruct,0.0,0,logiqa,0.75
40,0.39453125,0.673995900791531,meta-llama/Llama-3.1-8B-Instruct,1.0,0,logiqa,0.75
1,4.28125,0.013825369568946493,meta-llama/Llama-3.1-8B-Instruct,0.0,0,logiqa,0.75
2,0.45703125,0.6331605534862997,meta-llama/Llama-3.1-8B-Instruct,1.0,0,logiqa,0.75
3,4.34375,0.012987732771292249,meta-llama/Llama-3.1-8B-Instruct,0.0,0,logiqa,0.75
4,2.625,0.07243975703425146,meta-llama/Llama-3.1-8B-Instruct,0.0,0,logiqa,0.75
5,0.0155029296875,0.9846166221284973,meta-llama/Llama-3.1-8B-Instruct,1.0,0,logiqa,0.75
6,0.03076171875,0.9697066084520289,meta-llama/Llama-3.1-8B-Instruct,1.0,0,logiqa,0.75
7,3.109375,0.04462883965030139,meta-llama/Llama-3.1-8B-Instruct,0.0,0,logiqa,0.75
8,3.140625,0.043255754605187734,meta-llama/Llama-3.1-8B-Instruct,0.0,0,logiqa,0.75
9,6.375,0.001703619795802574,meta-llama/Llama-3.1-8B-Instruct,0.0,0,logiqa,0.75
10,2.265625,0.10376516104428837,meta-llama/Llama-3.1-8B-Instruct,0.0,0,logiqa,0.75
11,2.1875,0.11219689052034373,meta-llama/Llama-3.1-8B-Instruct,0.0,0,logiqa,0.75
12,0.6640625,0.514755885208607,meta-llama/Llama-3.1-8B-Instruct,1.0,0,logiqa,0.75
13,1.4296875,0.23938371796817895,meta-llama/Llama-3.1-8B-Instruct,0.0,0,logiqa,0.75
14,1.5546875,0.21125538963610227,meta-llama/Llama-3.1-8B-Instruct,0.0,0,logiqa,0.75
15,5.3125,0.004929587331545052,meta-llama/Llama-3.1-8B-Instruct,0.0,0,logiqa,0.75
16,1.109375,0.3297649998062575,meta-llama/Llama-3.1-8B-Instruct,0.0,0,logiqa,0.75
17,1.3359375,0.26291158027609046,meta-llama/Llama-3.1-8B-Instruct,0.0,0,logiqa,0.75
18,3.453125,0.03164658611103602,meta-llama/Llama-3.1-8B-Instruct,0.0,0,logiqa,0.75
19,1.5078125,0.221393747466153,meta-llama/Llama-3.1-8B-Instruct,0.0,0,logiqa,0.75
20,2.453125,0.08602433995839362,meta-llama/Llama-3.1-8B-Instruct,0.0,0,logiqa,0.75
21,1.46875,0.23021307174736147,meta-llama/Llama-3.1-8B-Instruct,0.0,0,logiqa,0.75
22,1.4375,0.23752081909545814,meta-llama/Llama-3.1-8B-Instruct,0.0,0,logiqa,0.75
23,0.0458984375,0.9551389635657673,meta-llama/Llama-3.1-8B-Instruct,1.0,0,logiqa,0.75
24,3.265625,0.03817306945803752,meta-llama/Llama-3.1-8B-Instruct,0.0,0,logiqa,0.75
25,1.421875,0.2412612277378443,meta-llama/Llama-3.1-8B-Instruct,0.0,0,logiqa,0.75
26,1.015625,0.3621759990808257,meta-llama/Llama-3.1-8B-Instruct,1.0,0,logiqa,0.75
27,4.0,0.01831563888873418,meta-llama/Llama-3.1-8B-Instruct,0.0,0,logiqa,0.75
28,1.8359375,0.15946393423094812,meta-llama/Llama-3.1-8B-Instruct,0.0,0,logiqa,0.75
29,4.875,0.007635094218859962,meta-llama/Llama-3.1-8B-Instruct,0.0,0,logiqa,0.75
30,1.796875,0.1658162552121675,meta-llama/Llama-3.1-8B-Instruct,0.0,0,logiqa,0.75
31,2.34375,0.09596708604499847,meta-llama/Llama-3.1-8B-Instruct,0.0,0,logiqa,0.75
32,1.109375,0.3297649998062575,meta-llama/Llama-3.1-8B-Instruct,1.0,0,logiqa,0.75
33,0.248046875,0.7803233647630088,meta-llama/Llama-3.1-8B-Instruct,1.0,0,logiqa,0.75
34,3.0,0.049787068367863944,meta-llama/Llama-3.1-8B-Instruct,0.0,0,logiqa,0.75
35,3.265625,0.03817306945803752,meta-llama/Llama-3.1-8B-Instruct,0.0,0,logiqa,0.75
36,1.515625,0.21967084765457534,meta-llama/Llama-3.1-8B-Instruct,0.0,0,logiqa,0.75
37,2.703125,0.06699582332279769,meta-llama/Llama-3.1-8B-Instruct,0.0,0,logiqa,0.75
38,5.125,0.005946217356472094,meta-llama/Llama-3.1-8B-Instruct,0.0,0,logiqa,0.75
1,6.75,0.0011708796207911744,meta-llama/Llama-3.1-8B-Instruct,0.0,0,logiqa,0.75
2,3.5,0.0301973834223185,meta-llama/Llama-3.1-8B-Instruct,0.0,0,logiqa,0.75
3,5.75,0.003182780796509667,meta-llama/Llama-3.1-8B-Instruct,0.0,0,logiqa,0.75
4,4.3125,0.013400007665140828,meta-llama/Llama-3.1-8B-Instruct,0.0,0,logiqa,0.75
5,1.6875,0.18498139990730428,meta-llama/Llama-3.1-8B-Instruct,0.0,0,logiqa,0.75
6,2.21875,0.10874495509722103,meta-llama/Llama-3.1-8B-Instruct,0.0,0,logiqa,0.75
7,1.96875,0.13963128628139898,meta-llama/Llama-3.1-8B-Instruct,0.0,0,logiqa,0.75
8,0.138671875,0.870513618882206,meta-llama/Llama-3.1-8B-Instruct,1.0,0,logiqa,0.75
9,1.75,0.17377394345044514,meta-llama/Llama-3.1-8B-Instruct,0.0,0,logiqa,0.75
10,1.09375,0.33495804292529496,meta-llama/Llama-3.1-8B-Instruct,1.0,0,logiqa,0.75
11,2.171875,0.1139637344565904,meta-llama/Llama-3.1-8B-Instruct,0.0,0,logiqa,0.75
12,1.890625,0.1509774184559146,meta-llama/Llama-3.1-8B-Instruct,0.0,0,logiqa,0.75
13,1.59375,0.20316232275153173,meta-llama/Llama-3.1-8B-Instruct,0.0,0,logiqa,0.75
14,1.03125,0.356560980663947,meta-llama/Llama-3.1-8B-Instruct,1.0,0,logiqa,0.75
15,0.345703125,0.7077225610574206,meta-llama/Llama-3.1-8B-Instruct,1.0,0,logiqa,0.75
16,1.15625,0.314663961018459,meta-llama/Llama-3.1-8B-Instruct,1.0,0,logiqa,0.75
17,0.984375,0.373672699406043,meta-llama/Llama-3.1-8B-Instruct,1.0,0,logiqa,0.75
18,1.71875,0.17929012055011864,meta-llama/Llama-3.1-8B-Instruct,0.0,0,logiqa,0.75
19,2.96875,0.05136747956725073,meta-llama/Llama-3.1-8B-Instruct,0.0,0,logiqa,0.75
20,1.3515625,0.25883551402927246,meta-llama/Llama-3.1-8B-Instruct,0.0,0,logiqa,0.75
21,2.046875,0.129137829405204,meta-llama/Llama-3.1-8B-Instruct,0.0,0,logiqa,0.75
22,0.318359375,0.7273413531419732,meta-llama/Llama-3.1-8B-Instruct,1.0,0,logiqa,0.75
23,1.8828125,0.1521615490248429,meta-llama/Llama-3.1-8B-Instruct,0.0,0,logiqa,0.75
24,1.5,0.22313016014842982,meta-llama/Llama-3.1-8B-Instruct,0.0,0,logiqa,0.75
25,1.671875,0.18789443308700168,meta-llama/Llama-3.1-8B-Instruct,0.0,0,logiqa,0.75
26,0.81640625,0.44201730327044453,meta-llama/Llama-3.1-8B-Instruct,1.0,0,logiqa,0.75
27,1.953125,0.14183015908734253,meta-llama/Llama-3.1-8B-Instruct,0.0,0,logiqa,0.75
28,0.69921875,0.49697341264527733,meta-llama/Llama-3.1-8B-Instruct,1.0,0,logiqa,0.75
29,2.125,0.11943296826671962,meta-llama/Llama-3.1-8B-Instruct,0.0,0,logiqa,0.75
30,2.4375,0.08737902619542039,meta-llama/Llama-3.1-8B-Instruct,0.0,0,logiqa,0.75
31,4.1875,0.015184197956837946,meta-llama/Llama-3.1-8B-Instruct,0.0,0,logiqa,0.75
32,2.578125,0.0759162135601666,meta-llama/Llama-3.1-8B-Instruct,0.0,0,logiqa,0.75
33,1.515625,0.21967084765457534,meta-llama/Llama-3.1-8B-Instruct,0.0,0,logiqa,0.75
34,0.8515625,0.4267476175926629,meta-llama/Llama-3.1-8B-Instruct,1.0,0,logiqa,0.75
35,1.453125,0.23383840011408472,meta-llama/Llama-3.1-8B-Instruct,0.0,0,logiqa,0.75
36,2.78125,0.061961007690531984,meta-llama/Llama-3.1-8B-Instruct,0.0,0,logiqa,0.75
37,4.53125,0.010767208646547101,meta-llama/Llama-3.1-8B-Instruct,0.0,0,logiqa,0.75
38,1.21875,0.29559943537737077,meta-llama/Llama-3.1-8B-Instruct,0.0,0,logiqa,0.75
39,0.466796875,0.6270074383640806,meta-llama/Llama-3.1-8B-Instruct,1.0,0,logiqa,0.75
1,8.0625,0.000315137974737356,meta-llama/Llama-3.1-8B-Instruct,0.0,0,logiqa,0.75
2,3.609375,0.027068759555306635,meta-llama/Llama-3.1-8B-Instruct,0.0,0,logiqa,0.75
3,4.15625,0.015666196140128895,meta-llama/Llama-3.1-8B-Instruct,0.0,0,logiqa,0.75
4,1.484375,0.22664394888734782,meta-llama/Llama-3.1-8B-Instruct,0.0,0,logiqa,0.75
5,4.21875,0.014717029298635137,meta-llama/Llama-3.1-8B-Instruct,0.0,0,logiqa,0.75
6,2.875,0.05641613950377735,meta-llama/Llama-3.1-8B-Instruct,0.0,0,logiqa,0.75
7,2.5625,0.07711171996831671,meta-llama/Llama-3.1-8B-Instruct,0.0,0,logiqa,0.75
8,1.6484375,0.1923502211610474,meta-llama/Llama-3.1-8B-Instruct,0.0,0,logiqa,0.75
9,1.6484375,0.1923502211610474,meta-llama/Llama-3.1-8B-Instruct,0.0,0,logiqa,0.75
10,5.09375,0.006134970557096825,meta-llama/Llama-3.1-8B-Instruct,0.0,0,logiqa,0.75
11,3.328125,0.035860280096566576,meta-llama/Llama-3.1-8B-Instruct,0.0,0,logiqa,0.75
12,1.09375,0.33495804292529496,meta-llama/Llama-3.1-8B-Instruct,0.0,0,logiqa,0.75
13,2.25,0.10539922456186433,meta-llama/Llama-3.1-8B-Instruct,0.0,0,logiqa,0.75
14,1.78125,0.16842748127818424,meta-llama/Llama-3.1-8B-Instruct,0.0,0,logiqa,0.75
15,4.15625,0.015666196140128895,meta-llama/Llama-3.1-8B-Instruct,0.0,0,logiqa,0.75
16,0.0458984375,0.9551389635657673,meta-llama/Llama-3.1-8B-Instruct,1.0,0,logiqa,0.75
17,2.53125,0.07955950871822769,meta-llama/Llama-3.1-8B-Instruct,0.0,0,logiqa,0.75
18,0.57421875,0.5631446537543375,meta-llama/Llama-3.1-8B-Instruct,1.0,0,logiqa,0.75
19,0.55078125,0.5764992443663932,meta-llama/Llama-3.1-8B-Instruct,1.0,0,logiqa,0.75
20,1.1640625,0.31221522664653706,meta-llama/Llama-3.1-8B-Instruct,1.0,0,logiqa,0.75
21,0.40625,0.6661436107034878,meta-llama/Llama-3.1-8B-Instruct,1.0,0,logiqa,0.75
22,1.5859375,0.20475574459755974,meta-llama/Llama-3.1-8B-Instruct,0.0,0,logiqa,0.75
23,3.75,0.023517745856009107,meta-llama/Llama-3.1-8B-Instruct,0.0,0,logiqa,0.75
24,1.171875,0.30978554847668166,meta-llama/Llama-3.1-8B-Instruct,1.0,0,logiqa,0.75
25,0.421875,0.6558160112715016,meta-llama/Llama-3.1-8B-Instruct,1.0,0,logiqa,0.75
26,1.5703125,0.207980178394932,meta-llama/Llama-3.1-8B-Instruct,0.0,0,logiqa,0.75
27,0.0966796875,0.9078467542291261,meta-llama/Llama-3.1-8B-Instruct,1.0,0,logiqa,0.75
28,1.765625,0.17107982817134254,meta-llama/Llama-3.1-8B-Instruct,0.0,0,logiqa,0.75
29,1.234375,0.29101659090983195,meta-llama/Llama-3.1-8B-Instruct,0.0,0,logiqa,0.75
30,1.75,0.17377394345044514,meta-llama/Llama-3.1-8B-Instruct,0.0,0,logiqa,0.75
31,3.671875,0.025428746320412147,meta-llama/Llama-3.1-8B-Instruct,0.0,0,logiqa,0.75
32,5.6875,0.0033880525218347116,meta-llama/Llama-3.1-8B-Instruct,0.0,0,logiqa,0.75
33,3.09375,0.045331641611676264,meta-llama/Llama-3.1-8B-Instruct,0.0,0,logiqa,0.75
34,2.59375,0.0747392417609257,meta-llama/Llama-3.1-8B-Instruct,0.0,0,logiqa,0.75
35,3.25,0.03877420783172201,meta-llama/Llama-3.1-8B-Instruct,0.0,0,logiqa,0.75
36,1.0625,0.3455907525769745,meta-llama/Llama-3.1-8B-Instruct,1.0,0,logiqa,0.75
37,1.734375,0.17651048487186194,meta-llama/Llama-3.1-8B-Instruct,0.0,0,logiqa,0.75
38,0.93359375,0.39313832776388624,meta-llama/Llama-3.1-8B-Instruct,1.0,0,logiqa,0.75
39,2.859375,0.057304564428268645,meta-llama/Llama-3.1-8B-Instruct,0.0,0,logiqa,0.75
40,0.93359375,0.39313832776388624,meta-llama/Llama-3.1-8B-Instruct,0.0,0,logiqa,0.75
1,7.3125,0.0006671470977542673,meta-llama/Llama-3.1-8B-Instruct,0.0,0,logiqa,0.75
2,7.34375,0.0006466211394278742,meta-llama/Llama-3.1-8B-Instruct,0.0,0,logiqa,0.75
3,2.9375,0.0529980584033558,meta-llama/Llama-3.1-8B-Instruct,0.0,0,logiqa,0.75
4,1.1875,0.3049827687110593,meta-llama/Llama-3.1-8B-Instruct,0.0,0,logiqa,0.75
5,1.921875,0.1463323316229146,meta-llama/Llama-3.1-8B-Instruct,0.0,0,logiqa,0.75
6,0.5703125,0.5653487396106142,meta-llama/Llama-3.1-8B-Instruct,1.0,0,logiqa,0.75
7,1.0703125,0.34290134400373157,meta-llama/Llama-3.1-8B-Instruct,1.0,0,logiqa,0.75
8,1.515625,0.21967084765457534,meta-llama/Llama-3.1-8B-Instruct,0.0,0,logiqa,0.75
9,1.875,0.15335496684492847,meta-llama/Llama-3.1-8B-Instruct,0.0,0,logiqa,0.75
10,1.90625,0.1486367305381225,meta-llama/Llama-3.1-8B-Instruct,0.0,0,logiqa,0.75
11,0.36328125,0.6953908273230813,meta-llama/Llama-3.1-8B-Instruct,1.0,0,logiqa,0.75
12,0.671875,0.5107500231290107,meta-llama/Llama-3.1-8B-Instruct,1.0,0,logiqa,0.75
13,3.09375,0.045331641611676264,meta-llama/Llama-3.1-8B-Instruct,0.0,0,logiqa,0.75
14,2.25,0.10539922456186433,meta-llama/Llama-3.1-8B-Instruct,0.0,0,logiqa,0.75
15,2.03125,0.13117145431019428,meta-llama/Llama-3.1-8B-Instruct,0.0,0,logiqa,0.75
16,2.796875,0.06100039130459344,meta-llama/Llama-3.1-8B-Instruct,0.0,0,logiqa,0.75
17,4.46875,0.011461633942261852,meta-llama/Llama-3.1-8B-Instruct,0.0,0,logiqa,0.75
18,1.3125,0.26914634872918386,meta-llama/Llama-3.1-8B-Instruct,0.0,0,logiqa,0.75
19,0.294921875,0.7445897562683694,meta-llama/Llama-3.1-8B-Instruct,1.0,0,logiqa,0.75
20,3.0,0.049787068367863944,meta-llama/Llama-3.1-8B-Instruct,0.0,0,logiqa,0.75
21,0.94140625,0.39007890102496307,meta-llama/Llama-3.1-8B-Instruct,0.0,0,logiqa,0.75
22,1.265625,0.28206295169381546,meta-llama/Llama-3.1-8B-Instruct,1.0,0,logiqa,0.75
23,3.0,0.049787068367863944,meta-llama/Llama-3.1-8B-Instruct,0.0,0,logiqa,0.75
24,0.6875,0.5028315779709409,meta-llama/Llama-3.1-8B-Instruct,1.0,0,logiqa,0.75
25,0.8046875,0.4472276633691456,meta-llama/Llama-3.1-8B-Instruct,1.0,0,logiqa,0.75
26,1.9296875,0.14519356438370257,meta-llama/Llama-3.1-8B-Instruct,0.0,0,logiqa,0.75
27,1.5078125,0.221393747466153,meta-llama/Llama-3.1-8B-Instruct,0.0,0,logiqa,0.75
28,0.466796875,0.6270074383640806,meta-llama/Llama-3.1-8B-Instruct,1.0,0,logiqa,0.75
29,0.96484375,0.3810427330152126,meta-llama/Llama-3.1-8B-Instruct,1.0,0,logiqa,0.75
30,2.890625,0.05554148833106887,meta-llama/Llama-3.1-8B-Instruct,0.0,0,logiqa,0.75
31,2.84375,0.058206980009571974,meta-llama/Llama-3.1-8B-Instruct,0.0,0,logiqa,0.75
32,1.71875,0.17929012055011864,meta-llama/Llama-3.1-8B-Instruct,0.0,0,logiqa,0.75
33,1.359375,0.25682124007865503,meta-llama/Llama-3.1-8B-Instruct,0.0,0,logiqa,0.75
34,0.3125,0.7316156289466418,meta-llama/Llama-3.1-8B-Instruct,1.0,0,logiqa,0.75
35,0.58984375,0.5544139051397897,meta-llama/Llama-3.1-8B-Instruct,1.0,0,logiqa,0.75
36,4.03125,0.01775212592162854,meta-llama/Llama-3.1-8B-Instruct,0.0,0,logiqa,0.75
1,5.1875,0.0055859542589981,meta-llama/Llama-3.1-8B-Instruct,0.0,0,logiqa,0.75
2,4.875,0.007635094218859962,meta-llama/Llama-3.1-8B-Instruct,0.0,0,logiqa,0.75
3,2.921875,0.053832656382752,meta-llama/Llama-3.1-8B-Instruct,0.0,0,logiqa,0.75
4,3.96875,0.018897039677585683,meta-llama/Llama-3.1-8B-Instruct,0.0,0,logiqa,0.75
5,1.4375,0.23752081909545814,meta-llama/Llama-3.1-8B-Instruct,0.0,0,logiqa,0.75
6,2.703125,0.06699582332279769,meta-llama/Llama-3.1-8B-Instruct,0.0,0,logiqa,0.75
7,2.34375,0.09596708604499847,meta-llama/Llama-3.1-8B-Instruct,0.0,0,logiqa,0.75
8,3.671875,0.025428746320412147,meta-llama/Llama-3.1-8B-Instruct,0.0,0,logiqa,0.75
9,1.046875,0.3510330150388101,meta-llama/Llama-3.1-8B-Instruct,0.0,0,logiqa,0.75
10,2.96875,0.05136747956725073,meta-llama/Llama-3.1-8B-Instruct,0.0,0,logiqa,0.75
11,1.2578125,0.2842751988422877,meta-llama/Llama-3.1-8B-Instruct,0.0,0,logiqa,0.75
12,3.265625,0.03817306945803752,meta-llama/Llama-3.1-8B-Instruct,0.0,0,logiqa,0.75
13,5.5,0.004086771438464067,meta-llama/Llama-3.1-8B-Instruct,0.0,0,logiqa,0.75
14,1.1015625,0.3323513787550223,meta-llama/Llama-3.1-8B-Instruct,0.0,0,logiqa,0.75
15,1.0703125,0.34290134400373157,meta-llama/Llama-3.1-8B-Instruct,1.0,0,logiqa,0.75
16,0.0458984375,0.9551389635657673,meta-llama/Llama-3.1-8B-Instruct,1.0,0,logiqa,0.75
17,0.90234375,0.40561787790561105,meta-llama/Llama-3.1-8B-Instruct,0.0,0,logiqa,0.75
18,1.140625,0.31961919737930994,meta-llama/Llama-3.1-8B-Instruct,0.0,0,logiqa,0.75
19,3.3125,0.036424997337364234,meta-llama/Llama-3.1-8B-Instruct,0.0,0,logiqa,0.75
20,2.109375,0.1213137638466268,meta-llama/Llama-3.1-8B-Instruct,0.0,0,logiqa,0.75
21,2.640625,0.07131668269775804,meta-llama/Llama-3.1-8B-Instruct,0.0,0,logiqa,0.75
22,0.76171875,0.46686331570996537,meta-llama/Llama-3.1-8B-Instruct,1.0,0,logiqa,0.75
23,2.109375,0.1213137638466268,meta-llama/Llama-3.1-8B-Instruct,0.0,0,logiqa,0.75
24,1.2578125,0.2842751988422877,meta-llama/Llama-3.1-8B-Instruct,0.0,0,logiqa,0.75
25,0.59765625,0.5500994219006123,meta-llama/Llama-3.1-8B-Instruct,1.0,0,logiqa,0.75
26,1.5,0.22313016014842982,meta-llama/Llama-3.1-8B-Instruct,0.0,0,logiqa,0.75
27,1.6953125,0.18354186323251906,meta-llama/Llama-3.1-8B-Instruct,0.0,0,logiqa,0.75
28,1.78125,0.16842748127818424,meta-llama/Llama-3.1-8B-Instruct,0.0,0,logiqa,0.75
29,3.515625,0.02972921638615875,meta-llama/Llama-3.1-8B-Instruct,0.0,0,logiqa,0.75
30,0.98828125,0.372215887611955,meta-llama/Llama-3.1-8B-Instruct,1.0,0,logiqa,0.75
31,0.265625,0.76672659607082,meta-llama/Llama-3.1-8B-Instruct,1.0,0,logiqa,0.75
32,0.11083984375,0.8950820904412523,meta-llama/Llama-3.1-8B-Instruct,1.0,0,logiqa,0.75
33,2.171875,0.1139637344565904,meta-llama/Llama-3.1-8B-Instruct,0.0,0,logiqa,0.75
34,1.15625,0.314663961018459,meta-llama/Llama-3.1-8B-Instruct,0.0,0,logiqa,0.75
35,4.1875,0.015184197956837946,meta-llama/Llama-3.1-8B-Instruct,0.0,0,logiqa,0.75
36,3.65625,0.025829190807190754,meta-llama/Llama-3.1-8B-Instruct,0.0,0,logiqa,0.75
37,1.59375,0.20316232275153173,meta-llama/Llama-3.1-8B-Instruct,0.0,0,logiqa,0.75
38,1.53125,0.2162651668298873,meta-llama/Llama-3.1-8B-Instruct,0.0,0,logiqa,0.75
39,0.1318359375,0.8764847815685415,meta-llama/Llama-3.1-8B-Instruct,1.0,0,logiqa,0.75
1,6.34375,0.0017576984932042732,meta-llama/Llama-3.1-8B-Instruct,0.0,0,logiqa,0.75
2,0.87109375,0.4184935714928901,meta-llama/Llama-3.1-8B-Instruct,1.0,0,logiqa,0.75
3,0.5234375,0.5924803921133679,meta-llama/Llama-3.1-8B-Instruct,1.0,0,logiqa,0.75
4,0.73828125,0.47793466018873804,meta-llama/Llama-3.1-8B-Instruct,1.0,0,logiqa,0.75
5,1.4296875,0.23938371796817895,meta-llama/Llama-3.1-8B-Instruct,0.0,0,logiqa,0.75
6,1.1484375,0.31713190105209277,meta-llama/Llama-3.1-8B-Instruct,0.0,0,logiqa,0.75
7,0.70703125,0.49310593486505433,meta-llama/Llama-3.1-8B-Instruct,1.0,0,logiqa,0.75
8,1.6796875,0.18643222700816212,meta-llama/Llama-3.1-8B-Instruct,0.0,0,logiqa,0.75
9,3.96875,0.018897039677585683,meta-llama/Llama-3.1-8B-Instruct,0.0,0,logiqa,0.75
10,4.65625,0.00950202828005989,meta-llama/Llama-3.1-8B-Instruct,0.0,0,logiqa,0.75
11,5.6875,0.0033880525218347116,meta-llama/Llama-3.1-8B-Instruct,0.0,0,logiqa,0.75
12,1.6953125,0.18354186323251906,meta-llama/Llama-3.1-8B-Instruct,0.0,0,logiqa,0.75
13,3.8125,0.022092877665062443,meta-llama/Llama-3.1-8B-Instruct,0.0,0,logiqa,0.75
14,1.09375,0.33495804292529496,meta-llama/Llama-3.1-8B-Instruct,1.0,0,logiqa,0.75
15,0.921875,0.39777251796661167,meta-llama/Llama-3.1-8B-Instruct,1.0,0,logiqa,0.75
16,2.875,0.05641613950377735,meta-llama/Llama-3.1-8B-Instruct,0.0,0,logiqa,0.75
17,0.83984375,0.43177798346854385,meta-llama/Llama-3.1-8B-Instruct,1.0,0,logiqa,0.75
18,4.5625,0.010435936462774504,meta-llama/Llama-3.1-8B-Instruct,0.0,0,logiqa,0.75
19,1.046875,0.3510330150388101,meta-llama/Llama-3.1-8B-Instruct,1.0,0,logiqa,0.75
20,1.6015625,0.20158130101268698,meta-llama/Llama-3.1-8B-Instruct,0.0,0,logiqa,0.75
21,0.19140625,0.8257970399501007,meta-llama/Llama-3.1-8B-Instruct,1.0,0,logiqa,0.75
22,1.1171875,0.3271987482181544,meta-llama/Llama-3.1-8B-Instruct,0.0,0,logiqa,0.75
23,1.1875,0.3049827687110593,meta-llama/Llama-3.1-8B-Instruct,0.0,0,logiqa,0.75
24,4.15625,0.015666196140128895,meta-llama/Llama-3.1-8B-Instruct,0.0,0,logiqa,0.75
25,2.6875,0.0680508540250102,meta-llama/Llama-3.1-8B-Instruct,0.0,0,logiqa,0.75
26,1.15625,0.314663961018459,meta-llama/Llama-3.1-8B-Instruct,1.0,0,logiqa,0.75
27,1.609375,0.2000125828826258,meta-llama/Llama-3.1-8B-Instruct,0.0,0,logiqa,0.75
28,2.71875,0.06595714935553817,meta-llama/Llama-3.1-8B-Instruct,0.0,0,logiqa,0.75
29,0.5546875,0.5742516868118521,meta-llama/Llama-3.1-8B-Instruct,1.0,0,logiqa,0.75
30,4.4375,0.011825465259096618,meta-llama/Llama-3.1-8B-Instruct,0.0,0,logiqa,0.75
31,0.27734375,0.7577939606593946,meta-llama/Llama-3.1-8B-Instruct,1.0,0,logiqa,0.75
32,0.72265625,0.485461035940867,meta-llama/Llama-3.1-8B-Instruct,1.0,0,logiqa,0.75
33,2.5625,0.07711171996831671,meta-llama/Llama-3.1-8B-Instruct,0.0,0,logiqa,0.75
34,3.015625,0.049015191417106724,meta-llama/Llama-3.1-8B-Instruct,0.0,0,logiqa,0.75
35,0.84375,0.43009464064006225,meta-llama/Llama-3.1-8B-Instruct,1.0,0,logiqa,0.75
36,1.1796875,0.30737477821235176,meta-llama/Llama-3.1-8B-Instruct,1.0,0,logiqa,0.75
37,3.078125,0.04604551109353302,meta-llama/Llama-3.1-8B-Instruct,0.0,0,logiqa,0.75
38,3.640625,0.026235941377052294,meta-llama/Llama-3.1-8B-Instruct,0.0,0,logiqa,0.75
39,1.34375,0.26086558612628497,meta-llama/Llama-3.1-8B-Instruct,0.0,0,logiqa,0.75
1,9.4375,7.96793581553195e-05,meta-llama/Llama-3.1-8B-Instruct,0.0,0,logiqa,0.75
2,5.71875,0.003283813104313592,meta-llama/Llama-3.1-8B-Instruct,0.0,0,logiqa,0.75
3,6.0,0.0024787521766663585,meta-llama/Llama-3.1-8B-Instruct,0.0,0,logiqa,0.75
4,0.0155029296875,0.9846166221284973,meta-llama/Llama-3.1-8B-Instruct,1.0,0,logiqa,0.75
5,4.875,0.007635094218859962,meta-llama/Llama-3.1-8B-Instruct,0.0,0,logiqa,0.75
6,1.6875,0.18498139990730428,meta-llama/Llama-3.1-8B-Instruct,0.0,0,logiqa,0.75
7,0.318359375,0.7273413531419732,meta-llama/Llama-3.1-8B-Instruct,1.0,0,logiqa,0.75
8,2.84375,0.058206980009571974,meta-llama/Llama-3.1-8B-Instruct,0.0,0,logiqa,0.75
9,6.4375,0.0016004026902445643,meta-llama/Llama-3.1-8B-Instruct,0.0,0,logiqa,0.75
10,0.060546875,0.941249646907103,meta-llama/Llama-3.1-8B-Instruct,1.0,0,logiqa,0.75
11,1.1328125,0.3221260018134028,meta-llama/Llama-3.1-8B-Instruct,1.0,0,logiqa,0.75
12,2.8125,0.060054667895307945,meta-llama/Llama-3.1-8B-Instruct,0.0,0,logiqa,0.75
13,1.7890625,0.16711676822020574,meta-llama/Llama-3.1-8B-Instruct,0.0,0,logiqa,0.75
14,1.8203125,0.1619751257973035,meta-llama/Llama-3.1-8B-Instruct,0.0,0,logiqa,0.75
15,2.109375,0.1213137638466268,meta-llama/Llama-3.1-8B-Instruct,0.0,0,logiqa,0.75
16,2.203125,0.1104574389603643,meta-llama/Llama-3.1-8B-Instruct,0.0,0,logiqa,0.75
17,1.765625,0.17107982817134254,meta-llama/Llama-3.1-8B-Instruct,0.0,0,logiqa,0.75
18,1.71875,0.17929012055011864,meta-llama/Llama-3.1-8B-Instruct,0.0,0,logiqa,0.75
19,1.5234375,0.21796135555570278,meta-llama/Llama-3.1-8B-Instruct,0.0,0,logiqa,0.75
20,1.1875,0.3049827687110593,meta-llama/Llama-3.1-8B-Instruct,0.0,0,logiqa,0.75
21,2.421875,0.08875504563653425,meta-llama/Llama-3.1-8B-Instruct,0.0,0,logiqa,0.75
22,2.296875,0.10057264266491435,meta-llama/Llama-3.1-8B-Instruct,0.0,0,logiqa,0.75
23,2.140625,0.11758133171956547,meta-llama/Llama-3.1-8B-Instruct,0.0,0,logiqa,0.75
24,4.375,0.012588142242433998,meta-llama/Llama-3.1-8B-Instruct,0.0,0,logiqa,0.75
25,1.0,0.36787944117144233,meta-llama/Llama-3.1-8B-Instruct,1.0,0,logiqa,0.75
26,2.5625,0.07711171996831671,meta-llama/Llama-3.1-8B-Instruct,0.0,0,logiqa,0.75
27,3.59375,0.02749503049258667,meta-llama/Llama-3.1-8B-Instruct,0.0,0,logiqa,0.75
28,1.1953125,0.30260937397538795,meta-llama/Llama-3.1-8B-Instruct,1.0,0,logiqa,0.75
29,0.7890625,0.4542704742837873,meta-llama/Llama-3.1-8B-Instruct,1.0,0,logiqa,0.75
30,2.28125,0.1021564313333943,meta-llama/Llama-3.1-8B-Instruct,0.0,0,logiqa,0.75
31,1.2265625,0.29329906232102687,meta-llama/Llama-3.1-8B-Instruct,0.0,0,logiqa,0.75
32,2.0,0.1353352832366127,meta-llama/Llama-3.1-8B-Instruct,0.0,0,logiqa,0.75
33,1.453125,0.23383840011408472,meta-llama/Llama-3.1-8B-Instruct,0.0,0,logiqa,0.75
34,1.6875,0.18498139990730428,meta-llama/Llama-3.1-8B-Instruct,0.0,0,logiqa,0.75
35,1.328125,0.26497362135689667,meta-llama/Llama-3.1-8B-Instruct,0.0,0,logiqa,0.75
36,2.8125,0.060054667895307945,meta-llama/Llama-3.1-8B-Instruct,0.0,0,logiqa,0.75
1,8.3125,0.0002454297015009895,meta-llama/Llama-3.1-8B-Instruct,0.0,0,logiqa,0.75
2,0.625,0.5352614285189903,meta-llama/Llama-3.1-8B-Instruct,1.0,0,logiqa,0.75
3,1.328125,0.26497362135689667,meta-llama/Llama-3.1-8B-Instruct,1.0,0,logiqa,0.75
4,6.375,0.001703619795802574,meta-llama/Llama-3.1-8B-Instruct,0.0,0,logiqa,0.75
5,1.1875,0.3049827687110593,meta-llama/Llama-3.1-8B-Instruct,0.0,0,logiqa,0.75
6,4.0625,0.017205950425851383,meta-llama/Llama-3.1-8B-Instruct,0.0,0,logiqa,0.75
7,1.71875,0.17929012055011864,meta-llama/Llama-3.1-8B-Instruct,1.0,0,logiqa,0.75
8,2.421875,0.08875504563653425,meta-llama/Llama-3.1-8B-Instruct,0.0,0,logiqa,0.75
9,0.6015625,0.54795478749992,meta-llama/Llama-3.1-8B-Instruct,1.0,0,logiqa,0.75
10,3.453125,0.03164658611103602,meta-llama/Llama-3.1-8B-Instruct,0.0,0,logiqa,0.75
11,1.015625,0.3621759990808257,meta-llama/Llama-3.1-8B-Instruct,0.0,0,logiqa,0.75
12,0.5703125,0.5653487396106142,meta-llama/Llama-3.1-8B-Instruct,1.0,0,logiqa,0.75
13,1.1015625,0.3323513787550223,meta-llama/Llama-3.1-8B-Instruct,1.0,0,logiqa,0.75
14,1.703125,0.18211352912101367,meta-llama/Llama-3.1-8B-Instruct,0.0,0,logiqa,0.75
15,1.734375,0.17651048487186194,meta-llama/Llama-3.1-8B-Instruct,0.0,0,logiqa,0.75
16,0.466796875,0.6270074383640806,meta-llama/Llama-3.1-8B-Instruct,1.0,0,logiqa,0.75
17,7.1875,0.0007559767017882707,meta-llama/Llama-3.1-8B-Instruct,0.0,0,logiqa,0.75
18,0.99609375,0.3693192805940405,meta-llama/Llama-3.1-8B-Instruct,0.0,0,logiqa,0.75
19,1.4140625,0.2431534629991392,meta-llama/Llama-3.1-8B-Instruct,0.0,0,logiqa,0.75
20,0.400390625,0.6700582534023591,meta-llama/Llama-3.1-8B-Instruct,1.0,0,logiqa,0.75
21,1.5078125,0.221393747466153,meta-llama/Llama-3.1-8B-Instruct,0.0,0,logiqa,0.75
22,3.390625,0.03368761555886473,meta-llama/Llama-3.1-8B-Instruct,0.0,0,logiqa,0.75
23,0.9765625,0.3766034507108804,meta-llama/Llama-3.1-8B-Instruct,1.0,0,logiqa,0.75
24,2.09375,0.12322417764723749,meta-llama/Llama-3.1-8B-Instruct,0.0,0,logiqa,0.75
25,1.0234375,0.35935752309532076,meta-llama/Llama-3.1-8B-Instruct,1.0,0,logiqa,0.75
26,0.369140625,0.6913281855882473,meta-llama/Llama-3.1-8B-Instruct,1.0,0,logiqa,0.75
27,1.078125,0.34023286457404905,meta-llama/Llama-3.1-8B-Instruct,1.0,0,logiqa,0.75
28,1.203125,0.30025444914408245,meta-llama/Llama-3.1-8B-Instruct,0.0,0,logiqa,0.75
29,5.5,0.004086771438464067,meta-llama/Llama-3.1-8B-Instruct,0.0,0,logiqa,0.75
30,0.97265625,0.3780774349414026,meta-llama/Llama-3.1-8B-Instruct,1.0,0,logiqa,0.75
31,3.0625,0.04677062238395898,meta-llama/Llama-3.1-8B-Instruct,0.0,0,logiqa,0.75
32,1.046875,0.3510330150388101,meta-llama/Llama-3.1-8B-Instruct,0.0,0,logiqa,0.75
33,3.15625,0.04258513628878761,meta-llama/Llama-3.1-8B-Instruct,0.0,0,logiqa,0.75
34,0.50390625,0.604166020765368,meta-llama/Llama-3.1-8B-Instruct,1.0,0,logiqa,0.75
35,1.25,0.2865047968601901,meta-llama/Llama-3.1-8B-Instruct,0.0,0,logiqa,0.75
36,2.5625,0.07711171996831671,meta-llama/Llama-3.1-8B-Instruct,0.0,0,logiqa,0.75
37,0.9609375,0.3825340921054156,meta-llama/Llama-3.1-8B-Instruct,1.0,0,logiqa,0.75
38,1.5078125,0.221393747466153,meta-llama/Llama-3.1-8B-Instruct,0.0,0,logiqa,0.75
1,9.125,0.00010890876985506645,meta-llama/Llama-3.1-8B-Instruct,0.0,0,logiqa,0.75
2,2.21875,0.10874495509722103,meta-llama/Llama-3.1-8B-Instruct,0.0,0,logiqa,0.75
3,0.9609375,0.3825340921054156,meta-llama/Llama-3.1-8B-Instruct,1.0,0,logiqa,0.75
4,4.78125,0.008385510525424083,meta-llama/Llama-3.1-8B-Instruct,0.0,0,logiqa,0.75
5,0.53515625,0.5855777864671197,meta-llama/Llama-3.1-8B-Instruct,1.0,0,logiqa,0.75
6,2.1875,0.11219689052034373,meta-llama/Llama-3.1-8B-Instruct,0.0,0,logiqa,0.75
7,0.06787109375,0.9343809133539388,meta-llama/Llama-3.1-8B-Instruct,1.0,0,logiqa,0.75
8,1.84375,0.15822297604949842,meta-llama/Llama-3.1-8B-Instruct,0.0,0,logiqa,0.75
9,1.78125,0.16842748127818424,meta-llama/Llama-3.1-8B-Instruct,0.0,0,logiqa,0.75
10,1.78125,0.16842748127818424,meta-llama/Llama-3.1-8B-Instruct,0.0,0,logiqa,0.75
11,4.28125,0.013825369568946493,meta-llama/Llama-3.1-8B-Instruct,0.0,0,logiqa,0.75
12,1.484375,0.22664394888734782,meta-llama/Llama-3.1-8B-Instruct,0.0,0,logiqa,0.75
13,0.248046875,0.7803233647630088,meta-llama/Llama-3.1-8B-Instruct,1.0,0,logiqa,0.75
14,1.0703125,0.34290134400373157,meta-llama/Llama-3.1-8B-Instruct,1.0,0,logiqa,0.75
15,1.5,0.22313016014842982,meta-llama/Llama-3.1-8B-Instruct,0.0,0,logiqa,0.75
16,2.296875,0.10057264266491435,meta-llama/Llama-3.1-8B-Instruct,0.0,0,logiqa,0.75
17,1.59375,0.20316232275153173,meta-llama/Llama-3.1-8B-Instruct,0.0,0,logiqa,0.75
18,2.8125,0.060054667895307945,meta-llama/Llama-3.1-8B-Instruct,0.0,0,logiqa,0.75
19,1.1328125,0.3221260018134028,meta-llama/Llama-3.1-8B-Instruct,1.0,0,logiqa,0.75
20,2.828125,0.059123606568473756,meta-llama/Llama-3.1-8B-Instruct,0.0,0,logiqa,0.75
21,2.0,0.1353352832366127,meta-llama/Llama-3.1-8B-Instruct,0.0,0,logiqa,0.75
22,2.0,0.1353352832366127,meta-llama/Llama-3.1-8B-Instruct,0.0,0,logiqa,0.75
23,3.4375,0.03214494732687607,meta-llama/Llama-3.1-8B-Instruct,0.0,0,logiqa,0.75
24,0.625,0.5352614285189903,meta-llama/Llama-3.1-8B-Instruct,1.0,0,logiqa,0.75
25,1.296875,0.27338478699614155,meta-llama/Llama-3.1-8B-Instruct,0.0,0,logiqa,0.75
26,2.0625,0.1271357329320356,meta-llama/Llama-3.1-8B-Instruct,0.0,0,logiqa,0.75
27,1.2890625,0.2755289704553164,meta-llama/Llama-3.1-8B-Instruct,0.0,0,logiqa,0.75
28,1.46875,0.23021307174736147,meta-llama/Llama-3.1-8B-Instruct,0.0,0,logiqa,0.75
29,3.796875,0.022440789864373145,meta-llama/Llama-3.1-8B-Instruct,0.0,0,logiqa,0.75
30,1.1484375,0.31713190105209277,meta-llama/Llama-3.1-8B-Instruct,0.0,0,logiqa,0.75
31,2.15625,0.11575840213626322,meta-llama/Llama-3.1-8B-Instruct,0.0,0,logiqa,0.75
32,1.71875,0.17929012055011864,meta-llama/Llama-3.1-8B-Instruct,0.0,0,logiqa,0.75
33,4.0625,0.017205950425851383,meta-llama/Llama-3.1-8B-Instruct,0.0,0,logiqa,0.75
34,1.3125,0.26914634872918386,meta-llama/Llama-3.1-8B-Instruct,0.0,0,logiqa,0.75
35,1.84375,0.15822297604949842,meta-llama/Llama-3.1-8B-Instruct,0.0,0,logiqa,0.75
36,1.0390625,0.353786201098432,meta-llama/Llama-3.1-8B-Instruct,1.0,0,logiqa,0.75
37,2.171875,0.1139637344565904,meta-llama/Llama-3.1-8B-Instruct,0.0,0,logiqa,0.75
38,1.078125,0.34023286457404905,meta-llama/Llama-3.1-8B-Instruct,0.0,0,logiqa,0.75
39,2.6875,0.0680508540250102,meta-llama/Llama-3.1-8B-Instruct,0.0,0,logiqa,0.75
40,1.578125,0.20636166380601706,meta-llama/Llama-3.1-8B-Instruct,0.0,0,logiqa,0.75
1,4.53125,0.010767208646547101,meta-llama/Llama-3.1-8B-Instruct,0.0,0,logiqa,0.75
2,0.53125,0.5878696731223465,meta-llama/Llama-3.1-8B-Instruct,1.0,0,logiqa,0.75
3,2.28125,0.1021564313333943,meta-llama/Llama-3.1-8B-Instruct,0.0,0,logiqa,0.75
4,0.0458984375,0.9551389635657673,meta-llama/Llama-3.1-8B-Instruct,1.0,0,logiqa,0.75
5,0.93359375,0.39313832776388624,meta-llama/Llama-3.1-8B-Instruct,0.0,0,logiqa,0.75
6,0.42578125,0.6532592269479727,meta-llama/Llama-3.1-8B-Instruct,1.0,0,logiqa,0.75
7,2.796875,0.06100039130459344,meta-llama/Llama-3.1-8B-Instruct,0.0,0,logiqa,0.75
8,1.53125,0.2162651668298873,meta-llama/Llama-3.1-8B-Instruct,0.0,0,logiqa,0.75
9,1.671875,0.18789443308700168,meta-llama/Llama-3.1-8B-Instruct,0.0,0,logiqa,0.75
10,1.859375,0.15576995617312325,meta-llama/Llama-3.1-8B-Instruct,0.0,0,logiqa,0.75
11,2.46875,0.0846906561847805,meta-llama/Llama-3.1-8B-Instruct,0.0,0,logiqa,0.75
12,4.59375,0.010114856452604551,meta-llama/Llama-3.1-8B-Instruct,0.0,0,logiqa,0.75
13,5.15625,0.005763271481312824,meta-llama/Llama-3.1-8B-Instruct,0.0,0,logiqa,0.75
14,0.6484375,0.5228621108821537,meta-llama/Llama-3.1-8B-Instruct,1.0,0,logiqa,0.75
15,3.125,0.04393693362340742,meta-llama/Llama-3.1-8B-Instruct,0.0,0,logiqa,0.75
16,0.5234375,0.5924803921133679,meta-llama/Llama-3.1-8B-Instruct,1.0,0,logiqa,0.75
17,2.140625,0.11758133171956547,meta-llama/Llama-3.1-8B-Instruct,0.0,0,logiqa,0.75
18,2.78125,0.061961007690531984,meta-llama/Llama-3.1-8B-Instruct,0.0,0,logiqa,0.75
19,1.9609375,0.14072642803276533,meta-llama/Llama-3.1-8B-Instruct,0.0,0,logiqa,0.75
20,1.390625,0.2489196812036605,meta-llama/Llama-3.1-8B-Instruct,0.0,0,logiqa,0.75
21,0.57421875,0.5631446537543375,meta-llama/Llama-3.1-8B-Instruct,1.0,0,logiqa,0.75
22,1.1484375,0.31713190105209277,meta-llama/Llama-3.1-8B-Instruct,1.0,0,logiqa,0.75
23,0.546875,0.5787555986124843,meta-llama/Llama-3.1-8B-Instruct,1.0,0,logiqa,0.75
24,0.94140625,0.39007890102496307,meta-llama/Llama-3.1-8B-Instruct,0.0,0,logiqa,0.75
25,2.59375,0.0747392417609257,meta-llama/Llama-3.1-8B-Instruct,0.0,0,logiqa,0.75
26,1.421875,0.2412612277378443,meta-llama/Llama-3.1-8B-Instruct,0.0,0,logiqa,0.75
27,2.0625,0.1271357329320356,meta-llama/Llama-3.1-8B-Instruct,0.0,0,logiqa,0.75
28,1.859375,0.15576995617312325,meta-llama/Llama-3.1-8B-Instruct,0.0,0,logiqa,0.75
29,0.75390625,0.47052497007720323,meta-llama/Llama-3.1-8B-Instruct,1.0,0,logiqa,0.75
30,0.248046875,0.7803233647630088,meta-llama/Llama-3.1-8B-Instruct,1.0,0,logiqa,0.75
31,0.451171875,0.6368813687851224,meta-llama/Llama-3.1-8B-Instruct,1.0,0,logiqa,0.75
32,3.78125,0.022794180883612344,meta-llama/Llama-3.1-8B-Instruct,0.0,0,logiqa,0.75
33,2.703125,0.06699582332279769,meta-llama/Llama-3.1-8B-Instruct,0.0,0,logiqa,0.75
34,0.94140625,0.39007890102496307,meta-llama/Llama-3.1-8B-Instruct,0.0,0,logiqa,0.75
35,1.421875,0.2412612277378443,meta-llama/Llama-3.1-8B-Instruct,0.0,0,logiqa,0.75
36,1.421875,0.2412612277378443,meta-llama/Llama-3.1-8B-Instruct,0.0,0,logiqa,0.75
37,2.375,0.09301448921066349,meta-llama/Llama-3.1-8B-Instruct,0.0,0,logiqa,0.75
38,1.7578125,0.17242162389375282,meta-llama/Llama-3.1-8B-Instruct,0.0,0,logiqa,0.75
39,0.77734375,0.459625270884992,meta-llama/Llama-3.1-8B-Instruct,1.0,0,logiqa,0.75
40,1.296875,0.27338478699614155,meta-llama/Llama-3.1-8B-Instruct,0.0,0,logiqa,0.75
1,11.375,1.147889989071055e-05,meta-llama/Llama-3.1-8B-Instruct,0.0,0,logiqa,0.75
2,2.140625,0.11758133171956547,meta-llama/Llama-3.1-8B-Instruct,0.0,0,logiqa,0.75
3,0.5078125,0.6018106006716945,meta-llama/Llama-3.1-8B-Instruct,1.0,0,logiqa,0.75
4,1.5625,0.2096113871510978,meta-llama/Llama-3.1-8B-Instruct,0.0,0,logiqa,0.75
5,8.125,0.0002960447300568554,meta-llama/Llama-3.1-8B-Instruct,0.0,0,logiqa,0.75
6,3.09375,0.045331641611676264,meta-llama/Llama-3.1-8B-Instruct,0.0,0,logiqa,0.75
7,2.78125,0.061961007690531984,meta-llama/Llama-3.1-8B-Instruct,0.0,0,logiqa,0.75
8,4.5625,0.010435936462774504,meta-llama/Llama-3.1-8B-Instruct,0.0,0,logiqa,0.75
9,1.2265625,0.29329906232102687,meta-llama/Llama-3.1-8B-Instruct,1.0,0,logiqa,0.75
10,1.3125,0.26914634872918386,meta-llama/Llama-3.1-8B-Instruct,0.0,0,logiqa,0.75
11,2.984375,0.050571100611906464,meta-llama/Llama-3.1-8B-Instruct,0.0,0,logiqa,0.75
12,1.65625,0.19085333986431632,meta-llama/Llama-3.1-8B-Instruct,0.0,0,logiqa,0.75
13,1.21875,0.29559943537737077,meta-llama/Llama-3.1-8B-Instruct,0.0,0,logiqa,0.75
14,1.4296875,0.23938371796817895,meta-llama/Llama-3.1-8B-Instruct,0.0,0,logiqa,0.75
15,0.1787109375,0.8363476211932502,meta-llama/Llama-3.1-8B-Instruct,1.0,0,logiqa,0.75
16,1.8125,0.1632455124539584,meta-llama/Llama-3.1-8B-Instruct,0.0,0,logiqa,0.75
17,2.96875,0.05136747956725073,meta-llama/Llama-3.1-8B-Instruct,0.0,0,logiqa,0.75
18,1.328125,0.26497362135689667,meta-llama/Llama-3.1-8B-Instruct,0.0,0,logiqa,0.75
19,2.234375,0.10705902083552722,meta-llama/Llama-3.1-8B-Instruct,0.0,0,logiqa,0.75
20,0.357421875,0.6994773434756083,meta-llama/Llama-3.1-8B-Instruct,1.0,0,logiqa,0.75
21,4.53125,0.010767208646547101,meta-llama/Llama-3.1-8B-Instruct,0.0,0,logiqa,0.75
22,1.234375,0.29101659090983195,meta-llama/Llama-3.1-8B-Instruct,0.0,0,logiqa,0.75
23,3.578125,0.027928014220365963,meta-llama/Llama-3.1-8B-Instruct,0.0,0,logiqa,0.75
24,3.90625,0.02011579402674089,meta-llama/Llama-3.1-8B-Instruct,0.0,0,logiqa,0.75
25,3.3125,0.036424997337364234,meta-llama/Llama-3.1-8B-Instruct,0.0,0,logiqa,0.75
26,1.328125,0.26497362135689667,meta-llama/Llama-3.1-8B-Instruct,0.0,0,logiqa,0.75
27,2.109375,0.1213137638466268,meta-llama/Llama-3.1-8B-Instruct,0.0,0,logiqa,0.75
28,0.038330078125,0.9623952228475297,meta-llama/Llama-3.1-8B-Instruct,1.0,0,logiqa,0.75
29,3.640625,0.026235941377052294,meta-llama/Llama-3.1-8B-Instruct,0.0,0,logiqa,0.75
30,0.248046875,0.7803233647630088,meta-llama/Llama-3.1-8B-Instruct,1.0,0,logiqa,0.75
31,1.1171875,0.3271987482181544,meta-llama/Llama-3.1-8B-Instruct,0.0,0,logiqa,0.75
32,3.140625,0.043255754605187734,meta-llama/Llama-3.1-8B-Instruct,0.0,0,logiqa,0.75
33,2.265625,0.10376516104428837,meta-llama/Llama-3.1-8B-Instruct,0.0,0,logiqa,0.75
34,4.4375,0.011825465259096618,meta-llama/Llama-3.1-8B-Instruct,0.0,0,logiqa,0.75
35,1.609375,0.2000125828826258,meta-llama/Llama-3.1-8B-Instruct,0.0,0,logiqa,0.75
36,1.7578125,0.17242162389375282,meta-llama/Llama-3.1-8B-Instruct,0.0,0,logiqa,0.75
37,0.22265625,0.8003899360518268,meta-llama/Llama-3.1-8B-Instruct,1.0,0,logiqa,0.75
38,1.8515625,0.1569916750812332,meta-llama/Llama-3.1-8B-Instruct,0.0,0,logiqa,0.75
1,8.0625,0.000315137974737356,meta-llama/Llama-3.1-8B-Instruct,0.0,0,logiqa,0.75
2,3.1875,0.04127492938579755,meta-llama/Llama-3.1-8B-Instruct,0.0,0,logiqa,0.75
3,2.140625,0.11758133171956547,meta-llama/Llama-3.1-8B-Instruct,0.0,0,logiqa,0.75
4,3.609375,0.027068759555306635,meta-llama/Llama-3.1-8B-Instruct,0.0,0,logiqa,0.75
5,1.765625,0.17107982817134254,meta-llama/Llama-3.1-8B-Instruct,0.0,0,logiqa,0.75
6,2.828125,0.059123606568473756,meta-llama/Llama-3.1-8B-Instruct,0.0,0,logiqa,0.75
7,0.6171875,0.5394595359337269,meta-llama/Llama-3.1-8B-Instruct,1.0,0,logiqa,0.75
8,5.0625,0.006329715427485747,meta-llama/Llama-3.1-8B-Instruct,0.0,0,logiqa,0.75
9,0.41015625,0.663546562885513,meta-llama/Llama-3.1-8B-Instruct,1.0,0,logiqa,0.75
10,1.4375,0.23752081909545814,meta-llama/Llama-3.1-8B-Instruct,0.0,0,logiqa,0.75
11,0.08984375,0.9140739981758944,meta-llama/Llama-3.1-8B-Instruct,1.0,0,logiqa,0.75
12,1.46875,0.23021307174736147,meta-llama/Llama-3.1-8B-Instruct,0.0,0,logiqa,0.75
13,0.5234375,0.5924803921133679,meta-llama/Llama-3.1-8B-Instruct,1.0,0,logiqa,0.75
14,2.765625,0.06293675158337987,meta-llama/Llama-3.1-8B-Instruct,0.0,0,logiqa,0.75
15,2.625,0.07243975703425146,meta-llama/Llama-3.1-8B-Instruct,0.0,0,logiqa,0.75
16,0.27734375,0.7577939606593946,meta-llama/Llama-3.1-8B-Instruct,1.0,0,logiqa,0.75
17,0.007781982421875,0.9922482188107336,meta-llama/Llama-3.1-8B-Instruct,1.0,0,logiqa,0.75
18,1.6796875,0.18643222700816212,meta-llama/Llama-3.1-8B-Instruct,0.0,0,logiqa,0.75
19,0.8046875,0.4472276633691456,meta-llama/Llama-3.1-8B-Instruct,0.0,0,logiqa,0.75
20,6.875,0.001033297638647637,meta-llama/Llama-3.1-8B-Instruct,0.0,0,logiqa,0.75
21,2.5,0.0820849986238988,meta-llama/Llama-3.1-8B-Instruct,0.0,0,logiqa,0.75
22,0.08251953125,0.9207934534340386,meta-llama/Llama-3.1-8B-Instruct,1.0,0,logiqa,0.75
23,4.75,0.008651695203120634,meta-llama/Llama-3.1-8B-Instruct,0.0,0,logiqa,0.75
24,2.609375,0.07358051721811718,meta-llama/Llama-3.1-8B-Instruct,0.0,0,logiqa,0.75
25,2.109375,0.1213137638466268,meta-llama/Llama-3.1-8B-Instruct,0.0,0,logiqa,0.75
26,1.375,0.25283959580474646,meta-llama/Llama-3.1-8B-Instruct,0.0,0,logiqa,0.75
27,4.15625,0.015666196140128895,meta-llama/Llama-3.1-8B-Instruct,0.0,0,logiqa,0.75
28,1.0859375,0.3375851514160396,meta-llama/Llama-3.1-8B-Instruct,1.0,0,logiqa,0.75
29,2.09375,0.12322417764723749,meta-llama/Llama-3.1-8B-Instruct,0.0,0,logiqa,0.75
30,0.52734375,0.5901705299683179,meta-llama/Llama-3.1-8B-Instruct,1.0,0,logiqa,0.75
31,0.06787109375,0.9343809133539388,meta-llama/Llama-3.1-8B-Instruct,1.0,0,logiqa,0.75
32,1.1328125,0.3221260018134028,meta-llama/Llama-3.1-8B-Instruct,1.0,0,logiqa,0.75
33,3.953125,0.019194624751579337,meta-llama/Llama-3.1-8B-Instruct,0.0,0,logiqa,0.75
34,2.203125,0.1104574389603643,meta-llama/Llama-3.1-8B-Instruct,0.0,0,logiqa,0.75
35,0.96484375,0.3810427330152126,meta-llama/Llama-3.1-8B-Instruct,1.0,0,logiqa,0.75
36,0.19140625,0.8257970399501007,meta-llama/Llama-3.1-8B-Instruct,1.0,0,logiqa,0.75
37,3.6875,0.025034510149960148,meta-llama/Llama-3.1-8B-Instruct,0.0,0,logiqa,0.75
38,2.984375,0.050571100611906464,meta-llama/Llama-3.1-8B-Instruct,0.0,0,logiqa,0.75
39,0.06787109375,0.9343809133539388,meta-llama/Llama-3.1-8B-Instruct,1.0,0,logiqa,0.75
40,2.3125,0.0990134083638263,meta-llama/Llama-3.1-8B-Instruct,0.0,0,logiqa,0.75
1,12.6875,3.0895039930125723e-06,meta-llama/Llama-3.1-8B-Instruct,0.0,0,logiqa,0.75
2,5.15625,0.005763271481312824,meta-llama/Llama-3.1-8B-Instruct,0.0,0,logiqa,0.75
3,1.4453125,0.23567241741677974,meta-llama/Llama-3.1-8B-Instruct,0.0,0,logiqa,0.75
4,3.34375,0.03530431798508576,meta-llama/Llama-3.1-8B-Instruct,0.0,0,logiqa,0.75
5,0.2353515625,0.7902929634144612,meta-llama/Llama-3.1-8B-Instruct,1.0,0,logiqa,0.75
6,0.48046875,0.6184934050621846,meta-llama/Llama-3.1-8B-Instruct,1.0,0,logiqa,0.75
7,1.2421875,0.2887518818320782,meta-llama/Llama-3.1-8B-Instruct,0.0,0,logiqa,0.75
8,0.1787109375,0.8363476211932502,meta-llama/Llama-3.1-8B-Instruct,1.0,0,logiqa,0.75
9,1.21875,0.29559943537737077,meta-llama/Llama-3.1-8B-Instruct,0.0,0,logiqa,0.75
10,2.140625,0.11758133171956547,meta-llama/Llama-3.1-8B-Instruct,0.0,0,logiqa,0.75
11,1.75,0.17377394345044514,meta-llama/Llama-3.1-8B-Instruct,0.0,0,logiqa,0.75
12,0.81640625,0.44201730327044453,meta-llama/Llama-3.1-8B-Instruct,0.0,0,logiqa,0.75
13,5.1875,0.0055859542589981,meta-llama/Llama-3.1-8B-Instruct,0.0,0,logiqa,0.75
14,4.0,0.01831563888873418,meta-llama/Llama-3.1-8B-Instruct,0.0,0,logiqa,0.75
15,0.15234375,0.8586930542645764,meta-llama/Llama-3.1-8B-Instruct,1.0,0,logiqa,0.75
16,1.875,0.15335496684492847,meta-llama/Llama-3.1-8B-Instruct,0.0,0,logiqa,0.75
17,5.0625,0.006329715427485747,meta-llama/Llama-3.1-8B-Instruct,0.0,0,logiqa,0.75
18,1.2578125,0.2842751988422877,meta-llama/Llama-3.1-8B-Instruct,0.0,0,logiqa,0.75
19,1.2578125,0.2842751988422877,meta-llama/Llama-3.1-8B-Instruct,0.0,0,logiqa,0.75
20,1.2265625,0.29329906232102687,meta-llama/Llama-3.1-8B-Instruct,0.0,0,logiqa,0.75
21,2.984375,0.050571100611906464,meta-llama/Llama-3.1-8B-Instruct,0.0,0,logiqa,0.75
22,1.0703125,0.34290134400373157,meta-llama/Llama-3.1-8B-Instruct,1.0,0,logiqa,0.75
23,1.28125,0.27768997095378994,meta-llama/Llama-3.1-8B-Instruct,1.0,0,logiqa,0.75
24,1.9609375,0.14072642803276533,meta-llama/Llama-3.1-8B-Instruct,0.0,0,logiqa,0.75
25,2.46875,0.0846906561847805,meta-llama/Llama-3.1-8B-Instruct,0.0,0,logiqa,0.75
26,1.875,0.15335496684492847,meta-llama/Llama-3.1-8B-Instruct,0.0,0,logiqa,0.75
27,1.5625,0.2096113871510978,meta-llama/Llama-3.1-8B-Instruct,0.0,0,logiqa,0.75
28,5.5,0.004086771438464067,meta-llama/Llama-3.1-8B-Instruct,0.0,0,logiqa,0.75
29,0.283203125,0.7533667446967807,meta-llama/Llama-3.1-8B-Instruct,1.0,0,logiqa,0.75
30,1.5546875,0.21125538963610227,meta-llama/Llama-3.1-8B-Instruct,0.0,0,logiqa,0.75
31,2.0,0.1353352832366127,meta-llama/Llama-3.1-8B-Instruct,0.0,0,logiqa,0.75
32,2.984375,0.050571100611906464,meta-llama/Llama-3.1-8B-Instruct,0.0,0,logiqa,0.75
33,1.8671875,0.15455774475698483,meta-llama/Llama-3.1-8B-Instruct,0.0,0,logiqa,0.75
34,3.984375,0.018604068232532935,meta-llama/Llama-3.1-8B-Instruct,0.0,0,logiqa,0.75
35,2.890625,0.05554148833106887,meta-llama/Llama-3.1-8B-Instruct,0.0,0,logiqa,0.75
36,0.921875,0.39777251796661167,meta-llama/Llama-3.1-8B-Instruct,0.0,0,logiqa,0.75
37,0.71484375,0.48926855403569414,meta-llama/Llama-3.1-8B-Instruct,1.0,0,logiqa,0.75
38,2.328125,0.0974783477499485,meta-llama/Llama-3.1-8B-Instruct,0.0,0,logiqa,0.75
1,3.9375,0.019496896108597995,meta-llama/Llama-3.1-8B-Instruct,0.0,0,logiqa,0.75
2,2.765625,0.06293675158337987,meta-llama/Llama-3.1-8B-Instruct,0.0,0,logiqa,0.75
3,2.21875,0.10874495509722103,meta-llama/Llama-3.1-8B-Instruct,0.0,0,logiqa,0.75
4,1.359375,0.25682124007865503,meta-llama/Llama-3.1-8B-Instruct,0.0,0,logiqa,0.75
5,2.375,0.09301448921066349,meta-llama/Llama-3.1-8B-Instruct,0.0,0,logiqa,0.75
6,3.875,0.020754337873699742,meta-llama/Llama-3.1-8B-Instruct,0.0,0,logiqa,0.75
7,0.96484375,0.3810427330152126,meta-llama/Llama-3.1-8B-Instruct,0.0,0,logiqa,0.75
8,0.65625,0.5187931656538893,meta-llama/Llama-3.1-8B-Instruct,1.0,0,logiqa,0.75
9,0.5546875,0.5742516868118521,meta-llama/Llama-3.1-8B-Instruct,1.0,0,logiqa,0.75
10,1.625,0.19691167520419406,meta-llama/Llama-3.1-8B-Instruct,0.0,0,logiqa,0.75
11,0.53515625,0.5855777864671197,meta-llama/Llama-3.1-8B-Instruct,1.0,0,logiqa,0.75
12,1.765625,0.17107982817134254,meta-llama/Llama-3.1-8B-Instruct,0.0,0,logiqa,0.75
13,1.84375,0.15822297604949842,meta-llama/Llama-3.1-8B-Instruct,0.0,0,logiqa,0.75
14,3.234375,0.039384812757335554,meta-llama/Llama-3.1-8B-Instruct,0.0,0,logiqa,0.75
15,1.1796875,0.30737477821235176,meta-llama/Llama-3.1-8B-Instruct,0.0,0,logiqa,0.75
16,4.375,0.012588142242433998,meta-llama/Llama-3.1-8B-Instruct,0.0,0,logiqa,0.75
17,1.109375,0.3297649998062575,meta-llama/Llama-3.1-8B-Instruct,0.0,0,logiqa,0.75
18,0.10400390625,0.9012217770167625,meta-llama/Llama-3.1-8B-Instruct,1.0,0,logiqa,0.75
19,1.921875,0.1463323316229146,meta-llama/Llama-3.1-8B-Instruct,0.0,0,logiqa,0.75
20,2.46875,0.0846906561847805,meta-llama/Llama-3.1-8B-Instruct,0.0,0,logiqa,0.75
21,2.25,0.10539922456186433,meta-llama/Llama-3.1-8B-Instruct,0.0,0,logiqa,0.75
22,2.15625,0.11575840213626322,meta-llama/Llama-3.1-8B-Instruct,0.0,0,logiqa,0.75
23,2.796875,0.06100039130459344,meta-llama/Llama-3.1-8B-Instruct,0.0,0,logiqa,0.75
24,2.125,0.11943296826671962,meta-llama/Llama-3.1-8B-Instruct,0.0,0,logiqa,0.75
25,1.4921875,0.22488019168416426,meta-llama/Llama-3.1-8B-Instruct,0.0,0,logiqa,0.75
26,1.453125,0.23383840011408472,meta-llama/Llama-3.1-8B-Instruct,0.0,0,logiqa,0.75
27,2.671875,0.06912249904327114,meta-llama/Llama-3.1-8B-Instruct,0.0,0,logiqa,0.75
28,0.22265625,0.8003899360518268,meta-llama/Llama-3.1-8B-Instruct,1.0,0,logiqa,0.75
29,0.0458984375,0.9551389635657673,meta-llama/Llama-3.1-8B-Instruct,1.0,0,logiqa,0.75
30,2.015625,0.13323710414756298,meta-llama/Llama-3.1-8B-Instruct,0.0,0,logiqa,0.75
31,3.859375,0.02108117113844438,meta-llama/Llama-3.1-8B-Instruct,0.0,0,logiqa,0.75
32,2.8125,0.060054667895307945,meta-llama/Llama-3.1-8B-Instruct,0.0,0,logiqa,0.75
33,2.21875,0.10874495509722103,meta-llama/Llama-3.1-8B-Instruct,0.0,0,logiqa,0.75
34,4.4375,0.011825465259096618,meta-llama/Llama-3.1-8B-Instruct,0.0,0,logiqa,0.75
35,1.28125,0.27768997095378994,meta-llama/Llama-3.1-8B-Instruct,0.0,0,logiqa,0.75
36,1.8671875,0.15455774475698483,meta-llama/Llama-3.1-8B-Instruct,0.0,0,logiqa,0.75
37,0.87109375,0.4184935714928901,meta-llama/Llama-3.1-8B-Instruct,1.0,0,logiqa,0.75
1,15.0625,2.8736863582436966e-07,meta-llama/Llama-3.1-8B-Instruct,0.0,0,logiqa,0.75
2,3.78125,0.022794180883612344,meta-llama/Llama-3.1-8B-Instruct,0.0,0,logiqa,0.75
3,3.34375,0.03530431798508576,meta-llama/Llama-3.1-8B-Instruct,0.0,0,logiqa,0.75
4,1.3359375,0.26291158027609046,meta-llama/Llama-3.1-8B-Instruct,0.0,0,logiqa,0.75
5,1.4921875,0.22488019168416426,meta-llama/Llama-3.1-8B-Instruct,0.0,0,logiqa,0.75
6,1.796875,0.1658162552121675,meta-llama/Llama-3.1-8B-Instruct,0.0,0,logiqa,0.75
7,1.109375,0.3297649998062575,meta-llama/Llama-3.1-8B-Instruct,0.0,0,logiqa,0.75
8,2.890625,0.05554148833106887,meta-llama/Llama-3.1-8B-Instruct,0.0,0,logiqa,0.75
9,0.259765625,0.7712323221982079,meta-llama/Llama-3.1-8B-Instruct,1.0,0,logiqa,0.75
10,1.1953125,0.30260937397538795,meta-llama/Llama-3.1-8B-Instruct,0.0,0,logiqa,0.75
11,0.138671875,0.870513618882206,meta-llama/Llama-3.1-8B-Instruct,1.0,0,logiqa,0.75
12,1.7265625,0.17789487376266921,meta-llama/Llama-3.1-8B-Instruct,0.0,0,logiqa,0.75
13,1.0625,0.3455907525769745,meta-llama/Llama-3.1-8B-Instruct,0.0,0,logiqa,0.75
14,2.140625,0.11758133171956547,meta-llama/Llama-3.1-8B-Instruct,0.0,0,logiqa,0.75
15,0.1455078125,0.8645831354918224,meta-llama/Llama-3.1-8B-Instruct,1.0,0,logiqa,0.75
16,0.421875,0.6558160112715016,meta-llama/Llama-3.1-8B-Instruct,1.0,0,logiqa,0.75
17,0.37890625,0.6846097918258168,meta-llama/Llama-3.1-8B-Instruct,1.0,0,logiqa,0.75
18,0.50390625,0.604166020765368,meta-llama/Llama-3.1-8B-Instruct,1.0,0,logiqa,0.75
19,2.09375,0.12322417764723749,meta-llama/Llama-3.1-8B-Instruct,0.0,0,logiqa,0.75
20,0.70703125,0.49310593486505433,meta-llama/Llama-3.1-8B-Instruct,1.0,0,logiqa,0.75
21,2.03125,0.13117145431019428,meta-llama/Llama-3.1-8B-Instruct,0.0,0,logiqa,0.75
22,1.1875,0.3049827687110593,meta-llama/Llama-3.1-8B-Instruct,0.0,0,logiqa,0.75
23,2.5625,0.07711171996831671,meta-llama/Llama-3.1-8B-Instruct,0.0,0,logiqa,0.75
24,1.21875,0.29559943537737077,meta-llama/Llama-3.1-8B-Instruct,1.0,0,logiqa,0.75
25,3.78125,0.022794180883612344,meta-llama/Llama-3.1-8B-Instruct,0.0,0,logiqa,0.75
26,0.369140625,0.6913281855882473,meta-llama/Llama-3.1-8B-Instruct,1.0,0,logiqa,0.75
27,1.25,0.2865047968601901,meta-llama/Llama-3.1-8B-Instruct,0.0,0,logiqa,0.75
28,4.03125,0.01775212592162854,meta-llama/Llama-3.1-8B-Instruct,0.0,0,logiqa,0.75
29,3.046875,0.04750715251567949,meta-llama/Llama-3.1-8B-Instruct,0.0,0,logiqa,0.75
30,3.34375,0.03530431798508576,meta-llama/Llama-3.1-8B-Instruct,0.0,0,logiqa,0.75
31,1.375,0.25283959580474646,meta-llama/Llama-3.1-8B-Instruct,0.0,0,logiqa,0.75
32,1.6953125,0.18354186323251906,meta-llama/Llama-3.1-8B-Instruct,0.0,0,logiqa,0.75
33,1.6484375,0.1923502211610474,meta-llama/Llama-3.1-8B-Instruct,0.0,0,logiqa,0.75
34,3.453125,0.03164658611103602,meta-llama/Llama-3.1-8B-Instruct,0.0,0,logiqa,0.75
35,1.8828125,0.1521615490248429,meta-llama/Llama-3.1-8B-Instruct,0.0,0,logiqa,0.75
36,5.15625,0.005763271481312824,meta-llama/Llama-3.1-8B-Instruct,0.0,0,logiqa,0.75
37,1.40625,0.2450605392455259,meta-llama/Llama-3.1-8B-Instruct,0.0,0,logiqa,0.75
1,5.625,0.0036065631360157305,meta-llama/Llama-3.1-8B-Instruct,0.0,0,logiqa,0.75
2,0.271484375,0.76224719348739,meta-llama/Llama-3.1-8B-Instruct,1.0,0,logiqa,0.75
3,1.359375,0.25682124007865503,meta-llama/Llama-3.1-8B-Instruct,0.0,0,logiqa,0.75
4,1.46875,0.23021307174736147,meta-llama/Llama-3.1-8B-Instruct,0.0,0,logiqa,0.75
5,0.318359375,0.7273413531419732,meta-llama/Llama-3.1-8B-Instruct,1.0,0,logiqa,0.75
6,2.59375,0.0747392417609257,meta-llama/Llama-3.1-8B-Instruct,0.0,0,logiqa,0.75
7,1.21875,0.29559943537737077,meta-llama/Llama-3.1-8B-Instruct,0.0,0,logiqa,0.75
8,1.6484375,0.1923502211610474,meta-llama/Llama-3.1-8B-Instruct,0.0,0,logiqa,0.75
9,5.4375,0.004350345551108769,meta-llama/Llama-3.1-8B-Instruct,0.0,0,logiqa,0.75
10,1.296875,0.27338478699614155,meta-llama/Llama-3.1-8B-Instruct,0.0,0,logiqa,0.75
11,2.171875,0.1139637344565904,meta-llama/Llama-3.1-8B-Instruct,0.0,0,logiqa,0.75
12,2.5625,0.07711171996831671,meta-llama/Llama-3.1-8B-Instruct,0.0,0,logiqa,0.75
13,1.4609375,0.23201865524727103,meta-llama/Llama-3.1-8B-Instruct,0.0,0,logiqa,0.75
14,2.6875,0.0680508540250102,meta-llama/Llama-3.1-8B-Instruct,0.0,0,logiqa,0.75
15,0.75390625,0.47052497007720323,meta-llama/Llama-3.1-8B-Instruct,1.0,0,logiqa,0.75
16,1.46875,0.23021307174736147,meta-llama/Llama-3.1-8B-Instruct,0.0,0,logiqa,0.75
17,3.265625,0.03817306945803752,meta-llama/Llama-3.1-8B-Instruct,0.0,0,logiqa,0.75
18,1.9921875,0.1363967310184996,meta-llama/Llama-3.1-8B-Instruct,0.0,0,logiqa,0.75
19,1.0625,0.3455907525769745,meta-llama/Llama-3.1-8B-Instruct,0.0,0,logiqa,0.75
20,2.4375,0.08737902619542039,meta-llama/Llama-3.1-8B-Instruct,0.0,0,logiqa,0.75
21,3.09375,0.045331641611676264,meta-llama/Llama-3.1-8B-Instruct,0.0,0,logiqa,0.75
22,0.330078125,0.7188675697091758,meta-llama/Llama-3.1-8B-Instruct,1.0,0,logiqa,0.75
23,0.265625,0.76672659607082,meta-llama/Llama-3.1-8B-Instruct,1.0,0,logiqa,0.75
24,2.0625,0.1271357329320356,meta-llama/Llama-3.1-8B-Instruct,0.0,0,logiqa,0.75
25,1.640625,0.19385884264329528,meta-llama/Llama-3.1-8B-Instruct,0.0,0,logiqa,0.75
26,5.90625,0.00272237668213834,meta-llama/Llama-3.1-8B-Instruct,0.0,0,logiqa,0.75
27,1.0390625,0.353786201098432,meta-llama/Llama-3.1-8B-Instruct,1.0,0,logiqa,0.75
28,0.87109375,0.4184935714928901,meta-llama/Llama-3.1-8B-Instruct,1.0,0,logiqa,0.75
29,3.25,0.03877420783172201,meta-llama/Llama-3.1-8B-Instruct,0.0,0,logiqa,0.75
30,3.6875,0.025034510149960148,meta-llama/Llama-3.1-8B-Instruct,0.0,0,logiqa,0.75
31,0.1650390625,0.847860583886983,meta-llama/Llama-3.1-8B-Instruct,1.0,0,logiqa,0.75
32,5.53125,0.003961034699868069,meta-llama/Llama-3.1-8B-Instruct,0.0,0,logiqa,0.75
33,1.4765625,0.2284215394097245,meta-llama/Llama-3.1-8B-Instruct,0.0,0,logiqa,0.75
34,2.359375,0.09447925428109244,meta-llama/Llama-3.1-8B-Instruct,0.0,0,logiqa,0.75
35,1.5234375,0.21796135555570278,meta-llama/Llama-3.1-8B-Instruct,0.0,0,logiqa,0.75
36,0.45703125,0.6331605534862997,meta-llama/Llama-3.1-8B-Instruct,1.0,0,logiqa,0.75
37,0.42578125,0.6532592269479727,meta-llama/Llama-3.1-8B-Instruct,1.0,0,logiqa,0.75
38,3.96875,0.018897039677585683,meta-llama/Llama-3.1-8B-Instruct,0.0,0,logiqa,0.75
39,2.765625,0.06293675158337987,meta-llama/Llama-3.1-8B-Instruct,0.0,0,logiqa,0.75
40,1.625,0.19691167520419406,meta-llama/Llama-3.1-8B-Instruct,0.0,0,logiqa,0.75
1,5.9375,0.0026386179570919216,meta-llama/Llama-3.1-8B-Instruct,0.0,0,logiqa,0.75
2,4.3125,0.013400007665140828,meta-llama/Llama-3.1-8B-Instruct,0.0,0,logiqa,0.75
3,6.875,0.001033297638647637,meta-llama/Llama-3.1-8B-Instruct,0.0,0,logiqa,0.75
4,1.84375,0.15822297604949842,meta-llama/Llama-3.1-8B-Instruct,0.0,0,logiqa,0.75
5,3.140625,0.043255754605187734,meta-llama/Llama-3.1-8B-Instruct,0.0,0,logiqa,0.75
6,3.984375,0.018604068232532935,meta-llama/Llama-3.1-8B-Instruct,0.0,0,logiqa,0.75
7,0.306640625,0.7359150228524268,meta-llama/Llama-3.1-8B-Instruct,1.0,0,logiqa,0.75
8,2.765625,0.06293675158337987,meta-llama/Llama-3.1-8B-Instruct,0.0,0,logiqa,0.75
9,5.375,0.004630918733533246,meta-llama/Llama-3.1-8B-Instruct,0.0,0,logiqa,0.75
10,2.125,0.11943296826671962,meta-llama/Llama-3.1-8B-Instruct,0.0,0,logiqa,0.75
11,1.921875,0.1463323316229146,meta-llama/Llama-3.1-8B-Instruct,0.0,0,logiqa,0.75
12,1.2734375,0.27986792038923625,meta-llama/Llama-3.1-8B-Instruct,0.0,0,logiqa,0.75
13,1.3828125,0.25087198245993886,meta-llama/Llama-3.1-8B-Instruct,0.0,0,logiqa,0.75
14,4.46875,0.011461633942261852,meta-llama/Llama-3.1-8B-Instruct,0.0,0,logiqa,0.75
15,4.03125,0.01775212592162854,meta-llama/Llama-3.1-8B-Instruct,0.0,0,logiqa,0.75
16,4.65625,0.00950202828005989,meta-llama/Llama-3.1-8B-Instruct,0.0,0,logiqa,0.75
17,3.125,0.04393693362340742,meta-llama/Llama-3.1-8B-Instruct,0.0,0,logiqa,0.75
18,0.9453125,0.3885581275123641,meta-llama/Llama-3.1-8B-Instruct,1.0,0,logiqa,0.75
19,2.9375,0.0529980584033558,meta-llama/Llama-3.1-8B-Instruct,0.0,0,logiqa,0.75
20,2.328125,0.0974783477499485,meta-llama/Llama-3.1-8B-Instruct,0.0,0,logiqa,0.75
21,2.96875,0.05136747956725073,meta-llama/Llama-3.1-8B-Instruct,0.0,0,logiqa,0.75
22,1.6953125,0.18354186323251906,meta-llama/Llama-3.1-8B-Instruct,0.0,0,logiqa,0.75
23,1.1875,0.3049827687110593,meta-llama/Llama-3.1-8B-Instruct,0.0,0,logiqa,0.75
24,1.390625,0.2489196812036605,meta-llama/Llama-3.1-8B-Instruct,0.0,0,logiqa,0.75
25,1.4609375,0.23201865524727103,meta-llama/Llama-3.1-8B-Instruct,0.0,0,logiqa,0.75
26,4.46875,0.011461633942261852,meta-llama/Llama-3.1-8B-Instruct,0.0,0,logiqa,0.75
27,1.140625,0.31961919737930994,meta-llama/Llama-3.1-8B-Instruct,0.0,0,logiqa,0.75
28,0.74609375,0.4742153431555798,meta-llama/Llama-3.1-8B-Instruct,1.0,0,logiqa,0.75
29,1.421875,0.2412612277378443,meta-llama/Llama-3.1-8B-Instruct,0.0,0,logiqa,0.75
30,1.9453125,0.14294254681187055,meta-llama/Llama-3.1-8B-Instruct,0.0,0,logiqa,0.75
31,0.73828125,0.47793466018873804,meta-llama/Llama-3.1-8B-Instruct,1.0,0,logiqa,0.75
32,0.6640625,0.514755885208607,meta-llama/Llama-3.1-8B-Instruct,1.0,0,logiqa,0.75
33,2.328125,0.0974783477499485,meta-llama/Llama-3.1-8B-Instruct,0.0,0,logiqa,0.75
34,1.296875,0.27338478699614155,meta-llama/Llama-3.1-8B-Instruct,0.0,0,logiqa,0.75
35,1.6484375,0.1923502211610474,meta-llama/Llama-3.1-8B-Instruct,0.0,0,logiqa,0.75
36,1.0390625,0.353786201098432,meta-llama/Llama-3.1-8B-Instruct,1.0,0,logiqa,0.75
37,2.75,0.06392786120670757,meta-llama/Llama-3.1-8B-Instruct,0.0,0,logiqa,0.75
1,5.34375,0.00477791987398702,meta-llama/Llama-3.1-8B-Instruct,0.0,0,logiqa,0.75
2,2.328125,0.0974783477499485,meta-llama/Llama-3.1-8B-Instruct,0.0,0,logiqa,0.75
3,1.0625,0.3455907525769745,meta-llama/Llama-3.1-8B-Instruct,0.0,0,logiqa,0.75
4,1.796875,0.1658162552121675,meta-llama/Llama-3.1-8B-Instruct,0.0,0,logiqa,0.75
5,1.2265625,0.29329906232102687,meta-llama/Llama-3.1-8B-Instruct,0.0,0,logiqa,0.75
6,2.5,0.0820849986238988,meta-llama/Llama-3.1-8B-Instruct,0.0,0,logiqa,0.75
7,1.21875,0.29559943537737077,meta-llama/Llama-3.1-8B-Instruct,0.0,0,logiqa,0.75
8,1.71875,0.17929012055011864,meta-llama/Llama-3.1-8B-Instruct,0.0,0,logiqa,0.75
9,3.21875,0.04000503331137926,meta-llama/Llama-3.1-8B-Instruct,0.0,0,logiqa,0.75
10,1.765625,0.17107982817134254,meta-llama/Llama-3.1-8B-Instruct,0.0,0,logiqa,0.75
11,0.294921875,0.7445897562683694,meta-llama/Llama-3.1-8B-Instruct,1.0,0,logiqa,0.75
12,2.90625,0.05468039736791477,meta-llama/Llama-3.1-8B-Instruct,0.0,0,logiqa,0.75
13,0.75390625,0.47052497007720323,meta-llama/Llama-3.1-8B-Instruct,1.0,0,logiqa,0.75
14,0.6640625,0.514755885208607,meta-llama/Llama-3.1-8B-Instruct,1.0,0,logiqa,0.75
15,1.328125,0.26497362135689667,meta-llama/Llama-3.1-8B-Instruct,0.0,0,logiqa,0.75
16,3.484375,0.030672923016533588,meta-llama/Llama-3.1-8B-Instruct,0.0,0,logiqa,0.75
17,5.1875,0.0055859542589981,meta-llama/Llama-3.1-8B-Instruct,0.0,0,logiqa,0.75
18,0.65625,0.5187931656538893,meta-llama/Llama-3.1-8B-Instruct,1.0,0,logiqa,0.75
19,0.41015625,0.663546562885513,meta-llama/Llama-3.1-8B-Instruct,1.0,0,logiqa,0.75
20,2.75,0.06392786120670757,meta-llama/Llama-3.1-8B-Instruct,0.0,0,logiqa,0.75
21,0.9296875,0.3946770276734171,meta-llama/Llama-3.1-8B-Instruct,1.0,0,logiqa,0.75
22,0.158203125,0.8536763613451477,meta-llama/Llama-3.1-8B-Instruct,1.0,0,logiqa,0.75
23,0.609375,0.5436905695130004,meta-llama/Llama-3.1-8B-Instruct,1.0,0,logiqa,0.75
24,1.09375,0.33495804292529496,meta-llama/Llama-3.1-8B-Instruct,1.0,0,logiqa,0.75
25,1.609375,0.2000125828826258,meta-llama/Llama-3.1-8B-Instruct,0.0,0,logiqa,0.75
26,5.625,0.0036065631360157305,meta-llama/Llama-3.1-8B-Instruct,0.0,0,logiqa,0.75
27,2.46875,0.0846906561847805,meta-llama/Llama-3.1-8B-Instruct,0.0,0,logiqa,0.75
28,1.6328125,0.19537929639047613,meta-llama/Llama-3.1-8B-Instruct,0.0,0,logiqa,0.75
29,2.71875,0.06595714935553817,meta-llama/Llama-3.1-8B-Instruct,0.0,0,logiqa,0.75
30,4.9375,0.007172507245008699,meta-llama/Llama-3.1-8B-Instruct,0.0,0,logiqa,0.75
31,1.1953125,0.30260937397538795,meta-llama/Llama-3.1-8B-Instruct,0.0,0,logiqa,0.75
32,1.8984375,0.14980250286418162,meta-llama/Llama-3.1-8B-Instruct,0.0,0,logiqa,0.75
33,0.96484375,0.3810427330152126,meta-llama/Llama-3.1-8B-Instruct,1.0,0,logiqa,0.75
34,0.59765625,0.5500994219006123,meta-llama/Llama-3.1-8B-Instruct,1.0,0,logiqa,0.75
35,3.546875,0.028814544556403775,meta-llama/Llama-3.1-8B-Instruct,0.0,0,logiqa,0.75
36,3.03125,0.04825528130927965,meta-llama/Llama-3.1-8B-Instruct,0.0,0,logiqa,0.75
1,4.125,0.016163494588165874,meta-llama/Llama-3.1-8B-Instruct,0.0,0,logiqa,0.75
2,1.8203125,0.1619751257973035,meta-llama/Llama-3.1-8B-Instruct,0.0,0,logiqa,0.75
3,5.0625,0.006329715427485747,meta-llama/Llama-3.1-8B-Instruct,0.0,0,logiqa,0.75
4,1.375,0.25283959580474646,meta-llama/Llama-3.1-8B-Instruct,0.0,0,logiqa,0.75
5,2.65625,0.07021102001498804,meta-llama/Llama-3.1-8B-Instruct,0.0,0,logiqa,0.75
6,0.6015625,0.54795478749992,meta-llama/Llama-3.1-8B-Instruct,1.0,0,logiqa,0.75
7,0.98828125,0.372215887611955,meta-llama/Llama-3.1-8B-Instruct,0.0,0,logiqa,0.75
8,1.109375,0.3297649998062575,meta-llama/Llama-3.1-8B-Instruct,0.0,0,logiqa,0.75
9,3.109375,0.04462883965030139,meta-llama/Llama-3.1-8B-Instruct,0.0,0,logiqa,0.75
10,2.21875,0.10874495509722103,meta-llama/Llama-3.1-8B-Instruct,0.0,0,logiqa,0.75
11,1.046875,0.3510330150388101,meta-llama/Llama-3.1-8B-Instruct,0.0,0,logiqa,0.75
12,2.9375,0.0529980584033558,meta-llama/Llama-3.1-8B-Instruct,0.0,0,logiqa,0.75
13,4.5,0.011108996538242306,meta-llama/Llama-3.1-8B-Instruct,0.0,0,logiqa,0.75
14,0.97265625,0.3780774349414026,meta-llama/Llama-3.1-8B-Instruct,1.0,0,logiqa,0.75
15,4.8125,0.008127515489292211,meta-llama/Llama-3.1-8B-Instruct,0.0,0,logiqa,0.75
16,0.007781982421875,0.9922482188107336,meta-llama/Llama-3.1-8B-Instruct,1.0,0,logiqa,0.75
17,1.6875,0.18498139990730428,meta-llama/Llama-3.1-8B-Instruct,0.0,0,logiqa,0.75
18,1.890625,0.1509774184559146,meta-llama/Llama-3.1-8B-Instruct,0.0,0,logiqa,0.75
19,1.203125,0.30025444914408245,meta-llama/Llama-3.1-8B-Instruct,0.0,0,logiqa,0.75
20,0.6328125,0.5310959910353452,meta-llama/Llama-3.1-8B-Instruct,1.0,0,logiqa,0.75
21,1.5859375,0.20475574459755974,meta-llama/Llama-3.1-8B-Instruct,0.0,0,logiqa,0.75
22,0.55078125,0.5764992443663932,meta-llama/Llama-3.1-8B-Instruct,1.0,0,logiqa,0.75
23,1.234375,0.29101659090983195,meta-llama/Llama-3.1-8B-Instruct,0.0,0,logiqa,0.75
24,1.21875,0.29559943537737077,meta-llama/Llama-3.1-8B-Instruct,0.0,0,logiqa,0.75
25,1.34375,0.26086558612628497,meta-llama/Llama-3.1-8B-Instruct,0.0,0,logiqa,0.75
26,4.34375,0.012987732771292249,meta-llama/Llama-3.1-8B-Instruct,0.0,0,logiqa,0.75
27,4.28125,0.013825369568946493,meta-llama/Llama-3.1-8B-Instruct,0.0,0,logiqa,0.75
28,2.859375,0.057304564428268645,meta-llama/Llama-3.1-8B-Instruct,0.0,0,logiqa,0.75
29,1.15625,0.314663961018459,meta-llama/Llama-3.1-8B-Instruct,0.0,0,logiqa,0.75
30,0.32421875,0.7230920486923872,meta-llama/Llama-3.1-8B-Instruct,1.0,0,logiqa,0.75
31,2.625,0.07243975703425146,meta-llama/Llama-3.1-8B-Instruct,0.0,0,logiqa,0.75
32,0.0966796875,0.9078467542291261,meta-llama/Llama-3.1-8B-Instruct,1.0,0,logiqa,0.75
33,3.796875,0.022440789864373145,meta-llama/Llama-3.1-8B-Instruct,0.0,0,logiqa,0.75
34,1.1484375,0.31713190105209277,meta-llama/Llama-3.1-8B-Instruct,1.0,0,logiqa,0.75
35,0.953125,0.3855343441745787,meta-llama/Llama-3.1-8B-Instruct,1.0,0,logiqa,0.75
36,1.0625,0.3455907525769745,meta-llama/Llama-3.1-8B-Instruct,0.0,0,logiqa,0.75
37,1.40625,0.2450605392455259,meta-llama/Llama-3.1-8B-Instruct,0.0,0,logiqa,0.75
38,2.984375,0.050571100611906464,meta-llama/Llama-3.1-8B-Instruct,0.0,0,logiqa,0.75
39,1.015625,0.3621759990808257,meta-llama/Llama-3.1-8B-Instruct,1.0,0,logiqa,0.75
40,1.734375,0.17651048487186194,meta-llama/Llama-3.1-8B-Instruct,0.0,0,logiqa,0.75
1,5.5625,0.0038391664740261636,meta-llama/Llama-3.1-8B-Instruct,0.0,0,logiqa,0.75
2,5.96875,0.0025574362170995664,meta-llama/Llama-3.1-8B-Instruct,0.0,0,logiqa,0.75
3,1.4375,0.23752081909545814,meta-llama/Llama-3.1-8B-Instruct,0.0,0,logiqa,0.75
4,10.0,4.5399929762484854e-05,meta-llama/Llama-3.1-8B-Instruct,0.0,0,logiqa,0.75
5,2.78125,0.061961007690531984,meta-llama/Llama-3.1-8B-Instruct,0.0,0,logiqa,0.75
6,1.65625,0.19085333986431632,meta-llama/Llama-3.1-8B-Instruct,0.0,0,logiqa,0.75
7,4.21875,0.014717029298635137,meta-llama/Llama-3.1-8B-Instruct,0.0,0,logiqa,0.75
8,8.875,0.00013984162859410104,meta-llama/Llama-3.1-8B-Instruct,0.0,0,logiqa,0.75
9,2.90625,0.05468039736791477,meta-llama/Llama-3.1-8B-Instruct,0.0,0,logiqa,0.75
10,1.28125,0.27768997095378994,meta-llama/Llama-3.1-8B-Instruct,0.0,0,logiqa,0.75
11,7.375,0.0006267266984484576,meta-llama/Llama-3.1-8B-Instruct,0.0,0,logiqa,0.75
12,5.75,0.003182780796509667,meta-llama/Llama-3.1-8B-Instruct,0.0,0,logiqa,0.75
13,3.578125,0.027928014220365963,meta-llama/Llama-3.1-8B-Instruct,0.0,0,logiqa,0.75
14,1.21875,0.29559943537737077,meta-llama/Llama-3.1-8B-Instruct,1.0,0,logiqa,0.75
15,0.63671875,0.5290254439903966,meta-llama/Llama-3.1-8B-Instruct,1.0,0,logiqa,0.75
16,0.4765625,0.6209141198060958,meta-llama/Llama-3.1-8B-Instruct,1.0,0,logiqa,0.75
17,2.65625,0.07021102001498804,meta-llama/Llama-3.1-8B-Instruct,0.0,0,logiqa,0.75
18,0.384765625,0.6806101355130432,meta-llama/Llama-3.1-8B-Instruct,1.0,0,logiqa,0.75
19,4.40625,0.012200845821682604,meta-llama/Llama-3.1-8B-Instruct,0.0,0,logiqa,0.75
20,1.5703125,0.207980178394932,meta-llama/Llama-3.1-8B-Instruct,0.0,0,logiqa,0.75
21,1.796875,0.1658162552121675,meta-llama/Llama-3.1-8B-Instruct,0.0,0,logiqa,0.75
22,1.84375,0.15822297604949842,meta-llama/Llama-3.1-8B-Instruct,0.0,0,logiqa,0.75
23,0.30078125,0.7402396824677261,meta-llama/Llama-3.1-8B-Instruct,1.0,0,logiqa,0.75
24,2.78125,0.061961007690531984,meta-llama/Llama-3.1-8B-Instruct,0.0,0,logiqa,0.75
25,3.40625,0.03316533748891029,meta-llama/Llama-3.1-8B-Instruct,0.0,0,logiqa,0.75
26,0.8046875,0.4472276633691456,meta-llama/Llama-3.1-8B-Instruct,1.0,0,logiqa,0.75
27,2.515625,0.08081238867682222,meta-llama/Llama-3.1-8B-Instruct,0.0,0,logiqa,0.75
28,0.3125,0.7316156289466418,meta-llama/Llama-3.1-8B-Instruct,1.0,0,logiqa,0.75
29,1.7890625,0.16711676822020574,meta-llama/Llama-3.1-8B-Instruct,0.0,0,logiqa,0.75
30,1.2265625,0.29329906232102687,meta-llama/Llama-3.1-8B-Instruct,0.0,0,logiqa,0.75
31,3.6875,0.025034510149960148,meta-llama/Llama-3.1-8B-Instruct,0.0,0,logiqa,0.75
32,0.3125,0.7316156289466418,meta-llama/Llama-3.1-8B-Instruct,1.0,0,logiqa,0.75
33,0.1787109375,0.8363476211932502,meta-llama/Llama-3.1-8B-Instruct,1.0,0,logiqa,0.75
34,1.4375,0.23752081909545814,meta-llama/Llama-3.1-8B-Instruct,0.0,0,logiqa,0.75
35,0.71484375,0.48926855403569414,meta-llama/Llama-3.1-8B-Instruct,1.0,0,logiqa,0.75
36,2.4375,0.08737902619542039,meta-llama/Llama-3.1-8B-Instruct,0.0,0,logiqa,0.75
37,4.78125,0.008385510525424083,meta-llama/Llama-3.1-8B-Instruct,0.0,0,logiqa,0.75
38,1.5078125,0.221393747466153,meta-llama/Llama-3.1-8B-Instruct,0.0,0,logiqa,0.75
39,1.9375,0.14406365910145327,meta-llama/Llama-3.1-8B-Instruct,0.0,0,logiqa,0.75
1,12.4375,3.967001651986409e-06,meta-llama/Llama-3.1-8B-Instruct,0.0,0,logiqa,0.75
2,1.6015625,0.20158130101268698,meta-llama/Llama-3.1-8B-Instruct,0.0,0,logiqa,0.75
3,1.8203125,0.1619751257973035,meta-llama/Llama-3.1-8B-Instruct,0.0,0,logiqa,0.75
4,6.15625,0.0021201890918646723,meta-llama/Llama-3.1-8B-Instruct,0.0,0,logiqa,0.75
5,1.5546875,0.21125538963610227,meta-llama/Llama-3.1-8B-Instruct,0.0,0,logiqa,0.75
6,4.0,0.01831563888873418,meta-llama/Llama-3.1-8B-Instruct,0.0,0,logiqa,0.75
7,0.50390625,0.604166020765368,meta-llama/Llama-3.1-8B-Instruct,1.0,0,logiqa,0.75
8,4.65625,0.00950202828005989,meta-llama/Llama-3.1-8B-Instruct,0.0,0,logiqa,0.75
9,0.416015625,0.6596699630606897,meta-llama/Llama-3.1-8B-Instruct,1.0,0,logiqa,0.75
10,2.421875,0.08875504563653425,meta-llama/Llama-3.1-8B-Instruct,0.0,0,logiqa,0.75
11,5.15625,0.005763271481312824,meta-llama/Llama-3.1-8B-Instruct,0.0,0,logiqa,0.75
12,1.390625,0.2489196812036605,meta-llama/Llama-3.1-8B-Instruct,0.0,0,logiqa,0.75
13,1.28125,0.27768997095378994,meta-llama/Llama-3.1-8B-Instruct,0.0,0,logiqa,0.75
14,1.265625,0.28206295169381546,meta-llama/Llama-3.1-8B-Instruct,1.0,0,logiqa,0.75
15,0.87109375,0.4184935714928901,meta-llama/Llama-3.1-8B-Instruct,1.0,0,logiqa,0.75
16,2.078125,0.1251646760876602,meta-llama/Llama-3.1-8B-Instruct,0.0,0,logiqa,0.75
17,3.0,0.049787068367863944,meta-llama/Llama-3.1-8B-Instruct,0.0,0,logiqa,0.75
18,1.53125,0.2162651668298873,meta-llama/Llama-3.1-8B-Instruct,0.0,0,logiqa,0.75
19,1.234375,0.29101659090983195,meta-llama/Llama-3.1-8B-Instruct,0.0,0,logiqa,0.75
20,1.0703125,0.34290134400373157,meta-llama/Llama-3.1-8B-Instruct,1.0,0,logiqa,0.75
21,3.578125,0.027928014220365963,meta-llama/Llama-3.1-8B-Instruct,0.0,0,logiqa,0.75
22,1.40625,0.2450605392455259,meta-llama/Llama-3.1-8B-Instruct,0.0,0,logiqa,0.75
23,1.046875,0.3510330150388101,meta-llama/Llama-3.1-8B-Instruct,0.0,0,logiqa,0.75
24,1.203125,0.30025444914408245,meta-llama/Llama-3.1-8B-Instruct,0.0,0,logiqa,0.75
25,1.6875,0.18498139990730428,meta-llama/Llama-3.1-8B-Instruct,0.0,0,logiqa,0.75
26,0.32421875,0.7230920486923872,meta-llama/Llama-3.1-8B-Instruct,1.0,0,logiqa,0.75
27,1.9296875,0.14519356438370257,meta-llama/Llama-3.1-8B-Instruct,0.0,0,logiqa,0.75
28,3.71875,0.02426427924617674,meta-llama/Llama-3.1-8B-Instruct,0.0,0,logiqa,0.75
29,0.921875,0.39777251796661167,meta-llama/Llama-3.1-8B-Instruct,1.0,0,logiqa,0.75
30,1.0546875,0.34830125444308524,meta-llama/Llama-3.1-8B-Instruct,0.0,0,logiqa,0.75
31,0.9296875,0.3946770276734171,meta-llama/Llama-3.1-8B-Instruct,1.0,0,logiqa,0.75
32,2.59375,0.0747392417609257,meta-llama/Llama-3.1-8B-Instruct,0.0,0,logiqa,0.75
33,1.328125,0.26497362135689667,meta-llama/Llama-3.1-8B-Instruct,0.0,0,logiqa,0.75
34,6.0,0.0024787521766663585,meta-llama/Llama-3.1-8B-Instruct,0.0,0,logiqa,0.75
35,1.5390625,0.21458217794945839,meta-llama/Llama-3.1-8B-Instruct,0.0,0,logiqa,0.75
36,3.71875,0.02426427924617674,meta-llama/Llama-3.1-8B-Instruct,0.0,0,logiqa,0.75
37,1.6484375,0.1923502211610474,meta-llama/Llama-3.1-8B-Instruct,0.0,0,logiqa,0.75
1,7.71875,0.0004444157765683803,meta-llama/Llama-3.1-8B-Instruct,0.0,0,logiqa,0.75
2,4.1875,0.015184197956837946,meta-llama/Llama-3.1-8B-Instruct,0.0,0,logiqa,0.75
3,7.09375,0.0008302779779929784,meta-llama/Llama-3.1-8B-Instruct,0.0,0,logiqa,0.75
4,0.83203125,0.4351644601644917,meta-llama/Llama-3.1-8B-Instruct,0.0,0,logiqa,0.75
5,2.125,0.11943296826671962,meta-llama/Llama-3.1-8B-Instruct,0.0,0,logiqa,0.75
6,2.765625,0.06293675158337987,meta-llama/Llama-3.1-8B-Instruct,0.0,0,logiqa,0.75
7,0.0155029296875,0.9846166221284973,meta-llama/Llama-3.1-8B-Instruct,1.0,0,logiqa,0.75
8,1.03125,0.356560980663947,meta-llama/Llama-3.1-8B-Instruct,0.0,0,logiqa,0.75
9,1.28125,0.27768997095378994,meta-llama/Llama-3.1-8B-Instruct,0.0,0,logiqa,0.75
10,2.140625,0.11758133171956547,meta-llama/Llama-3.1-8B-Instruct,0.0,0,logiqa,0.75
11,4.125,0.016163494588165874,meta-llama/Llama-3.1-8B-Instruct,0.0,0,logiqa,0.75
12,0.11083984375,0.8950820904412523,meta-llama/Llama-3.1-8B-Instruct,1.0,0,logiqa,0.75
13,1.2578125,0.2842751988422877,meta-llama/Llama-3.1-8B-Instruct,0.0,0,logiqa,0.75
14,3.34375,0.03530431798508576,meta-llama/Llama-3.1-8B-Instruct,0.0,0,logiqa,0.75
15,1.609375,0.2000125828826258,meta-llama/Llama-3.1-8B-Instruct,0.0,0,logiqa,0.75
16,0.9296875,0.3946770276734171,meta-llama/Llama-3.1-8B-Instruct,1.0,0,logiqa,0.75
17,1.625,0.19691167520419406,meta-llama/Llama-3.1-8B-Instruct,0.0,0,logiqa,0.75
18,1.1953125,0.30260937397538795,meta-llama/Llama-3.1-8B-Instruct,0.0,0,logiqa,0.75
19,0.84375,0.43009464064006225,meta-llama/Llama-3.1-8B-Instruct,1.0,0,logiqa,0.75
20,1.2265625,0.29329906232102687,meta-llama/Llama-3.1-8B-Instruct,0.0,0,logiqa,0.75
21,2.15625,0.11575840213626322,meta-llama/Llama-3.1-8B-Instruct,0.0,0,logiqa,0.75
22,3.0,0.049787068367863944,meta-llama/Llama-3.1-8B-Instruct,0.0,0,logiqa,0.75
23,1.328125,0.26497362135689667,meta-llama/Llama-3.1-8B-Instruct,0.0,0,logiqa,0.75
24,1.5625,0.2096113871510978,meta-llama/Llama-3.1-8B-Instruct,0.0,0,logiqa,0.75
25,1.6953125,0.18354186323251906,meta-llama/Llama-3.1-8B-Instruct,0.0,0,logiqa,0.75
26,1.890625,0.1509774184559146,meta-llama/Llama-3.1-8B-Instruct,0.0,0,logiqa,0.75
27,1.6953125,0.18354186323251906,meta-llama/Llama-3.1-8B-Instruct,0.0,0,logiqa,0.75
28,0.6796875,0.5067753349154387,meta-llama/Llama-3.1-8B-Instruct,1.0,0,logiqa,0.75
29,3.0625,0.04677062238395898,meta-llama/Llama-3.1-8B-Instruct,0.0,0,logiqa,0.75
30,3.125,0.04393693362340742,meta-llama/Llama-3.1-8B-Instruct,0.0,0,logiqa,0.75
31,1.25,0.2865047968601901,meta-llama/Llama-3.1-8B-Instruct,0.0,0,logiqa,0.75
32,3.734375,0.023888096464365276,meta-llama/Llama-3.1-8B-Instruct,0.0,0,logiqa,0.75
33,2.375,0.09301448921066349,meta-llama/Llama-3.1-8B-Instruct,0.0,0,logiqa,0.75
34,2.609375,0.07358051721811718,meta-llama/Llama-3.1-8B-Instruct,0.0,0,logiqa,0.75
35,2.328125,0.0974783477499485,meta-llama/Llama-3.1-8B-Instruct,0.0,0,logiqa,0.75
36,0.58984375,0.5544139051397897,meta-llama/Llama-3.1-8B-Instruct,1.0,0,logiqa,0.75
37,1.4609375,0.23201865524727103,meta-llama/Llama-3.1-8B-Instruct,0.0,0,logiqa,0.75
38,0.890625,0.41039917309637,meta-llama/Llama-3.1-8B-Instruct,1.0,0,logiqa,0.75
39,1.4140625,0.2431534629991392,meta-llama/Llama-3.1-8B-Instruct,0.0,0,logiqa,0.75
40,2.4375,0.08737902619542039,meta-llama/Llama-3.1-8B-Instruct,0.0,0,logiqa,0.75
1,5.90625,0.00272237668213834,meta-llama/Llama-3.1-8B-Instruct,0.0,0,logiqa,0.75
2,5.8125,0.0029899458563130603,meta-llama/Llama-3.1-8B-Instruct,0.0,0,logiqa,0.75
3,1.3828125,0.25087198245993886,meta-llama/Llama-3.1-8B-Instruct,0.0,0,logiqa,0.75
4,0.69140625,0.5008712234296745,meta-llama/Llama-3.1-8B-Instruct,1.0,0,logiqa,0.75
5,0.15234375,0.8586930542645764,meta-llama/Llama-3.1-8B-Instruct,1.0,0,logiqa,0.75
6,2.1875,0.11219689052034373,meta-llama/Llama-3.1-8B-Instruct,0.0,0,logiqa,0.75
7,0.30078125,0.7402396824677261,meta-llama/Llama-3.1-8B-Instruct,1.0,0,logiqa,0.75
8,5.125,0.005946217356472094,meta-llama/Llama-3.1-8B-Instruct,0.0,0,logiqa,0.75
9,0.0,1.0,meta-llama/Llama-3.1-8B-Instruct,1.0,0,logiqa,0.75
10,1.9140625,0.1474800303242793,meta-llama/Llama-3.1-8B-Instruct,0.0,0,logiqa,0.75
11,3.515625,0.02972921638615875,meta-llama/Llama-3.1-8B-Instruct,0.0,0,logiqa,0.75
12,1.7265625,0.17789487376266921,meta-llama/Llama-3.1-8B-Instruct,0.0,0,logiqa,0.75
13,2.046875,0.129137829405204,meta-llama/Llama-3.1-8B-Instruct,0.0,0,logiqa,0.75
14,5.59375,0.0037210477393135196,meta-llama/Llama-3.1-8B-Instruct,0.0,0,logiqa,0.75
15,1.171875,0.30978554847668166,meta-llama/Llama-3.1-8B-Instruct,0.0,0,logiqa,0.75
16,3.359375,0.034756975267222885,meta-llama/Llama-3.1-8B-Instruct,0.0,0,logiqa,0.75
17,2.515625,0.08081238867682222,meta-llama/Llama-3.1-8B-Instruct,0.0,0,logiqa,0.75
18,2.0,0.1353352832366127,meta-llama/Llama-3.1-8B-Instruct,0.0,0,logiqa,0.75
19,3.734375,0.023888096464365276,meta-llama/Llama-3.1-8B-Instruct,0.0,0,logiqa,0.75
20,0.421875,0.6558160112715016,meta-llama/Llama-3.1-8B-Instruct,1.0,0,logiqa,0.75
21,1.2734375,0.27986792038923625,meta-llama/Llama-3.1-8B-Instruct,1.0,0,logiqa,0.75
22,0.99609375,0.3693192805940405,meta-llama/Llama-3.1-8B-Instruct,1.0,0,logiqa,0.75
23,1.2265625,0.29329906232102687,meta-llama/Llama-3.1-8B-Instruct,0.0,0,logiqa,0.75
24,1.46875,0.23021307174736147,meta-llama/Llama-3.1-8B-Instruct,0.0,0,logiqa,0.75
25,1.9375,0.14406365910145327,meta-llama/Llama-3.1-8B-Instruct,0.0,0,logiqa,0.75
26,1.9375,0.14406365910145327,meta-llama/Llama-3.1-8B-Instruct,0.0,0,logiqa,0.75
27,0.8046875,0.4472276633691456,meta-llama/Llama-3.1-8B-Instruct,1.0,0,logiqa,0.75
28,1.609375,0.2000125828826258,meta-llama/Llama-3.1-8B-Instruct,0.0,0,logiqa,0.75
29,0.384765625,0.6806101355130432,meta-llama/Llama-3.1-8B-Instruct,1.0,0,logiqa,0.75
30,1.4140625,0.2431534629991392,meta-llama/Llama-3.1-8B-Instruct,0.0,0,logiqa,0.75
31,1.625,0.19691167520419406,meta-llama/Llama-3.1-8B-Instruct,0.0,0,logiqa,0.75
32,1.1953125,0.30260937397538795,meta-llama/Llama-3.1-8B-Instruct,0.0,0,logiqa,0.75
33,1.390625,0.2489196812036605,meta-llama/Llama-3.1-8B-Instruct,0.0,0,logiqa,0.75
34,2.921875,0.053832656382752,meta-llama/Llama-3.1-8B-Instruct,0.0,0,logiqa,0.75
35,0.9296875,0.3946770276734171,meta-llama/Llama-3.1-8B-Instruct,1.0,0,logiqa,0.75
36,3.09375,0.045331641611676264,meta-llama/Llama-3.1-8B-Instruct,0.0,0,logiqa,0.75
37,1.65625,0.19085333986431632,meta-llama/Llama-3.1-8B-Instruct,0.0,0,logiqa,0.75
38,1.2578125,0.2842751988422877,meta-llama/Llama-3.1-8B-Instruct,0.0,0,logiqa,0.75
39,3.46875,0.031155951269699805,meta-llama/Llama-3.1-8B-Instruct,0.0,0,logiqa,0.75
1,13.875,9.422454817328475e-07,meta-llama/Llama-3.1-8B-Instruct,0.0,0,logiqa,0.75
2,1.6640625,0.18936810739025348,meta-llama/Llama-3.1-8B-Instruct,0.0,0,logiqa,0.75
3,1.453125,0.23383840011408472,meta-llama/Llama-3.1-8B-Instruct,0.0,0,logiqa,0.75
4,5.0,0.006737946999085467,meta-llama/Llama-3.1-8B-Instruct,0.0,0,logiqa,0.75
5,0.138671875,0.870513618882206,meta-llama/Llama-3.1-8B-Instruct,1.0,0,logiqa,0.75
6,1.46875,0.23021307174736147,meta-llama/Llama-3.1-8B-Instruct,0.0,0,logiqa,0.75
7,2.546875,0.07832605286299588,meta-llama/Llama-3.1-8B-Instruct,0.0,0,logiqa,0.75
8,0.421875,0.6558160112715016,meta-llama/Llama-3.1-8B-Instruct,1.0,0,logiqa,0.75
9,8.0,0.00033546262790251185,meta-llama/Llama-3.1-8B-Instruct,0.0,0,logiqa,0.75
10,1.5625,0.2096113871510978,meta-llama/Llama-3.1-8B-Instruct,0.0,0,logiqa,0.75
11,2.046875,0.129137829405204,meta-llama/Llama-3.1-8B-Instruct,0.0,0,logiqa,0.75
12,1.1796875,0.30737477821235176,meta-llama/Llama-3.1-8B-Instruct,0.0,0,logiqa,0.75
13,0.11767578125,0.8889842312518604,meta-llama/Llama-3.1-8B-Instruct,1.0,0,logiqa,0.75
14,3.34375,0.03530431798508576,meta-llama/Llama-3.1-8B-Instruct,0.0,0,logiqa,0.75
15,0.6484375,0.5228621108821537,meta-llama/Llama-3.1-8B-Instruct,1.0,0,logiqa,0.75
16,2.3125,0.0990134083638263,meta-llama/Llama-3.1-8B-Instruct,0.0,0,logiqa,0.75
17,1.5390625,0.21458217794945839,meta-llama/Llama-3.1-8B-Instruct,0.0,0,logiqa,0.75
18,1.609375,0.2000125828826258,meta-llama/Llama-3.1-8B-Instruct,0.0,0,logiqa,0.75
19,2.28125,0.1021564313333943,meta-llama/Llama-3.1-8B-Instruct,0.0,0,logiqa,0.75
20,4.40625,0.012200845821682604,meta-llama/Llama-3.1-8B-Instruct,0.0,0,logiqa,0.75
21,0.74609375,0.4742153431555798,meta-llama/Llama-3.1-8B-Instruct,1.0,0,logiqa,0.75
22,1.328125,0.26497362135689667,meta-llama/Llama-3.1-8B-Instruct,0.0,0,logiqa,0.75
23,1.3515625,0.25883551402927246,meta-llama/Llama-3.1-8B-Instruct,0.0,0,logiqa,0.75
24,2.4375,0.08737902619542039,meta-llama/Llama-3.1-8B-Instruct,0.0,0,logiqa,0.75
25,1.171875,0.30978554847668166,meta-llama/Llama-3.1-8B-Instruct,0.0,0,logiqa,0.75
26,3.59375,0.02749503049258667,meta-llama/Llama-3.1-8B-Instruct,0.0,0,logiqa,0.75
27,0.859375,0.4234266412852628,meta-llama/Llama-3.1-8B-Instruct,1.0,0,logiqa,0.75
28,2.65625,0.07021102001498804,meta-llama/Llama-3.1-8B-Instruct,0.0,0,logiqa,0.75
29,1.328125,0.26497362135689667,meta-llama/Llama-3.1-8B-Instruct,0.0,0,logiqa,0.75
30,1.734375,0.17651048487186194,meta-llama/Llama-3.1-8B-Instruct,0.0,0,logiqa,0.75
31,0.52734375,0.5901705299683179,meta-llama/Llama-3.1-8B-Instruct,1.0,0,logiqa,0.75
32,3.5625,0.0283678164497131,meta-llama/Llama-3.1-8B-Instruct,0.0,0,logiqa,0.75
33,2.453125,0.08602433995839362,meta-llama/Llama-3.1-8B-Instruct,0.0,0,logiqa,0.75
34,3.21875,0.04000503331137926,meta-llama/Llama-3.1-8B-Instruct,0.0,0,logiqa,0.75
35,2.09375,0.12322417764723749,meta-llama/Llama-3.1-8B-Instruct,0.0,0,logiqa,0.75
36,4.875,0.007635094218859962,meta-llama/Llama-3.1-8B-Instruct,0.0,0,logiqa,0.75
37,2.28125,0.1021564313333943,meta-llama/Llama-3.1-8B-Instruct,0.0,0,logiqa,0.75
38,0.3125,0.7316156289466418,meta-llama/Llama-3.1-8B-Instruct,1.0,0,logiqa,0.75
39,1.546875,0.21291228619240427,meta-llama/Llama-3.1-8B-Instruct,0.0,0,logiqa,0.75
