shots,nll,prob,model,acc,hmm,dataset,flip_prob
1,6.8125,0.0010999396107533182,meta-llama/Llama-3.1-8B-Instruct,0.0,0,logiqa,1.0
2,6.90625,0.0010015064124832178,meta-llama/Llama-3.1-8B-Instruct,0.0,0,logiqa,1.0
3,3.5,0.0301973834223185,meta-llama/Llama-3.1-8B-Instruct,0.0,0,logiqa,1.0
4,1.1328125,0.3221260018134028,meta-llama/Llama-3.1-8B-Instruct,1.0,0,logiqa,1.0
5,2.1875,0.11219689052034373,meta-llama/Llama-3.1-8B-Instruct,0.0,0,logiqa,1.0
6,3.34375,0.03530431798508576,meta-llama/Llama-3.1-8B-Instruct,0.0,0,logiqa,1.0
7,2.3125,0.0990134083638263,meta-llama/Llama-3.1-8B-Instruct,0.0,0,logiqa,1.0
8,2.5,0.0820849986238988,meta-llama/Llama-3.1-8B-Instruct,0.0,0,logiqa,1.0
9,0.37890625,0.6846097918258168,meta-llama/Llama-3.1-8B-Instruct,1.0,0,logiqa,1.0
10,0.84375,0.43009464064006225,meta-llama/Llama-3.1-8B-Instruct,1.0,0,logiqa,1.0
11,3.25,0.03877420783172201,meta-llama/Llama-3.1-8B-Instruct,0.0,0,logiqa,1.0
12,4.53125,0.010767208646547101,meta-llama/Llama-3.1-8B-Instruct,0.0,0,logiqa,1.0
13,2.21875,0.10874495509722103,meta-llama/Llama-3.1-8B-Instruct,0.0,0,logiqa,1.0
14,3.3125,0.036424997337364234,meta-llama/Llama-3.1-8B-Instruct,0.0,0,logiqa,1.0
15,2.125,0.11943296826671962,meta-llama/Llama-3.1-8B-Instruct,0.0,0,logiqa,1.0
16,1.8125,0.1632455124539584,meta-llama/Llama-3.1-8B-Instruct,0.0,0,logiqa,1.0
17,1.6328125,0.19537929639047613,meta-llama/Llama-3.1-8B-Instruct,0.0,0,logiqa,1.0
18,2.546875,0.07832605286299588,meta-llama/Llama-3.1-8B-Instruct,0.0,0,logiqa,1.0
19,0.171875,0.8420844271433824,meta-llama/Llama-3.1-8B-Instruct,1.0,0,logiqa,1.0
20,4.0625,0.017205950425851383,meta-llama/Llama-3.1-8B-Instruct,0.0,0,logiqa,1.0
21,1.0234375,0.35935752309532076,meta-llama/Llama-3.1-8B-Instruct,1.0,0,logiqa,1.0
22,1.796875,0.1658162552121675,meta-llama/Llama-3.1-8B-Instruct,0.0,0,logiqa,1.0
23,1.65625,0.19085333986431632,meta-llama/Llama-3.1-8B-Instruct,0.0,0,logiqa,1.0
24,1.484375,0.22664394888734782,meta-llama/Llama-3.1-8B-Instruct,0.0,0,logiqa,1.0
25,2.0625,0.1271357329320356,meta-llama/Llama-3.1-8B-Instruct,0.0,0,logiqa,1.0
26,1.5859375,0.20475574459755974,meta-llama/Llama-3.1-8B-Instruct,0.0,0,logiqa,1.0
27,1.6328125,0.19537929639047613,meta-llama/Llama-3.1-8B-Instruct,0.0,0,logiqa,1.0
28,3.375,0.03421811831166603,meta-llama/Llama-3.1-8B-Instruct,0.0,0,logiqa,1.0
29,1.4375,0.23752081909545814,meta-llama/Llama-3.1-8B-Instruct,0.0,0,logiqa,1.0
30,1.4453125,0.23567241741677974,meta-llama/Llama-3.1-8B-Instruct,0.0,0,logiqa,1.0
31,2.34375,0.09596708604499847,meta-llama/Llama-3.1-8B-Instruct,0.0,0,logiqa,1.0
32,5.1875,0.0055859542589981,meta-llama/Llama-3.1-8B-Instruct,0.0,0,logiqa,1.0
33,0.87890625,0.4152368286818413,meta-llama/Llama-3.1-8B-Instruct,1.0,0,logiqa,1.0
34,0.390625,0.676633846161729,meta-llama/Llama-3.1-8B-Instruct,1.0,0,logiqa,1.0
35,2.359375,0.09447925428109244,meta-llama/Llama-3.1-8B-Instruct,0.0,0,logiqa,1.0
36,2.625,0.07243975703425146,meta-llama/Llama-3.1-8B-Instruct,0.0,0,logiqa,1.0
37,1.4765625,0.2284215394097245,meta-llama/Llama-3.1-8B-Instruct,0.0,0,logiqa,1.0
38,2.1875,0.11219689052034373,meta-llama/Llama-3.1-8B-Instruct,0.0,0,logiqa,1.0
1,4.625,0.009803655035821828,meta-llama/Llama-3.1-8B-Instruct,0.0,0,logiqa,1.0
2,1.8671875,0.15455774475698483,meta-llama/Llama-3.1-8B-Instruct,0.0,0,logiqa,1.0
3,0.73046875,0.48168314818692903,meta-llama/Llama-3.1-8B-Instruct,1.0,0,logiqa,1.0
4,2.46875,0.0846906561847805,meta-llama/Llama-3.1-8B-Instruct,0.0,0,logiqa,1.0
5,1.078125,0.34023286457404905,meta-llama/Llama-3.1-8B-Instruct,0.0,0,logiqa,1.0
6,1.421875,0.2412612277378443,meta-llama/Llama-3.1-8B-Instruct,0.0,0,logiqa,1.0
7,2.25,0.10539922456186433,meta-llama/Llama-3.1-8B-Instruct,0.0,0,logiqa,1.0
8,2.09375,0.12322417764723749,meta-llama/Llama-3.1-8B-Instruct,0.0,0,logiqa,1.0
9,3.1875,0.04127492938579755,meta-llama/Llama-3.1-8B-Instruct,0.0,0,logiqa,1.0
10,1.46875,0.23021307174736147,meta-llama/Llama-3.1-8B-Instruct,0.0,0,logiqa,1.0
11,2.125,0.11943296826671962,meta-llama/Llama-3.1-8B-Instruct,0.0,0,logiqa,1.0
12,3.34375,0.03530431798508576,meta-llama/Llama-3.1-8B-Instruct,0.0,0,logiqa,1.0
13,2.5625,0.07711171996831671,meta-llama/Llama-3.1-8B-Instruct,0.0,0,logiqa,1.0
14,3.875,0.020754337873699742,meta-llama/Llama-3.1-8B-Instruct,0.0,0,logiqa,1.0
15,3.0,0.049787068367863944,meta-llama/Llama-3.1-8B-Instruct,0.0,0,logiqa,1.0
16,4.8125,0.008127515489292211,meta-llama/Llama-3.1-8B-Instruct,0.0,0,logiqa,1.0
17,1.28125,0.27768997095378994,meta-llama/Llama-3.1-8B-Instruct,0.0,0,logiqa,1.0
18,3.0625,0.04677062238395898,meta-llama/Llama-3.1-8B-Instruct,0.0,0,logiqa,1.0
19,1.5625,0.2096113871510978,meta-llama/Llama-3.1-8B-Instruct,0.0,0,logiqa,1.0
20,2.703125,0.06699582332279769,meta-llama/Llama-3.1-8B-Instruct,0.0,0,logiqa,1.0
21,1.71875,0.17929012055011864,meta-llama/Llama-3.1-8B-Instruct,0.0,0,logiqa,1.0
22,0.91015625,0.4024613345370006,meta-llama/Llama-3.1-8B-Instruct,1.0,0,logiqa,1.0
23,1.0703125,0.34290134400373157,meta-llama/Llama-3.1-8B-Instruct,0.0,0,logiqa,1.0
24,5.03125,0.006530642163653784,meta-llama/Llama-3.1-8B-Instruct,0.0,0,logiqa,1.0
25,1.53125,0.2162651668298873,meta-llama/Llama-3.1-8B-Instruct,0.0,0,logiqa,1.0
26,3.1875,0.04127492938579755,meta-llama/Llama-3.1-8B-Instruct,0.0,0,logiqa,1.0
27,2.3125,0.0990134083638263,meta-llama/Llama-3.1-8B-Instruct,0.0,0,logiqa,1.0
28,0.64453125,0.5249085353233612,meta-llama/Llama-3.1-8B-Instruct,1.0,0,logiqa,1.0
29,3.171875,0.04192491494570112,meta-llama/Llama-3.1-8B-Instruct,0.0,0,logiqa,1.0
30,2.140625,0.11758133171956547,meta-llama/Llama-3.1-8B-Instruct,0.0,0,logiqa,1.0
31,2.765625,0.06293675158337987,meta-llama/Llama-3.1-8B-Instruct,0.0,0,logiqa,1.0
32,1.4453125,0.23567241741677974,meta-llama/Llama-3.1-8B-Instruct,1.0,0,logiqa,1.0
33,0.05322265625,0.9481688732517508,meta-llama/Llama-3.1-8B-Instruct,1.0,0,logiqa,1.0
34,1.890625,0.1509774184559146,meta-llama/Llama-3.1-8B-Instruct,0.0,0,logiqa,1.0
35,1.34375,0.26086558612628497,meta-llama/Llama-3.1-8B-Instruct,0.0,0,logiqa,1.0
36,2.390625,0.09157243321777621,meta-llama/Llama-3.1-8B-Instruct,0.0,0,logiqa,1.0
1,9.5,7.48518298877006e-05,meta-llama/Llama-3.1-8B-Instruct,0.0,0,logiqa,1.0
2,0.2353515625,0.7902929634144612,meta-llama/Llama-3.1-8B-Instruct,1.0,0,logiqa,1.0
3,5.28125,0.005086069231012701,meta-llama/Llama-3.1-8B-Instruct,0.0,0,logiqa,1.0
4,3.875,0.020754337873699742,meta-llama/Llama-3.1-8B-Instruct,0.0,0,logiqa,1.0
5,0.984375,0.373672699406043,meta-llama/Llama-3.1-8B-Instruct,0.0,0,logiqa,1.0
6,1.5546875,0.21125538963610227,meta-llama/Llama-3.1-8B-Instruct,0.0,0,logiqa,1.0
7,1.234375,0.29101659090983195,meta-llama/Llama-3.1-8B-Instruct,0.0,0,logiqa,1.0
8,1.6953125,0.18354186323251906,meta-llama/Llama-3.1-8B-Instruct,0.0,0,logiqa,1.0
9,3.3125,0.036424997337364234,meta-llama/Llama-3.1-8B-Instruct,0.0,0,logiqa,1.0
10,0.7890625,0.4542704742837873,meta-llama/Llama-3.1-8B-Instruct,1.0,0,logiqa,1.0
11,2.28125,0.1021564313333943,meta-llama/Llama-3.1-8B-Instruct,0.0,0,logiqa,1.0
12,1.90625,0.1486367305381225,meta-llama/Llama-3.1-8B-Instruct,0.0,0,logiqa,1.0
13,0.2109375,0.8098246793420792,meta-llama/Llama-3.1-8B-Instruct,1.0,0,logiqa,1.0
14,2.46875,0.0846906561847805,meta-llama/Llama-3.1-8B-Instruct,0.0,0,logiqa,1.0
15,1.734375,0.17651048487186194,meta-llama/Llama-3.1-8B-Instruct,0.0,0,logiqa,1.0
16,0.32421875,0.7230920486923872,meta-llama/Llama-3.1-8B-Instruct,1.0,0,logiqa,1.0
17,1.0546875,0.34830125444308524,meta-llama/Llama-3.1-8B-Instruct,0.0,0,logiqa,1.0
18,0.2421875,0.7849089933174918,meta-llama/Llama-3.1-8B-Instruct,1.0,0,logiqa,1.0
19,2.171875,0.1139637344565904,meta-llama/Llama-3.1-8B-Instruct,0.0,0,logiqa,1.0
20,1.3359375,0.26291158027609046,meta-llama/Llama-3.1-8B-Instruct,0.0,0,logiqa,1.0
21,3.203125,0.040635020917967515,meta-llama/Llama-3.1-8B-Instruct,0.0,0,logiqa,1.0
22,0.216796875,0.8050934873117519,meta-llama/Llama-3.1-8B-Instruct,1.0,0,logiqa,1.0
23,1.15625,0.314663961018459,meta-llama/Llama-3.1-8B-Instruct,1.0,0,logiqa,1.0
24,0.4609375,0.6306920944221607,meta-llama/Llama-3.1-8B-Instruct,1.0,0,logiqa,1.0
25,6.03125,0.002402488989655613,meta-llama/Llama-3.1-8B-Instruct,0.0,0,logiqa,1.0
26,0.98828125,0.372215887611955,meta-llama/Llama-3.1-8B-Instruct,1.0,0,logiqa,1.0
27,0.77734375,0.459625270884992,meta-llama/Llama-3.1-8B-Instruct,1.0,0,logiqa,1.0
28,1.2890625,0.2755289704553164,meta-llama/Llama-3.1-8B-Instruct,0.0,0,logiqa,1.0
29,1.890625,0.1509774184559146,meta-llama/Llama-3.1-8B-Instruct,0.0,0,logiqa,1.0
30,2.09375,0.12322417764723749,meta-llama/Llama-3.1-8B-Instruct,0.0,0,logiqa,1.0
31,1.703125,0.18211352912101367,meta-llama/Llama-3.1-8B-Instruct,0.0,0,logiqa,1.0
32,3.734375,0.023888096464365276,meta-llama/Llama-3.1-8B-Instruct,0.0,0,logiqa,1.0
33,1.625,0.19691167520419406,meta-llama/Llama-3.1-8B-Instruct,0.0,0,logiqa,1.0
34,2.546875,0.07832605286299588,meta-llama/Llama-3.1-8B-Instruct,0.0,0,logiqa,1.0
35,1.0390625,0.353786201098432,meta-llama/Llama-3.1-8B-Instruct,1.0,0,logiqa,1.0
1,14.75,3.927863545481039e-07,meta-llama/Llama-3.1-8B-Instruct,0.0,0,logiqa,1.0
2,1.78125,0.16842748127818424,meta-llama/Llama-3.1-8B-Instruct,0.0,0,logiqa,1.0
3,9.25,9.61116520613947e-05,meta-llama/Llama-3.1-8B-Instruct,0.0,0,logiqa,1.0
4,3.125,0.04393693362340742,meta-llama/Llama-3.1-8B-Instruct,0.0,0,logiqa,1.0
5,3.953125,0.019194624751579337,meta-llama/Llama-3.1-8B-Instruct,0.0,0,logiqa,1.0
6,1.6171875,0.19845607261390505,meta-llama/Llama-3.1-8B-Instruct,0.0,0,logiqa,1.0
7,3.515625,0.02972921638615875,meta-llama/Llama-3.1-8B-Instruct,0.0,0,logiqa,1.0
8,0.50390625,0.604166020765368,meta-llama/Llama-3.1-8B-Instruct,1.0,0,logiqa,1.0
9,1.71875,0.17929012055011864,meta-llama/Llama-3.1-8B-Instruct,0.0,0,logiqa,1.0
10,1.75,0.17377394345044514,meta-llama/Llama-3.1-8B-Instruct,0.0,0,logiqa,1.0
11,1.28125,0.27768997095378994,meta-llama/Llama-3.1-8B-Instruct,0.0,0,logiqa,1.0
12,0.384765625,0.6806101355130432,meta-llama/Llama-3.1-8B-Instruct,1.0,0,logiqa,1.0
13,0.306640625,0.7359150228524268,meta-llama/Llama-3.1-8B-Instruct,1.0,0,logiqa,1.0
14,4.3125,0.013400007665140828,meta-llama/Llama-3.1-8B-Instruct,0.0,0,logiqa,1.0
15,1.296875,0.27338478699614155,meta-llama/Llama-3.1-8B-Instruct,0.0,0,logiqa,1.0
16,0.953125,0.3855343441745787,meta-llama/Llama-3.1-8B-Instruct,0.0,0,logiqa,1.0
17,0.2421875,0.7849089933174918,meta-llama/Llama-3.1-8B-Instruct,1.0,0,logiqa,1.0
18,1.3203125,0.26705183522634335,meta-llama/Llama-3.1-8B-Instruct,0.0,0,logiqa,1.0
19,2.421875,0.08875504563653425,meta-llama/Llama-3.1-8B-Instruct,0.0,0,logiqa,1.0
20,4.1875,0.015184197956837946,meta-llama/Llama-3.1-8B-Instruct,0.0,0,logiqa,1.0
21,1.0625,0.3455907525769745,meta-llama/Llama-3.1-8B-Instruct,0.0,0,logiqa,1.0
22,3.71875,0.02426427924617674,meta-llama/Llama-3.1-8B-Instruct,0.0,0,logiqa,1.0
23,2.140625,0.11758133171956547,meta-llama/Llama-3.1-8B-Instruct,0.0,0,logiqa,1.0
24,3.375,0.03421811831166603,meta-llama/Llama-3.1-8B-Instruct,0.0,0,logiqa,1.0
25,1.484375,0.22664394888734782,meta-llama/Llama-3.1-8B-Instruct,0.0,0,logiqa,1.0
26,1.671875,0.18789443308700168,meta-llama/Llama-3.1-8B-Instruct,0.0,0,logiqa,1.0
27,1.9296875,0.14519356438370257,meta-llama/Llama-3.1-8B-Instruct,0.0,0,logiqa,1.0
28,2.734375,0.0649345785355609,meta-llama/Llama-3.1-8B-Instruct,0.0,0,logiqa,1.0
29,1.0859375,0.3375851514160396,meta-llama/Llama-3.1-8B-Instruct,0.0,0,logiqa,1.0
30,0.640625,0.5269629692433709,meta-llama/Llama-3.1-8B-Instruct,1.0,0,logiqa,1.0
31,4.9375,0.007172507245008699,meta-llama/Llama-3.1-8B-Instruct,0.0,0,logiqa,1.0
32,1.2109375,0.2979178504832066,meta-llama/Llama-3.1-8B-Instruct,0.0,0,logiqa,1.0
33,1.359375,0.25682124007865503,meta-llama/Llama-3.1-8B-Instruct,0.0,0,logiqa,1.0
34,3.515625,0.02972921638615875,meta-llama/Llama-3.1-8B-Instruct,0.0,0,logiqa,1.0
35,2.140625,0.11758133171956547,meta-llama/Llama-3.1-8B-Instruct,0.0,0,logiqa,1.0
36,1.5625,0.2096113871510978,meta-llama/Llama-3.1-8B-Instruct,0.0,0,logiqa,1.0
37,4.9375,0.007172507245008699,meta-llama/Llama-3.1-8B-Instruct,0.0,0,logiqa,1.0
38,3.734375,0.023888096464365276,meta-llama/Llama-3.1-8B-Instruct,0.0,0,logiqa,1.0
39,1.3671875,0.2548226413322821,meta-llama/Llama-3.1-8B-Instruct,0.0,0,logiqa,1.0
1,14.4375,5.368752921716912e-07,meta-llama/Llama-3.1-8B-Instruct,0.0,0,logiqa,1.0
2,1.40625,0.2450605392455259,meta-llama/Llama-3.1-8B-Instruct,0.0,0,logiqa,1.0
3,1.03125,0.356560980663947,meta-llama/Llama-3.1-8B-Instruct,0.0,0,logiqa,1.0
4,1.59375,0.20316232275153173,meta-llama/Llama-3.1-8B-Instruct,0.0,0,logiqa,1.0
5,1.21875,0.29559943537737077,meta-llama/Llama-3.1-8B-Instruct,0.0,0,logiqa,1.0
6,2.78125,0.061961007690531984,meta-llama/Llama-3.1-8B-Instruct,0.0,0,logiqa,1.0
7,8.0,0.00033546262790251185,meta-llama/Llama-3.1-8B-Instruct,0.0,0,logiqa,1.0
8,2.625,0.07243975703425146,meta-llama/Llama-3.1-8B-Instruct,0.0,0,logiqa,1.0
9,4.25,0.014264233908999256,meta-llama/Llama-3.1-8B-Instruct,0.0,0,logiqa,1.0
10,0.69921875,0.49697341264527733,meta-llama/Llama-3.1-8B-Instruct,1.0,0,logiqa,1.0
11,3.28125,0.037581250870997916,meta-llama/Llama-3.1-8B-Instruct,0.0,0,logiqa,1.0
12,1.609375,0.2000125828826258,meta-llama/Llama-3.1-8B-Instruct,0.0,0,logiqa,1.0
13,2.8125,0.060054667895307945,meta-llama/Llama-3.1-8B-Instruct,0.0,0,logiqa,1.0
14,6.125,0.002187491118182885,meta-llama/Llama-3.1-8B-Instruct,0.0,0,logiqa,1.0
15,2.65625,0.07021102001498804,meta-llama/Llama-3.1-8B-Instruct,0.0,0,logiqa,1.0
16,0.68359375,0.5047996051229459,meta-llama/Llama-3.1-8B-Instruct,1.0,0,logiqa,1.0
17,1.90625,0.1486367305381225,meta-llama/Llama-3.1-8B-Instruct,0.0,0,logiqa,1.0
18,1.96875,0.13963128628139898,meta-llama/Llama-3.1-8B-Instruct,0.0,0,logiqa,1.0
19,1.53125,0.2162651668298873,meta-llama/Llama-3.1-8B-Instruct,0.0,0,logiqa,1.0
20,5.625,0.0036065631360157305,meta-llama/Llama-3.1-8B-Instruct,0.0,0,logiqa,1.0
21,1.0234375,0.35935752309532076,meta-llama/Llama-3.1-8B-Instruct,1.0,0,logiqa,1.0
22,1.1796875,0.30737477821235176,meta-llama/Llama-3.1-8B-Instruct,0.0,0,logiqa,1.0
23,7.125,0.0008047330101246132,meta-llama/Llama-3.1-8B-Instruct,0.0,0,logiqa,1.0
24,1.9296875,0.14519356438370257,meta-llama/Llama-3.1-8B-Instruct,0.0,0,logiqa,1.0
25,4.5,0.011108996538242306,meta-llama/Llama-3.1-8B-Instruct,0.0,0,logiqa,1.0
26,1.5,0.22313016014842982,meta-llama/Llama-3.1-8B-Instruct,0.0,0,logiqa,1.0
27,1.34375,0.26086558612628497,meta-llama/Llama-3.1-8B-Instruct,0.0,0,logiqa,1.0
28,1.8359375,0.15946393423094812,meta-llama/Llama-3.1-8B-Instruct,0.0,0,logiqa,1.0
29,1.296875,0.27338478699614155,meta-llama/Llama-3.1-8B-Instruct,0.0,0,logiqa,1.0
30,4.1875,0.015184197956837946,meta-llama/Llama-3.1-8B-Instruct,0.0,0,logiqa,1.0
31,2.5625,0.07711171996831671,meta-llama/Llama-3.1-8B-Instruct,0.0,0,logiqa,1.0
32,1.6796875,0.18643222700816212,meta-llama/Llama-3.1-8B-Instruct,0.0,0,logiqa,1.0
33,1.40625,0.2450605392455259,meta-llama/Llama-3.1-8B-Instruct,0.0,0,logiqa,1.0
34,1.6796875,0.18643222700816212,meta-llama/Llama-3.1-8B-Instruct,0.0,0,logiqa,1.0
35,4.1875,0.015184197956837946,meta-llama/Llama-3.1-8B-Instruct,0.0,0,logiqa,1.0
36,3.421875,0.03265115658991408,meta-llama/Llama-3.1-8B-Instruct,0.0,0,logiqa,1.0
37,4.1875,0.015184197956837946,meta-llama/Llama-3.1-8B-Instruct,0.0,0,logiqa,1.0
1,8.125,0.0002960447300568554,meta-llama/Llama-3.1-8B-Instruct,0.0,0,logiqa,1.0
2,2.25,0.10539922456186433,meta-llama/Llama-3.1-8B-Instruct,0.0,0,logiqa,1.0
3,1.125,0.32465246735834974,meta-llama/Llama-3.1-8B-Instruct,0.0,0,logiqa,1.0
4,1.59375,0.20316232275153173,meta-llama/Llama-3.1-8B-Instruct,0.0,0,logiqa,1.0
5,3.9375,0.019496896108597995,meta-llama/Llama-3.1-8B-Instruct,0.0,0,logiqa,1.0
6,2.484375,0.08337764926156645,meta-llama/Llama-3.1-8B-Instruct,0.0,0,logiqa,1.0
7,3.328125,0.035860280096566576,meta-llama/Llama-3.1-8B-Instruct,0.0,0,logiqa,1.0
8,1.625,0.19691167520419406,meta-llama/Llama-3.1-8B-Instruct,0.0,0,logiqa,1.0
9,2.40625,0.09015273423081638,meta-llama/Llama-3.1-8B-Instruct,0.0,0,logiqa,1.0
10,4.96875,0.006951832396384793,meta-llama/Llama-3.1-8B-Instruct,0.0,0,logiqa,1.0
11,2.15625,0.11575840213626322,meta-llama/Llama-3.1-8B-Instruct,0.0,0,logiqa,1.0
12,1.8125,0.1632455124539584,meta-llama/Llama-3.1-8B-Instruct,0.0,0,logiqa,1.0
13,1.359375,0.25682124007865503,meta-llama/Llama-3.1-8B-Instruct,0.0,0,logiqa,1.0
14,1.2265625,0.29329906232102687,meta-llama/Llama-3.1-8B-Instruct,0.0,0,logiqa,1.0
15,4.1875,0.015184197956837946,meta-llama/Llama-3.1-8B-Instruct,0.0,0,logiqa,1.0
16,0.66796875,0.5127490421990961,meta-llama/Llama-3.1-8B-Instruct,1.0,0,logiqa,1.0
17,1.9375,0.14406365910145327,meta-llama/Llama-3.1-8B-Instruct,0.0,0,logiqa,1.0
18,1.796875,0.1658162552121675,meta-llama/Llama-3.1-8B-Instruct,0.0,0,logiqa,1.0
19,2.609375,0.07358051721811718,meta-llama/Llama-3.1-8B-Instruct,0.0,0,logiqa,1.0
20,3.453125,0.03164658611103602,meta-llama/Llama-3.1-8B-Instruct,0.0,0,logiqa,1.0
21,2.390625,0.09157243321777621,meta-llama/Llama-3.1-8B-Instruct,0.0,0,logiqa,1.0
22,1.796875,0.1658162552121675,meta-llama/Llama-3.1-8B-Instruct,0.0,0,logiqa,1.0
23,1.5234375,0.21796135555570278,meta-llama/Llama-3.1-8B-Instruct,0.0,0,logiqa,1.0
24,1.65625,0.19085333986431632,meta-llama/Llama-3.1-8B-Instruct,0.0,0,logiqa,1.0
25,3.484375,0.030672923016533588,meta-llama/Llama-3.1-8B-Instruct,0.0,0,logiqa,1.0
26,3.0,0.049787068367863944,meta-llama/Llama-3.1-8B-Instruct,0.0,0,logiqa,1.0
27,2.21875,0.10874495509722103,meta-llama/Llama-3.1-8B-Instruct,0.0,0,logiqa,1.0
28,1.3515625,0.25883551402927246,meta-llama/Llama-3.1-8B-Instruct,0.0,0,logiqa,1.0
29,1.015625,0.3621759990808257,meta-llama/Llama-3.1-8B-Instruct,1.0,0,logiqa,1.0
30,3.765625,0.023153137001639675,meta-llama/Llama-3.1-8B-Instruct,0.0,0,logiqa,1.0
31,4.6875,0.00920968160396814,meta-llama/Llama-3.1-8B-Instruct,0.0,0,logiqa,1.0
32,3.0625,0.04677062238395898,meta-llama/Llama-3.1-8B-Instruct,0.0,0,logiqa,1.0
33,1.2734375,0.27986792038923625,meta-llama/Llama-3.1-8B-Instruct,0.0,0,logiqa,1.0
34,2.21875,0.10874495509722103,meta-llama/Llama-3.1-8B-Instruct,0.0,0,logiqa,1.0
35,0.74609375,0.4742153431555798,meta-llama/Llama-3.1-8B-Instruct,1.0,0,logiqa,1.0
36,1.5703125,0.207980178394932,meta-llama/Llama-3.1-8B-Instruct,0.0,0,logiqa,1.0
37,4.53125,0.010767208646547101,meta-llama/Llama-3.1-8B-Instruct,0.0,0,logiqa,1.0
38,1.7421875,0.17513686938087475,meta-llama/Llama-3.1-8B-Instruct,0.0,0,logiqa,1.0
39,1.2734375,0.27986792038923625,meta-llama/Llama-3.1-8B-Instruct,0.0,0,logiqa,1.0
1,9.75,5.829466373086881e-05,meta-llama/Llama-3.1-8B-Instruct,0.0,0,logiqa,1.0
2,2.59375,0.0747392417609257,meta-llama/Llama-3.1-8B-Instruct,0.0,0,logiqa,1.0
3,1.9296875,0.14519356438370257,meta-llama/Llama-3.1-8B-Instruct,0.0,0,logiqa,1.0
4,1.8515625,0.1569916750812332,meta-llama/Llama-3.1-8B-Instruct,0.0,0,logiqa,1.0
5,3.546875,0.028814544556403775,meta-llama/Llama-3.1-8B-Instruct,0.0,0,logiqa,1.0
6,1.484375,0.22664394888734782,meta-llama/Llama-3.1-8B-Instruct,0.0,0,logiqa,1.0
7,1.140625,0.31961919737930994,meta-llama/Llama-3.1-8B-Instruct,1.0,0,logiqa,1.0
8,1.296875,0.27338478699614155,meta-llama/Llama-3.1-8B-Instruct,0.0,0,logiqa,1.0
9,4.03125,0.01775212592162854,meta-llama/Llama-3.1-8B-Instruct,0.0,0,logiqa,1.0
10,1.3125,0.26914634872918386,meta-llama/Llama-3.1-8B-Instruct,0.0,0,logiqa,1.0
11,1.1796875,0.30737477821235176,meta-llama/Llama-3.1-8B-Instruct,1.0,0,logiqa,1.0
12,3.6875,0.025034510149960148,meta-llama/Llama-3.1-8B-Instruct,0.0,0,logiqa,1.0
13,3.375,0.03421811831166603,meta-llama/Llama-3.1-8B-Instruct,0.0,0,logiqa,1.0
14,1.0703125,0.34290134400373157,meta-llama/Llama-3.1-8B-Instruct,1.0,0,logiqa,1.0
15,1.15625,0.314663961018459,meta-llama/Llama-3.1-8B-Instruct,1.0,0,logiqa,1.0
16,1.0078125,0.36501658064745907,meta-llama/Llama-3.1-8B-Instruct,0.0,0,logiqa,1.0
17,2.609375,0.07358051721811718,meta-llama/Llama-3.1-8B-Instruct,0.0,0,logiqa,1.0
18,1.0859375,0.3375851514160396,meta-llama/Llama-3.1-8B-Instruct,1.0,0,logiqa,1.0
19,2.390625,0.09157243321777621,meta-llama/Llama-3.1-8B-Instruct,0.0,0,logiqa,1.0
20,4.15625,0.015666196140128895,meta-llama/Llama-3.1-8B-Instruct,0.0,0,logiqa,1.0
21,2.734375,0.0649345785355609,meta-llama/Llama-3.1-8B-Instruct,0.0,0,logiqa,1.0
22,2.203125,0.1104574389603643,meta-llama/Llama-3.1-8B-Instruct,0.0,0,logiqa,1.0
23,3.234375,0.039384812757335554,meta-llama/Llama-3.1-8B-Instruct,0.0,0,logiqa,1.0
24,0.82421875,0.43857749732635326,meta-llama/Llama-3.1-8B-Instruct,1.0,0,logiqa,1.0
25,0.890625,0.41039917309637,meta-llama/Llama-3.1-8B-Instruct,0.0,0,logiqa,1.0
26,1.46875,0.23021307174736147,meta-llama/Llama-3.1-8B-Instruct,0.0,0,logiqa,1.0
27,2.453125,0.08602433995839362,meta-llama/Llama-3.1-8B-Instruct,0.0,0,logiqa,1.0
28,1.703125,0.18211352912101367,meta-llama/Llama-3.1-8B-Instruct,0.0,0,logiqa,1.0
29,1.3515625,0.25883551402927246,meta-llama/Llama-3.1-8B-Instruct,0.0,0,logiqa,1.0
30,1.3046875,0.27125728970502744,meta-llama/Llama-3.1-8B-Instruct,0.0,0,logiqa,1.0
31,4.90625,0.0074001870652772766,meta-llama/Llama-3.1-8B-Instruct,0.0,0,logiqa,1.0
32,4.1875,0.015184197956837946,meta-llama/Llama-3.1-8B-Instruct,0.0,0,logiqa,1.0
33,2.3125,0.0990134083638263,meta-llama/Llama-3.1-8B-Instruct,0.0,0,logiqa,1.0
34,3.8125,0.022092877665062443,meta-llama/Llama-3.1-8B-Instruct,0.0,0,logiqa,1.0
35,3.703125,0.024646386044811498,meta-llama/Llama-3.1-8B-Instruct,0.0,0,logiqa,1.0
36,2.265625,0.10376516104428837,meta-llama/Llama-3.1-8B-Instruct,0.0,0,logiqa,1.0
37,1.8828125,0.1521615490248429,meta-llama/Llama-3.1-8B-Instruct,0.0,0,logiqa,1.0
1,5.21875,0.0054140925140856375,meta-llama/Llama-3.1-8B-Instruct,0.0,0,logiqa,1.0
2,0.6171875,0.5394595359337269,meta-llama/Llama-3.1-8B-Instruct,1.0,0,logiqa,1.0
3,4.8125,0.008127515489292211,meta-llama/Llama-3.1-8B-Instruct,0.0,0,logiqa,1.0
4,5.84375,0.00289795489322345,meta-llama/Llama-3.1-8B-Instruct,0.0,0,logiqa,1.0
5,3.671875,0.025428746320412147,meta-llama/Llama-3.1-8B-Instruct,0.0,0,logiqa,1.0
6,0.2421875,0.7849089933174918,meta-llama/Llama-3.1-8B-Instruct,1.0,0,logiqa,1.0
7,1.9921875,0.1363967310184996,meta-llama/Llama-3.1-8B-Instruct,0.0,0,logiqa,1.0
8,2.78125,0.061961007690531984,meta-llama/Llama-3.1-8B-Instruct,0.0,0,logiqa,1.0
9,1.25,0.2865047968601901,meta-llama/Llama-3.1-8B-Instruct,0.0,0,logiqa,1.0
10,2.21875,0.10874495509722103,meta-llama/Llama-3.1-8B-Instruct,0.0,0,logiqa,1.0
11,1.734375,0.17651048487186194,meta-llama/Llama-3.1-8B-Instruct,0.0,0,logiqa,1.0
12,3.828125,0.021750359344450344,meta-llama/Llama-3.1-8B-Instruct,0.0,0,logiqa,1.0
13,1.0234375,0.35935752309532076,meta-llama/Llama-3.1-8B-Instruct,0.0,0,logiqa,1.0
14,4.59375,0.010114856452604551,meta-llama/Llama-3.1-8B-Instruct,0.0,0,logiqa,1.0
15,1.734375,0.17651048487186194,meta-llama/Llama-3.1-8B-Instruct,0.0,0,logiqa,1.0
16,1.859375,0.15576995617312325,meta-llama/Llama-3.1-8B-Instruct,0.0,0,logiqa,1.0
17,1.71875,0.17929012055011864,meta-llama/Llama-3.1-8B-Instruct,0.0,0,logiqa,1.0
18,1.578125,0.20636166380601706,meta-llama/Llama-3.1-8B-Instruct,0.0,0,logiqa,1.0
19,1.578125,0.20636166380601706,meta-llama/Llama-3.1-8B-Instruct,0.0,0,logiqa,1.0
20,5.5625,0.0038391664740261636,meta-llama/Llama-3.1-8B-Instruct,0.0,0,logiqa,1.0
21,2.28125,0.1021564313333943,meta-llama/Llama-3.1-8B-Instruct,0.0,0,logiqa,1.0
22,3.890625,0.0204325716890638,meta-llama/Llama-3.1-8B-Instruct,0.0,0,logiqa,1.0
23,3.015625,0.049015191417106724,meta-llama/Llama-3.1-8B-Instruct,0.0,0,logiqa,1.0
24,1.296875,0.27338478699614155,meta-llama/Llama-3.1-8B-Instruct,0.0,0,logiqa,1.0
25,1.546875,0.21291228619240427,meta-llama/Llama-3.1-8B-Instruct,0.0,0,logiqa,1.0
26,2.453125,0.08602433995839362,meta-llama/Llama-3.1-8B-Instruct,0.0,0,logiqa,1.0
27,3.484375,0.030672923016533588,meta-llama/Llama-3.1-8B-Instruct,0.0,0,logiqa,1.0
28,3.578125,0.027928014220365963,meta-llama/Llama-3.1-8B-Instruct,0.0,0,logiqa,1.0
29,2.625,0.07243975703425146,meta-llama/Llama-3.1-8B-Instruct,0.0,0,logiqa,1.0
30,4.625,0.009803655035821828,meta-llama/Llama-3.1-8B-Instruct,0.0,0,logiqa,1.0
31,2.265625,0.10376516104428837,meta-llama/Llama-3.1-8B-Instruct,0.0,0,logiqa,1.0
32,0.9765625,0.3766034507108804,meta-llama/Llama-3.1-8B-Instruct,1.0,0,logiqa,1.0
33,3.6875,0.025034510149960148,meta-llama/Llama-3.1-8B-Instruct,0.0,0,logiqa,1.0
34,0.8984375,0.407205421393389,meta-llama/Llama-3.1-8B-Instruct,1.0,0,logiqa,1.0
35,1.703125,0.18211352912101367,meta-llama/Llama-3.1-8B-Instruct,0.0,0,logiqa,1.0
36,1.296875,0.27338478699614155,meta-llama/Llama-3.1-8B-Instruct,0.0,0,logiqa,1.0
1,7.34375,0.0006466211394278742,meta-llama/Llama-3.1-8B-Instruct,0.0,0,logiqa,1.0
2,1.609375,0.2000125828826258,meta-llama/Llama-3.1-8B-Instruct,0.0,0,logiqa,1.0
3,4.78125,0.008385510525424083,meta-llama/Llama-3.1-8B-Instruct,0.0,0,logiqa,1.0
4,0.30078125,0.7402396824677261,meta-llama/Llama-3.1-8B-Instruct,1.0,0,logiqa,1.0
5,1.21875,0.29559943537737077,meta-llama/Llama-3.1-8B-Instruct,1.0,0,logiqa,1.0
6,2.109375,0.1213137638466268,meta-llama/Llama-3.1-8B-Instruct,0.0,0,logiqa,1.0
7,1.53125,0.2162651668298873,meta-llama/Llama-3.1-8B-Instruct,0.0,0,logiqa,1.0
8,2.875,0.05641613950377735,meta-llama/Llama-3.1-8B-Instruct,0.0,0,logiqa,1.0
9,0.55859375,0.572012891653811,meta-llama/Llama-3.1-8B-Instruct,1.0,0,logiqa,1.0
10,0.69921875,0.49697341264527733,meta-llama/Llama-3.1-8B-Instruct,1.0,0,logiqa,1.0
11,0.400390625,0.6700582534023591,meta-llama/Llama-3.1-8B-Instruct,1.0,0,logiqa,1.0
12,3.90625,0.02011579402674089,meta-llama/Llama-3.1-8B-Instruct,0.0,0,logiqa,1.0
13,1.2890625,0.2755289704553164,meta-llama/Llama-3.1-8B-Instruct,0.0,0,logiqa,1.0
14,3.0,0.049787068367863944,meta-llama/Llama-3.1-8B-Instruct,0.0,0,logiqa,1.0
15,1.1875,0.3049827687110593,meta-llama/Llama-3.1-8B-Instruct,0.0,0,logiqa,1.0
16,0.30078125,0.7402396824677261,meta-llama/Llama-3.1-8B-Instruct,1.0,0,logiqa,1.0
17,2.34375,0.09596708604499847,meta-llama/Llama-3.1-8B-Instruct,0.0,0,logiqa,1.0
18,1.03125,0.356560980663947,meta-llama/Llama-3.1-8B-Instruct,1.0,0,logiqa,1.0
19,6.625,0.0013267804310269915,meta-llama/Llama-3.1-8B-Instruct,0.0,0,logiqa,1.0
20,1.421875,0.2412612277378443,meta-llama/Llama-3.1-8B-Instruct,0.0,0,logiqa,1.0
21,1.6328125,0.19537929639047613,meta-llama/Llama-3.1-8B-Instruct,0.0,0,logiqa,1.0
22,4.03125,0.01775212592162854,meta-llama/Llama-3.1-8B-Instruct,0.0,0,logiqa,1.0
23,0.384765625,0.6806101355130432,meta-llama/Llama-3.1-8B-Instruct,1.0,0,logiqa,1.0
24,0.42578125,0.6532592269479727,meta-llama/Llama-3.1-8B-Instruct,1.0,0,logiqa,1.0
25,3.421875,0.03265115658991408,meta-llama/Llama-3.1-8B-Instruct,0.0,0,logiqa,1.0
26,1.1640625,0.31221522664653706,meta-llama/Llama-3.1-8B-Instruct,0.0,0,logiqa,1.0
27,1.1875,0.3049827687110593,meta-llama/Llama-3.1-8B-Instruct,0.0,0,logiqa,1.0
28,4.09375,0.016676578983487567,meta-llama/Llama-3.1-8B-Instruct,0.0,0,logiqa,1.0
29,2.703125,0.06699582332279769,meta-llama/Llama-3.1-8B-Instruct,0.0,0,logiqa,1.0
30,4.0625,0.017205950425851383,meta-llama/Llama-3.1-8B-Instruct,0.0,0,logiqa,1.0
31,1.6015625,0.20158130101268698,meta-llama/Llama-3.1-8B-Instruct,0.0,0,logiqa,1.0
32,1.6875,0.18498139990730428,meta-llama/Llama-3.1-8B-Instruct,0.0,0,logiqa,1.0
33,0.9296875,0.3946770276734171,meta-llama/Llama-3.1-8B-Instruct,1.0,0,logiqa,1.0
34,1.4453125,0.23567241741677974,meta-llama/Llama-3.1-8B-Instruct,0.0,0,logiqa,1.0
35,0.984375,0.373672699406043,meta-llama/Llama-3.1-8B-Instruct,1.0,0,logiqa,1.0
36,2.65625,0.07021102001498804,meta-llama/Llama-3.1-8B-Instruct,0.0,0,logiqa,1.0
37,1.1484375,0.31713190105209277,meta-llama/Llama-3.1-8B-Instruct,0.0,0,logiqa,1.0
38,2.25,0.10539922456186433,meta-llama/Llama-3.1-8B-Instruct,0.0,0,logiqa,1.0
39,1.3046875,0.27125728970502744,meta-llama/Llama-3.1-8B-Instruct,0.0,0,logiqa,1.0
1,4.03125,0.01775212592162854,meta-llama/Llama-3.1-8B-Instruct,0.0,0,logiqa,1.0
2,1.953125,0.14183015908734253,meta-llama/Llama-3.1-8B-Instruct,0.0,0,logiqa,1.0
3,3.796875,0.022440789864373145,meta-llama/Llama-3.1-8B-Instruct,0.0,0,logiqa,1.0
4,0.75390625,0.47052497007720323,meta-llama/Llama-3.1-8B-Instruct,1.0,0,logiqa,1.0
5,4.5,0.011108996538242306,meta-llama/Llama-3.1-8B-Instruct,0.0,0,logiqa,1.0
6,1.75,0.17377394345044514,meta-llama/Llama-3.1-8B-Instruct,0.0,0,logiqa,1.0
7,1.09375,0.33495804292529496,meta-llama/Llama-3.1-8B-Instruct,1.0,0,logiqa,1.0
8,7.15625,0.0007799739782929635,meta-llama/Llama-3.1-8B-Instruct,0.0,0,logiqa,1.0
9,0.421875,0.6558160112715016,meta-llama/Llama-3.1-8B-Instruct,1.0,0,logiqa,1.0
10,2.046875,0.129137829405204,meta-llama/Llama-3.1-8B-Instruct,0.0,0,logiqa,1.0
11,2.875,0.05641613950377735,meta-llama/Llama-3.1-8B-Instruct,0.0,0,logiqa,1.0
12,1.53125,0.2162651668298873,meta-llama/Llama-3.1-8B-Instruct,0.0,0,logiqa,1.0
13,1.546875,0.21291228619240427,meta-llama/Llama-3.1-8B-Instruct,0.0,0,logiqa,1.0
14,1.84375,0.15822297604949842,meta-llama/Llama-3.1-8B-Instruct,0.0,0,logiqa,1.0
15,4.0,0.01831563888873418,meta-llama/Llama-3.1-8B-Instruct,0.0,0,logiqa,1.0
16,1.421875,0.2412612277378443,meta-llama/Llama-3.1-8B-Instruct,0.0,0,logiqa,1.0
17,3.484375,0.030672923016533588,meta-llama/Llama-3.1-8B-Instruct,0.0,0,logiqa,1.0
18,2.46875,0.0846906561847805,meta-llama/Llama-3.1-8B-Instruct,0.0,0,logiqa,1.0
19,2.90625,0.05468039736791477,meta-llama/Llama-3.1-8B-Instruct,0.0,0,logiqa,1.0
20,0.8125,0.44374731008107987,meta-llama/Llama-3.1-8B-Instruct,0.0,0,logiqa,1.0
21,2.34375,0.09596708604499847,meta-llama/Llama-3.1-8B-Instruct,0.0,0,logiqa,1.0
22,2.109375,0.1213137638466268,meta-llama/Llama-3.1-8B-Instruct,0.0,0,logiqa,1.0
23,2.296875,0.10057264266491435,meta-llama/Llama-3.1-8B-Instruct,0.0,0,logiqa,1.0
24,1.453125,0.23383840011408472,meta-llama/Llama-3.1-8B-Instruct,0.0,0,logiqa,1.0
25,1.609375,0.2000125828826258,meta-llama/Llama-3.1-8B-Instruct,0.0,0,logiqa,1.0
26,2.578125,0.0759162135601666,meta-llama/Llama-3.1-8B-Instruct,0.0,0,logiqa,1.0
27,1.5546875,0.21125538963610227,meta-llama/Llama-3.1-8B-Instruct,0.0,0,logiqa,1.0
28,1.984375,0.13746650383851944,meta-llama/Llama-3.1-8B-Instruct,0.0,0,logiqa,1.0
29,3.5625,0.0283678164497131,meta-llama/Llama-3.1-8B-Instruct,0.0,0,logiqa,1.0
30,2.0625,0.1271357329320356,meta-llama/Llama-3.1-8B-Instruct,0.0,0,logiqa,1.0
31,1.1875,0.3049827687110593,meta-llama/Llama-3.1-8B-Instruct,0.0,0,logiqa,1.0
32,1.6015625,0.20158130101268698,meta-llama/Llama-3.1-8B-Instruct,0.0,0,logiqa,1.0
33,0.66796875,0.5127490421990961,meta-llama/Llama-3.1-8B-Instruct,1.0,0,logiqa,1.0
34,2.515625,0.08081238867682222,meta-llama/Llama-3.1-8B-Instruct,0.0,0,logiqa,1.0
35,1.421875,0.2412612277378443,meta-llama/Llama-3.1-8B-Instruct,0.0,0,logiqa,1.0
36,0.384765625,0.6806101355130432,meta-llama/Llama-3.1-8B-Instruct,1.0,0,logiqa,1.0
37,0.68359375,0.5047996051229459,meta-llama/Llama-3.1-8B-Instruct,1.0,0,logiqa,1.0
38,1.25,0.2865047968601901,meta-llama/Llama-3.1-8B-Instruct,0.0,0,logiqa,1.0
39,1.828125,0.16071462536804407,meta-llama/Llama-3.1-8B-Instruct,0.0,0,logiqa,1.0
1,14.8125,3.689886323573741e-07,meta-llama/Llama-3.1-8B-Instruct,0.0,0,logiqa,1.0
2,1.0078125,0.36501658064745907,meta-llama/Llama-3.1-8B-Instruct,1.0,0,logiqa,1.0
3,2.265625,0.10376516104428837,meta-llama/Llama-3.1-8B-Instruct,0.0,0,logiqa,1.0
4,0.0458984375,0.9551389635657673,meta-llama/Llama-3.1-8B-Instruct,1.0,0,logiqa,1.0
5,0.6875,0.5028315779709409,meta-llama/Llama-3.1-8B-Instruct,1.0,0,logiqa,1.0
6,0.25390625,0.7757645265618263,meta-llama/Llama-3.1-8B-Instruct,1.0,0,logiqa,1.0
7,1.609375,0.2000125828826258,meta-llama/Llama-3.1-8B-Instruct,0.0,0,logiqa,1.0
8,2.734375,0.0649345785355609,meta-llama/Llama-3.1-8B-Instruct,0.0,0,logiqa,1.0
9,1.671875,0.18789443308700168,meta-llama/Llama-3.1-8B-Instruct,0.0,0,logiqa,1.0
10,1.53125,0.2162651668298873,meta-llama/Llama-3.1-8B-Instruct,0.0,0,logiqa,1.0
11,0.8046875,0.4472276633691456,meta-llama/Llama-3.1-8B-Instruct,1.0,0,logiqa,1.0
12,2.046875,0.129137829405204,meta-llama/Llama-3.1-8B-Instruct,0.0,0,logiqa,1.0
13,7.0625,0.0008566338301859405,meta-llama/Llama-3.1-8B-Instruct,0.0,0,logiqa,1.0
14,1.1953125,0.30260937397538795,meta-llama/Llama-3.1-8B-Instruct,0.0,0,logiqa,1.0
15,2.03125,0.13117145431019428,meta-llama/Llama-3.1-8B-Instruct,0.0,0,logiqa,1.0
16,0.6015625,0.54795478749992,meta-llama/Llama-3.1-8B-Instruct,1.0,0,logiqa,1.0
17,3.375,0.03421811831166603,meta-llama/Llama-3.1-8B-Instruct,0.0,0,logiqa,1.0
18,0.08251953125,0.9207934534340386,meta-llama/Llama-3.1-8B-Instruct,1.0,0,logiqa,1.0
19,0.96875,0.3795571881830896,meta-llama/Llama-3.1-8B-Instruct,0.0,0,logiqa,1.0
20,0.466796875,0.6270074383640806,meta-llama/Llama-3.1-8B-Instruct,1.0,0,logiqa,1.0
21,1.78125,0.16842748127818424,meta-llama/Llama-3.1-8B-Instruct,0.0,0,logiqa,1.0
22,1.984375,0.13746650383851944,meta-llama/Llama-3.1-8B-Instruct,0.0,0,logiqa,1.0
23,0.6015625,0.54795478749992,meta-llama/Llama-3.1-8B-Instruct,1.0,0,logiqa,1.0
24,1.53125,0.2162651668298873,meta-llama/Llama-3.1-8B-Instruct,0.0,0,logiqa,1.0
25,2.03125,0.13117145431019428,meta-llama/Llama-3.1-8B-Instruct,0.0,0,logiqa,1.0
26,0.5625,0.569782824730923,meta-llama/Llama-3.1-8B-Instruct,1.0,0,logiqa,1.0
27,2.78125,0.061961007690531984,meta-llama/Llama-3.1-8B-Instruct,0.0,0,logiqa,1.0
28,1.3046875,0.27125728970502744,meta-llama/Llama-3.1-8B-Instruct,0.0,0,logiqa,1.0
29,1.15625,0.314663961018459,meta-llama/Llama-3.1-8B-Instruct,0.0,0,logiqa,1.0
30,2.46875,0.0846906561847805,meta-llama/Llama-3.1-8B-Instruct,0.0,0,logiqa,1.0
31,2.03125,0.13117145431019428,meta-llama/Llama-3.1-8B-Instruct,0.0,0,logiqa,1.0
32,1.953125,0.14183015908734253,meta-llama/Llama-3.1-8B-Instruct,0.0,0,logiqa,1.0
33,4.46875,0.011461633942261852,meta-llama/Llama-3.1-8B-Instruct,0.0,0,logiqa,1.0
34,1.8203125,0.1619751257973035,meta-llama/Llama-3.1-8B-Instruct,0.0,0,logiqa,1.0
35,1.78125,0.16842748127818424,meta-llama/Llama-3.1-8B-Instruct,0.0,0,logiqa,1.0
36,4.78125,0.008385510525424083,meta-llama/Llama-3.1-8B-Instruct,0.0,0,logiqa,1.0
37,1.65625,0.19085333986431632,meta-llama/Llama-3.1-8B-Instruct,0.0,0,logiqa,1.0
38,2.25,0.10539922456186433,meta-llama/Llama-3.1-8B-Instruct,0.0,0,logiqa,1.0
1,8.0625,0.000315137974737356,meta-llama/Llama-3.1-8B-Instruct,0.0,0,logiqa,1.0
2,0.8828125,0.41361797370441067,meta-llama/Llama-3.1-8B-Instruct,1.0,0,logiqa,1.0
3,0.75390625,0.47052497007720323,meta-llama/Llama-3.1-8B-Instruct,1.0,0,logiqa,1.0
4,6.25,0.0019304541362277093,meta-llama/Llama-3.1-8B-Instruct,0.0,0,logiqa,1.0
5,2.578125,0.0759162135601666,meta-llama/Llama-3.1-8B-Instruct,0.0,0,logiqa,1.0
6,5.21875,0.0054140925140856375,meta-llama/Llama-3.1-8B-Instruct,0.0,0,logiqa,1.0
7,0.390625,0.676633846161729,meta-llama/Llama-3.1-8B-Instruct,1.0,0,logiqa,1.0
8,1.703125,0.18211352912101367,meta-llama/Llama-3.1-8B-Instruct,0.0,0,logiqa,1.0
9,3.21875,0.04000503331137926,meta-llama/Llama-3.1-8B-Instruct,0.0,0,logiqa,1.0
10,0.53515625,0.5855777864671197,meta-llama/Llama-3.1-8B-Instruct,1.0,0,logiqa,1.0
11,1.40625,0.2450605392455259,meta-llama/Llama-3.1-8B-Instruct,0.0,0,logiqa,1.0
12,3.953125,0.019194624751579337,meta-llama/Llama-3.1-8B-Instruct,0.0,0,logiqa,1.0
13,0.87890625,0.4152368286818413,meta-llama/Llama-3.1-8B-Instruct,1.0,0,logiqa,1.0
14,3.28125,0.037581250870997916,meta-llama/Llama-3.1-8B-Instruct,0.0,0,logiqa,1.0
15,1.984375,0.13746650383851944,meta-llama/Llama-3.1-8B-Instruct,0.0,0,logiqa,1.0
16,6.28125,0.0018710603064642196,meta-llama/Llama-3.1-8B-Instruct,0.0,0,logiqa,1.0
17,1.640625,0.19385884264329528,meta-llama/Llama-3.1-8B-Instruct,0.0,0,logiqa,1.0
18,2.1875,0.11219689052034373,meta-llama/Llama-3.1-8B-Instruct,0.0,0,logiqa,1.0
19,3.84375,0.021413151278198653,meta-llama/Llama-3.1-8B-Instruct,0.0,0,logiqa,1.0
20,2.234375,0.10705902083552722,meta-llama/Llama-3.1-8B-Instruct,0.0,0,logiqa,1.0
21,2.640625,0.07131668269775804,meta-llama/Llama-3.1-8B-Instruct,0.0,0,logiqa,1.0
22,2.421875,0.08875504563653425,meta-llama/Llama-3.1-8B-Instruct,0.0,0,logiqa,1.0
23,3.0,0.049787068367863944,meta-llama/Llama-3.1-8B-Instruct,0.0,0,logiqa,1.0
24,1.5234375,0.21796135555570278,meta-llama/Llama-3.1-8B-Instruct,0.0,0,logiqa,1.0
25,1.078125,0.34023286457404905,meta-llama/Llama-3.1-8B-Instruct,1.0,0,logiqa,1.0
26,1.5859375,0.20475574459755974,meta-llama/Llama-3.1-8B-Instruct,0.0,0,logiqa,1.0
27,1.4296875,0.23938371796817895,meta-llama/Llama-3.1-8B-Instruct,0.0,0,logiqa,1.0
28,5.625,0.0036065631360157305,meta-llama/Llama-3.1-8B-Instruct,0.0,0,logiqa,1.0
29,1.28125,0.27768997095378994,meta-llama/Llama-3.1-8B-Instruct,0.0,0,logiqa,1.0
30,2.625,0.07243975703425146,meta-llama/Llama-3.1-8B-Instruct,0.0,0,logiqa,1.0
31,2.15625,0.11575840213626322,meta-llama/Llama-3.1-8B-Instruct,0.0,0,logiqa,1.0
32,2.671875,0.06912249904327114,meta-llama/Llama-3.1-8B-Instruct,0.0,0,logiqa,1.0
33,1.9375,0.14406365910145327,meta-llama/Llama-3.1-8B-Instruct,0.0,0,logiqa,1.0
34,1.25,0.2865047968601901,meta-llama/Llama-3.1-8B-Instruct,0.0,0,logiqa,1.0
35,3.53125,0.029268307607136092,meta-llama/Llama-3.1-8B-Instruct,0.0,0,logiqa,1.0
36,1.8359375,0.15946393423094812,meta-llama/Llama-3.1-8B-Instruct,0.0,0,logiqa,1.0
37,1.421875,0.2412612277378443,meta-llama/Llama-3.1-8B-Instruct,0.0,0,logiqa,1.0
38,4.21875,0.014717029298635137,meta-llama/Llama-3.1-8B-Instruct,0.0,0,logiqa,1.0
39,1.4296875,0.23938371796817895,meta-llama/Llama-3.1-8B-Instruct,0.0,0,logiqa,1.0
40,0.11083984375,0.8950820904412523,meta-llama/Llama-3.1-8B-Instruct,1.0,0,logiqa,1.0
1,13.75,1.0677040100347827e-06,meta-llama/Llama-3.1-8B-Instruct,0.0,0,logiqa,1.0
2,3.65625,0.025829190807190754,meta-llama/Llama-3.1-8B-Instruct,0.0,0,logiqa,1.0
3,4.625,0.009803655035821828,meta-llama/Llama-3.1-8B-Instruct,0.0,0,logiqa,1.0
4,3.796875,0.022440789864373145,meta-llama/Llama-3.1-8B-Instruct,0.0,0,logiqa,1.0
5,0.007781982421875,0.9922482188107336,meta-llama/Llama-3.1-8B-Instruct,1.0,0,logiqa,1.0
6,3.46875,0.031155951269699805,meta-llama/Llama-3.1-8B-Instruct,0.0,0,logiqa,1.0
7,0.294921875,0.7445897562683694,meta-llama/Llama-3.1-8B-Instruct,1.0,0,logiqa,1.0
8,1.203125,0.30025444914408245,meta-llama/Llama-3.1-8B-Instruct,0.0,0,logiqa,1.0
9,1.484375,0.22664394888734782,meta-llama/Llama-3.1-8B-Instruct,0.0,0,logiqa,1.0
10,0.345703125,0.7077225610574206,meta-llama/Llama-3.1-8B-Instruct,1.0,0,logiqa,1.0
11,2.0,0.1353352832366127,meta-llama/Llama-3.1-8B-Instruct,0.0,0,logiqa,1.0
12,2.71875,0.06595714935553817,meta-llama/Llama-3.1-8B-Instruct,0.0,0,logiqa,1.0
13,2.15625,0.11575840213626322,meta-llama/Llama-3.1-8B-Instruct,0.0,0,logiqa,1.0
14,1.6328125,0.19537929639047613,meta-llama/Llama-3.1-8B-Instruct,0.0,0,logiqa,1.0
15,0.859375,0.4234266412852628,meta-llama/Llama-3.1-8B-Instruct,1.0,0,logiqa,1.0
16,0.1650390625,0.847860583886983,meta-llama/Llama-3.1-8B-Instruct,1.0,0,logiqa,1.0
17,1.03125,0.356560980663947,meta-llama/Llama-3.1-8B-Instruct,0.0,0,logiqa,1.0
18,4.4375,0.011825465259096618,meta-llama/Llama-3.1-8B-Instruct,0.0,0,logiqa,1.0
19,1.3046875,0.27125728970502744,meta-llama/Llama-3.1-8B-Instruct,0.0,0,logiqa,1.0
20,2.953125,0.05217639966630833,meta-llama/Llama-3.1-8B-Instruct,0.0,0,logiqa,1.0
21,1.265625,0.28206295169381546,meta-llama/Llama-3.1-8B-Instruct,0.0,0,logiqa,1.0
22,3.0625,0.04677062238395898,meta-llama/Llama-3.1-8B-Instruct,0.0,0,logiqa,1.0
23,0.66015625,0.5167705827795767,meta-llama/Llama-3.1-8B-Instruct,1.0,0,logiqa,1.0
24,1.1015625,0.3323513787550223,meta-llama/Llama-3.1-8B-Instruct,0.0,0,logiqa,1.0
25,3.46875,0.031155951269699805,meta-llama/Llama-3.1-8B-Instruct,0.0,0,logiqa,1.0
26,4.59375,0.010114856452604551,meta-llama/Llama-3.1-8B-Instruct,0.0,0,logiqa,1.0
27,0.72265625,0.485461035940867,meta-llama/Llama-3.1-8B-Instruct,1.0,0,logiqa,1.0
28,3.078125,0.04604551109353302,meta-llama/Llama-3.1-8B-Instruct,0.0,0,logiqa,1.0
29,3.203125,0.040635020917967515,meta-llama/Llama-3.1-8B-Instruct,0.0,0,logiqa,1.0
30,0.87890625,0.4152368286818413,meta-llama/Llama-3.1-8B-Instruct,0.0,0,logiqa,1.0
31,0.66015625,0.5167705827795767,meta-llama/Llama-3.1-8B-Instruct,1.0,0,logiqa,1.0
32,1.5546875,0.21125538963610227,meta-llama/Llama-3.1-8B-Instruct,0.0,0,logiqa,1.0
33,1.5,0.22313016014842982,meta-llama/Llama-3.1-8B-Instruct,0.0,0,logiqa,1.0
34,0.81640625,0.44201730327044453,meta-llama/Llama-3.1-8B-Instruct,1.0,0,logiqa,1.0
35,2.15625,0.11575840213626322,meta-llama/Llama-3.1-8B-Instruct,0.0,0,logiqa,1.0
36,3.125,0.04393693362340742,meta-llama/Llama-3.1-8B-Instruct,0.0,0,logiqa,1.0
37,3.828125,0.021750359344450344,meta-llama/Llama-3.1-8B-Instruct,0.0,0,logiqa,1.0
38,1.546875,0.21291228619240427,meta-llama/Llama-3.1-8B-Instruct,0.0,0,logiqa,1.0
39,1.234375,0.29101659090983195,meta-llama/Llama-3.1-8B-Instruct,0.0,0,logiqa,1.0
40,1.3671875,0.2548226413322821,meta-llama/Llama-3.1-8B-Instruct,0.0,0,logiqa,1.0
1,6.375,0.001703619795802574,meta-llama/Llama-3.1-8B-Instruct,0.0,0,logiqa,1.0
2,5.03125,0.006530642163653784,meta-llama/Llama-3.1-8B-Instruct,0.0,0,logiqa,1.0
3,5.84375,0.00289795489322345,meta-llama/Llama-3.1-8B-Instruct,0.0,0,logiqa,1.0
4,1.7890625,0.16711676822020574,meta-llama/Llama-3.1-8B-Instruct,0.0,0,logiqa,1.0
5,4.125,0.016163494588165874,meta-llama/Llama-3.1-8B-Instruct,0.0,0,logiqa,1.0
6,1.9140625,0.1474800303242793,meta-llama/Llama-3.1-8B-Instruct,0.0,0,logiqa,1.0
7,2.65625,0.07021102001498804,meta-llama/Llama-3.1-8B-Instruct,0.0,0,logiqa,1.0
8,4.4375,0.011825465259096618,meta-llama/Llama-3.1-8B-Instruct,0.0,0,logiqa,1.0
9,1.828125,0.16071462536804407,meta-llama/Llama-3.1-8B-Instruct,0.0,0,logiqa,1.0
10,1.34375,0.26086558612628497,meta-llama/Llama-3.1-8B-Instruct,0.0,0,logiqa,1.0
11,5.875,0.0028087941945255128,meta-llama/Llama-3.1-8B-Instruct,0.0,0,logiqa,1.0
12,1.71875,0.17929012055011864,meta-llama/Llama-3.1-8B-Instruct,0.0,0,logiqa,1.0
13,0.259765625,0.7712323221982079,meta-llama/Llama-3.1-8B-Instruct,1.0,0,logiqa,1.0
14,1.421875,0.2412612277378443,meta-llama/Llama-3.1-8B-Instruct,0.0,0,logiqa,1.0
15,4.65625,0.00950202828005989,meta-llama/Llama-3.1-8B-Instruct,0.0,0,logiqa,1.0
16,2.09375,0.12322417764723749,meta-llama/Llama-3.1-8B-Instruct,0.0,0,logiqa,1.0
17,0.51953125,0.5947992948032403,meta-llama/Llama-3.1-8B-Instruct,1.0,0,logiqa,1.0
18,2.265625,0.10376516104428837,meta-llama/Llama-3.1-8B-Instruct,0.0,0,logiqa,1.0
19,1.0625,0.3455907525769745,meta-llama/Llama-3.1-8B-Instruct,0.0,0,logiqa,1.0
20,1.25,0.2865047968601901,meta-llama/Llama-3.1-8B-Instruct,0.0,0,logiqa,1.0
21,3.1875,0.04127492938579755,meta-llama/Llama-3.1-8B-Instruct,0.0,0,logiqa,1.0
22,3.046875,0.04750715251567949,meta-llama/Llama-3.1-8B-Instruct,0.0,0,logiqa,1.0
23,0.8125,0.44374731008107987,meta-llama/Llama-3.1-8B-Instruct,1.0,0,logiqa,1.0
24,1.84375,0.15822297604949842,meta-llama/Llama-3.1-8B-Instruct,0.0,0,logiqa,1.0
25,3.34375,0.03530431798508576,meta-llama/Llama-3.1-8B-Instruct,0.0,0,logiqa,1.0
26,4.25,0.014264233908999256,meta-llama/Llama-3.1-8B-Instruct,0.0,0,logiqa,1.0
27,4.65625,0.00950202828005989,meta-llama/Llama-3.1-8B-Instruct,0.0,0,logiqa,1.0
28,2.78125,0.061961007690531984,meta-llama/Llama-3.1-8B-Instruct,0.0,0,logiqa,1.0
29,2.078125,0.1251646760876602,meta-llama/Llama-3.1-8B-Instruct,0.0,0,logiqa,1.0
30,4.71875,0.008926329489511324,meta-llama/Llama-3.1-8B-Instruct,0.0,0,logiqa,1.0
31,1.3359375,0.26291158027609046,meta-llama/Llama-3.1-8B-Instruct,0.0,0,logiqa,1.0
32,4.6875,0.00920968160396814,meta-llama/Llama-3.1-8B-Instruct,0.0,0,logiqa,1.0
33,0.283203125,0.7533667446967807,meta-llama/Llama-3.1-8B-Instruct,1.0,0,logiqa,1.0
34,2.09375,0.12322417764723749,meta-llama/Llama-3.1-8B-Instruct,0.0,0,logiqa,1.0
35,3.171875,0.04192491494570112,meta-llama/Llama-3.1-8B-Instruct,0.0,0,logiqa,1.0
36,3.46875,0.031155951269699805,meta-llama/Llama-3.1-8B-Instruct,0.0,0,logiqa,1.0
37,2.28125,0.1021564313333943,meta-llama/Llama-3.1-8B-Instruct,0.0,0,logiqa,1.0
38,2.671875,0.06912249904327114,meta-llama/Llama-3.1-8B-Instruct,0.0,0,logiqa,1.0
39,3.15625,0.04258513628878761,meta-llama/Llama-3.1-8B-Instruct,0.0,0,logiqa,1.0
1,13.8125,1.0030150942450052e-06,meta-llama/Llama-3.1-8B-Instruct,0.0,0,logiqa,1.0
2,5.5625,0.0038391664740261636,meta-llama/Llama-3.1-8B-Instruct,0.0,0,logiqa,1.0
3,5.0,0.006737946999085467,meta-llama/Llama-3.1-8B-Instruct,0.0,0,logiqa,1.0
4,2.734375,0.0649345785355609,meta-llama/Llama-3.1-8B-Instruct,0.0,0,logiqa,1.0
5,1.2265625,0.29329906232102687,meta-llama/Llama-3.1-8B-Instruct,1.0,0,logiqa,1.0
6,2.0625,0.1271357329320356,meta-llama/Llama-3.1-8B-Instruct,0.0,0,logiqa,1.0
7,1.5234375,0.21796135555570278,meta-llama/Llama-3.1-8B-Instruct,0.0,0,logiqa,1.0
8,1.2421875,0.2887518818320782,meta-llama/Llama-3.1-8B-Instruct,1.0,0,logiqa,1.0
9,2.265625,0.10376516104428837,meta-llama/Llama-3.1-8B-Instruct,0.0,0,logiqa,1.0
10,0.6796875,0.5067753349154387,meta-llama/Llama-3.1-8B-Instruct,1.0,0,logiqa,1.0
11,3.671875,0.025428746320412147,meta-llama/Llama-3.1-8B-Instruct,0.0,0,logiqa,1.0
12,1.859375,0.15576995617312325,meta-llama/Llama-3.1-8B-Instruct,0.0,0,logiqa,1.0
13,3.015625,0.049015191417106724,meta-llama/Llama-3.1-8B-Instruct,0.0,0,logiqa,1.0
14,1.171875,0.30978554847668166,meta-llama/Llama-3.1-8B-Instruct,0.0,0,logiqa,1.0
15,1.34375,0.26086558612628497,meta-llama/Llama-3.1-8B-Instruct,0.0,0,logiqa,1.0
16,3.671875,0.025428746320412147,meta-llama/Llama-3.1-8B-Instruct,0.0,0,logiqa,1.0
17,3.96875,0.018897039677585683,meta-llama/Llama-3.1-8B-Instruct,0.0,0,logiqa,1.0
18,1.3125,0.26914634872918386,meta-llama/Llama-3.1-8B-Instruct,0.0,0,logiqa,1.0
19,1.4453125,0.23567241741677974,meta-llama/Llama-3.1-8B-Instruct,0.0,0,logiqa,1.0
20,2.265625,0.10376516104428837,meta-llama/Llama-3.1-8B-Instruct,0.0,0,logiqa,1.0
21,2.671875,0.06912249904327114,meta-llama/Llama-3.1-8B-Instruct,0.0,0,logiqa,1.0
22,1.4375,0.23752081909545814,meta-llama/Llama-3.1-8B-Instruct,0.0,0,logiqa,1.0
23,3.515625,0.02972921638615875,meta-llama/Llama-3.1-8B-Instruct,0.0,0,logiqa,1.0
24,3.984375,0.018604068232532935,meta-llama/Llama-3.1-8B-Instruct,0.0,0,logiqa,1.0
25,3.109375,0.04462883965030139,meta-llama/Llama-3.1-8B-Instruct,0.0,0,logiqa,1.0
26,0.3515625,0.7035878743456275,meta-llama/Llama-3.1-8B-Instruct,1.0,0,logiqa,1.0
27,4.3125,0.013400007665140828,meta-llama/Llama-3.1-8B-Instruct,0.0,0,logiqa,1.0
28,1.6171875,0.19845607261390505,meta-llama/Llama-3.1-8B-Instruct,0.0,0,logiqa,1.0
29,2.03125,0.13117145431019428,meta-llama/Llama-3.1-8B-Instruct,0.0,0,logiqa,1.0
30,2.59375,0.0747392417609257,meta-llama/Llama-3.1-8B-Instruct,0.0,0,logiqa,1.0
31,0.91015625,0.4024613345370006,meta-llama/Llama-3.1-8B-Instruct,1.0,0,logiqa,1.0
32,2.140625,0.11758133171956547,meta-llama/Llama-3.1-8B-Instruct,0.0,0,logiqa,1.0
33,1.234375,0.29101659090983195,meta-llama/Llama-3.1-8B-Instruct,0.0,0,logiqa,1.0
34,1.46875,0.23021307174736147,meta-llama/Llama-3.1-8B-Instruct,0.0,0,logiqa,1.0
35,1.296875,0.27338478699614155,meta-llama/Llama-3.1-8B-Instruct,0.0,0,logiqa,1.0
36,1.5078125,0.221393747466153,meta-llama/Llama-3.1-8B-Instruct,0.0,0,logiqa,1.0
37,5.375,0.004630918733533246,meta-llama/Llama-3.1-8B-Instruct,0.0,0,logiqa,1.0
38,3.296875,0.03699860758070385,meta-llama/Llama-3.1-8B-Instruct,0.0,0,logiqa,1.0
1,9.375,8.481823524646916e-05,meta-llama/Llama-3.1-8B-Instruct,0.0,0,logiqa,1.0
2,1.4921875,0.22488019168416426,meta-llama/Llama-3.1-8B-Instruct,0.0,0,logiqa,1.0
3,1.1171875,0.3271987482181544,meta-llama/Llama-3.1-8B-Instruct,0.0,0,logiqa,1.0
4,1.703125,0.18211352912101367,meta-llama/Llama-3.1-8B-Instruct,0.0,0,logiqa,1.0
5,3.15625,0.04258513628878761,meta-llama/Llama-3.1-8B-Instruct,0.0,0,logiqa,1.0
6,7.125,0.0008047330101246132,meta-llama/Llama-3.1-8B-Instruct,0.0,0,logiqa,1.0
7,0.8984375,0.407205421393389,meta-llama/Llama-3.1-8B-Instruct,1.0,0,logiqa,1.0
8,2.96875,0.05136747956725073,meta-llama/Llama-3.1-8B-Instruct,0.0,0,logiqa,1.0
9,2.125,0.11943296826671962,meta-llama/Llama-3.1-8B-Instruct,0.0,0,logiqa,1.0
10,1.6171875,0.19845607261390505,meta-llama/Llama-3.1-8B-Instruct,0.0,0,logiqa,1.0
11,4.71875,0.008926329489511324,meta-llama/Llama-3.1-8B-Instruct,0.0,0,logiqa,1.0
12,1.3203125,0.26705183522634335,meta-llama/Llama-3.1-8B-Instruct,0.0,0,logiqa,1.0
13,3.875,0.020754337873699742,meta-llama/Llama-3.1-8B-Instruct,0.0,0,logiqa,1.0
14,7.125,0.0008047330101246132,meta-llama/Llama-3.1-8B-Instruct,0.0,0,logiqa,1.0
15,0.451171875,0.6368813687851224,meta-llama/Llama-3.1-8B-Instruct,1.0,0,logiqa,1.0
16,1.3984375,0.24698257287629313,meta-llama/Llama-3.1-8B-Instruct,0.0,0,logiqa,1.0
17,2.5,0.0820849986238988,meta-llama/Llama-3.1-8B-Instruct,0.0,0,logiqa,1.0
18,2.53125,0.07955950871822769,meta-llama/Llama-3.1-8B-Instruct,0.0,0,logiqa,1.0
19,1.234375,0.29101659090983195,meta-llama/Llama-3.1-8B-Instruct,0.0,0,logiqa,1.0
20,4.0625,0.017205950425851383,meta-llama/Llama-3.1-8B-Instruct,0.0,0,logiqa,1.0
21,1.3203125,0.26705183522634335,meta-llama/Llama-3.1-8B-Instruct,0.0,0,logiqa,1.0
22,2.625,0.07243975703425146,meta-llama/Llama-3.1-8B-Instruct,0.0,0,logiqa,1.0
23,1.28125,0.27768997095378994,meta-llama/Llama-3.1-8B-Instruct,0.0,0,logiqa,1.0
24,4.25,0.014264233908999256,meta-llama/Llama-3.1-8B-Instruct,0.0,0,logiqa,1.0
25,2.625,0.07243975703425146,meta-llama/Llama-3.1-8B-Instruct,0.0,0,logiqa,1.0
26,2.265625,0.10376516104428837,meta-llama/Llama-3.1-8B-Instruct,0.0,0,logiqa,1.0
27,1.671875,0.18789443308700168,meta-llama/Llama-3.1-8B-Instruct,0.0,0,logiqa,1.0
28,1.2734375,0.27986792038923625,meta-llama/Llama-3.1-8B-Instruct,0.0,0,logiqa,1.0
29,2.28125,0.1021564313333943,meta-llama/Llama-3.1-8B-Instruct,0.0,0,logiqa,1.0
30,3.21875,0.04000503331137926,meta-llama/Llama-3.1-8B-Instruct,0.0,0,logiqa,1.0
31,1.0703125,0.34290134400373157,meta-llama/Llama-3.1-8B-Instruct,1.0,0,logiqa,1.0
32,0.69921875,0.49697341264527733,meta-llama/Llama-3.1-8B-Instruct,1.0,0,logiqa,1.0
33,2.078125,0.1251646760876602,meta-llama/Llama-3.1-8B-Instruct,0.0,0,logiqa,1.0
34,2.125,0.11943296826671962,meta-llama/Llama-3.1-8B-Instruct,0.0,0,logiqa,1.0
35,1.9453125,0.14294254681187055,meta-llama/Llama-3.1-8B-Instruct,0.0,0,logiqa,1.0
36,1.4765625,0.2284215394097245,meta-llama/Llama-3.1-8B-Instruct,0.0,0,logiqa,1.0
37,0.63671875,0.5290254439903966,meta-llama/Llama-3.1-8B-Instruct,1.0,0,logiqa,1.0
38,3.96875,0.018897039677585683,meta-llama/Llama-3.1-8B-Instruct,0.0,0,logiqa,1.0
39,1.1796875,0.30737477821235176,meta-llama/Llama-3.1-8B-Instruct,0.0,0,logiqa,1.0
1,14.125,7.338215190190347e-07,meta-llama/Llama-3.1-8B-Instruct,0.0,0,logiqa,1.0
2,9.875,5.144486017970228e-05,meta-llama/Llama-3.1-8B-Instruct,0.0,0,logiqa,1.0
3,1.0,0.36787944117144233,meta-llama/Llama-3.1-8B-Instruct,1.0,0,logiqa,1.0
4,6.875,0.001033297638647637,meta-llama/Llama-3.1-8B-Instruct,0.0,0,logiqa,1.0
5,3.203125,0.040635020917967515,meta-llama/Llama-3.1-8B-Instruct,0.0,0,logiqa,1.0
6,1.59375,0.20316232275153173,meta-llama/Llama-3.1-8B-Instruct,0.0,0,logiqa,1.0
7,0.75390625,0.47052497007720323,meta-llama/Llama-3.1-8B-Instruct,1.0,0,logiqa,1.0
8,1.390625,0.2489196812036605,meta-llama/Llama-3.1-8B-Instruct,0.0,0,logiqa,1.0
9,0.271484375,0.76224719348739,meta-llama/Llama-3.1-8B-Instruct,1.0,0,logiqa,1.0
10,3.09375,0.045331641611676264,meta-llama/Llama-3.1-8B-Instruct,0.0,0,logiqa,1.0
11,2.578125,0.0759162135601666,meta-llama/Llama-3.1-8B-Instruct,0.0,0,logiqa,1.0
12,2.15625,0.11575840213626322,meta-llama/Llama-3.1-8B-Instruct,0.0,0,logiqa,1.0
13,1.4921875,0.22488019168416426,meta-llama/Llama-3.1-8B-Instruct,0.0,0,logiqa,1.0
14,1.2890625,0.2755289704553164,meta-llama/Llama-3.1-8B-Instruct,0.0,0,logiqa,1.0
15,1.953125,0.14183015908734253,meta-llama/Llama-3.1-8B-Instruct,0.0,0,logiqa,1.0
16,1.234375,0.29101659090983195,meta-llama/Llama-3.1-8B-Instruct,0.0,0,logiqa,1.0
17,0.9140625,0.4008922864910774,meta-llama/Llama-3.1-8B-Instruct,0.0,0,logiqa,1.0
18,2.640625,0.07131668269775804,meta-llama/Llama-3.1-8B-Instruct,0.0,0,logiqa,1.0
19,2.875,0.05641613950377735,meta-llama/Llama-3.1-8B-Instruct,0.0,0,logiqa,1.0
20,2.828125,0.059123606568473756,meta-llama/Llama-3.1-8B-Instruct,0.0,0,logiqa,1.0
21,5.6875,0.0033880525218347116,meta-llama/Llama-3.1-8B-Instruct,0.0,0,logiqa,1.0
22,1.59375,0.20316232275153173,meta-llama/Llama-3.1-8B-Instruct,0.0,0,logiqa,1.0
23,2.1875,0.11219689052034373,meta-llama/Llama-3.1-8B-Instruct,0.0,0,logiqa,1.0
24,0.25390625,0.7757645265618263,meta-llama/Llama-3.1-8B-Instruct,1.0,0,logiqa,1.0
25,1.9375,0.14406365910145327,meta-llama/Llama-3.1-8B-Instruct,0.0,0,logiqa,1.0
26,2.1875,0.11219689052034373,meta-llama/Llama-3.1-8B-Instruct,0.0,0,logiqa,1.0
27,1.71875,0.17929012055011864,meta-llama/Llama-3.1-8B-Instruct,0.0,0,logiqa,1.0
28,1.0859375,0.3375851514160396,meta-llama/Llama-3.1-8B-Instruct,0.0,0,logiqa,1.0
29,0.76171875,0.46686331570996537,meta-llama/Llama-3.1-8B-Instruct,1.0,0,logiqa,1.0
30,1.8984375,0.14980250286418162,meta-llama/Llama-3.1-8B-Instruct,0.0,0,logiqa,1.0
31,4.84375,0.007877458125943277,meta-llama/Llama-3.1-8B-Instruct,0.0,0,logiqa,1.0
32,0.30078125,0.7402396824677261,meta-llama/Llama-3.1-8B-Instruct,1.0,0,logiqa,1.0
33,1.4453125,0.23567241741677974,meta-llama/Llama-3.1-8B-Instruct,0.0,0,logiqa,1.0
34,2.109375,0.1213137638466268,meta-llama/Llama-3.1-8B-Instruct,0.0,0,logiqa,1.0
35,1.1640625,0.31221522664653706,meta-llama/Llama-3.1-8B-Instruct,0.0,0,logiqa,1.0
36,1.0078125,0.36501658064745907,meta-llama/Llama-3.1-8B-Instruct,1.0,0,logiqa,1.0
37,1.828125,0.16071462536804407,meta-llama/Llama-3.1-8B-Instruct,0.0,0,logiqa,1.0
38,0.97265625,0.3780774349414026,meta-llama/Llama-3.1-8B-Instruct,1.0,0,logiqa,1.0
39,2.65625,0.07021102001498804,meta-llama/Llama-3.1-8B-Instruct,0.0,0,logiqa,1.0
1,6.40625,0.0016512049250036575,meta-llama/Llama-3.1-8B-Instruct,0.0,0,logiqa,1.0
2,0.87890625,0.4152368286818413,meta-llama/Llama-3.1-8B-Instruct,0.0,0,logiqa,1.0
3,0.138671875,0.870513618882206,meta-llama/Llama-3.1-8B-Instruct,1.0,0,logiqa,1.0
4,2.734375,0.0649345785355609,meta-llama/Llama-3.1-8B-Instruct,0.0,0,logiqa,1.0
5,1.7734375,0.16974847438608623,meta-llama/Llama-3.1-8B-Instruct,0.0,0,logiqa,1.0
6,1.3515625,0.25883551402927246,meta-llama/Llama-3.1-8B-Instruct,0.0,0,logiqa,1.0
7,0.59765625,0.5500994219006123,meta-llama/Llama-3.1-8B-Instruct,1.0,0,logiqa,1.0
8,1.84375,0.15822297604949842,meta-llama/Llama-3.1-8B-Instruct,0.0,0,logiqa,1.0
9,1.8125,0.1632455124539584,meta-llama/Llama-3.1-8B-Instruct,0.0,0,logiqa,1.0
10,3.65625,0.025829190807190754,meta-llama/Llama-3.1-8B-Instruct,0.0,0,logiqa,1.0
11,4.9375,0.007172507245008699,meta-llama/Llama-3.1-8B-Instruct,0.0,0,logiqa,1.0
12,2.671875,0.06912249904327114,meta-llama/Llama-3.1-8B-Instruct,0.0,0,logiqa,1.0
13,1.5078125,0.221393747466153,meta-llama/Llama-3.1-8B-Instruct,0.0,0,logiqa,1.0
14,1.546875,0.21291228619240427,meta-llama/Llama-3.1-8B-Instruct,0.0,0,logiqa,1.0
15,1.84375,0.15822297604949842,meta-llama/Llama-3.1-8B-Instruct,0.0,0,logiqa,1.0
16,7.375,0.0006267266984484576,meta-llama/Llama-3.1-8B-Instruct,0.0,0,logiqa,1.0
17,3.921875,0.019803927546861083,meta-llama/Llama-3.1-8B-Instruct,0.0,0,logiqa,1.0
18,2.21875,0.10874495509722103,meta-llama/Llama-3.1-8B-Instruct,0.0,0,logiqa,1.0
19,2.984375,0.050571100611906464,meta-llama/Llama-3.1-8B-Instruct,0.0,0,logiqa,1.0
20,1.28125,0.27768997095378994,meta-llama/Llama-3.1-8B-Instruct,0.0,0,logiqa,1.0
21,3.875,0.020754337873699742,meta-llama/Llama-3.1-8B-Instruct,0.0,0,logiqa,1.0
22,0.6484375,0.5228621108821537,meta-llama/Llama-3.1-8B-Instruct,1.0,0,logiqa,1.0
23,2.71875,0.06595714935553817,meta-llama/Llama-3.1-8B-Instruct,0.0,0,logiqa,1.0
24,5.78125,0.0030848569260302594,meta-llama/Llama-3.1-8B-Instruct,0.0,0,logiqa,1.0
25,1.4296875,0.23938371796817895,meta-llama/Llama-3.1-8B-Instruct,0.0,0,logiqa,1.0
26,2.71875,0.06595714935553817,meta-llama/Llama-3.1-8B-Instruct,0.0,0,logiqa,1.0
27,0.8984375,0.407205421393389,meta-llama/Llama-3.1-8B-Instruct,1.0,0,logiqa,1.0
28,1.5703125,0.207980178394932,meta-llama/Llama-3.1-8B-Instruct,1.0,0,logiqa,1.0
29,1.5234375,0.21796135555570278,meta-llama/Llama-3.1-8B-Instruct,0.0,0,logiqa,1.0
30,3.125,0.04393693362340742,meta-llama/Llama-3.1-8B-Instruct,0.0,0,logiqa,1.0
31,1.90625,0.1486367305381225,meta-llama/Llama-3.1-8B-Instruct,0.0,0,logiqa,1.0
32,0.59765625,0.5500994219006123,meta-llama/Llama-3.1-8B-Instruct,1.0,0,logiqa,1.0
33,1.9375,0.14406365910145327,meta-llama/Llama-3.1-8B-Instruct,0.0,0,logiqa,1.0
34,1.5625,0.2096113871510978,meta-llama/Llama-3.1-8B-Instruct,0.0,0,logiqa,1.0
35,4.375,0.012588142242433998,meta-llama/Llama-3.1-8B-Instruct,0.0,0,logiqa,1.0
36,4.0625,0.017205950425851383,meta-llama/Llama-3.1-8B-Instruct,0.0,0,logiqa,1.0
37,0.98828125,0.372215887611955,meta-llama/Llama-3.1-8B-Instruct,0.0,0,logiqa,1.0
38,1.28125,0.27768997095378994,meta-llama/Llama-3.1-8B-Instruct,0.0,0,logiqa,1.0
39,2.1875,0.11219689052034373,meta-llama/Llama-3.1-8B-Instruct,0.0,0,logiqa,1.0
40,1.7265625,0.17789487376266921,meta-llama/Llama-3.1-8B-Instruct,0.0,0,logiqa,1.0
1,7.9375,0.0003570981085762476,meta-llama/Llama-3.1-8B-Instruct,0.0,0,logiqa,1.0
2,2.1875,0.11219689052034373,meta-llama/Llama-3.1-8B-Instruct,0.0,0,logiqa,1.0
3,1.6875,0.18498139990730428,meta-llama/Llama-3.1-8B-Instruct,0.0,0,logiqa,1.0
4,0.81640625,0.44201730327044453,meta-llama/Llama-3.1-8B-Instruct,1.0,0,logiqa,1.0
5,0.5703125,0.5653487396106142,meta-llama/Llama-3.1-8B-Instruct,1.0,0,logiqa,1.0
6,4.53125,0.010767208646547101,meta-llama/Llama-3.1-8B-Instruct,0.0,0,logiqa,1.0
7,3.859375,0.02108117113844438,meta-llama/Llama-3.1-8B-Instruct,0.0,0,logiqa,1.0
8,0.76953125,0.463230156563083,meta-llama/Llama-3.1-8B-Instruct,1.0,0,logiqa,1.0
9,1.1796875,0.30737477821235176,meta-llama/Llama-3.1-8B-Instruct,0.0,0,logiqa,1.0
10,1.59375,0.20316232275153173,meta-llama/Llama-3.1-8B-Instruct,0.0,0,logiqa,1.0
11,2.359375,0.09447925428109244,meta-llama/Llama-3.1-8B-Instruct,0.0,0,logiqa,1.0
12,1.3203125,0.26705183522634335,meta-llama/Llama-3.1-8B-Instruct,0.0,0,logiqa,1.0
13,0.8828125,0.41361797370441067,meta-llama/Llama-3.1-8B-Instruct,1.0,0,logiqa,1.0
14,2.109375,0.1213137638466268,meta-llama/Llama-3.1-8B-Instruct,0.0,0,logiqa,1.0
15,2.203125,0.1104574389603643,meta-llama/Llama-3.1-8B-Instruct,0.0,0,logiqa,1.0
16,6.03125,0.002402488989655613,meta-llama/Llama-3.1-8B-Instruct,0.0,0,logiqa,1.0
17,2.046875,0.129137829405204,meta-llama/Llama-3.1-8B-Instruct,0.0,0,logiqa,1.0
18,1.75,0.17377394345044514,meta-llama/Llama-3.1-8B-Instruct,0.0,0,logiqa,1.0
19,0.3515625,0.7035878743456275,meta-llama/Llama-3.1-8B-Instruct,1.0,0,logiqa,1.0
20,1.359375,0.25682124007865503,meta-llama/Llama-3.1-8B-Instruct,0.0,0,logiqa,1.0
21,0.1845703125,0.8314614757090356,meta-llama/Llama-3.1-8B-Instruct,1.0,0,logiqa,1.0
22,2.078125,0.1251646760876602,meta-llama/Llama-3.1-8B-Instruct,0.0,0,logiqa,1.0
23,2.09375,0.12322417764723749,meta-llama/Llama-3.1-8B-Instruct,0.0,0,logiqa,1.0
24,0.98828125,0.372215887611955,meta-llama/Llama-3.1-8B-Instruct,0.0,0,logiqa,1.0
25,1.90625,0.1486367305381225,meta-llama/Llama-3.1-8B-Instruct,0.0,0,logiqa,1.0
26,1.734375,0.17651048487186194,meta-llama/Llama-3.1-8B-Instruct,0.0,0,logiqa,1.0
27,2.5625,0.07711171996831671,meta-llama/Llama-3.1-8B-Instruct,0.0,0,logiqa,1.0
28,1.7734375,0.16974847438608623,meta-llama/Llama-3.1-8B-Instruct,0.0,0,logiqa,1.0
29,1.21875,0.29559943537737077,meta-llama/Llama-3.1-8B-Instruct,0.0,0,logiqa,1.0
30,2.84375,0.058206980009571974,meta-llama/Llama-3.1-8B-Instruct,0.0,0,logiqa,1.0
31,2.15625,0.11575840213626322,meta-llama/Llama-3.1-8B-Instruct,0.0,0,logiqa,1.0
32,0.87890625,0.4152368286818413,meta-llama/Llama-3.1-8B-Instruct,0.0,0,logiqa,1.0
33,3.484375,0.030672923016533588,meta-llama/Llama-3.1-8B-Instruct,0.0,0,logiqa,1.0
34,3.953125,0.019194624751579337,meta-llama/Llama-3.1-8B-Instruct,0.0,0,logiqa,1.0
35,2.546875,0.07832605286299588,meta-llama/Llama-3.1-8B-Instruct,0.0,0,logiqa,1.0
36,0.58203125,0.5587622272904076,meta-llama/Llama-3.1-8B-Instruct,1.0,0,logiqa,1.0
37,1.1796875,0.30737477821235176,meta-llama/Llama-3.1-8B-Instruct,0.0,0,logiqa,1.0
38,2.828125,0.059123606568473756,meta-llama/Llama-3.1-8B-Instruct,0.0,0,logiqa,1.0
39,3.375,0.03421811831166603,meta-llama/Llama-3.1-8B-Instruct,0.0,0,logiqa,1.0
40,1.734375,0.17651048487186194,meta-llama/Llama-3.1-8B-Instruct,0.0,0,logiqa,1.0
41,5.1875,0.0055859542589981,meta-llama/Llama-3.1-8B-Instruct,0.0,0,logiqa,1.0
1,6.375,0.001703619795802574,meta-llama/Llama-3.1-8B-Instruct,0.0,0,logiqa,1.0
2,2.484375,0.08337764926156645,meta-llama/Llama-3.1-8B-Instruct,0.0,0,logiqa,1.0
3,1.90625,0.1486367305381225,meta-llama/Llama-3.1-8B-Instruct,0.0,0,logiqa,1.0
4,2.65625,0.07021102001498804,meta-llama/Llama-3.1-8B-Instruct,0.0,0,logiqa,1.0
5,2.71875,0.06595714935553817,meta-llama/Llama-3.1-8B-Instruct,0.0,0,logiqa,1.0
6,3.125,0.04393693362340742,meta-llama/Llama-3.1-8B-Instruct,0.0,0,logiqa,1.0
7,1.3828125,0.25087198245993886,meta-llama/Llama-3.1-8B-Instruct,0.0,0,logiqa,1.0
8,0.32421875,0.7230920486923872,meta-llama/Llama-3.1-8B-Instruct,1.0,0,logiqa,1.0
9,7.0,0.0009118819655545162,meta-llama/Llama-3.1-8B-Instruct,0.0,0,logiqa,1.0
10,0.62890625,0.5331746419722976,meta-llama/Llama-3.1-8B-Instruct,1.0,0,logiqa,1.0
11,1.3203125,0.26705183522634335,meta-llama/Llama-3.1-8B-Instruct,0.0,0,logiqa,1.0
12,2.234375,0.10705902083552722,meta-llama/Llama-3.1-8B-Instruct,0.0,0,logiqa,1.0
13,1.140625,0.31961919737930994,meta-llama/Llama-3.1-8B-Instruct,1.0,0,logiqa,1.0
14,5.5,0.004086771438464067,meta-llama/Llama-3.1-8B-Instruct,0.0,0,logiqa,1.0
15,3.171875,0.04192491494570112,meta-llama/Llama-3.1-8B-Instruct,0.0,0,logiqa,1.0
16,3.375,0.03421811831166603,meta-llama/Llama-3.1-8B-Instruct,0.0,0,logiqa,1.0
17,2.5,0.0820849986238988,meta-llama/Llama-3.1-8B-Instruct,0.0,0,logiqa,1.0
18,2.375,0.09301448921066349,meta-llama/Llama-3.1-8B-Instruct,0.0,0,logiqa,1.0
19,4.8125,0.008127515489292211,meta-llama/Llama-3.1-8B-Instruct,0.0,0,logiqa,1.0
20,2.34375,0.09596708604499847,meta-llama/Llama-3.1-8B-Instruct,0.0,0,logiqa,1.0
21,1.9296875,0.14519356438370257,meta-llama/Llama-3.1-8B-Instruct,0.0,0,logiqa,1.0
22,1.9375,0.14406365910145327,meta-llama/Llama-3.1-8B-Instruct,0.0,0,logiqa,1.0
23,3.203125,0.040635020917967515,meta-llama/Llama-3.1-8B-Instruct,0.0,0,logiqa,1.0
24,1.046875,0.3510330150388101,meta-llama/Llama-3.1-8B-Instruct,0.0,0,logiqa,1.0
25,2.125,0.11943296826671962,meta-llama/Llama-3.1-8B-Instruct,0.0,0,logiqa,1.0
26,1.4609375,0.23201865524727103,meta-llama/Llama-3.1-8B-Instruct,0.0,0,logiqa,1.0
27,3.4375,0.03214494732687607,meta-llama/Llama-3.1-8B-Instruct,0.0,0,logiqa,1.0
28,1.8203125,0.1619751257973035,meta-llama/Llama-3.1-8B-Instruct,0.0,0,logiqa,1.0
29,1.71875,0.17929012055011864,meta-llama/Llama-3.1-8B-Instruct,0.0,0,logiqa,1.0
30,3.421875,0.03265115658991408,meta-llama/Llama-3.1-8B-Instruct,0.0,0,logiqa,1.0
31,1.1328125,0.3221260018134028,meta-llama/Llama-3.1-8B-Instruct,1.0,0,logiqa,1.0
32,1.9296875,0.14519356438370257,meta-llama/Llama-3.1-8B-Instruct,0.0,0,logiqa,1.0
33,1.5078125,0.221393747466153,meta-llama/Llama-3.1-8B-Instruct,0.0,0,logiqa,1.0
34,0.86328125,0.4217758572543825,meta-llama/Llama-3.1-8B-Instruct,1.0,0,logiqa,1.0
35,1.9921875,0.1363967310184996,meta-llama/Llama-3.1-8B-Instruct,0.0,0,logiqa,1.0
36,0.9296875,0.3946770276734171,meta-llama/Llama-3.1-8B-Instruct,1.0,0,logiqa,1.0
37,1.8984375,0.14980250286418162,meta-llama/Llama-3.1-8B-Instruct,0.0,0,logiqa,1.0
1,6.25,0.0019304541362277093,meta-llama/Llama-3.1-8B-Instruct,0.0,0,logiqa,1.0
2,1.9140625,0.1474800303242793,meta-llama/Llama-3.1-8B-Instruct,0.0,0,logiqa,1.0
3,1.1171875,0.3271987482181544,meta-llama/Llama-3.1-8B-Instruct,0.0,0,logiqa,1.0
4,3.96875,0.018897039677585683,meta-llama/Llama-3.1-8B-Instruct,0.0,0,logiqa,1.0
5,4.6875,0.00920968160396814,meta-llama/Llama-3.1-8B-Instruct,0.0,0,logiqa,1.0
6,1.21875,0.29559943537737077,meta-llama/Llama-3.1-8B-Instruct,0.0,0,logiqa,1.0
7,1.4453125,0.23567241741677974,meta-llama/Llama-3.1-8B-Instruct,0.0,0,logiqa,1.0
8,0.53515625,0.5855777864671197,meta-llama/Llama-3.1-8B-Instruct,1.0,0,logiqa,1.0
9,1.6953125,0.18354186323251906,meta-llama/Llama-3.1-8B-Instruct,0.0,0,logiqa,1.0
10,0.99609375,0.3693192805940405,meta-llama/Llama-3.1-8B-Instruct,0.0,0,logiqa,1.0
11,2.640625,0.07131668269775804,meta-llama/Llama-3.1-8B-Instruct,0.0,0,logiqa,1.0
12,0.73828125,0.47793466018873804,meta-llama/Llama-3.1-8B-Instruct,0.0,0,logiqa,1.0
13,1.4296875,0.23938371796817895,meta-llama/Llama-3.1-8B-Instruct,0.0,0,logiqa,1.0
14,2.171875,0.1139637344565904,meta-llama/Llama-3.1-8B-Instruct,0.0,0,logiqa,1.0
15,0.859375,0.4234266412852628,meta-llama/Llama-3.1-8B-Instruct,1.0,0,logiqa,1.0
16,0.91015625,0.4024613345370006,meta-llama/Llama-3.1-8B-Instruct,0.0,0,logiqa,1.0
17,1.28125,0.27768997095378994,meta-llama/Llama-3.1-8B-Instruct,0.0,0,logiqa,1.0
18,2.625,0.07243975703425146,meta-llama/Llama-3.1-8B-Instruct,0.0,0,logiqa,1.0
19,2.6875,0.0680508540250102,meta-llama/Llama-3.1-8B-Instruct,0.0,0,logiqa,1.0
20,1.2890625,0.2755289704553164,meta-llama/Llama-3.1-8B-Instruct,0.0,0,logiqa,1.0
21,4.90625,0.0074001870652772766,meta-llama/Llama-3.1-8B-Instruct,0.0,0,logiqa,1.0
22,1.5078125,0.221393747466153,meta-llama/Llama-3.1-8B-Instruct,0.0,0,logiqa,1.0
23,2.53125,0.07955950871822769,meta-llama/Llama-3.1-8B-Instruct,0.0,0,logiqa,1.0
24,1.796875,0.1658162552121675,meta-llama/Llama-3.1-8B-Instruct,0.0,0,logiqa,1.0
25,2.484375,0.08337764926156645,meta-llama/Llama-3.1-8B-Instruct,0.0,0,logiqa,1.0
26,3.03125,0.04825528130927965,meta-llama/Llama-3.1-8B-Instruct,0.0,0,logiqa,1.0
27,1.2578125,0.2842751988422877,meta-llama/Llama-3.1-8B-Instruct,0.0,0,logiqa,1.0
28,4.0625,0.017205950425851383,meta-llama/Llama-3.1-8B-Instruct,0.0,0,logiqa,1.0
29,0.97265625,0.3780774349414026,meta-llama/Llama-3.1-8B-Instruct,1.0,0,logiqa,1.0
30,5.625,0.0036065631360157305,meta-llama/Llama-3.1-8B-Instruct,0.0,0,logiqa,1.0
31,1.03125,0.356560980663947,meta-llama/Llama-3.1-8B-Instruct,0.0,0,logiqa,1.0
32,0.921875,0.39777251796661167,meta-llama/Llama-3.1-8B-Instruct,1.0,0,logiqa,1.0
33,2.859375,0.057304564428268645,meta-llama/Llama-3.1-8B-Instruct,0.0,0,logiqa,1.0
34,0.8125,0.44374731008107987,meta-llama/Llama-3.1-8B-Instruct,1.0,0,logiqa,1.0
35,1.109375,0.3297649998062575,meta-llama/Llama-3.1-8B-Instruct,0.0,0,logiqa,1.0
36,0.5546875,0.5742516868118521,meta-llama/Llama-3.1-8B-Instruct,1.0,0,logiqa,1.0
37,2.359375,0.09447925428109244,meta-llama/Llama-3.1-8B-Instruct,0.0,0,logiqa,1.0
38,1.046875,0.3510330150388101,meta-llama/Llama-3.1-8B-Instruct,0.0,0,logiqa,1.0
1,6.25,0.0019304541362277093,meta-llama/Llama-3.1-8B-Instruct,0.0,0,logiqa,1.0
2,0.69921875,0.49697341264527733,meta-llama/Llama-3.1-8B-Instruct,1.0,0,logiqa,1.0
3,6.28125,0.0018710603064642196,meta-llama/Llama-3.1-8B-Instruct,0.0,0,logiqa,1.0
4,1.3125,0.26914634872918386,meta-llama/Llama-3.1-8B-Instruct,0.0,0,logiqa,1.0
5,3.9375,0.019496896108597995,meta-llama/Llama-3.1-8B-Instruct,0.0,0,logiqa,1.0
6,4.0,0.01831563888873418,meta-llama/Llama-3.1-8B-Instruct,0.0,0,logiqa,1.0
7,2.46875,0.0846906561847805,meta-llama/Llama-3.1-8B-Instruct,0.0,0,logiqa,1.0
8,1.71875,0.17929012055011864,meta-llama/Llama-3.1-8B-Instruct,0.0,0,logiqa,1.0
9,1.203125,0.30025444914408245,meta-llama/Llama-3.1-8B-Instruct,0.0,0,logiqa,1.0
10,2.0625,0.1271357329320356,meta-llama/Llama-3.1-8B-Instruct,0.0,0,logiqa,1.0
11,4.40625,0.012200845821682604,meta-llama/Llama-3.1-8B-Instruct,0.0,0,logiqa,1.0
12,1.2734375,0.27986792038923625,meta-llama/Llama-3.1-8B-Instruct,1.0,0,logiqa,1.0
13,3.03125,0.04825528130927965,meta-llama/Llama-3.1-8B-Instruct,0.0,0,logiqa,1.0
14,3.015625,0.049015191417106724,meta-llama/Llama-3.1-8B-Instruct,0.0,0,logiqa,1.0
15,5.40625,0.004488440342699523,meta-llama/Llama-3.1-8B-Instruct,0.0,0,logiqa,1.0
16,0.73828125,0.47793466018873804,meta-llama/Llama-3.1-8B-Instruct,1.0,0,logiqa,1.0
17,3.734375,0.023888096464365276,meta-llama/Llama-3.1-8B-Instruct,0.0,0,logiqa,1.0
18,2.84375,0.058206980009571974,meta-llama/Llama-3.1-8B-Instruct,0.0,0,logiqa,1.0
19,0.435546875,0.64691079098504,meta-llama/Llama-3.1-8B-Instruct,1.0,0,logiqa,1.0
20,1.53125,0.2162651668298873,meta-llama/Llama-3.1-8B-Instruct,0.0,0,logiqa,1.0
21,1.734375,0.17651048487186194,meta-llama/Llama-3.1-8B-Instruct,0.0,0,logiqa,1.0
22,0.58984375,0.5544139051397897,meta-llama/Llama-3.1-8B-Instruct,1.0,0,logiqa,1.0
23,1.0078125,0.36501658064745907,meta-llama/Llama-3.1-8B-Instruct,1.0,0,logiqa,1.0
24,3.6875,0.025034510149960148,meta-llama/Llama-3.1-8B-Instruct,0.0,0,logiqa,1.0
25,0.451171875,0.6368813687851224,meta-llama/Llama-3.1-8B-Instruct,1.0,0,logiqa,1.0
26,1.75,0.17377394345044514,meta-llama/Llama-3.1-8B-Instruct,0.0,0,logiqa,1.0
27,0.1982421875,0.8201711938713908,meta-llama/Llama-3.1-8B-Instruct,1.0,0,logiqa,1.0
28,0.87890625,0.4152368286818413,meta-llama/Llama-3.1-8B-Instruct,1.0,0,logiqa,1.0
29,4.8125,0.008127515489292211,meta-llama/Llama-3.1-8B-Instruct,0.0,0,logiqa,1.0
30,1.390625,0.2489196812036605,meta-llama/Llama-3.1-8B-Instruct,0.0,0,logiqa,1.0
31,0.90234375,0.40561787790561105,meta-llama/Llama-3.1-8B-Instruct,0.0,0,logiqa,1.0
32,1.5390625,0.21458217794945839,meta-llama/Llama-3.1-8B-Instruct,0.0,0,logiqa,1.0
33,1.28125,0.27768997095378994,meta-llama/Llama-3.1-8B-Instruct,0.0,0,logiqa,1.0
34,1.6640625,0.18936810739025348,meta-llama/Llama-3.1-8B-Instruct,0.0,0,logiqa,1.0
35,1.203125,0.30025444914408245,meta-llama/Llama-3.1-8B-Instruct,0.0,0,logiqa,1.0
36,1.390625,0.2489196812036605,meta-llama/Llama-3.1-8B-Instruct,0.0,0,logiqa,1.0
37,1.0234375,0.35935752309532076,meta-llama/Llama-3.1-8B-Instruct,0.0,0,logiqa,1.0
38,1.7109375,0.18069631039374898,meta-llama/Llama-3.1-8B-Instruct,0.0,0,logiqa,1.0
39,1.546875,0.21291228619240427,meta-llama/Llama-3.1-8B-Instruct,0.0,0,logiqa,1.0
1,5.6875,0.0033880525218347116,meta-llama/Llama-3.1-8B-Instruct,0.0,0,logiqa,1.0
2,1.78125,0.16842748127818424,meta-llama/Llama-3.1-8B-Instruct,0.0,0,logiqa,1.0
3,3.5625,0.0283678164497131,meta-llama/Llama-3.1-8B-Instruct,0.0,0,logiqa,1.0
4,1.78125,0.16842748127818424,meta-llama/Llama-3.1-8B-Instruct,0.0,0,logiqa,1.0
5,1.84375,0.15822297604949842,meta-llama/Llama-3.1-8B-Instruct,0.0,0,logiqa,1.0
6,1.625,0.19691167520419406,meta-llama/Llama-3.1-8B-Instruct,0.0,0,logiqa,1.0
7,4.5,0.011108996538242306,meta-llama/Llama-3.1-8B-Instruct,0.0,0,logiqa,1.0
8,2.34375,0.09596708604499847,meta-llama/Llama-3.1-8B-Instruct,0.0,0,logiqa,1.0
9,1.3046875,0.27125728970502744,meta-llama/Llama-3.1-8B-Instruct,0.0,0,logiqa,1.0
10,2.640625,0.07131668269775804,meta-llama/Llama-3.1-8B-Instruct,0.0,0,logiqa,1.0
11,0.6875,0.5028315779709409,meta-llama/Llama-3.1-8B-Instruct,1.0,0,logiqa,1.0
12,4.6875,0.00920968160396814,meta-llama/Llama-3.1-8B-Instruct,0.0,0,logiqa,1.0
13,2.28125,0.1021564313333943,meta-llama/Llama-3.1-8B-Instruct,0.0,0,logiqa,1.0
14,1.3359375,0.26291158027609046,meta-llama/Llama-3.1-8B-Instruct,0.0,0,logiqa,1.0
15,1.4140625,0.2431534629991392,meta-llama/Llama-3.1-8B-Instruct,0.0,0,logiqa,1.0
16,1.609375,0.2000125828826258,meta-llama/Llama-3.1-8B-Instruct,0.0,0,logiqa,1.0
17,4.15625,0.015666196140128895,meta-llama/Llama-3.1-8B-Instruct,0.0,0,logiqa,1.0
18,2.796875,0.06100039130459344,meta-llama/Llama-3.1-8B-Instruct,0.0,0,logiqa,1.0
19,0.75390625,0.47052497007720323,meta-llama/Llama-3.1-8B-Instruct,1.0,0,logiqa,1.0
20,2.078125,0.1251646760876602,meta-llama/Llama-3.1-8B-Instruct,0.0,0,logiqa,1.0
21,1.609375,0.2000125828826258,meta-llama/Llama-3.1-8B-Instruct,0.0,0,logiqa,1.0
22,2.03125,0.13117145431019428,meta-llama/Llama-3.1-8B-Instruct,0.0,0,logiqa,1.0
23,1.5234375,0.21796135555570278,meta-llama/Llama-3.1-8B-Instruct,0.0,0,logiqa,1.0
24,5.65625,0.0034956008536636734,meta-llama/Llama-3.1-8B-Instruct,0.0,0,logiqa,1.0
25,3.6875,0.025034510149960148,meta-llama/Llama-3.1-8B-Instruct,0.0,0,logiqa,1.0
26,1.625,0.19691167520419406,meta-llama/Llama-3.1-8B-Instruct,0.0,0,logiqa,1.0
27,1.4375,0.23752081909545814,meta-llama/Llama-3.1-8B-Instruct,0.0,0,logiqa,1.0
28,1.53125,0.2162651668298873,meta-llama/Llama-3.1-8B-Instruct,0.0,0,logiqa,1.0
29,1.609375,0.2000125828826258,meta-llama/Llama-3.1-8B-Instruct,0.0,0,logiqa,1.0
30,1.0703125,0.34290134400373157,meta-llama/Llama-3.1-8B-Instruct,0.0,0,logiqa,1.0
31,3.234375,0.039384812757335554,meta-llama/Llama-3.1-8B-Instruct,0.0,0,logiqa,1.0
32,1.71875,0.17929012055011864,meta-llama/Llama-3.1-8B-Instruct,0.0,0,logiqa,1.0
33,1.234375,0.29101659090983195,meta-llama/Llama-3.1-8B-Instruct,1.0,0,logiqa,1.0
34,1.1875,0.3049827687110593,meta-llama/Llama-3.1-8B-Instruct,0.0,0,logiqa,1.0
35,1.71875,0.17929012055011864,meta-llama/Llama-3.1-8B-Instruct,0.0,0,logiqa,1.0
36,1.2109375,0.2979178504832066,meta-llama/Llama-3.1-8B-Instruct,1.0,0,logiqa,1.0
37,1.671875,0.18789443308700168,meta-llama/Llama-3.1-8B-Instruct,0.0,0,logiqa,1.0
38,1.53125,0.2162651668298873,meta-llama/Llama-3.1-8B-Instruct,0.0,0,logiqa,1.0
39,1.3203125,0.26705183522634335,meta-llama/Llama-3.1-8B-Instruct,0.0,0,logiqa,1.0
1,6.40625,0.0016512049250036575,meta-llama/Llama-3.1-8B-Instruct,0.0,0,logiqa,1.0
2,2.625,0.07243975703425146,meta-llama/Llama-3.1-8B-Instruct,0.0,0,logiqa,1.0
3,2.796875,0.06100039130459344,meta-llama/Llama-3.1-8B-Instruct,0.0,0,logiqa,1.0
4,1.234375,0.29101659090983195,meta-llama/Llama-3.1-8B-Instruct,0.0,0,logiqa,1.0
5,0.4765625,0.6209141198060958,meta-llama/Llama-3.1-8B-Instruct,1.0,0,logiqa,1.0
6,1.953125,0.14183015908734253,meta-llama/Llama-3.1-8B-Instruct,0.0,0,logiqa,1.0
7,3.578125,0.027928014220365963,meta-llama/Llama-3.1-8B-Instruct,0.0,0,logiqa,1.0
8,2.0,0.1353352832366127,meta-llama/Llama-3.1-8B-Instruct,0.0,0,logiqa,1.0
9,1.0703125,0.34290134400373157,meta-llama/Llama-3.1-8B-Instruct,1.0,0,logiqa,1.0
10,2.4375,0.08737902619542039,meta-llama/Llama-3.1-8B-Instruct,0.0,0,logiqa,1.0
11,2.546875,0.07832605286299588,meta-llama/Llama-3.1-8B-Instruct,0.0,0,logiqa,1.0
12,1.0234375,0.35935752309532076,meta-llama/Llama-3.1-8B-Instruct,0.0,0,logiqa,1.0
13,2.1875,0.11219689052034373,meta-llama/Llama-3.1-8B-Instruct,0.0,0,logiqa,1.0
14,2.890625,0.05554148833106887,meta-llama/Llama-3.1-8B-Instruct,0.0,0,logiqa,1.0
15,3.578125,0.027928014220365963,meta-llama/Llama-3.1-8B-Instruct,0.0,0,logiqa,1.0
16,2.9375,0.0529980584033558,meta-llama/Llama-3.1-8B-Instruct,0.0,0,logiqa,1.0
17,3.6875,0.025034510149960148,meta-llama/Llama-3.1-8B-Instruct,0.0,0,logiqa,1.0
18,1.59375,0.20316232275153173,meta-llama/Llama-3.1-8B-Instruct,0.0,0,logiqa,1.0
19,3.296875,0.03699860758070385,meta-llama/Llama-3.1-8B-Instruct,0.0,0,logiqa,1.0
20,2.09375,0.12322417764723749,meta-llama/Llama-3.1-8B-Instruct,0.0,0,logiqa,1.0
21,2.75,0.06392786120670757,meta-llama/Llama-3.1-8B-Instruct,0.0,0,logiqa,1.0
22,1.609375,0.2000125828826258,meta-llama/Llama-3.1-8B-Instruct,0.0,0,logiqa,1.0
23,0.8125,0.44374731008107987,meta-llama/Llama-3.1-8B-Instruct,1.0,0,logiqa,1.0
24,1.03125,0.356560980663947,meta-llama/Llama-3.1-8B-Instruct,0.0,0,logiqa,1.0
25,1.7578125,0.17242162389375282,meta-llama/Llama-3.1-8B-Instruct,0.0,0,logiqa,1.0
26,0.10400390625,0.9012217770167625,meta-llama/Llama-3.1-8B-Instruct,1.0,0,logiqa,1.0
27,3.046875,0.04750715251567949,meta-llama/Llama-3.1-8B-Instruct,0.0,0,logiqa,1.0
28,1.6171875,0.19845607261390505,meta-llama/Llama-3.1-8B-Instruct,0.0,0,logiqa,1.0
29,1.2734375,0.27986792038923625,meta-llama/Llama-3.1-8B-Instruct,0.0,0,logiqa,1.0
30,2.59375,0.0747392417609257,meta-llama/Llama-3.1-8B-Instruct,0.0,0,logiqa,1.0
31,1.875,0.15335496684492847,meta-llama/Llama-3.1-8B-Instruct,0.0,0,logiqa,1.0
32,1.3046875,0.27125728970502744,meta-llama/Llama-3.1-8B-Instruct,0.0,0,logiqa,1.0
33,1.484375,0.22664394888734782,meta-llama/Llama-3.1-8B-Instruct,0.0,0,logiqa,1.0
34,1.1953125,0.30260937397538795,meta-llama/Llama-3.1-8B-Instruct,0.0,0,logiqa,1.0
35,4.21875,0.014717029298635137,meta-llama/Llama-3.1-8B-Instruct,0.0,0,logiqa,1.0
36,1.046875,0.3510330150388101,meta-llama/Llama-3.1-8B-Instruct,1.0,0,logiqa,1.0
37,3.6875,0.025034510149960148,meta-llama/Llama-3.1-8B-Instruct,0.0,0,logiqa,1.0
38,3.5,0.0301973834223185,meta-llama/Llama-3.1-8B-Instruct,0.0,0,logiqa,1.0
1,9.375,8.481823524646916e-05,meta-llama/Llama-3.1-8B-Instruct,0.0,0,logiqa,1.0
2,0.69140625,0.5008712234296745,meta-llama/Llama-3.1-8B-Instruct,1.0,0,logiqa,1.0
3,0.91796875,0.39932935558376886,meta-llama/Llama-3.1-8B-Instruct,1.0,0,logiqa,1.0
4,3.5,0.0301973834223185,meta-llama/Llama-3.1-8B-Instruct,0.0,0,logiqa,1.0
5,1.265625,0.28206295169381546,meta-llama/Llama-3.1-8B-Instruct,0.0,0,logiqa,1.0
6,0.76953125,0.463230156563083,meta-llama/Llama-3.1-8B-Instruct,1.0,0,logiqa,1.0
7,1.8203125,0.1619751257973035,meta-llama/Llama-3.1-8B-Instruct,0.0,0,logiqa,1.0
8,1.34375,0.26086558612628497,meta-llama/Llama-3.1-8B-Instruct,0.0,0,logiqa,1.0
9,0.466796875,0.6270074383640806,meta-llama/Llama-3.1-8B-Instruct,1.0,0,logiqa,1.0
10,4.75,0.008651695203120634,meta-llama/Llama-3.1-8B-Instruct,0.0,0,logiqa,1.0
11,4.21875,0.014717029298635137,meta-llama/Llama-3.1-8B-Instruct,0.0,0,logiqa,1.0
12,0.259765625,0.7712323221982079,meta-llama/Llama-3.1-8B-Instruct,1.0,0,logiqa,1.0
13,2.140625,0.11758133171956547,meta-llama/Llama-3.1-8B-Instruct,0.0,0,logiqa,1.0
14,2.734375,0.0649345785355609,meta-llama/Llama-3.1-8B-Instruct,0.0,0,logiqa,1.0
15,1.71875,0.17929012055011864,meta-llama/Llama-3.1-8B-Instruct,0.0,0,logiqa,1.0
16,1.1640625,0.31221522664653706,meta-llama/Llama-3.1-8B-Instruct,1.0,0,logiqa,1.0
17,3.21875,0.04000503331137926,meta-llama/Llama-3.1-8B-Instruct,0.0,0,logiqa,1.0
18,1.03125,0.356560980663947,meta-llama/Llama-3.1-8B-Instruct,0.0,0,logiqa,1.0
19,2.03125,0.13117145431019428,meta-llama/Llama-3.1-8B-Instruct,0.0,0,logiqa,1.0
20,0.76953125,0.463230156563083,meta-llama/Llama-3.1-8B-Instruct,1.0,0,logiqa,1.0
21,3.34375,0.03530431798508576,meta-llama/Llama-3.1-8B-Instruct,0.0,0,logiqa,1.0
22,1.6640625,0.18936810739025348,meta-llama/Llama-3.1-8B-Instruct,0.0,0,logiqa,1.0
23,2.453125,0.08602433995839362,meta-llama/Llama-3.1-8B-Instruct,0.0,0,logiqa,1.0
24,1.7578125,0.17242162389375282,meta-llama/Llama-3.1-8B-Instruct,0.0,0,logiqa,1.0
25,4.71875,0.008926329489511324,meta-llama/Llama-3.1-8B-Instruct,0.0,0,logiqa,1.0
26,2.21875,0.10874495509722103,meta-llama/Llama-3.1-8B-Instruct,0.0,0,logiqa,1.0
27,5.78125,0.0030848569260302594,meta-llama/Llama-3.1-8B-Instruct,0.0,0,logiqa,1.0
28,2.09375,0.12322417764723749,meta-llama/Llama-3.1-8B-Instruct,0.0,0,logiqa,1.0
29,2.453125,0.08602433995839362,meta-llama/Llama-3.1-8B-Instruct,0.0,0,logiqa,1.0
30,1.515625,0.21967084765457534,meta-llama/Llama-3.1-8B-Instruct,0.0,0,logiqa,1.0
31,2.46875,0.0846906561847805,meta-llama/Llama-3.1-8B-Instruct,0.0,0,logiqa,1.0
32,6.0,0.0024787521766663585,meta-llama/Llama-3.1-8B-Instruct,0.0,0,logiqa,1.0
33,0.9609375,0.3825340921054156,meta-llama/Llama-3.1-8B-Instruct,1.0,0,logiqa,1.0
34,1.390625,0.2489196812036605,meta-llama/Llama-3.1-8B-Instruct,0.0,0,logiqa,1.0
35,1.8203125,0.1619751257973035,meta-llama/Llama-3.1-8B-Instruct,0.0,0,logiqa,1.0
36,2.609375,0.07358051721811718,meta-llama/Llama-3.1-8B-Instruct,0.0,0,logiqa,1.0
37,0.984375,0.373672699406043,meta-llama/Llama-3.1-8B-Instruct,1.0,0,logiqa,1.0
38,2.71875,0.06595714935553817,meta-llama/Llama-3.1-8B-Instruct,0.0,0,logiqa,1.0
39,0.78125,0.45783336177161427,meta-llama/Llama-3.1-8B-Instruct,1.0,0,logiqa,1.0
40,4.40625,0.012200845821682604,meta-llama/Llama-3.1-8B-Instruct,0.0,0,logiqa,1.0
1,13.25,1.7603463121561693e-06,meta-llama/Llama-3.1-8B-Instruct,0.0,0,logiqa,1.0
2,1.921875,0.1463323316229146,meta-llama/Llama-3.1-8B-Instruct,0.0,0,logiqa,1.0
3,1.0,0.36787944117144233,meta-llama/Llama-3.1-8B-Instruct,0.0,0,logiqa,1.0
4,7.25,0.000710174388842549,meta-llama/Llama-3.1-8B-Instruct,0.0,0,logiqa,1.0
5,5.03125,0.006530642163653784,meta-llama/Llama-3.1-8B-Instruct,0.0,0,logiqa,1.0
6,3.59375,0.02749503049258667,meta-llama/Llama-3.1-8B-Instruct,0.0,0,logiqa,1.0
7,0.51953125,0.5947992948032403,meta-llama/Llama-3.1-8B-Instruct,1.0,0,logiqa,1.0
8,2.6875,0.0680508540250102,meta-llama/Llama-3.1-8B-Instruct,0.0,0,logiqa,1.0
9,1.71875,0.17929012055011864,meta-llama/Llama-3.1-8B-Instruct,0.0,0,logiqa,1.0
10,3.125,0.04393693362340742,meta-llama/Llama-3.1-8B-Instruct,0.0,0,logiqa,1.0
11,0.62890625,0.5331746419722976,meta-llama/Llama-3.1-8B-Instruct,1.0,0,logiqa,1.0
12,1.5,0.22313016014842982,meta-llama/Llama-3.1-8B-Instruct,0.0,0,logiqa,1.0
13,2.65625,0.07021102001498804,meta-llama/Llama-3.1-8B-Instruct,0.0,0,logiqa,1.0
14,3.578125,0.027928014220365963,meta-llama/Llama-3.1-8B-Instruct,0.0,0,logiqa,1.0
15,1.71875,0.17929012055011864,meta-llama/Llama-3.1-8B-Instruct,0.0,0,logiqa,1.0
16,2.90625,0.05468039736791477,meta-llama/Llama-3.1-8B-Instruct,0.0,0,logiqa,1.0
17,1.4140625,0.2431534629991392,meta-llama/Llama-3.1-8B-Instruct,0.0,0,logiqa,1.0
18,0.53125,0.5878696731223465,meta-llama/Llama-3.1-8B-Instruct,1.0,0,logiqa,1.0
19,1.421875,0.2412612277378443,meta-llama/Llama-3.1-8B-Instruct,0.0,0,logiqa,1.0
20,0.97265625,0.3780774349414026,meta-llama/Llama-3.1-8B-Instruct,1.0,0,logiqa,1.0
21,2.703125,0.06699582332279769,meta-llama/Llama-3.1-8B-Instruct,0.0,0,logiqa,1.0
22,2.53125,0.07955950871822769,meta-llama/Llama-3.1-8B-Instruct,0.0,0,logiqa,1.0
23,5.25,0.005247518399181385,meta-llama/Llama-3.1-8B-Instruct,0.0,0,logiqa,1.0
24,3.09375,0.045331641611676264,meta-llama/Llama-3.1-8B-Instruct,0.0,0,logiqa,1.0
25,0.3359375,0.7146677711559482,meta-llama/Llama-3.1-8B-Instruct,1.0,0,logiqa,1.0
26,1.703125,0.18211352912101367,meta-llama/Llama-3.1-8B-Instruct,0.0,0,logiqa,1.0
27,0.55859375,0.572012891653811,meta-llama/Llama-3.1-8B-Instruct,1.0,0,logiqa,1.0
28,2.03125,0.13117145431019428,meta-llama/Llama-3.1-8B-Instruct,0.0,0,logiqa,1.0
29,1.3203125,0.26705183522634335,meta-llama/Llama-3.1-8B-Instruct,0.0,0,logiqa,1.0
30,5.0625,0.006329715427485747,meta-llama/Llama-3.1-8B-Instruct,0.0,0,logiqa,1.0
31,1.2421875,0.2887518818320782,meta-llama/Llama-3.1-8B-Instruct,0.0,0,logiqa,1.0
32,4.0625,0.017205950425851383,meta-llama/Llama-3.1-8B-Instruct,0.0,0,logiqa,1.0
33,0.7890625,0.4542704742837873,meta-llama/Llama-3.1-8B-Instruct,1.0,0,logiqa,1.0
34,1.296875,0.27338478699614155,meta-llama/Llama-3.1-8B-Instruct,0.0,0,logiqa,1.0
35,2.609375,0.07358051721811718,meta-llama/Llama-3.1-8B-Instruct,0.0,0,logiqa,1.0
36,3.234375,0.039384812757335554,meta-llama/Llama-3.1-8B-Instruct,0.0,0,logiqa,1.0
37,3.0,0.049787068367863944,meta-llama/Llama-3.1-8B-Instruct,0.0,0,logiqa,1.0
38,4.03125,0.01775212592162854,meta-llama/Llama-3.1-8B-Instruct,0.0,0,logiqa,1.0
39,2.09375,0.12322417764723749,meta-llama/Llama-3.1-8B-Instruct,0.0,0,logiqa,1.0
40,0.330078125,0.7188675697091758,meta-llama/Llama-3.1-8B-Instruct,1.0,0,logiqa,1.0
1,4.28125,0.013825369568946493,meta-llama/Llama-3.1-8B-Instruct,0.0,0,logiqa,1.0
2,0.45703125,0.6331605534862997,meta-llama/Llama-3.1-8B-Instruct,1.0,0,logiqa,1.0
3,4.34375,0.012987732771292249,meta-llama/Llama-3.1-8B-Instruct,0.0,0,logiqa,1.0
4,2.625,0.07243975703425146,meta-llama/Llama-3.1-8B-Instruct,0.0,0,logiqa,1.0
5,5.875,0.0028087941945255128,meta-llama/Llama-3.1-8B-Instruct,0.0,0,logiqa,1.0
6,5.6875,0.0033880525218347116,meta-llama/Llama-3.1-8B-Instruct,0.0,0,logiqa,1.0
7,2.9375,0.0529980584033558,meta-llama/Llama-3.1-8B-Instruct,0.0,0,logiqa,1.0
8,2.9375,0.0529980584033558,meta-llama/Llama-3.1-8B-Instruct,0.0,0,logiqa,1.0
9,5.75,0.003182780796509667,meta-llama/Llama-3.1-8B-Instruct,0.0,0,logiqa,1.0
10,2.453125,0.08602433995839362,meta-llama/Llama-3.1-8B-Instruct,0.0,0,logiqa,1.0
11,2.078125,0.1251646760876602,meta-llama/Llama-3.1-8B-Instruct,0.0,0,logiqa,1.0
12,0.74609375,0.4742153431555798,meta-llama/Llama-3.1-8B-Instruct,1.0,0,logiqa,1.0
13,1.390625,0.2489196812036605,meta-llama/Llama-3.1-8B-Instruct,0.0,0,logiqa,1.0
14,2.0625,0.1271357329320356,meta-llama/Llama-3.1-8B-Instruct,0.0,0,logiqa,1.0
15,0.81640625,0.44201730327044453,meta-llama/Llama-3.1-8B-Instruct,1.0,0,logiqa,1.0
16,1.90625,0.1486367305381225,meta-llama/Llama-3.1-8B-Instruct,0.0,0,logiqa,1.0
17,1.296875,0.27338478699614155,meta-llama/Llama-3.1-8B-Instruct,0.0,0,logiqa,1.0
18,4.5625,0.010435936462774504,meta-llama/Llama-3.1-8B-Instruct,0.0,0,logiqa,1.0
19,1.34375,0.26086558612628497,meta-llama/Llama-3.1-8B-Instruct,0.0,0,logiqa,1.0
20,2.515625,0.08081238867682222,meta-llama/Llama-3.1-8B-Instruct,0.0,0,logiqa,1.0
21,2.21875,0.10874495509722103,meta-llama/Llama-3.1-8B-Instruct,0.0,0,logiqa,1.0
22,1.8671875,0.15455774475698483,meta-llama/Llama-3.1-8B-Instruct,0.0,0,logiqa,1.0
23,4.0625,0.017205950425851383,meta-llama/Llama-3.1-8B-Instruct,0.0,0,logiqa,1.0
24,3.09375,0.045331641611676264,meta-llama/Llama-3.1-8B-Instruct,0.0,0,logiqa,1.0
25,3.125,0.04393693362340742,meta-llama/Llama-3.1-8B-Instruct,0.0,0,logiqa,1.0
26,1.0,0.36787944117144233,meta-llama/Llama-3.1-8B-Instruct,1.0,0,logiqa,1.0
27,3.921875,0.019803927546861083,meta-llama/Llama-3.1-8B-Instruct,0.0,0,logiqa,1.0
28,0.921875,0.39777251796661167,meta-llama/Llama-3.1-8B-Instruct,1.0,0,logiqa,1.0
29,2.296875,0.10057264266491435,meta-llama/Llama-3.1-8B-Instruct,0.0,0,logiqa,1.0
30,1.8203125,0.1619751257973035,meta-llama/Llama-3.1-8B-Instruct,0.0,0,logiqa,1.0
31,2.296875,0.10057264266491435,meta-llama/Llama-3.1-8B-Instruct,0.0,0,logiqa,1.0
32,1.15625,0.314663961018459,meta-llama/Llama-3.1-8B-Instruct,1.0,0,logiqa,1.0
33,2.6875,0.0680508540250102,meta-llama/Llama-3.1-8B-Instruct,0.0,0,logiqa,1.0
34,2.796875,0.06100039130459344,meta-llama/Llama-3.1-8B-Instruct,0.0,0,logiqa,1.0
35,3.796875,0.022440789864373145,meta-llama/Llama-3.1-8B-Instruct,0.0,0,logiqa,1.0
36,0.69140625,0.5008712234296745,meta-llama/Llama-3.1-8B-Instruct,1.0,0,logiqa,1.0
37,2.5625,0.07711171996831671,meta-llama/Llama-3.1-8B-Instruct,0.0,0,logiqa,1.0
38,6.375,0.001703619795802574,meta-llama/Llama-3.1-8B-Instruct,0.0,0,logiqa,1.0
1,6.75,0.0011708796207911744,meta-llama/Llama-3.1-8B-Instruct,0.0,0,logiqa,1.0
2,3.5,0.0301973834223185,meta-llama/Llama-3.1-8B-Instruct,0.0,0,logiqa,1.0
3,5.75,0.003182780796509667,meta-llama/Llama-3.1-8B-Instruct,0.0,0,logiqa,1.0
4,4.3125,0.013400007665140828,meta-llama/Llama-3.1-8B-Instruct,0.0,0,logiqa,1.0
5,1.6875,0.18498139990730428,meta-llama/Llama-3.1-8B-Instruct,0.0,0,logiqa,1.0
6,2.21875,0.10874495509722103,meta-llama/Llama-3.1-8B-Instruct,0.0,0,logiqa,1.0
7,1.96875,0.13963128628139898,meta-llama/Llama-3.1-8B-Instruct,0.0,0,logiqa,1.0
8,3.640625,0.026235941377052294,meta-llama/Llama-3.1-8B-Instruct,0.0,0,logiqa,1.0
9,3.28125,0.037581250870997916,meta-llama/Llama-3.1-8B-Instruct,0.0,0,logiqa,1.0
10,1.03125,0.356560980663947,meta-llama/Llama-3.1-8B-Instruct,1.0,0,logiqa,1.0
11,1.78125,0.16842748127818424,meta-llama/Llama-3.1-8B-Instruct,0.0,0,logiqa,1.0
12,1.1953125,0.30260937397538795,meta-llama/Llama-3.1-8B-Instruct,0.0,0,logiqa,1.0
13,1.09375,0.33495804292529496,meta-llama/Llama-3.1-8B-Instruct,0.0,0,logiqa,1.0
14,0.96484375,0.3810427330152126,meta-llama/Llama-3.1-8B-Instruct,1.0,0,logiqa,1.0
15,1.4453125,0.23567241741677974,meta-llama/Llama-3.1-8B-Instruct,0.0,0,logiqa,1.0
16,1.171875,0.30978554847668166,meta-llama/Llama-3.1-8B-Instruct,1.0,0,logiqa,1.0
17,3.109375,0.04462883965030139,meta-llama/Llama-3.1-8B-Instruct,0.0,0,logiqa,1.0
18,1.71875,0.17929012055011864,meta-llama/Llama-3.1-8B-Instruct,0.0,0,logiqa,1.0
19,1.78125,0.16842748127818424,meta-llama/Llama-3.1-8B-Instruct,0.0,0,logiqa,1.0
20,1.375,0.25283959580474646,meta-llama/Llama-3.1-8B-Instruct,0.0,0,logiqa,1.0
21,3.25,0.03877420783172201,meta-llama/Llama-3.1-8B-Instruct,0.0,0,logiqa,1.0
22,2.578125,0.0759162135601666,meta-llama/Llama-3.1-8B-Instruct,0.0,0,logiqa,1.0
23,2.03125,0.13117145431019428,meta-llama/Llama-3.1-8B-Instruct,0.0,0,logiqa,1.0
24,0.99609375,0.3693192805940405,meta-llama/Llama-3.1-8B-Instruct,1.0,0,logiqa,1.0
25,2.34375,0.09596708604499847,meta-llama/Llama-3.1-8B-Instruct,0.0,0,logiqa,1.0
26,1.40625,0.2450605392455259,meta-llama/Llama-3.1-8B-Instruct,0.0,0,logiqa,1.0
27,1.25,0.2865047968601901,meta-llama/Llama-3.1-8B-Instruct,0.0,0,logiqa,1.0
28,1.9296875,0.14519356438370257,meta-llama/Llama-3.1-8B-Instruct,0.0,0,logiqa,1.0
29,1.0859375,0.3375851514160396,meta-llama/Llama-3.1-8B-Instruct,0.0,0,logiqa,1.0
30,2.4375,0.08737902619542039,meta-llama/Llama-3.1-8B-Instruct,0.0,0,logiqa,1.0
31,3.328125,0.035860280096566576,meta-llama/Llama-3.1-8B-Instruct,0.0,0,logiqa,1.0
32,1.8203125,0.1619751257973035,meta-llama/Llama-3.1-8B-Instruct,0.0,0,logiqa,1.0
33,1.1796875,0.30737477821235176,meta-llama/Llama-3.1-8B-Instruct,1.0,0,logiqa,1.0
34,1.765625,0.17107982817134254,meta-llama/Llama-3.1-8B-Instruct,0.0,0,logiqa,1.0
35,0.796875,0.4507353134063624,meta-llama/Llama-3.1-8B-Instruct,1.0,0,logiqa,1.0
36,3.671875,0.025428746320412147,meta-llama/Llama-3.1-8B-Instruct,0.0,0,logiqa,1.0
37,0.78515625,0.4560484386498127,meta-llama/Llama-3.1-8B-Instruct,0.0,0,logiqa,1.0
38,1.6796875,0.18643222700816212,meta-llama/Llama-3.1-8B-Instruct,0.0,0,logiqa,1.0
39,3.09375,0.045331641611676264,meta-llama/Llama-3.1-8B-Instruct,0.0,0,logiqa,1.0
1,8.0625,0.000315137974737356,meta-llama/Llama-3.1-8B-Instruct,0.0,0,logiqa,1.0
2,0.10400390625,0.9012217770167625,meta-llama/Llama-3.1-8B-Instruct,1.0,0,logiqa,1.0
3,3.828125,0.021750359344450344,meta-llama/Llama-3.1-8B-Instruct,0.0,0,logiqa,1.0
4,1.25,0.2865047968601901,meta-llama/Llama-3.1-8B-Instruct,0.0,0,logiqa,1.0
5,4.21875,0.014717029298635137,meta-llama/Llama-3.1-8B-Instruct,0.0,0,logiqa,1.0
6,2.890625,0.05554148833106887,meta-llama/Llama-3.1-8B-Instruct,0.0,0,logiqa,1.0
7,1.921875,0.1463323316229146,meta-llama/Llama-3.1-8B-Instruct,0.0,0,logiqa,1.0
8,1.53125,0.2162651668298873,meta-llama/Llama-3.1-8B-Instruct,0.0,0,logiqa,1.0
9,0.74609375,0.4742153431555798,meta-llama/Llama-3.1-8B-Instruct,1.0,0,logiqa,1.0
10,5.3125,0.004929587331545052,meta-llama/Llama-3.1-8B-Instruct,0.0,0,logiqa,1.0
11,0.08251953125,0.9207934534340386,meta-llama/Llama-3.1-8B-Instruct,1.0,0,logiqa,1.0
12,2.515625,0.08081238867682222,meta-llama/Llama-3.1-8B-Instruct,0.0,0,logiqa,1.0
13,1.921875,0.1463323316229146,meta-llama/Llama-3.1-8B-Instruct,0.0,0,logiqa,1.0
14,1.046875,0.3510330150388101,meta-llama/Llama-3.1-8B-Instruct,1.0,0,logiqa,1.0
15,0.55859375,0.572012891653811,meta-llama/Llama-3.1-8B-Instruct,1.0,0,logiqa,1.0
16,4.90625,0.0074001870652772766,meta-llama/Llama-3.1-8B-Instruct,0.0,0,logiqa,1.0
17,2.453125,0.08602433995839362,meta-llama/Llama-3.1-8B-Instruct,0.0,0,logiqa,1.0
18,1.0859375,0.3375851514160396,meta-llama/Llama-3.1-8B-Instruct,0.0,0,logiqa,1.0
19,3.375,0.03421811831166603,meta-llama/Llama-3.1-8B-Instruct,0.0,0,logiqa,1.0
20,1.3203125,0.26705183522634335,meta-llama/Llama-3.1-8B-Instruct,0.0,0,logiqa,1.0
21,0.39453125,0.673995900791531,meta-llama/Llama-3.1-8B-Instruct,1.0,0,logiqa,1.0
22,1.1796875,0.30737477821235176,meta-llama/Llama-3.1-8B-Instruct,1.0,0,logiqa,1.0
23,3.0,0.049787068367863944,meta-llama/Llama-3.1-8B-Instruct,0.0,0,logiqa,1.0
24,2.171875,0.1139637344565904,meta-llama/Llama-3.1-8B-Instruct,0.0,0,logiqa,1.0
25,1.8203125,0.1619751257973035,meta-llama/Llama-3.1-8B-Instruct,0.0,0,logiqa,1.0
26,1.5703125,0.207980178394932,meta-llama/Llama-3.1-8B-Instruct,0.0,0,logiqa,1.0
27,0.11083984375,0.8950820904412523,meta-llama/Llama-3.1-8B-Instruct,1.0,0,logiqa,1.0
28,1.734375,0.17651048487186194,meta-llama/Llama-3.1-8B-Instruct,0.0,0,logiqa,1.0
29,1.140625,0.31961919737930994,meta-llama/Llama-3.1-8B-Instruct,1.0,0,logiqa,1.0
30,1.6796875,0.18643222700816212,meta-llama/Llama-3.1-8B-Instruct,0.0,0,logiqa,1.0
31,3.609375,0.027068759555306635,meta-llama/Llama-3.1-8B-Instruct,0.0,0,logiqa,1.0
32,5.3125,0.004929587331545052,meta-llama/Llama-3.1-8B-Instruct,0.0,0,logiqa,1.0
33,2.75,0.06392786120670757,meta-llama/Llama-3.1-8B-Instruct,0.0,0,logiqa,1.0
34,2.5625,0.07711171996831671,meta-llama/Llama-3.1-8B-Instruct,0.0,0,logiqa,1.0
35,1.6796875,0.18643222700816212,meta-llama/Llama-3.1-8B-Instruct,0.0,0,logiqa,1.0
36,1.3125,0.26914634872918386,meta-llama/Llama-3.1-8B-Instruct,0.0,0,logiqa,1.0
37,1.4296875,0.23938371796817895,meta-llama/Llama-3.1-8B-Instruct,0.0,0,logiqa,1.0
38,3.46875,0.031155951269699805,meta-llama/Llama-3.1-8B-Instruct,0.0,0,logiqa,1.0
39,4.125,0.016163494588165874,meta-llama/Llama-3.1-8B-Instruct,0.0,0,logiqa,1.0
40,0.9609375,0.3825340921054156,meta-llama/Llama-3.1-8B-Instruct,0.0,0,logiqa,1.0
1,7.3125,0.0006671470977542673,meta-llama/Llama-3.1-8B-Instruct,0.0,0,logiqa,1.0
2,7.34375,0.0006466211394278742,meta-llama/Llama-3.1-8B-Instruct,0.0,0,logiqa,1.0
3,2.9375,0.0529980584033558,meta-llama/Llama-3.1-8B-Instruct,0.0,0,logiqa,1.0
4,1.1875,0.3049827687110593,meta-llama/Llama-3.1-8B-Instruct,0.0,0,logiqa,1.0
5,1.921875,0.1463323316229146,meta-llama/Llama-3.1-8B-Instruct,0.0,0,logiqa,1.0
6,1.1953125,0.30260937397538795,meta-llama/Llama-3.1-8B-Instruct,0.0,0,logiqa,1.0
7,0.86328125,0.4217758572543825,meta-llama/Llama-3.1-8B-Instruct,1.0,0,logiqa,1.0
8,1.484375,0.22664394888734782,meta-llama/Llama-3.1-8B-Instruct,0.0,0,logiqa,1.0
9,1.140625,0.31961919737930994,meta-llama/Llama-3.1-8B-Instruct,0.0,0,logiqa,1.0
10,1.640625,0.19385884264329528,meta-llama/Llama-3.1-8B-Instruct,0.0,0,logiqa,1.0
11,0.421875,0.6558160112715016,meta-llama/Llama-3.1-8B-Instruct,1.0,0,logiqa,1.0
12,2.171875,0.1139637344565904,meta-llama/Llama-3.1-8B-Instruct,0.0,0,logiqa,1.0
13,5.09375,0.006134970557096825,meta-llama/Llama-3.1-8B-Instruct,0.0,0,logiqa,1.0
14,2.25,0.10539922456186433,meta-llama/Llama-3.1-8B-Instruct,0.0,0,logiqa,1.0
15,1.765625,0.17107982817134254,meta-llama/Llama-3.1-8B-Instruct,0.0,0,logiqa,1.0
16,1.7265625,0.17789487376266921,meta-llama/Llama-3.1-8B-Instruct,0.0,0,logiqa,1.0
17,2.0,0.1353352832366127,meta-llama/Llama-3.1-8B-Instruct,0.0,0,logiqa,1.0
18,1.5078125,0.221393747466153,meta-llama/Llama-3.1-8B-Instruct,0.0,0,logiqa,1.0
19,2.5625,0.07711171996831671,meta-llama/Llama-3.1-8B-Instruct,0.0,0,logiqa,1.0
20,3.78125,0.022794180883612344,meta-llama/Llama-3.1-8B-Instruct,0.0,0,logiqa,1.0
21,3.40625,0.03316533748891029,meta-llama/Llama-3.1-8B-Instruct,0.0,0,logiqa,1.0
22,1.484375,0.22664394888734782,meta-llama/Llama-3.1-8B-Instruct,0.0,0,logiqa,1.0
23,3.0625,0.04677062238395898,meta-llama/Llama-3.1-8B-Instruct,0.0,0,logiqa,1.0
24,1.828125,0.16071462536804407,meta-llama/Llama-3.1-8B-Instruct,0.0,0,logiqa,1.0
25,1.140625,0.31961919737930994,meta-llama/Llama-3.1-8B-Instruct,0.0,0,logiqa,1.0
26,1.3125,0.26914634872918386,meta-llama/Llama-3.1-8B-Instruct,0.0,0,logiqa,1.0
27,1.3203125,0.26705183522634335,meta-llama/Llama-3.1-8B-Instruct,0.0,0,logiqa,1.0
28,1.328125,0.26497362135689667,meta-llama/Llama-3.1-8B-Instruct,0.0,0,logiqa,1.0
29,1.5859375,0.20475574459755974,meta-llama/Llama-3.1-8B-Instruct,0.0,0,logiqa,1.0
30,2.796875,0.06100039130459344,meta-llama/Llama-3.1-8B-Instruct,0.0,0,logiqa,1.0
31,2.984375,0.050571100611906464,meta-llama/Llama-3.1-8B-Instruct,0.0,0,logiqa,1.0
32,1.3984375,0.24698257287629313,meta-llama/Llama-3.1-8B-Instruct,0.0,0,logiqa,1.0
33,1.3515625,0.25883551402927246,meta-llama/Llama-3.1-8B-Instruct,0.0,0,logiqa,1.0
34,2.09375,0.12322417764723749,meta-llama/Llama-3.1-8B-Instruct,0.0,0,logiqa,1.0
35,1.921875,0.1463323316229146,meta-llama/Llama-3.1-8B-Instruct,0.0,0,logiqa,1.0
36,3.6875,0.025034510149960148,meta-llama/Llama-3.1-8B-Instruct,0.0,0,logiqa,1.0
1,5.1875,0.0055859542589981,meta-llama/Llama-3.1-8B-Instruct,0.0,0,logiqa,1.0
2,3.625,0.026649097336355485,meta-llama/Llama-3.1-8B-Instruct,0.0,0,logiqa,1.0
3,3.046875,0.04750715251567949,meta-llama/Llama-3.1-8B-Instruct,0.0,0,logiqa,1.0
4,0.30078125,0.7402396824677261,meta-llama/Llama-3.1-8B-Instruct,1.0,0,logiqa,1.0
5,0.82421875,0.43857749732635326,meta-llama/Llama-3.1-8B-Instruct,1.0,0,logiqa,1.0
6,2.5625,0.07711171996831671,meta-llama/Llama-3.1-8B-Instruct,0.0,0,logiqa,1.0
7,2.390625,0.09157243321777621,meta-llama/Llama-3.1-8B-Instruct,0.0,0,logiqa,1.0
8,4.03125,0.01775212592162854,meta-llama/Llama-3.1-8B-Instruct,0.0,0,logiqa,1.0
9,1.203125,0.30025444914408245,meta-llama/Llama-3.1-8B-Instruct,0.0,0,logiqa,1.0
10,2.5625,0.07711171996831671,meta-llama/Llama-3.1-8B-Instruct,0.0,0,logiqa,1.0
11,0.97265625,0.3780774349414026,meta-llama/Llama-3.1-8B-Instruct,1.0,0,logiqa,1.0
12,4.0,0.01831563888873418,meta-llama/Llama-3.1-8B-Instruct,0.0,0,logiqa,1.0
13,5.75,0.003182780796509667,meta-llama/Llama-3.1-8B-Instruct,0.0,0,logiqa,1.0
14,2.5,0.0820849986238988,meta-llama/Llama-3.1-8B-Instruct,0.0,0,logiqa,1.0
15,1.3515625,0.25883551402927246,meta-llama/Llama-3.1-8B-Instruct,0.0,0,logiqa,1.0
16,3.921875,0.019803927546861083,meta-llama/Llama-3.1-8B-Instruct,0.0,0,logiqa,1.0
17,4.0625,0.017205950425851383,meta-llama/Llama-3.1-8B-Instruct,0.0,0,logiqa,1.0
18,1.171875,0.30978554847668166,meta-llama/Llama-3.1-8B-Instruct,0.0,0,logiqa,1.0
19,0.76171875,0.46686331570996537,meta-llama/Llama-3.1-8B-Instruct,1.0,0,logiqa,1.0
20,2.125,0.11943296826671962,meta-llama/Llama-3.1-8B-Instruct,0.0,0,logiqa,1.0
21,2.84375,0.058206980009571974,meta-llama/Llama-3.1-8B-Instruct,0.0,0,logiqa,1.0
22,1.5078125,0.221393747466153,meta-llama/Llama-3.1-8B-Instruct,0.0,0,logiqa,1.0
23,0.921875,0.39777251796661167,meta-llama/Llama-3.1-8B-Instruct,1.0,0,logiqa,1.0
24,1.1875,0.3049827687110593,meta-llama/Llama-3.1-8B-Instruct,0.0,0,logiqa,1.0
25,2.515625,0.08081238867682222,meta-llama/Llama-3.1-8B-Instruct,0.0,0,logiqa,1.0
26,1.625,0.19691167520419406,meta-llama/Llama-3.1-8B-Instruct,0.0,0,logiqa,1.0
27,1.671875,0.18789443308700168,meta-llama/Llama-3.1-8B-Instruct,0.0,0,logiqa,1.0
28,1.453125,0.23383840011408472,meta-llama/Llama-3.1-8B-Instruct,0.0,0,logiqa,1.0
29,1.546875,0.21291228619240427,meta-llama/Llama-3.1-8B-Instruct,0.0,0,logiqa,1.0
30,1.40625,0.2450605392455259,meta-llama/Llama-3.1-8B-Instruct,0.0,0,logiqa,1.0
31,2.59375,0.0747392417609257,meta-llama/Llama-3.1-8B-Instruct,0.0,0,logiqa,1.0
32,4.125,0.016163494588165874,meta-llama/Llama-3.1-8B-Instruct,0.0,0,logiqa,1.0
33,1.8828125,0.1521615490248429,meta-llama/Llama-3.1-8B-Instruct,0.0,0,logiqa,1.0
34,1.5234375,0.21796135555570278,meta-llama/Llama-3.1-8B-Instruct,0.0,0,logiqa,1.0
35,0.171875,0.8420844271433824,meta-llama/Llama-3.1-8B-Instruct,1.0,0,logiqa,1.0
36,4.03125,0.01775212592162854,meta-llama/Llama-3.1-8B-Instruct,0.0,0,logiqa,1.0
37,1.53125,0.2162651668298873,meta-llama/Llama-3.1-8B-Instruct,0.0,0,logiqa,1.0
38,1.546875,0.21291228619240427,meta-llama/Llama-3.1-8B-Instruct,0.0,0,logiqa,1.0
39,3.125,0.04393693362340742,meta-llama/Llama-3.1-8B-Instruct,0.0,0,logiqa,1.0
1,6.34375,0.0017576984932042732,meta-llama/Llama-3.1-8B-Instruct,0.0,0,logiqa,1.0
2,0.87109375,0.4184935714928901,meta-llama/Llama-3.1-8B-Instruct,0.0,0,logiqa,1.0
3,0.609375,0.5436905695130004,meta-llama/Llama-3.1-8B-Instruct,1.0,0,logiqa,1.0
4,0.71484375,0.48926855403569414,meta-llama/Llama-3.1-8B-Instruct,1.0,0,logiqa,1.0
5,1.3828125,0.25087198245993886,meta-llama/Llama-3.1-8B-Instruct,0.0,0,logiqa,1.0
6,1.1875,0.3049827687110593,meta-llama/Llama-3.1-8B-Instruct,0.0,0,logiqa,1.0
7,0.73046875,0.48168314818692903,meta-llama/Llama-3.1-8B-Instruct,1.0,0,logiqa,1.0
8,1.65625,0.19085333986431632,meta-llama/Llama-3.1-8B-Instruct,0.0,0,logiqa,1.0
9,3.96875,0.018897039677585683,meta-llama/Llama-3.1-8B-Instruct,0.0,0,logiqa,1.0
10,4.65625,0.00950202828005989,meta-llama/Llama-3.1-8B-Instruct,0.0,0,logiqa,1.0
11,5.6875,0.0033880525218347116,meta-llama/Llama-3.1-8B-Instruct,0.0,0,logiqa,1.0
12,1.578125,0.20636166380601706,meta-llama/Llama-3.1-8B-Instruct,0.0,0,logiqa,1.0
13,3.8125,0.022092877665062443,meta-llama/Llama-3.1-8B-Instruct,0.0,0,logiqa,1.0
14,1.1171875,0.3271987482181544,meta-llama/Llama-3.1-8B-Instruct,1.0,0,logiqa,1.0
15,0.87890625,0.4152368286818413,meta-llama/Llama-3.1-8B-Instruct,1.0,0,logiqa,1.0
16,2.859375,0.057304564428268645,meta-llama/Llama-3.1-8B-Instruct,0.0,0,logiqa,1.0
17,0.96484375,0.3810427330152126,meta-llama/Llama-3.1-8B-Instruct,0.0,0,logiqa,1.0
18,4.375,0.012588142242433998,meta-llama/Llama-3.1-8B-Instruct,0.0,0,logiqa,1.0
19,1.1015625,0.3323513787550223,meta-llama/Llama-3.1-8B-Instruct,0.0,0,logiqa,1.0
20,1.5546875,0.21125538963610227,meta-llama/Llama-3.1-8B-Instruct,0.0,0,logiqa,1.0
21,0.2041015625,0.8153795549957998,meta-llama/Llama-3.1-8B-Instruct,1.0,0,logiqa,1.0
22,1.1171875,0.3271987482181544,meta-llama/Llama-3.1-8B-Instruct,0.0,0,logiqa,1.0
23,1.2734375,0.27986792038923625,meta-llama/Llama-3.1-8B-Instruct,0.0,0,logiqa,1.0
24,0.890625,0.41039917309637,meta-llama/Llama-3.1-8B-Instruct,0.0,0,logiqa,1.0
25,3.171875,0.04192491494570112,meta-llama/Llama-3.1-8B-Instruct,0.0,0,logiqa,1.0
26,1.296875,0.27338478699614155,meta-llama/Llama-3.1-8B-Instruct,0.0,0,logiqa,1.0
27,2.125,0.11943296826671962,meta-llama/Llama-3.1-8B-Instruct,0.0,0,logiqa,1.0
28,3.5,0.0301973834223185,meta-llama/Llama-3.1-8B-Instruct,0.0,0,logiqa,1.0
29,3.171875,0.04192491494570112,meta-llama/Llama-3.1-8B-Instruct,0.0,0,logiqa,1.0
30,4.6875,0.00920968160396814,meta-llama/Llama-3.1-8B-Instruct,0.0,0,logiqa,1.0
31,1.921875,0.1463323316229146,meta-llama/Llama-3.1-8B-Instruct,0.0,0,logiqa,1.0
32,0.72265625,0.485461035940867,meta-llama/Llama-3.1-8B-Instruct,1.0,0,logiqa,1.0
33,3.390625,0.03368761555886473,meta-llama/Llama-3.1-8B-Instruct,0.0,0,logiqa,1.0
34,0.2421875,0.7849089933174918,meta-llama/Llama-3.1-8B-Instruct,1.0,0,logiqa,1.0
35,1.5,0.22313016014842982,meta-llama/Llama-3.1-8B-Instruct,0.0,0,logiqa,1.0
36,1.40625,0.2450605392455259,meta-llama/Llama-3.1-8B-Instruct,0.0,0,logiqa,1.0
37,1.78125,0.16842748127818424,meta-llama/Llama-3.1-8B-Instruct,0.0,0,logiqa,1.0
38,3.625,0.026649097336355485,meta-llama/Llama-3.1-8B-Instruct,0.0,0,logiqa,1.0
39,1.71875,0.17929012055011864,meta-llama/Llama-3.1-8B-Instruct,0.0,0,logiqa,1.0
1,9.4375,7.96793581553195e-05,meta-llama/Llama-3.1-8B-Instruct,0.0,0,logiqa,1.0
2,5.71875,0.003283813104313592,meta-llama/Llama-3.1-8B-Instruct,0.0,0,logiqa,1.0
3,6.0,0.0024787521766663585,meta-llama/Llama-3.1-8B-Instruct,0.0,0,logiqa,1.0
4,5.0,0.006737946999085467,meta-llama/Llama-3.1-8B-Instruct,0.0,0,logiqa,1.0
5,5.78125,0.0030848569260302594,meta-llama/Llama-3.1-8B-Instruct,0.0,0,logiqa,1.0
6,1.46875,0.23021307174736147,meta-llama/Llama-3.1-8B-Instruct,0.0,0,logiqa,1.0
7,2.1875,0.11219689052034373,meta-llama/Llama-3.1-8B-Instruct,0.0,0,logiqa,1.0
8,2.375,0.09301448921066349,meta-llama/Llama-3.1-8B-Instruct,0.0,0,logiqa,1.0
9,2.9375,0.0529980584033558,meta-llama/Llama-3.1-8B-Instruct,0.0,0,logiqa,1.0
10,3.8125,0.022092877665062443,meta-llama/Llama-3.1-8B-Instruct,0.0,0,logiqa,1.0
11,1.5078125,0.221393747466153,meta-llama/Llama-3.1-8B-Instruct,0.0,0,logiqa,1.0
12,0.83203125,0.4351644601644917,meta-llama/Llama-3.1-8B-Instruct,1.0,0,logiqa,1.0
13,1.46875,0.23021307174736147,meta-llama/Llama-3.1-8B-Instruct,0.0,0,logiqa,1.0
14,1.234375,0.29101659090983195,meta-llama/Llama-3.1-8B-Instruct,1.0,0,logiqa,1.0
15,2.125,0.11943296826671962,meta-llama/Llama-3.1-8B-Instruct,0.0,0,logiqa,1.0
16,1.96875,0.13963128628139898,meta-llama/Llama-3.1-8B-Instruct,0.0,0,logiqa,1.0
17,1.53125,0.2162651668298873,meta-llama/Llama-3.1-8B-Instruct,0.0,0,logiqa,1.0
18,0.52734375,0.5901705299683179,meta-llama/Llama-3.1-8B-Instruct,1.0,0,logiqa,1.0
19,1.71875,0.17929012055011864,meta-llama/Llama-3.1-8B-Instruct,0.0,0,logiqa,1.0
20,1.140625,0.31961919737930994,meta-llama/Llama-3.1-8B-Instruct,1.0,0,logiqa,1.0
21,2.25,0.10539922456186433,meta-llama/Llama-3.1-8B-Instruct,0.0,0,logiqa,1.0
22,2.1875,0.11219689052034373,meta-llama/Llama-3.1-8B-Instruct,0.0,0,logiqa,1.0
23,1.5703125,0.207980178394932,meta-llama/Llama-3.1-8B-Instruct,0.0,0,logiqa,1.0
24,0.30078125,0.7402396824677261,meta-llama/Llama-3.1-8B-Instruct,1.0,0,logiqa,1.0
25,1.125,0.32465246735834974,meta-llama/Llama-3.1-8B-Instruct,1.0,0,logiqa,1.0
26,0.9140625,0.4008922864910774,meta-llama/Llama-3.1-8B-Instruct,0.0,0,logiqa,1.0
27,0.72265625,0.485461035940867,meta-llama/Llama-3.1-8B-Instruct,1.0,0,logiqa,1.0
28,1.6953125,0.18354186323251906,meta-llama/Llama-3.1-8B-Instruct,0.0,0,logiqa,1.0
29,0.82421875,0.43857749732635326,meta-llama/Llama-3.1-8B-Instruct,1.0,0,logiqa,1.0
30,2.5,0.0820849986238988,meta-llama/Llama-3.1-8B-Instruct,0.0,0,logiqa,1.0
31,1.1015625,0.3323513787550223,meta-llama/Llama-3.1-8B-Instruct,1.0,0,logiqa,1.0
32,1.5703125,0.207980178394932,meta-llama/Llama-3.1-8B-Instruct,0.0,0,logiqa,1.0
33,0.81640625,0.44201730327044453,meta-llama/Llama-3.1-8B-Instruct,1.0,0,logiqa,1.0
34,0.93359375,0.39313832776388624,meta-llama/Llama-3.1-8B-Instruct,1.0,0,logiqa,1.0
35,3.84375,0.021413151278198653,meta-llama/Llama-3.1-8B-Instruct,0.0,0,logiqa,1.0
36,1.9296875,0.14519356438370257,meta-llama/Llama-3.1-8B-Instruct,0.0,0,logiqa,1.0
1,8.3125,0.0002454297015009895,meta-llama/Llama-3.1-8B-Instruct,0.0,0,logiqa,1.0
2,0.625,0.5352614285189903,meta-llama/Llama-3.1-8B-Instruct,1.0,0,logiqa,1.0
3,1.578125,0.20636166380601706,meta-llama/Llama-3.1-8B-Instruct,0.0,0,logiqa,1.0
4,5.875,0.0028087941945255128,meta-llama/Llama-3.1-8B-Instruct,0.0,0,logiqa,1.0
5,1.25,0.2865047968601901,meta-llama/Llama-3.1-8B-Instruct,0.0,0,logiqa,1.0
6,2.015625,0.13323710414756298,meta-llama/Llama-3.1-8B-Instruct,0.0,0,logiqa,1.0
7,2.15625,0.11575840213626322,meta-llama/Llama-3.1-8B-Instruct,0.0,0,logiqa,1.0
8,0.859375,0.4234266412852628,meta-llama/Llama-3.1-8B-Instruct,1.0,0,logiqa,1.0
9,2.0,0.1353352832366127,meta-llama/Llama-3.1-8B-Instruct,0.0,0,logiqa,1.0
10,2.0625,0.1271357329320356,meta-llama/Llama-3.1-8B-Instruct,0.0,0,logiqa,1.0
11,1.125,0.32465246735834974,meta-llama/Llama-3.1-8B-Instruct,0.0,0,logiqa,1.0
12,0.578125,0.5609491608144708,meta-llama/Llama-3.1-8B-Instruct,1.0,0,logiqa,1.0
13,1.0859375,0.3375851514160396,meta-llama/Llama-3.1-8B-Instruct,1.0,0,logiqa,1.0
14,3.765625,0.023153137001639675,meta-llama/Llama-3.1-8B-Instruct,0.0,0,logiqa,1.0
15,0.32421875,0.7230920486923872,meta-llama/Llama-3.1-8B-Instruct,1.0,0,logiqa,1.0
16,2.359375,0.09447925428109244,meta-llama/Llama-3.1-8B-Instruct,0.0,0,logiqa,1.0
17,2.3125,0.0990134083638263,meta-llama/Llama-3.1-8B-Instruct,0.0,0,logiqa,1.0
18,4.25,0.014264233908999256,meta-llama/Llama-3.1-8B-Instruct,0.0,0,logiqa,1.0
19,1.40625,0.2450605392455259,meta-llama/Llama-3.1-8B-Instruct,0.0,0,logiqa,1.0
20,0.400390625,0.6700582534023591,meta-llama/Llama-3.1-8B-Instruct,1.0,0,logiqa,1.0
21,0.90234375,0.40561787790561105,meta-llama/Llama-3.1-8B-Instruct,1.0,0,logiqa,1.0
22,3.40625,0.03316533748891029,meta-llama/Llama-3.1-8B-Instruct,0.0,0,logiqa,1.0
23,1.140625,0.31961919737930994,meta-llama/Llama-3.1-8B-Instruct,1.0,0,logiqa,1.0
24,1.890625,0.1509774184559146,meta-llama/Llama-3.1-8B-Instruct,0.0,0,logiqa,1.0
25,1.640625,0.19385884264329528,meta-llama/Llama-3.1-8B-Instruct,0.0,0,logiqa,1.0
26,2.3125,0.0990134083638263,meta-llama/Llama-3.1-8B-Instruct,0.0,0,logiqa,1.0
27,0.96484375,0.3810427330152126,meta-llama/Llama-3.1-8B-Instruct,1.0,0,logiqa,1.0
28,1.0859375,0.3375851514160396,meta-llama/Llama-3.1-8B-Instruct,0.0,0,logiqa,1.0
29,5.5,0.004086771438464067,meta-llama/Llama-3.1-8B-Instruct,0.0,0,logiqa,1.0
30,2.296875,0.10057264266491435,meta-llama/Llama-3.1-8B-Instruct,0.0,0,logiqa,1.0
31,0.421875,0.6558160112715016,meta-llama/Llama-3.1-8B-Instruct,1.0,0,logiqa,1.0
32,2.375,0.09301448921066349,meta-llama/Llama-3.1-8B-Instruct,0.0,0,logiqa,1.0
33,3.03125,0.04825528130927965,meta-llama/Llama-3.1-8B-Instruct,0.0,0,logiqa,1.0
34,0.5078125,0.6018106006716945,meta-llama/Llama-3.1-8B-Instruct,1.0,0,logiqa,1.0
35,1.21875,0.29559943537737077,meta-llama/Llama-3.1-8B-Instruct,0.0,0,logiqa,1.0
36,2.28125,0.1021564313333943,meta-llama/Llama-3.1-8B-Instruct,0.0,0,logiqa,1.0
37,1.5390625,0.21458217794945839,meta-llama/Llama-3.1-8B-Instruct,0.0,0,logiqa,1.0
38,1.3515625,0.25883551402927246,meta-llama/Llama-3.1-8B-Instruct,0.0,0,logiqa,1.0
1,9.125,0.00010890876985506645,meta-llama/Llama-3.1-8B-Instruct,0.0,0,logiqa,1.0
2,2.21875,0.10874495509722103,meta-llama/Llama-3.1-8B-Instruct,0.0,0,logiqa,1.0
3,0.9609375,0.3825340921054156,meta-llama/Llama-3.1-8B-Instruct,1.0,0,logiqa,1.0
4,4.78125,0.008385510525424083,meta-llama/Llama-3.1-8B-Instruct,0.0,0,logiqa,1.0
5,0.53515625,0.5855777864671197,meta-llama/Llama-3.1-8B-Instruct,1.0,0,logiqa,1.0
6,2.1875,0.11219689052034373,meta-llama/Llama-3.1-8B-Instruct,0.0,0,logiqa,1.0
7,3.8125,0.022092877665062443,meta-llama/Llama-3.1-8B-Instruct,0.0,0,logiqa,1.0
8,0.82421875,0.43857749732635326,meta-llama/Llama-3.1-8B-Instruct,1.0,0,logiqa,1.0
9,2.359375,0.09447925428109244,meta-llama/Llama-3.1-8B-Instruct,0.0,0,logiqa,1.0
10,1.671875,0.18789443308700168,meta-llama/Llama-3.1-8B-Instruct,0.0,0,logiqa,1.0
11,3.9375,0.019496896108597995,meta-llama/Llama-3.1-8B-Instruct,0.0,0,logiqa,1.0
12,1.4453125,0.23567241741677974,meta-llama/Llama-3.1-8B-Instruct,0.0,0,logiqa,1.0
13,2.765625,0.06293675158337987,meta-llama/Llama-3.1-8B-Instruct,0.0,0,logiqa,1.0
14,1.984375,0.13746650383851944,meta-llama/Llama-3.1-8B-Instruct,0.0,0,logiqa,1.0
15,1.5625,0.2096113871510978,meta-llama/Llama-3.1-8B-Instruct,0.0,0,logiqa,1.0
16,2.3125,0.0990134083638263,meta-llama/Llama-3.1-8B-Instruct,0.0,0,logiqa,1.0
17,1.59375,0.20316232275153173,meta-llama/Llama-3.1-8B-Instruct,0.0,0,logiqa,1.0
18,3.328125,0.035860280096566576,meta-llama/Llama-3.1-8B-Instruct,0.0,0,logiqa,1.0
19,1.4296875,0.23938371796817895,meta-llama/Llama-3.1-8B-Instruct,0.0,0,logiqa,1.0
20,2.90625,0.05468039736791477,meta-llama/Llama-3.1-8B-Instruct,0.0,0,logiqa,1.0
21,2.015625,0.13323710414756298,meta-llama/Llama-3.1-8B-Instruct,0.0,0,logiqa,1.0
22,2.75,0.06392786120670757,meta-llama/Llama-3.1-8B-Instruct,0.0,0,logiqa,1.0
23,3.40625,0.03316533748891029,meta-llama/Llama-3.1-8B-Instruct,0.0,0,logiqa,1.0
24,1.75,0.17377394345044514,meta-llama/Llama-3.1-8B-Instruct,0.0,0,logiqa,1.0
25,2.0,0.1353352832366127,meta-llama/Llama-3.1-8B-Instruct,0.0,0,logiqa,1.0
26,2.1875,0.11219689052034373,meta-llama/Llama-3.1-8B-Instruct,0.0,0,logiqa,1.0
27,4.40625,0.012200845821682604,meta-llama/Llama-3.1-8B-Instruct,0.0,0,logiqa,1.0
28,1.21875,0.29559943537737077,meta-llama/Llama-3.1-8B-Instruct,1.0,0,logiqa,1.0
29,3.4375,0.03214494732687607,meta-llama/Llama-3.1-8B-Instruct,0.0,0,logiqa,1.0
30,1.53125,0.2162651668298873,meta-llama/Llama-3.1-8B-Instruct,0.0,0,logiqa,1.0
31,2.375,0.09301448921066349,meta-llama/Llama-3.1-8B-Instruct,0.0,0,logiqa,1.0
32,1.8125,0.1632455124539584,meta-llama/Llama-3.1-8B-Instruct,0.0,0,logiqa,1.0
33,3.796875,0.022440789864373145,meta-llama/Llama-3.1-8B-Instruct,0.0,0,logiqa,1.0
34,1.6796875,0.18643222700816212,meta-llama/Llama-3.1-8B-Instruct,0.0,0,logiqa,1.0
35,1.4375,0.23752081909545814,meta-llama/Llama-3.1-8B-Instruct,0.0,0,logiqa,1.0
36,1.1328125,0.3221260018134028,meta-llama/Llama-3.1-8B-Instruct,1.0,0,logiqa,1.0
37,3.78125,0.022794180883612344,meta-llama/Llama-3.1-8B-Instruct,0.0,0,logiqa,1.0
38,1.1796875,0.30737477821235176,meta-llama/Llama-3.1-8B-Instruct,0.0,0,logiqa,1.0
39,1.265625,0.28206295169381546,meta-llama/Llama-3.1-8B-Instruct,0.0,0,logiqa,1.0
40,2.0625,0.1271357329320356,meta-llama/Llama-3.1-8B-Instruct,0.0,0,logiqa,1.0
1,4.53125,0.010767208646547101,meta-llama/Llama-3.1-8B-Instruct,0.0,0,logiqa,1.0
2,0.53125,0.5878696731223465,meta-llama/Llama-3.1-8B-Instruct,1.0,0,logiqa,1.0
3,2.28125,0.1021564313333943,meta-llama/Llama-3.1-8B-Instruct,0.0,0,logiqa,1.0
4,5.53125,0.003961034699868069,meta-llama/Llama-3.1-8B-Instruct,0.0,0,logiqa,1.0
5,0.89453125,0.4087991783506979,meta-llama/Llama-3.1-8B-Instruct,0.0,0,logiqa,1.0
6,0.4453125,0.6406240497330474,meta-llama/Llama-3.1-8B-Instruct,1.0,0,logiqa,1.0
7,2.6875,0.0680508540250102,meta-llama/Llama-3.1-8B-Instruct,0.0,0,logiqa,1.0
8,1.9296875,0.14519356438370257,meta-llama/Llama-3.1-8B-Instruct,0.0,0,logiqa,1.0
9,1.6875,0.18498139990730428,meta-llama/Llama-3.1-8B-Instruct,0.0,0,logiqa,1.0
10,1.5234375,0.21796135555570278,meta-llama/Llama-3.1-8B-Instruct,0.0,0,logiqa,1.0
11,3.03125,0.04825528130927965,meta-llama/Llama-3.1-8B-Instruct,0.0,0,logiqa,1.0
12,4.5,0.011108996538242306,meta-llama/Llama-3.1-8B-Instruct,0.0,0,logiqa,1.0
13,4.78125,0.008385510525424083,meta-llama/Llama-3.1-8B-Instruct,0.0,0,logiqa,1.0
14,2.1875,0.11219689052034373,meta-llama/Llama-3.1-8B-Instruct,0.0,0,logiqa,1.0
15,1.4375,0.23752081909545814,meta-llama/Llama-3.1-8B-Instruct,0.0,0,logiqa,1.0
16,1.328125,0.26497362135689667,meta-llama/Llama-3.1-8B-Instruct,0.0,0,logiqa,1.0
17,0.42578125,0.6532592269479727,meta-llama/Llama-3.1-8B-Instruct,1.0,0,logiqa,1.0
18,4.0,0.01831563888873418,meta-llama/Llama-3.1-8B-Instruct,0.0,0,logiqa,1.0
19,0.97265625,0.3780774349414026,meta-llama/Llama-3.1-8B-Instruct,1.0,0,logiqa,1.0
20,1.8984375,0.14980250286418162,meta-llama/Llama-3.1-8B-Instruct,0.0,0,logiqa,1.0
21,1.3046875,0.27125728970502744,meta-llama/Llama-3.1-8B-Instruct,0.0,0,logiqa,1.0
22,1.765625,0.17107982817134254,meta-llama/Llama-3.1-8B-Instruct,0.0,0,logiqa,1.0
23,1.375,0.25283959580474646,meta-llama/Llama-3.1-8B-Instruct,0.0,0,logiqa,1.0
24,0.74609375,0.4742153431555798,meta-llama/Llama-3.1-8B-Instruct,1.0,0,logiqa,1.0
25,4.40625,0.012200845821682604,meta-llama/Llama-3.1-8B-Instruct,0.0,0,logiqa,1.0
26,1.4296875,0.23938371796817895,meta-llama/Llama-3.1-8B-Instruct,0.0,0,logiqa,1.0
27,2.1875,0.11219689052034373,meta-llama/Llama-3.1-8B-Instruct,0.0,0,logiqa,1.0
28,1.6875,0.18498139990730428,meta-llama/Llama-3.1-8B-Instruct,0.0,0,logiqa,1.0
29,2.453125,0.08602433995839362,meta-llama/Llama-3.1-8B-Instruct,0.0,0,logiqa,1.0
30,2.765625,0.06293675158337987,meta-llama/Llama-3.1-8B-Instruct,0.0,0,logiqa,1.0
31,4.3125,0.013400007665140828,meta-llama/Llama-3.1-8B-Instruct,0.0,0,logiqa,1.0
32,1.390625,0.2489196812036605,meta-llama/Llama-3.1-8B-Instruct,0.0,0,logiqa,1.0
33,0.69921875,0.49697341264527733,meta-llama/Llama-3.1-8B-Instruct,1.0,0,logiqa,1.0
34,0.7890625,0.4542704742837873,meta-llama/Llama-3.1-8B-Instruct,1.0,0,logiqa,1.0
35,1.796875,0.1658162552121675,meta-llama/Llama-3.1-8B-Instruct,0.0,0,logiqa,1.0
36,3.515625,0.02972921638615875,meta-llama/Llama-3.1-8B-Instruct,0.0,0,logiqa,1.0
37,1.484375,0.22664394888734782,meta-llama/Llama-3.1-8B-Instruct,0.0,0,logiqa,1.0
38,1.8828125,0.1521615490248429,meta-llama/Llama-3.1-8B-Instruct,0.0,0,logiqa,1.0
39,3.65625,0.025829190807190754,meta-llama/Llama-3.1-8B-Instruct,0.0,0,logiqa,1.0
40,0.55859375,0.572012891653811,meta-llama/Llama-3.1-8B-Instruct,1.0,0,logiqa,1.0
1,11.375,1.147889989071055e-05,meta-llama/Llama-3.1-8B-Instruct,0.0,0,logiqa,1.0
2,2.140625,0.11758133171956547,meta-llama/Llama-3.1-8B-Instruct,0.0,0,logiqa,1.0
3,2.0,0.1353352832366127,meta-llama/Llama-3.1-8B-Instruct,0.0,0,logiqa,1.0
4,1.328125,0.26497362135689667,meta-llama/Llama-3.1-8B-Instruct,0.0,0,logiqa,1.0
5,7.25,0.000710174388842549,meta-llama/Llama-3.1-8B-Instruct,0.0,0,logiqa,1.0
6,3.578125,0.027928014220365963,meta-llama/Llama-3.1-8B-Instruct,0.0,0,logiqa,1.0
7,1.171875,0.30978554847668166,meta-llama/Llama-3.1-8B-Instruct,0.0,0,logiqa,1.0
8,3.125,0.04393693362340742,meta-llama/Llama-3.1-8B-Instruct,0.0,0,logiqa,1.0
9,1.3828125,0.25087198245993886,meta-llama/Llama-3.1-8B-Instruct,0.0,0,logiqa,1.0
10,1.34375,0.26086558612628497,meta-llama/Llama-3.1-8B-Instruct,0.0,0,logiqa,1.0
11,1.9765625,0.13854466699075552,meta-llama/Llama-3.1-8B-Instruct,0.0,0,logiqa,1.0
12,1.3046875,0.27125728970502744,meta-llama/Llama-3.1-8B-Instruct,0.0,0,logiqa,1.0
13,2.4375,0.08737902619542039,meta-llama/Llama-3.1-8B-Instruct,0.0,0,logiqa,1.0
14,1.421875,0.2412612277378443,meta-llama/Llama-3.1-8B-Instruct,0.0,0,logiqa,1.0
15,0.1787109375,0.8363476211932502,meta-llama/Llama-3.1-8B-Instruct,1.0,0,logiqa,1.0
16,1.25,0.2865047968601901,meta-llama/Llama-3.1-8B-Instruct,0.0,0,logiqa,1.0
17,2.46875,0.0846906561847805,meta-llama/Llama-3.1-8B-Instruct,0.0,0,logiqa,1.0
18,0.90234375,0.40561787790561105,meta-llama/Llama-3.1-8B-Instruct,1.0,0,logiqa,1.0
19,2.40625,0.09015273423081638,meta-llama/Llama-3.1-8B-Instruct,0.0,0,logiqa,1.0
20,3.765625,0.023153137001639675,meta-llama/Llama-3.1-8B-Instruct,0.0,0,logiqa,1.0
21,0.466796875,0.6270074383640806,meta-llama/Llama-3.1-8B-Instruct,1.0,0,logiqa,1.0
22,1.5078125,0.221393747466153,meta-llama/Llama-3.1-8B-Instruct,0.0,0,logiqa,1.0
23,0.70703125,0.49310593486505433,meta-llama/Llama-3.1-8B-Instruct,1.0,0,logiqa,1.0
24,3.671875,0.025428746320412147,meta-llama/Llama-3.1-8B-Instruct,0.0,0,logiqa,1.0
25,2.671875,0.06912249904327114,meta-llama/Llama-3.1-8B-Instruct,0.0,0,logiqa,1.0
26,1.40625,0.2450605392455259,meta-llama/Llama-3.1-8B-Instruct,0.0,0,logiqa,1.0
27,2.453125,0.08602433995839362,meta-llama/Llama-3.1-8B-Instruct,0.0,0,logiqa,1.0
28,4.28125,0.013825369568946493,meta-llama/Llama-3.1-8B-Instruct,0.0,0,logiqa,1.0
29,3.25,0.03877420783172201,meta-llama/Llama-3.1-8B-Instruct,0.0,0,logiqa,1.0
30,2.40625,0.09015273423081638,meta-llama/Llama-3.1-8B-Instruct,0.0,0,logiqa,1.0
31,3.671875,0.025428746320412147,meta-llama/Llama-3.1-8B-Instruct,0.0,0,logiqa,1.0
32,3.0,0.049787068367863944,meta-llama/Llama-3.1-8B-Instruct,0.0,0,logiqa,1.0
33,2.296875,0.10057264266491435,meta-llama/Llama-3.1-8B-Instruct,0.0,0,logiqa,1.0
34,4.5625,0.010435936462774504,meta-llama/Llama-3.1-8B-Instruct,0.0,0,logiqa,1.0
35,1.765625,0.17107982817134254,meta-llama/Llama-3.1-8B-Instruct,0.0,0,logiqa,1.0
36,0.44140625,0.6431313813711866,meta-llama/Llama-3.1-8B-Instruct,1.0,0,logiqa,1.0
37,3.1875,0.04127492938579755,meta-llama/Llama-3.1-8B-Instruct,0.0,0,logiqa,1.0
38,2.96875,0.05136747956725073,meta-llama/Llama-3.1-8B-Instruct,0.0,0,logiqa,1.0
1,8.0625,0.000315137974737356,meta-llama/Llama-3.1-8B-Instruct,0.0,0,logiqa,1.0
2,1.9375,0.14406365910145327,meta-llama/Llama-3.1-8B-Instruct,0.0,0,logiqa,1.0
3,4.5625,0.010435936462774504,meta-llama/Llama-3.1-8B-Instruct,0.0,0,logiqa,1.0
4,1.2421875,0.2887518818320782,meta-llama/Llama-3.1-8B-Instruct,0.0,0,logiqa,1.0
5,1.875,0.15335496684492847,meta-llama/Llama-3.1-8B-Instruct,0.0,0,logiqa,1.0
6,2.171875,0.1139637344565904,meta-llama/Llama-3.1-8B-Instruct,0.0,0,logiqa,1.0
7,2.453125,0.08602433995839362,meta-llama/Llama-3.1-8B-Instruct,0.0,0,logiqa,1.0
8,3.4375,0.03214494732687607,meta-llama/Llama-3.1-8B-Instruct,0.0,0,logiqa,1.0
9,0.65234375,0.5208236646937497,meta-llama/Llama-3.1-8B-Instruct,1.0,0,logiqa,1.0
10,1.015625,0.3621759990808257,meta-llama/Llama-3.1-8B-Instruct,1.0,0,logiqa,1.0
11,3.71875,0.02426427924617674,meta-llama/Llama-3.1-8B-Instruct,0.0,0,logiqa,1.0
12,0.76953125,0.463230156563083,meta-llama/Llama-3.1-8B-Instruct,1.0,0,logiqa,1.0
13,3.578125,0.027928014220365963,meta-llama/Llama-3.1-8B-Instruct,0.0,0,logiqa,1.0
14,2.28125,0.1021564313333943,meta-llama/Llama-3.1-8B-Instruct,0.0,0,logiqa,1.0
15,2.609375,0.07358051721811718,meta-llama/Llama-3.1-8B-Instruct,0.0,0,logiqa,1.0
16,0.294921875,0.7445897562683694,meta-llama/Llama-3.1-8B-Instruct,1.0,0,logiqa,1.0
17,5.375,0.004630918733533246,meta-llama/Llama-3.1-8B-Instruct,0.0,0,logiqa,1.0
18,1.6484375,0.1923502211610474,meta-llama/Llama-3.1-8B-Instruct,0.0,0,logiqa,1.0
19,1.0078125,0.36501658064745907,meta-llama/Llama-3.1-8B-Instruct,0.0,0,logiqa,1.0
20,6.625,0.0013267804310269915,meta-llama/Llama-3.1-8B-Instruct,0.0,0,logiqa,1.0
21,0.640625,0.5269629692433709,meta-llama/Llama-3.1-8B-Instruct,1.0,0,logiqa,1.0
22,3.828125,0.021750359344450344,meta-llama/Llama-3.1-8B-Instruct,0.0,0,logiqa,1.0
23,4.4375,0.011825465259096618,meta-llama/Llama-3.1-8B-Instruct,0.0,0,logiqa,1.0
24,2.5,0.0820849986238988,meta-llama/Llama-3.1-8B-Instruct,0.0,0,logiqa,1.0
25,3.109375,0.04462883965030139,meta-llama/Llama-3.1-8B-Instruct,0.0,0,logiqa,1.0
26,2.0,0.1353352832366127,meta-llama/Llama-3.1-8B-Instruct,0.0,0,logiqa,1.0
27,3.953125,0.019194624751579337,meta-llama/Llama-3.1-8B-Instruct,0.0,0,logiqa,1.0
28,1.1640625,0.31221522664653706,meta-llama/Llama-3.1-8B-Instruct,0.0,0,logiqa,1.0
29,0.87109375,0.4184935714928901,meta-llama/Llama-3.1-8B-Instruct,0.0,0,logiqa,1.0
30,2.09375,0.12322417764723749,meta-llama/Llama-3.1-8B-Instruct,0.0,0,logiqa,1.0
31,4.0625,0.017205950425851383,meta-llama/Llama-3.1-8B-Instruct,0.0,0,logiqa,1.0
32,1.75,0.17377394345044514,meta-llama/Llama-3.1-8B-Instruct,0.0,0,logiqa,1.0
33,0.08984375,0.9140739981758944,meta-llama/Llama-3.1-8B-Instruct,1.0,0,logiqa,1.0
34,1.546875,0.21291228619240427,meta-llama/Llama-3.1-8B-Instruct,0.0,0,logiqa,1.0
35,1.0546875,0.34830125444308524,meta-llama/Llama-3.1-8B-Instruct,0.0,0,logiqa,1.0
36,2.6875,0.0680508540250102,meta-llama/Llama-3.1-8B-Instruct,0.0,0,logiqa,1.0
37,3.390625,0.03368761555886473,meta-llama/Llama-3.1-8B-Instruct,0.0,0,logiqa,1.0
38,3.109375,0.04462883965030139,meta-llama/Llama-3.1-8B-Instruct,0.0,0,logiqa,1.0
39,3.578125,0.027928014220365963,meta-llama/Llama-3.1-8B-Instruct,0.0,0,logiqa,1.0
40,2.328125,0.0974783477499485,meta-llama/Llama-3.1-8B-Instruct,0.0,0,logiqa,1.0
1,12.6875,3.0895039930125723e-06,meta-llama/Llama-3.1-8B-Instruct,0.0,0,logiqa,1.0
2,5.15625,0.005763271481312824,meta-llama/Llama-3.1-8B-Instruct,0.0,0,logiqa,1.0
3,1.4453125,0.23567241741677974,meta-llama/Llama-3.1-8B-Instruct,0.0,0,logiqa,1.0
4,3.34375,0.03530431798508576,meta-llama/Llama-3.1-8B-Instruct,0.0,0,logiqa,1.0
5,2.984375,0.050571100611906464,meta-llama/Llama-3.1-8B-Instruct,0.0,0,logiqa,1.0
6,3.5625,0.0283678164497131,meta-llama/Llama-3.1-8B-Instruct,0.0,0,logiqa,1.0
7,3.140625,0.043255754605187734,meta-llama/Llama-3.1-8B-Instruct,0.0,0,logiqa,1.0
8,3.421875,0.03265115658991408,meta-llama/Llama-3.1-8B-Instruct,0.0,0,logiqa,1.0
9,1.96875,0.13963128628139898,meta-llama/Llama-3.1-8B-Instruct,0.0,0,logiqa,1.0
10,2.375,0.09301448921066349,meta-llama/Llama-3.1-8B-Instruct,0.0,0,logiqa,1.0
11,1.375,0.25283959580474646,meta-llama/Llama-3.1-8B-Instruct,0.0,0,logiqa,1.0
12,2.65625,0.07021102001498804,meta-llama/Llama-3.1-8B-Instruct,0.0,0,logiqa,1.0
13,1.890625,0.1509774184559146,meta-llama/Llama-3.1-8B-Instruct,0.0,0,logiqa,1.0
14,4.09375,0.016676578983487567,meta-llama/Llama-3.1-8B-Instruct,0.0,0,logiqa,1.0
15,4.0,0.01831563888873418,meta-llama/Llama-3.1-8B-Instruct,0.0,0,logiqa,1.0
16,0.25390625,0.7757645265618263,meta-llama/Llama-3.1-8B-Instruct,1.0,0,logiqa,1.0
17,4.46875,0.011461633942261852,meta-llama/Llama-3.1-8B-Instruct,0.0,0,logiqa,1.0
18,3.671875,0.025428746320412147,meta-llama/Llama-3.1-8B-Instruct,0.0,0,logiqa,1.0
19,0.859375,0.4234266412852628,meta-llama/Llama-3.1-8B-Instruct,1.0,0,logiqa,1.0
20,1.21875,0.29559943537737077,meta-llama/Llama-3.1-8B-Instruct,0.0,0,logiqa,1.0
21,2.875,0.05641613950377735,meta-llama/Llama-3.1-8B-Instruct,0.0,0,logiqa,1.0
22,1.28125,0.27768997095378994,meta-llama/Llama-3.1-8B-Instruct,0.0,0,logiqa,1.0
23,1.3984375,0.24698257287629313,meta-llama/Llama-3.1-8B-Instruct,0.0,0,logiqa,1.0
24,1.3359375,0.26291158027609046,meta-llama/Llama-3.1-8B-Instruct,0.0,0,logiqa,1.0
25,2.75,0.06392786120670757,meta-llama/Llama-3.1-8B-Instruct,0.0,0,logiqa,1.0
26,4.40625,0.012200845821682604,meta-llama/Llama-3.1-8B-Instruct,0.0,0,logiqa,1.0
27,2.0,0.1353352832366127,meta-llama/Llama-3.1-8B-Instruct,0.0,0,logiqa,1.0
28,5.625,0.0036065631360157305,meta-llama/Llama-3.1-8B-Instruct,0.0,0,logiqa,1.0
29,2.71875,0.06595714935553817,meta-llama/Llama-3.1-8B-Instruct,0.0,0,logiqa,1.0
30,1.078125,0.34023286457404905,meta-llama/Llama-3.1-8B-Instruct,1.0,0,logiqa,1.0
31,1.0546875,0.34830125444308524,meta-llama/Llama-3.1-8B-Instruct,1.0,0,logiqa,1.0
32,1.1953125,0.30260937397538795,meta-llama/Llama-3.1-8B-Instruct,0.0,0,logiqa,1.0
33,1.8515625,0.1569916750812332,meta-llama/Llama-3.1-8B-Instruct,0.0,0,logiqa,1.0
34,2.875,0.05641613950377735,meta-llama/Llama-3.1-8B-Instruct,0.0,0,logiqa,1.0
35,1.7109375,0.18069631039374898,meta-llama/Llama-3.1-8B-Instruct,0.0,0,logiqa,1.0
36,4.59375,0.010114856452604551,meta-llama/Llama-3.1-8B-Instruct,0.0,0,logiqa,1.0
37,1.90625,0.1486367305381225,meta-llama/Llama-3.1-8B-Instruct,0.0,0,logiqa,1.0
38,2.21875,0.10874495509722103,meta-llama/Llama-3.1-8B-Instruct,0.0,0,logiqa,1.0
1,7.3125,0.0006671470977542673,meta-llama/Llama-3.1-8B-Instruct,0.0,0,logiqa,1.0
2,2.0625,0.1271357329320356,meta-llama/Llama-3.1-8B-Instruct,0.0,0,logiqa,1.0
3,2.71875,0.06595714935553817,meta-llama/Llama-3.1-8B-Instruct,0.0,0,logiqa,1.0
4,0.435546875,0.64691079098504,meta-llama/Llama-3.1-8B-Instruct,1.0,0,logiqa,1.0
5,2.640625,0.07131668269775804,meta-llama/Llama-3.1-8B-Instruct,0.0,0,logiqa,1.0
6,2.484375,0.08337764926156645,meta-llama/Llama-3.1-8B-Instruct,0.0,0,logiqa,1.0
7,4.0,0.01831563888873418,meta-llama/Llama-3.1-8B-Instruct,0.0,0,logiqa,1.0
8,4.03125,0.01775212592162854,meta-llama/Llama-3.1-8B-Instruct,0.0,0,logiqa,1.0
9,3.40625,0.03316533748891029,meta-llama/Llama-3.1-8B-Instruct,0.0,0,logiqa,1.0
10,1.6953125,0.18354186323251906,meta-llama/Llama-3.1-8B-Instruct,0.0,0,logiqa,1.0
11,2.78125,0.061961007690531984,meta-llama/Llama-3.1-8B-Instruct,0.0,0,logiqa,1.0
12,1.171875,0.30978554847668166,meta-llama/Llama-3.1-8B-Instruct,0.0,0,logiqa,1.0
13,1.546875,0.21291228619240427,meta-llama/Llama-3.1-8B-Instruct,0.0,0,logiqa,1.0
14,1.359375,0.25682124007865503,meta-llama/Llama-3.1-8B-Instruct,0.0,0,logiqa,1.0
15,1.109375,0.3297649998062575,meta-llama/Llama-3.1-8B-Instruct,0.0,0,logiqa,1.0
16,2.390625,0.09157243321777621,meta-llama/Llama-3.1-8B-Instruct,0.0,0,logiqa,1.0
17,4.71875,0.008926329489511324,meta-llama/Llama-3.1-8B-Instruct,0.0,0,logiqa,1.0
18,3.125,0.04393693362340742,meta-llama/Llama-3.1-8B-Instruct,0.0,0,logiqa,1.0
19,2.03125,0.13117145431019428,meta-llama/Llama-3.1-8B-Instruct,0.0,0,logiqa,1.0
20,1.09375,0.33495804292529496,meta-llama/Llama-3.1-8B-Instruct,1.0,0,logiqa,1.0
21,2.875,0.05641613950377735,meta-llama/Llama-3.1-8B-Instruct,0.0,0,logiqa,1.0
22,1.390625,0.2489196812036605,meta-llama/Llama-3.1-8B-Instruct,0.0,0,logiqa,1.0
23,0.76171875,0.46686331570996537,meta-llama/Llama-3.1-8B-Instruct,1.0,0,logiqa,1.0
24,3.15625,0.04258513628878761,meta-llama/Llama-3.1-8B-Instruct,0.0,0,logiqa,1.0
25,1.40625,0.2450605392455259,meta-llama/Llama-3.1-8B-Instruct,0.0,0,logiqa,1.0
26,1.7734375,0.16974847438608623,meta-llama/Llama-3.1-8B-Instruct,0.0,0,logiqa,1.0
27,2.359375,0.09447925428109244,meta-llama/Llama-3.1-8B-Instruct,0.0,0,logiqa,1.0
28,3.21875,0.04000503331137926,meta-llama/Llama-3.1-8B-Instruct,0.0,0,logiqa,1.0
29,3.671875,0.025428746320412147,meta-llama/Llama-3.1-8B-Instruct,0.0,0,logiqa,1.0
30,3.0625,0.04677062238395898,meta-llama/Llama-3.1-8B-Instruct,0.0,0,logiqa,1.0
31,4.125,0.016163494588165874,meta-llama/Llama-3.1-8B-Instruct,0.0,0,logiqa,1.0
32,1.7578125,0.17242162389375282,meta-llama/Llama-3.1-8B-Instruct,0.0,0,logiqa,1.0
33,2.25,0.10539922456186433,meta-llama/Llama-3.1-8B-Instruct,0.0,0,logiqa,1.0
34,4.4375,0.011825465259096618,meta-llama/Llama-3.1-8B-Instruct,0.0,0,logiqa,1.0
35,1.1328125,0.3221260018134028,meta-llama/Llama-3.1-8B-Instruct,1.0,0,logiqa,1.0
36,1.1484375,0.31713190105209277,meta-llama/Llama-3.1-8B-Instruct,0.0,0,logiqa,1.0
37,1.6953125,0.18354186323251906,meta-llama/Llama-3.1-8B-Instruct,0.0,0,logiqa,1.0
1,15.75,1.4449802461092448e-07,meta-llama/Llama-3.1-8B-Instruct,0.0,0,logiqa,1.0
2,3.734375,0.023888096464365276,meta-llama/Llama-3.1-8B-Instruct,0.0,0,logiqa,1.0
3,3.421875,0.03265115658991408,meta-llama/Llama-3.1-8B-Instruct,0.0,0,logiqa,1.0
4,1.015625,0.3621759990808257,meta-llama/Llama-3.1-8B-Instruct,1.0,0,logiqa,1.0
5,1.3984375,0.24698257287629313,meta-llama/Llama-3.1-8B-Instruct,0.0,0,logiqa,1.0
6,2.203125,0.1104574389603643,meta-llama/Llama-3.1-8B-Instruct,0.0,0,logiqa,1.0
7,2.078125,0.1251646760876602,meta-llama/Llama-3.1-8B-Instruct,0.0,0,logiqa,1.0
8,2.640625,0.07131668269775804,meta-llama/Llama-3.1-8B-Instruct,0.0,0,logiqa,1.0
9,2.34375,0.09596708604499847,meta-llama/Llama-3.1-8B-Instruct,0.0,0,logiqa,1.0
10,1.2265625,0.29329906232102687,meta-llama/Llama-3.1-8B-Instruct,0.0,0,logiqa,1.0
11,3.75,0.023517745856009107,meta-llama/Llama-3.1-8B-Instruct,0.0,0,logiqa,1.0
12,2.703125,0.06699582332279769,meta-llama/Llama-3.1-8B-Instruct,0.0,0,logiqa,1.0
13,2.875,0.05641613950377735,meta-llama/Llama-3.1-8B-Instruct,0.0,0,logiqa,1.0
14,1.8671875,0.15455774475698483,meta-llama/Llama-3.1-8B-Instruct,0.0,0,logiqa,1.0
15,3.15625,0.04258513628878761,meta-llama/Llama-3.1-8B-Instruct,0.0,0,logiqa,1.0
16,4.0,0.01831563888873418,meta-llama/Llama-3.1-8B-Instruct,0.0,0,logiqa,1.0
17,1.546875,0.21291228619240427,meta-llama/Llama-3.1-8B-Instruct,0.0,0,logiqa,1.0
18,3.71875,0.02426427924617674,meta-llama/Llama-3.1-8B-Instruct,0.0,0,logiqa,1.0
19,0.466796875,0.6270074383640806,meta-llama/Llama-3.1-8B-Instruct,1.0,0,logiqa,1.0
20,0.66015625,0.5167705827795767,meta-llama/Llama-3.1-8B-Instruct,1.0,0,logiqa,1.0
21,2.203125,0.1104574389603643,meta-llama/Llama-3.1-8B-Instruct,0.0,0,logiqa,1.0
22,0.6796875,0.5067753349154387,meta-llama/Llama-3.1-8B-Instruct,1.0,0,logiqa,1.0
23,1.609375,0.2000125828826258,meta-llama/Llama-3.1-8B-Instruct,0.0,0,logiqa,1.0
24,1.5078125,0.221393747466153,meta-llama/Llama-3.1-8B-Instruct,0.0,0,logiqa,1.0
25,3.796875,0.022440789864373145,meta-llama/Llama-3.1-8B-Instruct,0.0,0,logiqa,1.0
26,0.390625,0.676633846161729,meta-llama/Llama-3.1-8B-Instruct,1.0,0,logiqa,1.0
27,1.2265625,0.29329906232102687,meta-llama/Llama-3.1-8B-Instruct,0.0,0,logiqa,1.0
28,1.96875,0.13963128628139898,meta-llama/Llama-3.1-8B-Instruct,0.0,0,logiqa,1.0
29,0.158203125,0.8536763613451477,meta-llama/Llama-3.1-8B-Instruct,1.0,0,logiqa,1.0
30,2.109375,0.1213137638466268,meta-llama/Llama-3.1-8B-Instruct,0.0,0,logiqa,1.0
31,0.796875,0.4507353134063624,meta-llama/Llama-3.1-8B-Instruct,1.0,0,logiqa,1.0
32,1.8203125,0.1619751257973035,meta-llama/Llama-3.1-8B-Instruct,0.0,0,logiqa,1.0
33,1.2890625,0.2755289704553164,meta-llama/Llama-3.1-8B-Instruct,0.0,0,logiqa,1.0
34,1.875,0.15335496684492847,meta-llama/Llama-3.1-8B-Instruct,0.0,0,logiqa,1.0
35,1.0625,0.3455907525769745,meta-llama/Llama-3.1-8B-Instruct,1.0,0,logiqa,1.0
36,5.03125,0.006530642163653784,meta-llama/Llama-3.1-8B-Instruct,0.0,0,logiqa,1.0
37,1.421875,0.2412612277378443,meta-llama/Llama-3.1-8B-Instruct,0.0,0,logiqa,1.0
1,5.625,0.0036065631360157305,meta-llama/Llama-3.1-8B-Instruct,0.0,0,logiqa,1.0
2,3.765625,0.023153137001639675,meta-llama/Llama-3.1-8B-Instruct,0.0,0,logiqa,1.0
3,2.921875,0.053832656382752,meta-llama/Llama-3.1-8B-Instruct,0.0,0,logiqa,1.0
4,2.125,0.11943296826671962,meta-llama/Llama-3.1-8B-Instruct,0.0,0,logiqa,1.0
5,0.30078125,0.7402396824677261,meta-llama/Llama-3.1-8B-Instruct,1.0,0,logiqa,1.0
6,2.71875,0.06595714935553817,meta-llama/Llama-3.1-8B-Instruct,0.0,0,logiqa,1.0
7,1.296875,0.27338478699614155,meta-llama/Llama-3.1-8B-Instruct,0.0,0,logiqa,1.0
8,1.65625,0.19085333986431632,meta-llama/Llama-3.1-8B-Instruct,0.0,0,logiqa,1.0
9,5.375,0.004630918733533246,meta-llama/Llama-3.1-8B-Instruct,0.0,0,logiqa,1.0
10,1.2421875,0.2887518818320782,meta-llama/Llama-3.1-8B-Instruct,0.0,0,logiqa,1.0
11,2.28125,0.1021564313333943,meta-llama/Llama-3.1-8B-Instruct,0.0,0,logiqa,1.0
12,2.578125,0.0759162135601666,meta-llama/Llama-3.1-8B-Instruct,0.0,0,logiqa,1.0
13,0.341796875,0.7104925088436513,meta-llama/Llama-3.1-8B-Instruct,1.0,0,logiqa,1.0
14,2.453125,0.08602433995839362,meta-llama/Llama-3.1-8B-Instruct,0.0,0,logiqa,1.0
15,0.73828125,0.47793466018873804,meta-llama/Llama-3.1-8B-Instruct,1.0,0,logiqa,1.0
16,1.21875,0.29559943537737077,meta-llama/Llama-3.1-8B-Instruct,0.0,0,logiqa,1.0
17,3.453125,0.03164658611103602,meta-llama/Llama-3.1-8B-Instruct,0.0,0,logiqa,1.0
18,1.8828125,0.1521615490248429,meta-llama/Llama-3.1-8B-Instruct,0.0,0,logiqa,1.0
19,0.76953125,0.463230156563083,meta-llama/Llama-3.1-8B-Instruct,1.0,0,logiqa,1.0
20,0.8046875,0.4472276633691456,meta-llama/Llama-3.1-8B-Instruct,1.0,0,logiqa,1.0
21,3.34375,0.03530431798508576,meta-llama/Llama-3.1-8B-Instruct,0.0,0,logiqa,1.0
22,1.828125,0.16071462536804407,meta-llama/Llama-3.1-8B-Instruct,0.0,0,logiqa,1.0
23,0.2353515625,0.7902929634144612,meta-llama/Llama-3.1-8B-Instruct,1.0,0,logiqa,1.0
24,1.234375,0.29101659090983195,meta-llama/Llama-3.1-8B-Instruct,0.0,0,logiqa,1.0
25,1.8984375,0.14980250286418162,meta-llama/Llama-3.1-8B-Instruct,0.0,0,logiqa,1.0
26,5.53125,0.003961034699868069,meta-llama/Llama-3.1-8B-Instruct,0.0,0,logiqa,1.0
27,1.3359375,0.26291158027609046,meta-llama/Llama-3.1-8B-Instruct,0.0,0,logiqa,1.0
28,1.3203125,0.26705183522634335,meta-llama/Llama-3.1-8B-Instruct,0.0,0,logiqa,1.0
29,3.375,0.03421811831166603,meta-llama/Llama-3.1-8B-Instruct,0.0,0,logiqa,1.0
30,4.59375,0.010114856452604551,meta-llama/Llama-3.1-8B-Instruct,0.0,0,logiqa,1.0
31,3.9375,0.019496896108597995,meta-llama/Llama-3.1-8B-Instruct,0.0,0,logiqa,1.0
32,6.03125,0.002402488989655613,meta-llama/Llama-3.1-8B-Instruct,0.0,0,logiqa,1.0
33,2.0625,0.1271357329320356,meta-llama/Llama-3.1-8B-Instruct,0.0,0,logiqa,1.0
34,2.4375,0.08737902619542039,meta-llama/Llama-3.1-8B-Instruct,0.0,0,logiqa,1.0
35,1.390625,0.2489196812036605,meta-llama/Llama-3.1-8B-Instruct,0.0,0,logiqa,1.0
36,1.125,0.32465246735834974,meta-llama/Llama-3.1-8B-Instruct,0.0,0,logiqa,1.0
37,1.71875,0.17929012055011864,meta-llama/Llama-3.1-8B-Instruct,0.0,0,logiqa,1.0
38,3.75,0.023517745856009107,meta-llama/Llama-3.1-8B-Instruct,0.0,0,logiqa,1.0
39,2.765625,0.06293675158337987,meta-llama/Llama-3.1-8B-Instruct,0.0,0,logiqa,1.0
40,2.5625,0.07711171996831671,meta-llama/Llama-3.1-8B-Instruct,0.0,0,logiqa,1.0
1,5.9375,0.0026386179570919216,meta-llama/Llama-3.1-8B-Instruct,0.0,0,logiqa,1.0
2,4.3125,0.013400007665140828,meta-llama/Llama-3.1-8B-Instruct,0.0,0,logiqa,1.0
3,0.007781982421875,0.9922482188107336,meta-llama/Llama-3.1-8B-Instruct,1.0,0,logiqa,1.0
4,1.25,0.2865047968601901,meta-llama/Llama-3.1-8B-Instruct,0.0,0,logiqa,1.0
5,2.578125,0.0759162135601666,meta-llama/Llama-3.1-8B-Instruct,0.0,0,logiqa,1.0
6,4.59375,0.010114856452604551,meta-llama/Llama-3.1-8B-Instruct,0.0,0,logiqa,1.0
7,2.296875,0.10057264266491435,meta-llama/Llama-3.1-8B-Instruct,0.0,0,logiqa,1.0
8,1.0703125,0.34290134400373157,meta-llama/Llama-3.1-8B-Instruct,0.0,0,logiqa,1.0
9,5.875,0.0028087941945255128,meta-llama/Llama-3.1-8B-Instruct,0.0,0,logiqa,1.0
10,2.1875,0.11219689052034373,meta-llama/Llama-3.1-8B-Instruct,0.0,0,logiqa,1.0
11,1.984375,0.13746650383851944,meta-llama/Llama-3.1-8B-Instruct,0.0,0,logiqa,1.0
12,1.625,0.19691167520419406,meta-llama/Llama-3.1-8B-Instruct,0.0,0,logiqa,1.0
13,1.8359375,0.15946393423094812,meta-llama/Llama-3.1-8B-Instruct,0.0,0,logiqa,1.0
14,0.71484375,0.48926855403569414,meta-llama/Llama-3.1-8B-Instruct,1.0,0,logiqa,1.0
15,5.90625,0.00272237668213834,meta-llama/Llama-3.1-8B-Instruct,0.0,0,logiqa,1.0
16,4.53125,0.010767208646547101,meta-llama/Llama-3.1-8B-Instruct,0.0,0,logiqa,1.0
17,3.125,0.04393693362340742,meta-llama/Llama-3.1-8B-Instruct,0.0,0,logiqa,1.0
18,1.390625,0.2489196812036605,meta-llama/Llama-3.1-8B-Instruct,0.0,0,logiqa,1.0
19,2.796875,0.06100039130459344,meta-llama/Llama-3.1-8B-Instruct,0.0,0,logiqa,1.0
20,2.8125,0.060054667895307945,meta-llama/Llama-3.1-8B-Instruct,0.0,0,logiqa,1.0
21,0.78125,0.45783336177161427,meta-llama/Llama-3.1-8B-Instruct,1.0,0,logiqa,1.0
22,1.1640625,0.31221522664653706,meta-llama/Llama-3.1-8B-Instruct,1.0,0,logiqa,1.0
23,2.375,0.09301448921066349,meta-llama/Llama-3.1-8B-Instruct,0.0,0,logiqa,1.0
24,2.078125,0.1251646760876602,meta-llama/Llama-3.1-8B-Instruct,0.0,0,logiqa,1.0
25,1.109375,0.3297649998062575,meta-llama/Llama-3.1-8B-Instruct,1.0,0,logiqa,1.0
26,2.046875,0.129137829405204,meta-llama/Llama-3.1-8B-Instruct,0.0,0,logiqa,1.0
27,0.58984375,0.5544139051397897,meta-llama/Llama-3.1-8B-Instruct,1.0,0,logiqa,1.0
28,0.76953125,0.463230156563083,meta-llama/Llama-3.1-8B-Instruct,1.0,0,logiqa,1.0
29,1.671875,0.18789443308700168,meta-llama/Llama-3.1-8B-Instruct,0.0,0,logiqa,1.0
30,1.875,0.15335496684492847,meta-llama/Llama-3.1-8B-Instruct,0.0,0,logiqa,1.0
31,2.28125,0.1021564313333943,meta-llama/Llama-3.1-8B-Instruct,0.0,0,logiqa,1.0
32,2.9375,0.0529980584033558,meta-llama/Llama-3.1-8B-Instruct,0.0,0,logiqa,1.0
33,1.90625,0.1486367305381225,meta-llama/Llama-3.1-8B-Instruct,0.0,0,logiqa,1.0
34,4.0,0.01831563888873418,meta-llama/Llama-3.1-8B-Instruct,0.0,0,logiqa,1.0
35,1.6484375,0.1923502211610474,meta-llama/Llama-3.1-8B-Instruct,0.0,0,logiqa,1.0
36,1.5703125,0.207980178394932,meta-llama/Llama-3.1-8B-Instruct,0.0,0,logiqa,1.0
37,2.359375,0.09447925428109244,meta-llama/Llama-3.1-8B-Instruct,0.0,0,logiqa,1.0
1,5.34375,0.00477791987398702,meta-llama/Llama-3.1-8B-Instruct,0.0,0,logiqa,1.0
2,2.328125,0.0974783477499485,meta-llama/Llama-3.1-8B-Instruct,0.0,0,logiqa,1.0
3,1.0625,0.3455907525769745,meta-llama/Llama-3.1-8B-Instruct,0.0,0,logiqa,1.0
4,1.421875,0.2412612277378443,meta-llama/Llama-3.1-8B-Instruct,0.0,0,logiqa,1.0
5,0.400390625,0.6700582534023591,meta-llama/Llama-3.1-8B-Instruct,1.0,0,logiqa,1.0
6,2.4375,0.08737902619542039,meta-llama/Llama-3.1-8B-Instruct,0.0,0,logiqa,1.0
7,2.046875,0.129137829405204,meta-llama/Llama-3.1-8B-Instruct,0.0,0,logiqa,1.0
8,1.2578125,0.2842751988422877,meta-llama/Llama-3.1-8B-Instruct,1.0,0,logiqa,1.0
9,3.1875,0.04127492938579755,meta-llama/Llama-3.1-8B-Instruct,0.0,0,logiqa,1.0
10,1.375,0.25283959580474646,meta-llama/Llama-3.1-8B-Instruct,0.0,0,logiqa,1.0
11,0.3359375,0.7146677711559482,meta-llama/Llama-3.1-8B-Instruct,1.0,0,logiqa,1.0
12,2.671875,0.06912249904327114,meta-llama/Llama-3.1-8B-Instruct,0.0,0,logiqa,1.0
13,1.609375,0.2000125828826258,meta-llama/Llama-3.1-8B-Instruct,0.0,0,logiqa,1.0
14,0.6640625,0.514755885208607,meta-llama/Llama-3.1-8B-Instruct,1.0,0,logiqa,1.0
15,1.484375,0.22664394888734782,meta-llama/Llama-3.1-8B-Instruct,0.0,0,logiqa,1.0
16,1.421875,0.2412612277378443,meta-llama/Llama-3.1-8B-Instruct,0.0,0,logiqa,1.0
17,0.93359375,0.39313832776388624,meta-llama/Llama-3.1-8B-Instruct,0.0,0,logiqa,1.0
18,1.875,0.15335496684492847,meta-llama/Llama-3.1-8B-Instruct,0.0,0,logiqa,1.0
19,1.65625,0.19085333986431632,meta-llama/Llama-3.1-8B-Instruct,0.0,0,logiqa,1.0
20,0.59765625,0.5500994219006123,meta-llama/Llama-3.1-8B-Instruct,1.0,0,logiqa,1.0
21,2.28125,0.1021564313333943,meta-llama/Llama-3.1-8B-Instruct,0.0,0,logiqa,1.0
22,4.25,0.014264233908999256,meta-llama/Llama-3.1-8B-Instruct,0.0,0,logiqa,1.0
23,0.52734375,0.5901705299683179,meta-llama/Llama-3.1-8B-Instruct,1.0,0,logiqa,1.0
24,1.0859375,0.3375851514160396,meta-llama/Llama-3.1-8B-Instruct,0.0,0,logiqa,1.0
25,1.359375,0.25682124007865503,meta-llama/Llama-3.1-8B-Instruct,0.0,0,logiqa,1.0
26,6.25,0.0019304541362277093,meta-llama/Llama-3.1-8B-Instruct,0.0,0,logiqa,1.0
27,0.9140625,0.4008922864910774,meta-llama/Llama-3.1-8B-Instruct,0.0,0,logiqa,1.0
28,1.671875,0.18789443308700168,meta-llama/Llama-3.1-8B-Instruct,0.0,0,logiqa,1.0
29,2.9375,0.0529980584033558,meta-llama/Llama-3.1-8B-Instruct,0.0,0,logiqa,1.0
30,5.15625,0.005763271481312824,meta-llama/Llama-3.1-8B-Instruct,0.0,0,logiqa,1.0
31,0.50390625,0.604166020765368,meta-llama/Llama-3.1-8B-Instruct,1.0,0,logiqa,1.0
32,1.6875,0.18498139990730428,meta-llama/Llama-3.1-8B-Instruct,0.0,0,logiqa,1.0
33,0.9296875,0.3946770276734171,meta-llama/Llama-3.1-8B-Instruct,1.0,0,logiqa,1.0
34,0.6484375,0.5228621108821537,meta-llama/Llama-3.1-8B-Instruct,1.0,0,logiqa,1.0
35,3.765625,0.023153137001639675,meta-llama/Llama-3.1-8B-Instruct,0.0,0,logiqa,1.0
36,2.8125,0.060054667895307945,meta-llama/Llama-3.1-8B-Instruct,0.0,0,logiqa,1.0
1,4.125,0.016163494588165874,meta-llama/Llama-3.1-8B-Instruct,0.0,0,logiqa,1.0
2,1.8203125,0.1619751257973035,meta-llama/Llama-3.1-8B-Instruct,0.0,0,logiqa,1.0
3,5.0625,0.006329715427485747,meta-llama/Llama-3.1-8B-Instruct,0.0,0,logiqa,1.0
4,1.375,0.25283959580474646,meta-llama/Llama-3.1-8B-Instruct,0.0,0,logiqa,1.0
5,2.65625,0.07021102001498804,meta-llama/Llama-3.1-8B-Instruct,0.0,0,logiqa,1.0
6,0.6015625,0.54795478749992,meta-llama/Llama-3.1-8B-Instruct,1.0,0,logiqa,1.0
7,0.98828125,0.372215887611955,meta-llama/Llama-3.1-8B-Instruct,0.0,0,logiqa,1.0
8,1.734375,0.17651048487186194,meta-llama/Llama-3.1-8B-Instruct,0.0,0,logiqa,1.0
9,4.96875,0.006951832396384793,meta-llama/Llama-3.1-8B-Instruct,0.0,0,logiqa,1.0
10,0.8125,0.44374731008107987,meta-llama/Llama-3.1-8B-Instruct,1.0,0,logiqa,1.0
11,2.328125,0.0974783477499485,meta-llama/Llama-3.1-8B-Instruct,0.0,0,logiqa,1.0
12,0.060546875,0.941249646907103,meta-llama/Llama-3.1-8B-Instruct,1.0,0,logiqa,1.0
13,1.3828125,0.25087198245993886,meta-llama/Llama-3.1-8B-Instruct,0.0,0,logiqa,1.0
14,1.375,0.25283959580474646,meta-llama/Llama-3.1-8B-Instruct,0.0,0,logiqa,1.0
15,3.296875,0.03699860758070385,meta-llama/Llama-3.1-8B-Instruct,0.0,0,logiqa,1.0
16,5.5,0.004086771438464067,meta-llama/Llama-3.1-8B-Instruct,0.0,0,logiqa,1.0
17,1.75,0.17377394345044514,meta-llama/Llama-3.1-8B-Instruct,0.0,0,logiqa,1.0
18,1.8515625,0.1569916750812332,meta-llama/Llama-3.1-8B-Instruct,0.0,0,logiqa,1.0
19,1.125,0.32465246735834974,meta-llama/Llama-3.1-8B-Instruct,1.0,0,logiqa,1.0
20,0.99609375,0.3693192805940405,meta-llama/Llama-3.1-8B-Instruct,0.0,0,logiqa,1.0
21,1.7109375,0.18069631039374898,meta-llama/Llama-3.1-8B-Instruct,0.0,0,logiqa,1.0
22,4.34375,0.012987732771292249,meta-llama/Llama-3.1-8B-Instruct,0.0,0,logiqa,1.0
23,0.83984375,0.43177798346854385,meta-llama/Llama-3.1-8B-Instruct,1.0,0,logiqa,1.0
24,1.0625,0.3455907525769745,meta-llama/Llama-3.1-8B-Instruct,0.0,0,logiqa,1.0
25,1.7578125,0.17242162389375282,meta-llama/Llama-3.1-8B-Instruct,0.0,0,logiqa,1.0
26,4.53125,0.010767208646547101,meta-llama/Llama-3.1-8B-Instruct,0.0,0,logiqa,1.0
27,2.515625,0.08081238867682222,meta-llama/Llama-3.1-8B-Instruct,0.0,0,logiqa,1.0
28,2.84375,0.058206980009571974,meta-llama/Llama-3.1-8B-Instruct,0.0,0,logiqa,1.0
29,0.9453125,0.3885581275123641,meta-llama/Llama-3.1-8B-Instruct,1.0,0,logiqa,1.0
30,1.59375,0.20316232275153173,meta-llama/Llama-3.1-8B-Instruct,0.0,0,logiqa,1.0
31,2.359375,0.09447925428109244,meta-llama/Llama-3.1-8B-Instruct,0.0,0,logiqa,1.0
32,3.703125,0.024646386044811498,meta-llama/Llama-3.1-8B-Instruct,0.0,0,logiqa,1.0
33,4.5625,0.010435936462774504,meta-llama/Llama-3.1-8B-Instruct,0.0,0,logiqa,1.0
34,1.390625,0.2489196812036605,meta-llama/Llama-3.1-8B-Instruct,0.0,0,logiqa,1.0
35,1.5,0.22313016014842982,meta-llama/Llama-3.1-8B-Instruct,0.0,0,logiqa,1.0
36,0.69140625,0.5008712234296745,meta-llama/Llama-3.1-8B-Instruct,1.0,0,logiqa,1.0
37,1.4453125,0.23567241741677974,meta-llama/Llama-3.1-8B-Instruct,0.0,0,logiqa,1.0
38,3.234375,0.039384812757335554,meta-llama/Llama-3.1-8B-Instruct,0.0,0,logiqa,1.0
39,1.6640625,0.18936810739025348,meta-llama/Llama-3.1-8B-Instruct,0.0,0,logiqa,1.0
40,2.03125,0.13117145431019428,meta-llama/Llama-3.1-8B-Instruct,0.0,0,logiqa,1.0
1,5.5625,0.0038391664740261636,meta-llama/Llama-3.1-8B-Instruct,0.0,0,logiqa,1.0
2,5.96875,0.0025574362170995664,meta-llama/Llama-3.1-8B-Instruct,0.0,0,logiqa,1.0
3,1.4375,0.23752081909545814,meta-llama/Llama-3.1-8B-Instruct,0.0,0,logiqa,1.0
4,10.0,4.5399929762484854e-05,meta-llama/Llama-3.1-8B-Instruct,0.0,0,logiqa,1.0
5,2.78125,0.061961007690531984,meta-llama/Llama-3.1-8B-Instruct,0.0,0,logiqa,1.0
6,1.65625,0.19085333986431632,meta-llama/Llama-3.1-8B-Instruct,0.0,0,logiqa,1.0
7,4.21875,0.014717029298635137,meta-llama/Llama-3.1-8B-Instruct,0.0,0,logiqa,1.0
8,8.875,0.00013984162859410104,meta-llama/Llama-3.1-8B-Instruct,0.0,0,logiqa,1.0
9,2.90625,0.05468039736791477,meta-llama/Llama-3.1-8B-Instruct,0.0,0,logiqa,1.0
10,1.28125,0.27768997095378994,meta-llama/Llama-3.1-8B-Instruct,0.0,0,logiqa,1.0
11,7.375,0.0006267266984484576,meta-llama/Llama-3.1-8B-Instruct,0.0,0,logiqa,1.0
12,5.75,0.003182780796509667,meta-llama/Llama-3.1-8B-Instruct,0.0,0,logiqa,1.0
13,3.578125,0.027928014220365963,meta-llama/Llama-3.1-8B-Instruct,0.0,0,logiqa,1.0
14,1.21875,0.29559943537737077,meta-llama/Llama-3.1-8B-Instruct,1.0,0,logiqa,1.0
15,2.140625,0.11758133171956547,meta-llama/Llama-3.1-8B-Instruct,0.0,0,logiqa,1.0
16,2.75,0.06392786120670757,meta-llama/Llama-3.1-8B-Instruct,0.0,0,logiqa,1.0
17,0.400390625,0.6700582534023591,meta-llama/Llama-3.1-8B-Instruct,1.0,0,logiqa,1.0
18,0.52734375,0.5901705299683179,meta-llama/Llama-3.1-8B-Instruct,1.0,0,logiqa,1.0
19,5.03125,0.006530642163653784,meta-llama/Llama-3.1-8B-Instruct,0.0,0,logiqa,1.0
20,1.53125,0.2162651668298873,meta-llama/Llama-3.1-8B-Instruct,0.0,0,logiqa,1.0
21,2.0,0.1353352832366127,meta-llama/Llama-3.1-8B-Instruct,0.0,0,logiqa,1.0
22,1.828125,0.16071462536804407,meta-llama/Llama-3.1-8B-Instruct,0.0,0,logiqa,1.0
23,4.46875,0.011461633942261852,meta-llama/Llama-3.1-8B-Instruct,0.0,0,logiqa,1.0
24,1.21875,0.29559943537737077,meta-llama/Llama-3.1-8B-Instruct,0.0,0,logiqa,1.0
25,3.140625,0.043255754605187734,meta-llama/Llama-3.1-8B-Instruct,0.0,0,logiqa,1.0
26,2.609375,0.07358051721811718,meta-llama/Llama-3.1-8B-Instruct,0.0,0,logiqa,1.0
27,0.8515625,0.4267476175926629,meta-llama/Llama-3.1-8B-Instruct,1.0,0,logiqa,1.0
28,3.890625,0.0204325716890638,meta-llama/Llama-3.1-8B-Instruct,0.0,0,logiqa,1.0
29,0.9765625,0.3766034507108804,meta-llama/Llama-3.1-8B-Instruct,1.0,0,logiqa,1.0
30,3.15625,0.04258513628878761,meta-llama/Llama-3.1-8B-Instruct,0.0,0,logiqa,1.0
31,3.453125,0.03164658611103602,meta-llama/Llama-3.1-8B-Instruct,0.0,0,logiqa,1.0
32,3.25,0.03877420783172201,meta-llama/Llama-3.1-8B-Instruct,0.0,0,logiqa,1.0
33,2.46875,0.0846906561847805,meta-llama/Llama-3.1-8B-Instruct,0.0,0,logiqa,1.0
34,0.86328125,0.4217758572543825,meta-llama/Llama-3.1-8B-Instruct,1.0,0,logiqa,1.0
35,1.859375,0.15576995617312325,meta-llama/Llama-3.1-8B-Instruct,0.0,0,logiqa,1.0
36,1.484375,0.22664394888734782,meta-llama/Llama-3.1-8B-Instruct,0.0,0,logiqa,1.0
37,4.4375,0.011825465259096618,meta-llama/Llama-3.1-8B-Instruct,0.0,0,logiqa,1.0
38,1.421875,0.2412612277378443,meta-llama/Llama-3.1-8B-Instruct,0.0,0,logiqa,1.0
39,1.9140625,0.1474800303242793,meta-llama/Llama-3.1-8B-Instruct,0.0,0,logiqa,1.0
1,12.4375,3.967001651986409e-06,meta-llama/Llama-3.1-8B-Instruct,0.0,0,logiqa,1.0
2,1.6015625,0.20158130101268698,meta-llama/Llama-3.1-8B-Instruct,0.0,0,logiqa,1.0
3,1.8203125,0.1619751257973035,meta-llama/Llama-3.1-8B-Instruct,0.0,0,logiqa,1.0
4,6.15625,0.0021201890918646723,meta-llama/Llama-3.1-8B-Instruct,0.0,0,logiqa,1.0
5,1.5546875,0.21125538963610227,meta-llama/Llama-3.1-8B-Instruct,0.0,0,logiqa,1.0
6,4.0,0.01831563888873418,meta-llama/Llama-3.1-8B-Instruct,0.0,0,logiqa,1.0
7,0.50390625,0.604166020765368,meta-llama/Llama-3.1-8B-Instruct,1.0,0,logiqa,1.0
8,4.65625,0.00950202828005989,meta-llama/Llama-3.1-8B-Instruct,0.0,0,logiqa,1.0
9,4.53125,0.010767208646547101,meta-llama/Llama-3.1-8B-Instruct,0.0,0,logiqa,1.0
10,2.015625,0.13323710414756298,meta-llama/Llama-3.1-8B-Instruct,0.0,0,logiqa,1.0
11,5.28125,0.005086069231012701,meta-llama/Llama-3.1-8B-Instruct,0.0,0,logiqa,1.0
12,1.34375,0.26086558612628497,meta-llama/Llama-3.1-8B-Instruct,0.0,0,logiqa,1.0
13,1.25,0.2865047968601901,meta-llama/Llama-3.1-8B-Instruct,0.0,0,logiqa,1.0
14,1.265625,0.28206295169381546,meta-llama/Llama-3.1-8B-Instruct,1.0,0,logiqa,1.0
15,1.8515625,0.1569916750812332,meta-llama/Llama-3.1-8B-Instruct,0.0,0,logiqa,1.0
16,0.87890625,0.4152368286818413,meta-llama/Llama-3.1-8B-Instruct,1.0,0,logiqa,1.0
17,2.4375,0.08737902619542039,meta-llama/Llama-3.1-8B-Instruct,0.0,0,logiqa,1.0
18,4.03125,0.01775212592162854,meta-llama/Llama-3.1-8B-Instruct,0.0,0,logiqa,1.0
19,1.703125,0.18211352912101367,meta-llama/Llama-3.1-8B-Instruct,0.0,0,logiqa,1.0
20,1.3046875,0.27125728970502744,meta-llama/Llama-3.1-8B-Instruct,0.0,0,logiqa,1.0
21,2.90625,0.05468039736791477,meta-llama/Llama-3.1-8B-Instruct,0.0,0,logiqa,1.0
22,2.703125,0.06699582332279769,meta-llama/Llama-3.1-8B-Instruct,0.0,0,logiqa,1.0
23,0.68359375,0.5047996051229459,meta-llama/Llama-3.1-8B-Instruct,1.0,0,logiqa,1.0
24,1.65625,0.19085333986431632,meta-llama/Llama-3.1-8B-Instruct,0.0,0,logiqa,1.0
25,2.921875,0.053832656382752,meta-llama/Llama-3.1-8B-Instruct,0.0,0,logiqa,1.0
26,1.453125,0.23383840011408472,meta-llama/Llama-3.1-8B-Instruct,0.0,0,logiqa,1.0
27,1.0078125,0.36501658064745907,meta-llama/Llama-3.1-8B-Instruct,1.0,0,logiqa,1.0
28,3.21875,0.04000503331137926,meta-llama/Llama-3.1-8B-Instruct,0.0,0,logiqa,1.0
29,1.1875,0.3049827687110593,meta-llama/Llama-3.1-8B-Instruct,0.0,0,logiqa,1.0
30,2.390625,0.09157243321777621,meta-llama/Llama-3.1-8B-Instruct,0.0,0,logiqa,1.0
31,1.09375,0.33495804292529496,meta-llama/Llama-3.1-8B-Instruct,0.0,0,logiqa,1.0
32,2.578125,0.0759162135601666,meta-llama/Llama-3.1-8B-Instruct,0.0,0,logiqa,1.0
33,0.81640625,0.44201730327044453,meta-llama/Llama-3.1-8B-Instruct,1.0,0,logiqa,1.0
34,4.75,0.008651695203120634,meta-llama/Llama-3.1-8B-Instruct,0.0,0,logiqa,1.0
35,1.2734375,0.27986792038923625,meta-llama/Llama-3.1-8B-Instruct,0.0,0,logiqa,1.0
36,3.109375,0.04462883965030139,meta-llama/Llama-3.1-8B-Instruct,0.0,0,logiqa,1.0
37,2.109375,0.1213137638466268,meta-llama/Llama-3.1-8B-Instruct,0.0,0,logiqa,1.0
1,7.71875,0.0004444157765683803,meta-llama/Llama-3.1-8B-Instruct,0.0,0,logiqa,1.0
2,4.1875,0.015184197956837946,meta-llama/Llama-3.1-8B-Instruct,0.0,0,logiqa,1.0
3,7.09375,0.0008302779779929784,meta-llama/Llama-3.1-8B-Instruct,0.0,0,logiqa,1.0
4,0.83203125,0.4351644601644917,meta-llama/Llama-3.1-8B-Instruct,0.0,0,logiqa,1.0
5,2.125,0.11943296826671962,meta-llama/Llama-3.1-8B-Instruct,0.0,0,logiqa,1.0
6,2.765625,0.06293675158337987,meta-llama/Llama-3.1-8B-Instruct,0.0,0,logiqa,1.0
7,4.75,0.008651695203120634,meta-llama/Llama-3.1-8B-Instruct,0.0,0,logiqa,1.0
8,0.65234375,0.5208236646937497,meta-llama/Llama-3.1-8B-Instruct,1.0,0,logiqa,1.0
9,1.3515625,0.25883551402927246,meta-llama/Llama-3.1-8B-Instruct,0.0,0,logiqa,1.0
10,2.09375,0.12322417764723749,meta-llama/Llama-3.1-8B-Instruct,0.0,0,logiqa,1.0
11,3.90625,0.02011579402674089,meta-llama/Llama-3.1-8B-Instruct,0.0,0,logiqa,1.0
12,0.1455078125,0.8645831354918224,meta-llama/Llama-3.1-8B-Instruct,1.0,0,logiqa,1.0
13,1.1875,0.3049827687110593,meta-llama/Llama-3.1-8B-Instruct,0.0,0,logiqa,1.0
14,3.25,0.03877420783172201,meta-llama/Llama-3.1-8B-Instruct,0.0,0,logiqa,1.0
15,1.671875,0.18789443308700168,meta-llama/Llama-3.1-8B-Instruct,0.0,0,logiqa,1.0
16,1.6796875,0.18643222700816212,meta-llama/Llama-3.1-8B-Instruct,0.0,0,logiqa,1.0
17,1.1015625,0.3323513787550223,meta-llama/Llama-3.1-8B-Instruct,1.0,0,logiqa,1.0
18,1.90625,0.1486367305381225,meta-llama/Llama-3.1-8B-Instruct,0.0,0,logiqa,1.0
19,1.671875,0.18789443308700168,meta-llama/Llama-3.1-8B-Instruct,0.0,0,logiqa,1.0
20,1.375,0.25283959580474646,meta-llama/Llama-3.1-8B-Instruct,0.0,0,logiqa,1.0
21,1.53125,0.2162651668298873,meta-llama/Llama-3.1-8B-Instruct,0.0,0,logiqa,1.0
22,3.609375,0.027068759555306635,meta-llama/Llama-3.1-8B-Instruct,0.0,0,logiqa,1.0
23,2.765625,0.06293675158337987,meta-llama/Llama-3.1-8B-Instruct,0.0,0,logiqa,1.0
24,1.3203125,0.26705183522634335,meta-llama/Llama-3.1-8B-Instruct,0.0,0,logiqa,1.0
25,1.09375,0.33495804292529496,meta-llama/Llama-3.1-8B-Instruct,1.0,0,logiqa,1.0
26,0.796875,0.4507353134063624,meta-llama/Llama-3.1-8B-Instruct,1.0,0,logiqa,1.0
27,1.625,0.19691167520419406,meta-llama/Llama-3.1-8B-Instruct,0.0,0,logiqa,1.0
28,1.4375,0.23752081909545814,meta-llama/Llama-3.1-8B-Instruct,0.0,0,logiqa,1.0
29,2.90625,0.05468039736791477,meta-llama/Llama-3.1-8B-Instruct,0.0,0,logiqa,1.0
30,2.890625,0.05554148833106887,meta-llama/Llama-3.1-8B-Instruct,0.0,0,logiqa,1.0
31,0.98828125,0.372215887611955,meta-llama/Llama-3.1-8B-Instruct,1.0,0,logiqa,1.0
32,3.5625,0.0283678164497131,meta-llama/Llama-3.1-8B-Instruct,0.0,0,logiqa,1.0
33,1.1875,0.3049827687110593,meta-llama/Llama-3.1-8B-Instruct,0.0,0,logiqa,1.0
34,4.21875,0.014717029298635137,meta-llama/Llama-3.1-8B-Instruct,0.0,0,logiqa,1.0
35,2.4375,0.08737902619542039,meta-llama/Llama-3.1-8B-Instruct,0.0,0,logiqa,1.0
36,0.70703125,0.49310593486505433,meta-llama/Llama-3.1-8B-Instruct,1.0,0,logiqa,1.0
37,1.390625,0.2489196812036605,meta-llama/Llama-3.1-8B-Instruct,0.0,0,logiqa,1.0
38,1.6875,0.18498139990730428,meta-llama/Llama-3.1-8B-Instruct,0.0,0,logiqa,1.0
39,2.21875,0.10874495509722103,meta-llama/Llama-3.1-8B-Instruct,0.0,0,logiqa,1.0
40,1.734375,0.17651048487186194,meta-llama/Llama-3.1-8B-Instruct,0.0,0,logiqa,1.0
1,5.90625,0.00272237668213834,meta-llama/Llama-3.1-8B-Instruct,0.0,0,logiqa,1.0
2,5.8125,0.0029899458563130603,meta-llama/Llama-3.1-8B-Instruct,0.0,0,logiqa,1.0
3,1.3828125,0.25087198245993886,meta-llama/Llama-3.1-8B-Instruct,0.0,0,logiqa,1.0
4,0.69140625,0.5008712234296745,meta-llama/Llama-3.1-8B-Instruct,1.0,0,logiqa,1.0
5,2.78125,0.061961007690531984,meta-llama/Llama-3.1-8B-Instruct,0.0,0,logiqa,1.0
6,2.28125,0.1021564313333943,meta-llama/Llama-3.1-8B-Instruct,0.0,0,logiqa,1.0
7,5.5,0.004086771438464067,meta-llama/Llama-3.1-8B-Instruct,0.0,0,logiqa,1.0
8,3.921875,0.019803927546861083,meta-llama/Llama-3.1-8B-Instruct,0.0,0,logiqa,1.0
9,8.375,0.00023055986759244163,meta-llama/Llama-3.1-8B-Instruct,0.0,0,logiqa,1.0
10,1.5859375,0.20475574459755974,meta-llama/Llama-3.1-8B-Instruct,0.0,0,logiqa,1.0
11,2.421875,0.08875504563653425,meta-llama/Llama-3.1-8B-Instruct,0.0,0,logiqa,1.0
12,1.796875,0.1658162552121675,meta-llama/Llama-3.1-8B-Instruct,0.0,0,logiqa,1.0
13,1.34375,0.26086558612628497,meta-llama/Llama-3.1-8B-Instruct,0.0,0,logiqa,1.0
14,4.5625,0.010435936462774504,meta-llama/Llama-3.1-8B-Instruct,0.0,0,logiqa,1.0
15,2.296875,0.10057264266491435,meta-llama/Llama-3.1-8B-Instruct,0.0,0,logiqa,1.0
16,3.625,0.026649097336355485,meta-llama/Llama-3.1-8B-Instruct,0.0,0,logiqa,1.0
17,2.421875,0.08875504563653425,meta-llama/Llama-3.1-8B-Instruct,0.0,0,logiqa,1.0
18,1.3125,0.26914634872918386,meta-llama/Llama-3.1-8B-Instruct,0.0,0,logiqa,1.0
19,0.57421875,0.5631446537543375,meta-llama/Llama-3.1-8B-Instruct,1.0,0,logiqa,1.0
20,2.203125,0.1104574389603643,meta-llama/Llama-3.1-8B-Instruct,0.0,0,logiqa,1.0
21,1.421875,0.2412612277378443,meta-llama/Llama-3.1-8B-Instruct,0.0,0,logiqa,1.0
22,1.078125,0.34023286457404905,meta-llama/Llama-3.1-8B-Instruct,0.0,0,logiqa,1.0
23,1.9609375,0.14072642803276533,meta-llama/Llama-3.1-8B-Instruct,0.0,0,logiqa,1.0
24,1.125,0.32465246735834974,meta-llama/Llama-3.1-8B-Instruct,1.0,0,logiqa,1.0
25,2.15625,0.11575840213626322,meta-llama/Llama-3.1-8B-Instruct,0.0,0,logiqa,1.0
26,2.140625,0.11758133171956547,meta-llama/Llama-3.1-8B-Instruct,0.0,0,logiqa,1.0
27,1.5625,0.2096113871510978,meta-llama/Llama-3.1-8B-Instruct,0.0,0,logiqa,1.0
28,1.0390625,0.353786201098432,meta-llama/Llama-3.1-8B-Instruct,1.0,0,logiqa,1.0
29,0.330078125,0.7188675697091758,meta-llama/Llama-3.1-8B-Instruct,1.0,0,logiqa,1.0
30,1.15625,0.314663961018459,meta-llama/Llama-3.1-8B-Instruct,1.0,0,logiqa,1.0
31,0.72265625,0.485461035940867,meta-llama/Llama-3.1-8B-Instruct,1.0,0,logiqa,1.0
32,1.2265625,0.29329906232102687,meta-llama/Llama-3.1-8B-Instruct,0.0,0,logiqa,1.0
33,1.6953125,0.18354186323251906,meta-llama/Llama-3.1-8B-Instruct,0.0,0,logiqa,1.0
34,0.72265625,0.485461035940867,meta-llama/Llama-3.1-8B-Instruct,1.0,0,logiqa,1.0
35,2.53125,0.07955950871822769,meta-llama/Llama-3.1-8B-Instruct,0.0,0,logiqa,1.0
36,4.625,0.009803655035821828,meta-llama/Llama-3.1-8B-Instruct,0.0,0,logiqa,1.0
37,0.25390625,0.7757645265618263,meta-llama/Llama-3.1-8B-Instruct,1.0,0,logiqa,1.0
38,2.109375,0.1213137638466268,meta-llama/Llama-3.1-8B-Instruct,0.0,0,logiqa,1.0
39,3.21875,0.04000503331137926,meta-llama/Llama-3.1-8B-Instruct,0.0,0,logiqa,1.0
1,13.875,9.422454817328475e-07,meta-llama/Llama-3.1-8B-Instruct,0.0,0,logiqa,1.0
2,1.6640625,0.18936810739025348,meta-llama/Llama-3.1-8B-Instruct,0.0,0,logiqa,1.0
3,1.453125,0.23383840011408472,meta-llama/Llama-3.1-8B-Instruct,0.0,0,logiqa,1.0
4,5.0,0.006737946999085467,meta-llama/Llama-3.1-8B-Instruct,0.0,0,logiqa,1.0
5,0.138671875,0.870513618882206,meta-llama/Llama-3.1-8B-Instruct,1.0,0,logiqa,1.0
6,1.46875,0.23021307174736147,meta-llama/Llama-3.1-8B-Instruct,0.0,0,logiqa,1.0
7,1.171875,0.30978554847668166,meta-llama/Llama-3.1-8B-Instruct,0.0,0,logiqa,1.0
8,2.921875,0.053832656382752,meta-llama/Llama-3.1-8B-Instruct,0.0,0,logiqa,1.0
9,0.400390625,0.6700582534023591,meta-llama/Llama-3.1-8B-Instruct,1.0,0,logiqa,1.0
10,2.515625,0.08081238867682222,meta-llama/Llama-3.1-8B-Instruct,0.0,0,logiqa,1.0
11,2.34375,0.09596708604499847,meta-llama/Llama-3.1-8B-Instruct,0.0,0,logiqa,1.0
12,1.2890625,0.2755289704553164,meta-llama/Llama-3.1-8B-Instruct,0.0,0,logiqa,1.0
13,3.21875,0.04000503331137926,meta-llama/Llama-3.1-8B-Instruct,0.0,0,logiqa,1.0
14,3.703125,0.024646386044811498,meta-llama/Llama-3.1-8B-Instruct,0.0,0,logiqa,1.0
15,0.58984375,0.5544139051397897,meta-llama/Llama-3.1-8B-Instruct,1.0,0,logiqa,1.0
16,4.1875,0.015184197956837946,meta-llama/Llama-3.1-8B-Instruct,0.0,0,logiqa,1.0
17,1.6953125,0.18354186323251906,meta-llama/Llama-3.1-8B-Instruct,0.0,0,logiqa,1.0
18,1.7109375,0.18069631039374898,meta-llama/Llama-3.1-8B-Instruct,0.0,0,logiqa,1.0
19,1.53125,0.2162651668298873,meta-llama/Llama-3.1-8B-Instruct,0.0,0,logiqa,1.0
20,4.03125,0.01775212592162854,meta-llama/Llama-3.1-8B-Instruct,0.0,0,logiqa,1.0
21,1.5,0.22313016014842982,meta-llama/Llama-3.1-8B-Instruct,0.0,0,logiqa,1.0
22,0.6796875,0.5067753349154387,meta-llama/Llama-3.1-8B-Instruct,1.0,0,logiqa,1.0
23,1.0703125,0.34290134400373157,meta-llama/Llama-3.1-8B-Instruct,1.0,0,logiqa,1.0
24,1.4453125,0.23567241741677974,meta-llama/Llama-3.1-8B-Instruct,0.0,0,logiqa,1.0
25,1.1015625,0.3323513787550223,meta-llama/Llama-3.1-8B-Instruct,0.0,0,logiqa,1.0
26,3.59375,0.02749503049258667,meta-llama/Llama-3.1-8B-Instruct,0.0,0,logiqa,1.0
27,0.84375,0.43009464064006225,meta-llama/Llama-3.1-8B-Instruct,1.0,0,logiqa,1.0
28,1.015625,0.3621759990808257,meta-llama/Llama-3.1-8B-Instruct,0.0,0,logiqa,1.0
29,2.90625,0.05468039736791477,meta-llama/Llama-3.1-8B-Instruct,0.0,0,logiqa,1.0
30,1.421875,0.2412612277378443,meta-llama/Llama-3.1-8B-Instruct,0.0,0,logiqa,1.0
31,1.28125,0.27768997095378994,meta-llama/Llama-3.1-8B-Instruct,0.0,0,logiqa,1.0
32,1.984375,0.13746650383851944,meta-llama/Llama-3.1-8B-Instruct,0.0,0,logiqa,1.0
33,1.0,0.36787944117144233,meta-llama/Llama-3.1-8B-Instruct,0.0,0,logiqa,1.0
34,3.3125,0.036424997337364234,meta-llama/Llama-3.1-8B-Instruct,0.0,0,logiqa,1.0
35,4.21875,0.014717029298635137,meta-llama/Llama-3.1-8B-Instruct,0.0,0,logiqa,1.0
36,3.75,0.023517745856009107,meta-llama/Llama-3.1-8B-Instruct,0.0,0,logiqa,1.0
37,1.609375,0.2000125828826258,meta-llama/Llama-3.1-8B-Instruct,0.0,0,logiqa,1.0
38,2.765625,0.06293675158337987,meta-llama/Llama-3.1-8B-Instruct,0.0,0,logiqa,1.0
39,1.2578125,0.2842751988422877,meta-llama/Llama-3.1-8B-Instruct,0.0,0,logiqa,1.0
