shots,nll,prob,model,acc,hmm,dataset,flip_prob
1,8.5625,0.00019114084371795175,Qwen/Qwen2-1.5B-Instruct,0.0,0,logiqa,0.5
2,5.25,0.005247518399181385,Qwen/Qwen2-1.5B-Instruct,0.0,0,logiqa,0.5
3,1.03125,0.356560980663947,Qwen/Qwen2-1.5B-Instruct,1.0,0,logiqa,0.5
4,1.7265625,0.17789487376266921,Qwen/Qwen2-1.5B-Instruct,0.0,0,logiqa,0.5
5,2.03125,0.13117145431019428,Qwen/Qwen2-1.5B-Instruct,0.0,0,logiqa,0.5
6,2.75,0.06392786120670757,Qwen/Qwen2-1.5B-Instruct,0.0,0,logiqa,0.5
7,2.140625,0.11758133171956547,Qwen/Qwen2-1.5B-Instruct,0.0,0,logiqa,0.5
8,1.359375,0.25682124007865503,Qwen/Qwen2-1.5B-Instruct,0.0,0,logiqa,0.5
9,2.78125,0.061961007690531984,Qwen/Qwen2-1.5B-Instruct,0.0,0,logiqa,0.5
10,3.3125,0.036424997337364234,Qwen/Qwen2-1.5B-Instruct,0.0,0,logiqa,0.5
11,0.1787109375,0.8363476211932502,Qwen/Qwen2-1.5B-Instruct,1.0,0,logiqa,0.5
12,1.046875,0.3510330150388101,Qwen/Qwen2-1.5B-Instruct,1.0,0,logiqa,0.5
13,4.40625,0.012200845821682604,Qwen/Qwen2-1.5B-Instruct,0.0,0,logiqa,0.5
14,2.859375,0.057304564428268645,Qwen/Qwen2-1.5B-Instruct,0.0,0,logiqa,0.5
15,2.84375,0.058206980009571974,Qwen/Qwen2-1.5B-Instruct,0.0,0,logiqa,0.5
16,1.078125,0.34023286457404905,Qwen/Qwen2-1.5B-Instruct,1.0,0,logiqa,0.5
17,0.8984375,0.407205421393389,Qwen/Qwen2-1.5B-Instruct,1.0,0,logiqa,0.5
18,1.765625,0.17107982817134254,Qwen/Qwen2-1.5B-Instruct,0.0,0,logiqa,0.5
19,4.375,0.012588142242433998,Qwen/Qwen2-1.5B-Instruct,0.0,0,logiqa,0.5
20,3.328125,0.035860280096566576,Qwen/Qwen2-1.5B-Instruct,0.0,0,logiqa,0.5
21,1.1796875,0.30737477821235176,Qwen/Qwen2-1.5B-Instruct,0.0,0,logiqa,0.5
22,2.703125,0.06699582332279769,Qwen/Qwen2-1.5B-Instruct,0.0,0,logiqa,0.5
23,0.8046875,0.4472276633691456,Qwen/Qwen2-1.5B-Instruct,1.0,0,logiqa,0.5
24,0.9765625,0.3766034507108804,Qwen/Qwen2-1.5B-Instruct,0.0,0,logiqa,0.5
25,1.640625,0.19385884264329528,Qwen/Qwen2-1.5B-Instruct,0.0,0,logiqa,0.5
26,1.71875,0.17929012055011864,Qwen/Qwen2-1.5B-Instruct,0.0,0,logiqa,0.5
27,1.46875,0.23021307174736147,Qwen/Qwen2-1.5B-Instruct,0.0,0,logiqa,0.5
28,4.9375,0.007172507245008699,Qwen/Qwen2-1.5B-Instruct,0.0,0,logiqa,0.5
29,2.15625,0.11575840213626322,Qwen/Qwen2-1.5B-Instruct,0.0,0,logiqa,0.5
30,1.375,0.25283959580474646,Qwen/Qwen2-1.5B-Instruct,0.0,0,logiqa,0.5
31,0.640625,0.5269629692433709,Qwen/Qwen2-1.5B-Instruct,1.0,0,logiqa,0.5
32,3.40625,0.03316533748891029,Qwen/Qwen2-1.5B-Instruct,0.0,0,logiqa,0.5
33,2.4375,0.08737902619542039,Qwen/Qwen2-1.5B-Instruct,0.0,0,logiqa,0.5
34,5.03125,0.006530642163653784,Qwen/Qwen2-1.5B-Instruct,0.0,0,logiqa,0.5
35,2.046875,0.129137829405204,Qwen/Qwen2-1.5B-Instruct,0.0,0,logiqa,0.5
36,1.984375,0.13746650383851944,Qwen/Qwen2-1.5B-Instruct,0.0,0,logiqa,0.5
37,2.828125,0.059123606568473756,Qwen/Qwen2-1.5B-Instruct,0.0,0,logiqa,0.5
38,3.734375,0.023888096464365276,Qwen/Qwen2-1.5B-Instruct,0.0,0,logiqa,0.5
39,1.8671875,0.15455774475698483,Qwen/Qwen2-1.5B-Instruct,0.0,0,logiqa,0.5
40,2.15625,0.11575840213626322,Qwen/Qwen2-1.5B-Instruct,0.0,0,logiqa,0.5
41,0.609375,0.5436905695130004,Qwen/Qwen2-1.5B-Instruct,1.0,0,logiqa,0.5
42,0.93359375,0.39313832776388624,Qwen/Qwen2-1.5B-Instruct,1.0,0,logiqa,0.5
43,1.3515625,0.25883551402927246,Qwen/Qwen2-1.5B-Instruct,0.0,0,logiqa,0.5
44,4.0625,0.017205950425851383,Qwen/Qwen2-1.5B-Instruct,0.0,0,logiqa,0.5
45,3.046875,0.04750715251567949,Qwen/Qwen2-1.5B-Instruct,0.0,0,logiqa,0.5
46,1.8671875,0.15455774475698483,Qwen/Qwen2-1.5B-Instruct,0.0,0,logiqa,0.5
47,4.25,0.014264233908999256,Qwen/Qwen2-1.5B-Instruct,0.0,0,logiqa,0.5
48,1.6875,0.18498139990730428,Qwen/Qwen2-1.5B-Instruct,0.0,0,logiqa,0.5
49,0.8515625,0.4267476175926629,Qwen/Qwen2-1.5B-Instruct,1.0,0,logiqa,0.5
50,1.8984375,0.14980250286418162,Qwen/Qwen2-1.5B-Instruct,0.0,0,logiqa,0.5
51,1.4140625,0.2431534629991392,Qwen/Qwen2-1.5B-Instruct,0.0,0,logiqa,0.5
52,0.08251953125,0.9207934534340386,Qwen/Qwen2-1.5B-Instruct,1.0,0,logiqa,0.5
53,2.96875,0.05136747956725073,Qwen/Qwen2-1.5B-Instruct,0.0,0,logiqa,0.5
54,2.390625,0.09157243321777621,Qwen/Qwen2-1.5B-Instruct,0.0,0,logiqa,0.5
55,4.65625,0.00950202828005989,Qwen/Qwen2-1.5B-Instruct,0.0,0,logiqa,0.5
56,1.03125,0.356560980663947,Qwen/Qwen2-1.5B-Instruct,1.0,0,logiqa,0.5
57,1.828125,0.16071462536804407,Qwen/Qwen2-1.5B-Instruct,0.0,0,logiqa,0.5
58,0.369140625,0.6913281855882473,Qwen/Qwen2-1.5B-Instruct,1.0,0,logiqa,0.5
59,1.1328125,0.3221260018134028,Qwen/Qwen2-1.5B-Instruct,1.0,0,logiqa,0.5
60,1.5390625,0.21458217794945839,Qwen/Qwen2-1.5B-Instruct,0.0,0,logiqa,0.5
61,2.875,0.05641613950377735,Qwen/Qwen2-1.5B-Instruct,0.0,0,logiqa,0.5
62,2.796875,0.06100039130459344,Qwen/Qwen2-1.5B-Instruct,0.0,0,logiqa,0.5
63,1.8125,0.1632455124539584,Qwen/Qwen2-1.5B-Instruct,0.0,0,logiqa,0.5
64,0.71484375,0.48926855403569414,Qwen/Qwen2-1.5B-Instruct,1.0,0,logiqa,0.5
65,1.46875,0.23021307174736147,Qwen/Qwen2-1.5B-Instruct,0.0,0,logiqa,0.5
66,3.1875,0.04127492938579755,Qwen/Qwen2-1.5B-Instruct,0.0,0,logiqa,0.5
67,4.375,0.012588142242433998,Qwen/Qwen2-1.5B-Instruct,0.0,0,logiqa,0.5
68,1.71875,0.17929012055011864,Qwen/Qwen2-1.5B-Instruct,0.0,0,logiqa,0.5
69,1.9296875,0.14519356438370257,Qwen/Qwen2-1.5B-Instruct,0.0,0,logiqa,0.5
70,1.0234375,0.35935752309532076,Qwen/Qwen2-1.5B-Instruct,1.0,0,logiqa,0.5
71,0.8984375,0.407205421393389,Qwen/Qwen2-1.5B-Instruct,0.0,0,logiqa,0.5
72,1.703125,0.18211352912101367,Qwen/Qwen2-1.5B-Instruct,0.0,0,logiqa,0.5
73,1.625,0.19691167520419406,Qwen/Qwen2-1.5B-Instruct,0.0,0,logiqa,0.5
74,0.63671875,0.5290254439903966,Qwen/Qwen2-1.5B-Instruct,1.0,0,logiqa,0.5
75,0.48046875,0.6184934050621846,Qwen/Qwen2-1.5B-Instruct,1.0,0,logiqa,0.5
76,2.0625,0.1271357329320356,Qwen/Qwen2-1.5B-Instruct,0.0,0,logiqa,0.5
1,1.0390625,0.353786201098432,Qwen/Qwen2-1.5B-Instruct,1.0,0,logiqa,0.5
2,2.046875,0.129137829405204,Qwen/Qwen2-1.5B-Instruct,0.0,0,logiqa,0.5
3,3.890625,0.0204325716890638,Qwen/Qwen2-1.5B-Instruct,0.0,0,logiqa,0.5
4,1.3125,0.26914634872918386,Qwen/Qwen2-1.5B-Instruct,0.0,0,logiqa,0.5
5,2.890625,0.05554148833106887,Qwen/Qwen2-1.5B-Instruct,0.0,0,logiqa,0.5
6,1.296875,0.27338478699614155,Qwen/Qwen2-1.5B-Instruct,0.0,0,logiqa,0.5
7,1.015625,0.3621759990808257,Qwen/Qwen2-1.5B-Instruct,0.0,0,logiqa,0.5
8,0.357421875,0.6994773434756083,Qwen/Qwen2-1.5B-Instruct,1.0,0,logiqa,0.5
9,3.703125,0.024646386044811498,Qwen/Qwen2-1.5B-Instruct,0.0,0,logiqa,0.5
10,1.3046875,0.27125728970502744,Qwen/Qwen2-1.5B-Instruct,0.0,0,logiqa,0.5
11,2.984375,0.050571100611906464,Qwen/Qwen2-1.5B-Instruct,0.0,0,logiqa,0.5
12,0.5703125,0.5653487396106142,Qwen/Qwen2-1.5B-Instruct,1.0,0,logiqa,0.5
13,3.125,0.04393693362340742,Qwen/Qwen2-1.5B-Instruct,0.0,0,logiqa,0.5
14,1.78125,0.16842748127818424,Qwen/Qwen2-1.5B-Instruct,0.0,0,logiqa,0.5
15,2.375,0.09301448921066349,Qwen/Qwen2-1.5B-Instruct,0.0,0,logiqa,0.5
16,2.171875,0.1139637344565904,Qwen/Qwen2-1.5B-Instruct,0.0,0,logiqa,0.5
17,1.734375,0.17651048487186194,Qwen/Qwen2-1.5B-Instruct,0.0,0,logiqa,0.5
18,1.796875,0.1658162552121675,Qwen/Qwen2-1.5B-Instruct,0.0,0,logiqa,0.5
19,1.1953125,0.30260937397538795,Qwen/Qwen2-1.5B-Instruct,0.0,0,logiqa,0.5
20,1.921875,0.1463323316229146,Qwen/Qwen2-1.5B-Instruct,0.0,0,logiqa,0.5
21,1.2578125,0.2842751988422877,Qwen/Qwen2-1.5B-Instruct,0.0,0,logiqa,0.5
22,2.921875,0.053832656382752,Qwen/Qwen2-1.5B-Instruct,0.0,0,logiqa,0.5
23,1.3828125,0.25087198245993886,Qwen/Qwen2-1.5B-Instruct,0.0,0,logiqa,0.5
24,0.158203125,0.8536763613451477,Qwen/Qwen2-1.5B-Instruct,1.0,0,logiqa,0.5
25,1.734375,0.17651048487186194,Qwen/Qwen2-1.5B-Instruct,0.0,0,logiqa,0.5
26,1.875,0.15335496684492847,Qwen/Qwen2-1.5B-Instruct,0.0,0,logiqa,0.5
27,3.078125,0.04604551109353302,Qwen/Qwen2-1.5B-Instruct,0.0,0,logiqa,0.5
28,4.28125,0.013825369568946493,Qwen/Qwen2-1.5B-Instruct,0.0,0,logiqa,0.5
29,2.265625,0.10376516104428837,Qwen/Qwen2-1.5B-Instruct,0.0,0,logiqa,0.5
30,2.03125,0.13117145431019428,Qwen/Qwen2-1.5B-Instruct,0.0,0,logiqa,0.5
31,0.023193359375,0.9770735391778969,Qwen/Qwen2-1.5B-Instruct,1.0,0,logiqa,0.5
32,1.3828125,0.25087198245993886,Qwen/Qwen2-1.5B-Instruct,0.0,0,logiqa,0.5
33,1.2109375,0.2979178504832066,Qwen/Qwen2-1.5B-Instruct,1.0,0,logiqa,0.5
34,1.875,0.15335496684492847,Qwen/Qwen2-1.5B-Instruct,0.0,0,logiqa,0.5
35,0.0155029296875,0.9846166221284973,Qwen/Qwen2-1.5B-Instruct,1.0,0,logiqa,0.5
36,2.53125,0.07955950871822769,Qwen/Qwen2-1.5B-Instruct,0.0,0,logiqa,0.5
37,2.46875,0.0846906561847805,Qwen/Qwen2-1.5B-Instruct,0.0,0,logiqa,0.5
38,3.390625,0.03368761555886473,Qwen/Qwen2-1.5B-Instruct,0.0,0,logiqa,0.5
39,0.8515625,0.4267476175926629,Qwen/Qwen2-1.5B-Instruct,1.0,0,logiqa,0.5
40,1.1171875,0.3271987482181544,Qwen/Qwen2-1.5B-Instruct,0.0,0,logiqa,0.5
41,3.296875,0.03699860758070385,Qwen/Qwen2-1.5B-Instruct,0.0,0,logiqa,0.5
42,1.28125,0.27768997095378994,Qwen/Qwen2-1.5B-Instruct,0.0,0,logiqa,0.5
43,5.1875,0.0055859542589981,Qwen/Qwen2-1.5B-Instruct,0.0,0,logiqa,0.5
44,1.359375,0.25682124007865503,Qwen/Qwen2-1.5B-Instruct,0.0,0,logiqa,0.5
45,3.546875,0.028814544556403775,Qwen/Qwen2-1.5B-Instruct,0.0,0,logiqa,0.5
46,1.296875,0.27338478699614155,Qwen/Qwen2-1.5B-Instruct,0.0,0,logiqa,0.5
47,2.875,0.05641613950377735,Qwen/Qwen2-1.5B-Instruct,0.0,0,logiqa,0.5
48,3.5,0.0301973834223185,Qwen/Qwen2-1.5B-Instruct,0.0,0,logiqa,0.5
49,1.1328125,0.3221260018134028,Qwen/Qwen2-1.5B-Instruct,1.0,0,logiqa,0.5
50,0.54296875,0.5810207839794026,Qwen/Qwen2-1.5B-Instruct,1.0,0,logiqa,0.5
51,2.125,0.11943296826671962,Qwen/Qwen2-1.5B-Instruct,0.0,0,logiqa,0.5
52,2.71875,0.06595714935553817,Qwen/Qwen2-1.5B-Instruct,0.0,0,logiqa,0.5
53,2.34375,0.09596708604499847,Qwen/Qwen2-1.5B-Instruct,0.0,0,logiqa,0.5
54,1.03125,0.356560980663947,Qwen/Qwen2-1.5B-Instruct,1.0,0,logiqa,0.5
55,2.328125,0.0974783477499485,Qwen/Qwen2-1.5B-Instruct,0.0,0,logiqa,0.5
56,0.98828125,0.372215887611955,Qwen/Qwen2-1.5B-Instruct,1.0,0,logiqa,0.5
57,1.625,0.19691167520419406,Qwen/Qwen2-1.5B-Instruct,0.0,0,logiqa,0.5
58,2.921875,0.053832656382752,Qwen/Qwen2-1.5B-Instruct,0.0,0,logiqa,0.5
59,0.83203125,0.4351644601644917,Qwen/Qwen2-1.5B-Instruct,1.0,0,logiqa,0.5
60,2.765625,0.06293675158337987,Qwen/Qwen2-1.5B-Instruct,0.0,0,logiqa,0.5
61,4.59375,0.010114856452604551,Qwen/Qwen2-1.5B-Instruct,0.0,0,logiqa,0.5
62,1.109375,0.3297649998062575,Qwen/Qwen2-1.5B-Instruct,0.0,0,logiqa,0.5
63,0.06787109375,0.9343809133539388,Qwen/Qwen2-1.5B-Instruct,1.0,0,logiqa,0.5
64,0.54296875,0.5810207839794026,Qwen/Qwen2-1.5B-Instruct,1.0,0,logiqa,0.5
65,2.375,0.09301448921066349,Qwen/Qwen2-1.5B-Instruct,0.0,0,logiqa,0.5
66,2.140625,0.11758133171956547,Qwen/Qwen2-1.5B-Instruct,0.0,0,logiqa,0.5
67,3.125,0.04393693362340742,Qwen/Qwen2-1.5B-Instruct,0.0,0,logiqa,0.5
68,1.4921875,0.22488019168416426,Qwen/Qwen2-1.5B-Instruct,0.0,0,logiqa,0.5
69,1.2421875,0.2887518818320782,Qwen/Qwen2-1.5B-Instruct,0.0,0,logiqa,0.5
70,1.1640625,0.31221522664653706,Qwen/Qwen2-1.5B-Instruct,1.0,0,logiqa,0.5
71,1.2109375,0.2979178504832066,Qwen/Qwen2-1.5B-Instruct,0.0,0,logiqa,0.5
72,1.234375,0.29101659090983195,Qwen/Qwen2-1.5B-Instruct,0.0,0,logiqa,0.5
73,2.75,0.06392786120670757,Qwen/Qwen2-1.5B-Instruct,0.0,0,logiqa,0.5
74,0.6328125,0.5310959910353452,Qwen/Qwen2-1.5B-Instruct,1.0,0,logiqa,0.5
75,1.625,0.19691167520419406,Qwen/Qwen2-1.5B-Instruct,0.0,0,logiqa,0.5
76,2.453125,0.08602433995839362,Qwen/Qwen2-1.5B-Instruct,0.0,0,logiqa,0.5
77,2.3125,0.0990134083638263,Qwen/Qwen2-1.5B-Instruct,0.0,0,logiqa,0.5
1,0.8828125,0.41361797370441067,Qwen/Qwen2-1.5B-Instruct,1.0,0,logiqa,0.5
2,0.27734375,0.7577939606593946,Qwen/Qwen2-1.5B-Instruct,1.0,0,logiqa,0.5
3,0.0966796875,0.9078467542291261,Qwen/Qwen2-1.5B-Instruct,1.0,0,logiqa,0.5
4,0.0966796875,0.9078467542291261,Qwen/Qwen2-1.5B-Instruct,1.0,0,logiqa,0.5
5,1.6171875,0.19845607261390505,Qwen/Qwen2-1.5B-Instruct,0.0,0,logiqa,0.5
6,2.421875,0.08875504563653425,Qwen/Qwen2-1.5B-Instruct,0.0,0,logiqa,0.5
7,0.5078125,0.6018106006716945,Qwen/Qwen2-1.5B-Instruct,1.0,0,logiqa,0.5
8,1.8125,0.1632455124539584,Qwen/Qwen2-1.5B-Instruct,0.0,0,logiqa,0.5
9,0.609375,0.5436905695130004,Qwen/Qwen2-1.5B-Instruct,1.0,0,logiqa,0.5
10,0.90234375,0.40561787790561105,Qwen/Qwen2-1.5B-Instruct,1.0,0,logiqa,0.5
11,4.0,0.01831563888873418,Qwen/Qwen2-1.5B-Instruct,0.0,0,logiqa,0.5
12,3.5,0.0301973834223185,Qwen/Qwen2-1.5B-Instruct,0.0,0,logiqa,0.5
13,1.1640625,0.31221522664653706,Qwen/Qwen2-1.5B-Instruct,0.0,0,logiqa,0.5
14,1.6875,0.18498139990730428,Qwen/Qwen2-1.5B-Instruct,0.0,0,logiqa,0.5
15,1.78125,0.16842748127818424,Qwen/Qwen2-1.5B-Instruct,0.0,0,logiqa,0.5
16,1.109375,0.3297649998062575,Qwen/Qwen2-1.5B-Instruct,0.0,0,logiqa,0.5
17,2.15625,0.11575840213626322,Qwen/Qwen2-1.5B-Instruct,0.0,0,logiqa,0.5
18,1.984375,0.13746650383851944,Qwen/Qwen2-1.5B-Instruct,0.0,0,logiqa,0.5
19,0.22265625,0.8003899360518268,Qwen/Qwen2-1.5B-Instruct,1.0,0,logiqa,0.5
20,0.32421875,0.7230920486923872,Qwen/Qwen2-1.5B-Instruct,1.0,0,logiqa,0.5
21,0.50390625,0.604166020765368,Qwen/Qwen2-1.5B-Instruct,1.0,0,logiqa,0.5
22,1.4453125,0.23567241741677974,Qwen/Qwen2-1.5B-Instruct,0.0,0,logiqa,0.5
23,2.015625,0.13323710414756298,Qwen/Qwen2-1.5B-Instruct,0.0,0,logiqa,0.5
24,1.5,0.22313016014842982,Qwen/Qwen2-1.5B-Instruct,0.0,0,logiqa,0.5
25,0.99609375,0.3693192805940405,Qwen/Qwen2-1.5B-Instruct,0.0,0,logiqa,0.5
26,1.6796875,0.18643222700816212,Qwen/Qwen2-1.5B-Instruct,0.0,0,logiqa,0.5
27,0.66796875,0.5127490421990961,Qwen/Qwen2-1.5B-Instruct,1.0,0,logiqa,0.5
28,0.64453125,0.5249085353233612,Qwen/Qwen2-1.5B-Instruct,1.0,0,logiqa,0.5
29,0.494140625,0.6100949824510565,Qwen/Qwen2-1.5B-Instruct,1.0,0,logiqa,0.5
30,2.625,0.07243975703425146,Qwen/Qwen2-1.5B-Instruct,0.0,0,logiqa,0.5
31,1.0859375,0.3375851514160396,Qwen/Qwen2-1.5B-Instruct,0.0,0,logiqa,0.5
32,0.70703125,0.49310593486505433,Qwen/Qwen2-1.5B-Instruct,1.0,0,logiqa,0.5
33,3.078125,0.04604551109353302,Qwen/Qwen2-1.5B-Instruct,0.0,0,logiqa,0.5
34,2.90625,0.05468039736791477,Qwen/Qwen2-1.5B-Instruct,0.0,0,logiqa,0.5
35,0.345703125,0.7077225610574206,Qwen/Qwen2-1.5B-Instruct,1.0,0,logiqa,0.5
36,1.4296875,0.23938371796817895,Qwen/Qwen2-1.5B-Instruct,0.0,0,logiqa,0.5
37,1.375,0.25283959580474646,Qwen/Qwen2-1.5B-Instruct,0.0,0,logiqa,0.5
38,2.0,0.1353352832366127,Qwen/Qwen2-1.5B-Instruct,0.0,0,logiqa,0.5
39,3.203125,0.040635020917967515,Qwen/Qwen2-1.5B-Instruct,0.0,0,logiqa,0.5
40,3.578125,0.027928014220365963,Qwen/Qwen2-1.5B-Instruct,0.0,0,logiqa,0.5
41,0.62890625,0.5331746419722976,Qwen/Qwen2-1.5B-Instruct,1.0,0,logiqa,0.5
42,1.46875,0.23021307174736147,Qwen/Qwen2-1.5B-Instruct,0.0,0,logiqa,0.5
43,1.2734375,0.27986792038923625,Qwen/Qwen2-1.5B-Instruct,0.0,0,logiqa,0.5
44,1.453125,0.23383840011408472,Qwen/Qwen2-1.5B-Instruct,0.0,0,logiqa,0.5
45,1.609375,0.2000125828826258,Qwen/Qwen2-1.5B-Instruct,0.0,0,logiqa,0.5
46,1.7734375,0.16974847438608623,Qwen/Qwen2-1.5B-Instruct,0.0,0,logiqa,0.5
47,1.75,0.17377394345044514,Qwen/Qwen2-1.5B-Instruct,0.0,0,logiqa,0.5
48,1.625,0.19691167520419406,Qwen/Qwen2-1.5B-Instruct,0.0,0,logiqa,0.5
49,2.265625,0.10376516104428837,Qwen/Qwen2-1.5B-Instruct,0.0,0,logiqa,0.5
50,1.96875,0.13963128628139898,Qwen/Qwen2-1.5B-Instruct,0.0,0,logiqa,0.5
51,2.15625,0.11575840213626322,Qwen/Qwen2-1.5B-Instruct,0.0,0,logiqa,0.5
52,2.96875,0.05136747956725073,Qwen/Qwen2-1.5B-Instruct,0.0,0,logiqa,0.5
53,2.0625,0.1271357329320356,Qwen/Qwen2-1.5B-Instruct,0.0,0,logiqa,0.5
54,0.546875,0.5787555986124843,Qwen/Qwen2-1.5B-Instruct,1.0,0,logiqa,0.5
55,1.890625,0.1509774184559146,Qwen/Qwen2-1.5B-Instruct,0.0,0,logiqa,0.5
56,0.8046875,0.4472276633691456,Qwen/Qwen2-1.5B-Instruct,1.0,0,logiqa,0.5
57,0.890625,0.41039917309637,Qwen/Qwen2-1.5B-Instruct,1.0,0,logiqa,0.5
58,1.953125,0.14183015908734253,Qwen/Qwen2-1.5B-Instruct,0.0,0,logiqa,0.5
59,1.4296875,0.23938371796817895,Qwen/Qwen2-1.5B-Instruct,0.0,0,logiqa,0.5
60,1.453125,0.23383840011408472,Qwen/Qwen2-1.5B-Instruct,0.0,0,logiqa,0.5
61,1.625,0.19691167520419406,Qwen/Qwen2-1.5B-Instruct,0.0,0,logiqa,0.5
62,1.34375,0.26086558612628497,Qwen/Qwen2-1.5B-Instruct,0.0,0,logiqa,0.5
63,3.90625,0.02011579402674089,Qwen/Qwen2-1.5B-Instruct,0.0,0,logiqa,0.5
64,3.46875,0.031155951269699805,Qwen/Qwen2-1.5B-Instruct,0.0,0,logiqa,0.5
65,0.96484375,0.3810427330152126,Qwen/Qwen2-1.5B-Instruct,0.0,0,logiqa,0.5
66,2.34375,0.09596708604499847,Qwen/Qwen2-1.5B-Instruct,0.0,0,logiqa,0.5
67,2.5,0.0820849986238988,Qwen/Qwen2-1.5B-Instruct,0.0,0,logiqa,0.5
68,1.1875,0.3049827687110593,Qwen/Qwen2-1.5B-Instruct,0.0,0,logiqa,0.5
69,3.84375,0.021413151278198653,Qwen/Qwen2-1.5B-Instruct,0.0,0,logiqa,0.5
70,0.65234375,0.5208236646937497,Qwen/Qwen2-1.5B-Instruct,1.0,0,logiqa,0.5
71,1.5,0.22313016014842982,Qwen/Qwen2-1.5B-Instruct,0.0,0,logiqa,0.5
72,1.78125,0.16842748127818424,Qwen/Qwen2-1.5B-Instruct,0.0,0,logiqa,0.5
73,6.03125,0.002402488989655613,Qwen/Qwen2-1.5B-Instruct,0.0,0,logiqa,0.5
74,1.6875,0.18498139990730428,Qwen/Qwen2-1.5B-Instruct,0.0,0,logiqa,0.5
75,2.40625,0.09015273423081638,Qwen/Qwen2-1.5B-Instruct,0.0,0,logiqa,0.5
76,0.1455078125,0.8645831354918224,Qwen/Qwen2-1.5B-Instruct,1.0,0,logiqa,0.5
1,4.125,0.016163494588165874,Qwen/Qwen2-1.5B-Instruct,0.0,0,logiqa,0.5
2,2.6875,0.0680508540250102,Qwen/Qwen2-1.5B-Instruct,0.0,0,logiqa,0.5
3,5.5,0.004086771438464067,Qwen/Qwen2-1.5B-Instruct,0.0,0,logiqa,0.5
4,0.8125,0.44374731008107987,Qwen/Qwen2-1.5B-Instruct,0.0,0,logiqa,0.5
5,0.023193359375,0.9770735391778969,Qwen/Qwen2-1.5B-Instruct,1.0,0,logiqa,0.5
6,4.5,0.011108996538242306,Qwen/Qwen2-1.5B-Instruct,0.0,0,logiqa,0.5
7,1.9609375,0.14072642803276533,Qwen/Qwen2-1.5B-Instruct,0.0,0,logiqa,0.5
8,1.46875,0.23021307174736147,Qwen/Qwen2-1.5B-Instruct,0.0,0,logiqa,0.5
9,4.53125,0.010767208646547101,Qwen/Qwen2-1.5B-Instruct,0.0,0,logiqa,0.5
10,1.921875,0.1463323316229146,Qwen/Qwen2-1.5B-Instruct,0.0,0,logiqa,0.5
11,1.6875,0.18498139990730428,Qwen/Qwen2-1.5B-Instruct,0.0,0,logiqa,0.5
12,5.5,0.004086771438464067,Qwen/Qwen2-1.5B-Instruct,0.0,0,logiqa,0.5
13,4.375,0.012588142242433998,Qwen/Qwen2-1.5B-Instruct,0.0,0,logiqa,0.5
14,0.259765625,0.7712323221982079,Qwen/Qwen2-1.5B-Instruct,1.0,0,logiqa,0.5
15,5.625,0.0036065631360157305,Qwen/Qwen2-1.5B-Instruct,0.0,0,logiqa,0.5
16,2.53125,0.07955950871822769,Qwen/Qwen2-1.5B-Instruct,0.0,0,logiqa,0.5
17,0.83984375,0.43177798346854385,Qwen/Qwen2-1.5B-Instruct,1.0,0,logiqa,0.5
18,1.3203125,0.26705183522634335,Qwen/Qwen2-1.5B-Instruct,0.0,0,logiqa,0.5
19,2.0,0.1353352832366127,Qwen/Qwen2-1.5B-Instruct,0.0,0,logiqa,0.5
20,0.1787109375,0.8363476211932502,Qwen/Qwen2-1.5B-Instruct,1.0,0,logiqa,0.5
21,1.75,0.17377394345044514,Qwen/Qwen2-1.5B-Instruct,0.0,0,logiqa,0.5
22,1.546875,0.21291228619240427,Qwen/Qwen2-1.5B-Instruct,0.0,0,logiqa,0.5
23,2.796875,0.06100039130459344,Qwen/Qwen2-1.5B-Instruct,0.0,0,logiqa,0.5
24,0.77734375,0.459625270884992,Qwen/Qwen2-1.5B-Instruct,0.0,0,logiqa,0.5
25,1.6953125,0.18354186323251906,Qwen/Qwen2-1.5B-Instruct,0.0,0,logiqa,0.5
26,1.328125,0.26497362135689667,Qwen/Qwen2-1.5B-Instruct,1.0,0,logiqa,0.5
27,1.4921875,0.22488019168416426,Qwen/Qwen2-1.5B-Instruct,0.0,0,logiqa,0.5
28,4.0,0.01831563888873418,Qwen/Qwen2-1.5B-Instruct,0.0,0,logiqa,0.5
29,2.15625,0.11575840213626322,Qwen/Qwen2-1.5B-Instruct,0.0,0,logiqa,0.5
30,1.984375,0.13746650383851944,Qwen/Qwen2-1.5B-Instruct,0.0,0,logiqa,0.5
31,0.271484375,0.76224719348739,Qwen/Qwen2-1.5B-Instruct,1.0,0,logiqa,0.5
32,1.359375,0.25682124007865503,Qwen/Qwen2-1.5B-Instruct,0.0,0,logiqa,0.5
33,0.5703125,0.5653487396106142,Qwen/Qwen2-1.5B-Instruct,1.0,0,logiqa,0.5
34,2.390625,0.09157243321777621,Qwen/Qwen2-1.5B-Instruct,0.0,0,logiqa,0.5
35,2.296875,0.10057264266491435,Qwen/Qwen2-1.5B-Instruct,0.0,0,logiqa,0.5
36,1.40625,0.2450605392455259,Qwen/Qwen2-1.5B-Instruct,0.0,0,logiqa,0.5
37,2.75,0.06392786120670757,Qwen/Qwen2-1.5B-Instruct,0.0,0,logiqa,0.5
38,0.53125,0.5878696731223465,Qwen/Qwen2-1.5B-Instruct,1.0,0,logiqa,0.5
39,0.890625,0.41039917309637,Qwen/Qwen2-1.5B-Instruct,1.0,0,logiqa,0.5
40,1.34375,0.26086558612628497,Qwen/Qwen2-1.5B-Instruct,0.0,0,logiqa,0.5
41,0.1318359375,0.8764847815685415,Qwen/Qwen2-1.5B-Instruct,1.0,0,logiqa,0.5
42,4.0,0.01831563888873418,Qwen/Qwen2-1.5B-Instruct,0.0,0,logiqa,0.5
43,2.046875,0.129137829405204,Qwen/Qwen2-1.5B-Instruct,0.0,0,logiqa,0.5
44,4.3125,0.013400007665140828,Qwen/Qwen2-1.5B-Instruct,0.0,0,logiqa,0.5
45,1.625,0.19691167520419406,Qwen/Qwen2-1.5B-Instruct,0.0,0,logiqa,0.5
46,3.109375,0.04462883965030139,Qwen/Qwen2-1.5B-Instruct,0.0,0,logiqa,0.5
47,1.3515625,0.25883551402927246,Qwen/Qwen2-1.5B-Instruct,0.0,0,logiqa,0.5
48,3.0625,0.04677062238395898,Qwen/Qwen2-1.5B-Instruct,0.0,0,logiqa,0.5
49,2.609375,0.07358051721811718,Qwen/Qwen2-1.5B-Instruct,0.0,0,logiqa,0.5
50,1.703125,0.18211352912101367,Qwen/Qwen2-1.5B-Instruct,0.0,0,logiqa,0.5
51,0.546875,0.5787555986124843,Qwen/Qwen2-1.5B-Instruct,1.0,0,logiqa,0.5
52,1.59375,0.20316232275153173,Qwen/Qwen2-1.5B-Instruct,0.0,0,logiqa,0.5
53,1.078125,0.34023286457404905,Qwen/Qwen2-1.5B-Instruct,1.0,0,logiqa,0.5
54,1.125,0.32465246735834974,Qwen/Qwen2-1.5B-Instruct,0.0,0,logiqa,0.5
55,1.734375,0.17651048487186194,Qwen/Qwen2-1.5B-Instruct,0.0,0,logiqa,0.5
56,2.5,0.0820849986238988,Qwen/Qwen2-1.5B-Instruct,0.0,0,logiqa,0.5
57,3.40625,0.03316533748891029,Qwen/Qwen2-1.5B-Instruct,0.0,0,logiqa,0.5
58,0.8046875,0.4472276633691456,Qwen/Qwen2-1.5B-Instruct,1.0,0,logiqa,0.5
59,2.34375,0.09596708604499847,Qwen/Qwen2-1.5B-Instruct,0.0,0,logiqa,0.5
60,1.2734375,0.27986792038923625,Qwen/Qwen2-1.5B-Instruct,0.0,0,logiqa,0.5
61,1.1953125,0.30260937397538795,Qwen/Qwen2-1.5B-Instruct,1.0,0,logiqa,0.5
62,1.015625,0.3621759990808257,Qwen/Qwen2-1.5B-Instruct,1.0,0,logiqa,0.5
63,1.5703125,0.207980178394932,Qwen/Qwen2-1.5B-Instruct,0.0,0,logiqa,0.5
64,1.4375,0.23752081909545814,Qwen/Qwen2-1.5B-Instruct,0.0,0,logiqa,0.5
65,2.328125,0.0974783477499485,Qwen/Qwen2-1.5B-Instruct,0.0,0,logiqa,0.5
66,0.373046875,0.6886329524177447,Qwen/Qwen2-1.5B-Instruct,1.0,0,logiqa,0.5
67,2.5625,0.07711171996831671,Qwen/Qwen2-1.5B-Instruct,0.0,0,logiqa,0.5
68,1.2421875,0.2887518818320782,Qwen/Qwen2-1.5B-Instruct,0.0,0,logiqa,0.5
69,0.50390625,0.604166020765368,Qwen/Qwen2-1.5B-Instruct,1.0,0,logiqa,0.5
70,1.4921875,0.22488019168416426,Qwen/Qwen2-1.5B-Instruct,0.0,0,logiqa,0.5
71,1.28125,0.27768997095378994,Qwen/Qwen2-1.5B-Instruct,0.0,0,logiqa,0.5
72,2.046875,0.129137829405204,Qwen/Qwen2-1.5B-Instruct,0.0,0,logiqa,0.5
73,2.53125,0.07955950871822769,Qwen/Qwen2-1.5B-Instruct,0.0,0,logiqa,0.5
74,2.859375,0.057304564428268645,Qwen/Qwen2-1.5B-Instruct,0.0,0,logiqa,0.5
75,3.59375,0.02749503049258667,Qwen/Qwen2-1.5B-Instruct,0.0,0,logiqa,0.5
76,1.2265625,0.29329906232102687,Qwen/Qwen2-1.5B-Instruct,0.0,0,logiqa,0.5
77,1.59375,0.20316232275153173,Qwen/Qwen2-1.5B-Instruct,0.0,0,logiqa,0.5
78,1.421875,0.2412612277378443,Qwen/Qwen2-1.5B-Instruct,0.0,0,logiqa,0.5
79,3.53125,0.029268307607136092,Qwen/Qwen2-1.5B-Instruct,0.0,0,logiqa,0.5
80,0.48046875,0.6184934050621846,Qwen/Qwen2-1.5B-Instruct,1.0,0,logiqa,0.5
1,2.5,0.0820849986238988,Qwen/Qwen2-1.5B-Instruct,0.0,0,logiqa,0.5
2,3.625,0.026649097336355485,Qwen/Qwen2-1.5B-Instruct,0.0,0,logiqa,0.5
3,2.4375,0.08737902619542039,Qwen/Qwen2-1.5B-Instruct,0.0,0,logiqa,0.5
4,3.109375,0.04462883965030139,Qwen/Qwen2-1.5B-Instruct,0.0,0,logiqa,0.5
5,1.71875,0.17929012055011864,Qwen/Qwen2-1.5B-Instruct,0.0,0,logiqa,0.5
6,0.451171875,0.6368813687851224,Qwen/Qwen2-1.5B-Instruct,1.0,0,logiqa,0.5
7,0.45703125,0.6331605534862997,Qwen/Qwen2-1.5B-Instruct,1.0,0,logiqa,0.5
8,6.875,0.001033297638647637,Qwen/Qwen2-1.5B-Instruct,0.0,0,logiqa,0.5
9,0.3359375,0.7146677711559482,Qwen/Qwen2-1.5B-Instruct,1.0,0,logiqa,0.5
10,2.265625,0.10376516104428837,Qwen/Qwen2-1.5B-Instruct,0.0,0,logiqa,0.5
11,2.109375,0.1213137638466268,Qwen/Qwen2-1.5B-Instruct,0.0,0,logiqa,0.5
12,2.671875,0.06912249904327114,Qwen/Qwen2-1.5B-Instruct,0.0,0,logiqa,0.5
13,4.6875,0.00920968160396814,Qwen/Qwen2-1.5B-Instruct,0.0,0,logiqa,0.5
14,0.421875,0.6558160112715016,Qwen/Qwen2-1.5B-Instruct,1.0,0,logiqa,0.5
15,0.30078125,0.7402396824677261,Qwen/Qwen2-1.5B-Instruct,1.0,0,logiqa,0.5
16,3.375,0.03421811831166603,Qwen/Qwen2-1.5B-Instruct,0.0,0,logiqa,0.5
17,2.453125,0.08602433995839362,Qwen/Qwen2-1.5B-Instruct,0.0,0,logiqa,0.5
18,1.171875,0.30978554847668166,Qwen/Qwen2-1.5B-Instruct,0.0,0,logiqa,0.5
19,1.2421875,0.2887518818320782,Qwen/Qwen2-1.5B-Instruct,0.0,0,logiqa,0.5
20,6.0,0.0024787521766663585,Qwen/Qwen2-1.5B-Instruct,0.0,0,logiqa,0.5
21,1.734375,0.17651048487186194,Qwen/Qwen2-1.5B-Instruct,0.0,0,logiqa,0.5
22,1.515625,0.21967084765457534,Qwen/Qwen2-1.5B-Instruct,0.0,0,logiqa,0.5
23,4.125,0.016163494588165874,Qwen/Qwen2-1.5B-Instruct,0.0,0,logiqa,0.5
24,0.94140625,0.39007890102496307,Qwen/Qwen2-1.5B-Instruct,1.0,0,logiqa,0.5
25,3.09375,0.045331641611676264,Qwen/Qwen2-1.5B-Instruct,0.0,0,logiqa,0.5
26,1.390625,0.2489196812036605,Qwen/Qwen2-1.5B-Instruct,0.0,0,logiqa,0.5
27,2.53125,0.07955950871822769,Qwen/Qwen2-1.5B-Instruct,0.0,0,logiqa,0.5
28,1.96875,0.13963128628139898,Qwen/Qwen2-1.5B-Instruct,0.0,0,logiqa,0.5
29,1.4609375,0.23201865524727103,Qwen/Qwen2-1.5B-Instruct,0.0,0,logiqa,0.5
30,0.87890625,0.4152368286818413,Qwen/Qwen2-1.5B-Instruct,0.0,0,logiqa,0.5
31,1.71875,0.17929012055011864,Qwen/Qwen2-1.5B-Instruct,0.0,0,logiqa,0.5
32,0.99609375,0.3693192805940405,Qwen/Qwen2-1.5B-Instruct,1.0,0,logiqa,0.5
33,0.94921875,0.3870432829338104,Qwen/Qwen2-1.5B-Instruct,0.0,0,logiqa,0.5
34,1.2890625,0.2755289704553164,Qwen/Qwen2-1.5B-Instruct,0.0,0,logiqa,0.5
35,3.15625,0.04258513628878761,Qwen/Qwen2-1.5B-Instruct,0.0,0,logiqa,0.5
36,0.45703125,0.6331605534862997,Qwen/Qwen2-1.5B-Instruct,1.0,0,logiqa,0.5
37,2.6875,0.0680508540250102,Qwen/Qwen2-1.5B-Instruct,0.0,0,logiqa,0.5
38,1.421875,0.2412612277378443,Qwen/Qwen2-1.5B-Instruct,0.0,0,logiqa,0.5
39,4.8125,0.008127515489292211,Qwen/Qwen2-1.5B-Instruct,0.0,0,logiqa,0.5
40,3.84375,0.021413151278198653,Qwen/Qwen2-1.5B-Instruct,0.0,0,logiqa,0.5
41,2.015625,0.13323710414756298,Qwen/Qwen2-1.5B-Instruct,0.0,0,logiqa,0.5
42,1.2578125,0.2842751988422877,Qwen/Qwen2-1.5B-Instruct,0.0,0,logiqa,0.5
43,0.859375,0.4234266412852628,Qwen/Qwen2-1.5B-Instruct,1.0,0,logiqa,0.5
44,1.3046875,0.27125728970502744,Qwen/Qwen2-1.5B-Instruct,0.0,0,logiqa,0.5
45,0.921875,0.39777251796661167,Qwen/Qwen2-1.5B-Instruct,1.0,0,logiqa,0.5
46,0.2109375,0.8098246793420792,Qwen/Qwen2-1.5B-Instruct,1.0,0,logiqa,0.5
47,1.7578125,0.17242162389375282,Qwen/Qwen2-1.5B-Instruct,0.0,0,logiqa,0.5
48,0.306640625,0.7359150228524268,Qwen/Qwen2-1.5B-Instruct,1.0,0,logiqa,0.5
49,1.1796875,0.30737477821235176,Qwen/Qwen2-1.5B-Instruct,0.0,0,logiqa,0.5
50,3.34375,0.03530431798508576,Qwen/Qwen2-1.5B-Instruct,0.0,0,logiqa,0.5
51,0.890625,0.41039917309637,Qwen/Qwen2-1.5B-Instruct,1.0,0,logiqa,0.5
52,1.3125,0.26914634872918386,Qwen/Qwen2-1.5B-Instruct,0.0,0,logiqa,0.5
53,1.28125,0.27768997095378994,Qwen/Qwen2-1.5B-Instruct,0.0,0,logiqa,0.5
54,0.265625,0.76672659607082,Qwen/Qwen2-1.5B-Instruct,1.0,0,logiqa,0.5
55,4.4375,0.011825465259096618,Qwen/Qwen2-1.5B-Instruct,0.0,0,logiqa,0.5
56,1.1796875,0.30737477821235176,Qwen/Qwen2-1.5B-Instruct,1.0,0,logiqa,0.5
57,1.59375,0.20316232275153173,Qwen/Qwen2-1.5B-Instruct,0.0,0,logiqa,0.5
58,0.330078125,0.7188675697091758,Qwen/Qwen2-1.5B-Instruct,1.0,0,logiqa,0.5
59,0.69921875,0.49697341264527733,Qwen/Qwen2-1.5B-Instruct,1.0,0,logiqa,0.5
60,0.69921875,0.49697341264527733,Qwen/Qwen2-1.5B-Instruct,1.0,0,logiqa,0.5
61,5.53125,0.003961034699868069,Qwen/Qwen2-1.5B-Instruct,0.0,0,logiqa,0.5
62,0.77734375,0.459625270884992,Qwen/Qwen2-1.5B-Instruct,1.0,0,logiqa,0.5
63,0.03076171875,0.9697066084520289,Qwen/Qwen2-1.5B-Instruct,1.0,0,logiqa,0.5
64,2.0625,0.1271357329320356,Qwen/Qwen2-1.5B-Instruct,0.0,0,logiqa,0.5
65,0.82421875,0.43857749732635326,Qwen/Qwen2-1.5B-Instruct,1.0,0,logiqa,0.5
66,1.0,0.36787944117144233,Qwen/Qwen2-1.5B-Instruct,1.0,0,logiqa,0.5
67,1.8046875,0.16452586287665122,Qwen/Qwen2-1.5B-Instruct,0.0,0,logiqa,0.5
68,1.7890625,0.16711676822020574,Qwen/Qwen2-1.5B-Instruct,0.0,0,logiqa,0.5
69,1.109375,0.3297649998062575,Qwen/Qwen2-1.5B-Instruct,0.0,0,logiqa,0.5
70,2.421875,0.08875504563653425,Qwen/Qwen2-1.5B-Instruct,0.0,0,logiqa,0.5
71,0.369140625,0.6913281855882473,Qwen/Qwen2-1.5B-Instruct,1.0,0,logiqa,0.5
72,2.34375,0.09596708604499847,Qwen/Qwen2-1.5B-Instruct,0.0,0,logiqa,0.5
73,1.4609375,0.23201865524727103,Qwen/Qwen2-1.5B-Instruct,0.0,0,logiqa,0.5
74,0.5859375,0.556583819812148,Qwen/Qwen2-1.5B-Instruct,1.0,0,logiqa,0.5
75,1.1875,0.3049827687110593,Qwen/Qwen2-1.5B-Instruct,0.0,0,logiqa,0.5
76,0.171875,0.8420844271433824,Qwen/Qwen2-1.5B-Instruct,1.0,0,logiqa,0.5
77,1.671875,0.18789443308700168,Qwen/Qwen2-1.5B-Instruct,0.0,0,logiqa,0.5
1,0.490234375,0.612482826698251,Qwen/Qwen2-1.5B-Instruct,1.0,0,logiqa,0.5
2,1.046875,0.3510330150388101,Qwen/Qwen2-1.5B-Instruct,1.0,0,logiqa,0.5
3,2.03125,0.13117145431019428,Qwen/Qwen2-1.5B-Instruct,0.0,0,logiqa,0.5
4,0.671875,0.5107500231290107,Qwen/Qwen2-1.5B-Instruct,1.0,0,logiqa,0.5
5,1.9765625,0.13854466699075552,Qwen/Qwen2-1.5B-Instruct,0.0,0,logiqa,0.5
6,0.060546875,0.941249646907103,Qwen/Qwen2-1.5B-Instruct,1.0,0,logiqa,0.5
7,4.03125,0.01775212592162854,Qwen/Qwen2-1.5B-Instruct,0.0,0,logiqa,0.5
8,1.9375,0.14406365910145327,Qwen/Qwen2-1.5B-Instruct,0.0,0,logiqa,0.5
9,1.0390625,0.353786201098432,Qwen/Qwen2-1.5B-Instruct,1.0,0,logiqa,0.5
10,3.09375,0.045331641611676264,Qwen/Qwen2-1.5B-Instruct,0.0,0,logiqa,0.5
11,0.53515625,0.5855777864671197,Qwen/Qwen2-1.5B-Instruct,1.0,0,logiqa,0.5
12,3.421875,0.03265115658991408,Qwen/Qwen2-1.5B-Instruct,0.0,0,logiqa,0.5
13,1.3515625,0.25883551402927246,Qwen/Qwen2-1.5B-Instruct,0.0,0,logiqa,0.5
14,0.66015625,0.5167705827795767,Qwen/Qwen2-1.5B-Instruct,1.0,0,logiqa,0.5
15,3.21875,0.04000503331137926,Qwen/Qwen2-1.5B-Instruct,0.0,0,logiqa,0.5
16,2.25,0.10539922456186433,Qwen/Qwen2-1.5B-Instruct,0.0,0,logiqa,0.5
17,1.421875,0.2412612277378443,Qwen/Qwen2-1.5B-Instruct,0.0,0,logiqa,0.5
18,3.03125,0.04825528130927965,Qwen/Qwen2-1.5B-Instruct,0.0,0,logiqa,0.5
19,0.75390625,0.47052497007720323,Qwen/Qwen2-1.5B-Instruct,1.0,0,logiqa,0.5
20,0.15234375,0.8586930542645764,Qwen/Qwen2-1.5B-Instruct,1.0,0,logiqa,0.5
21,2.71875,0.06595714935553817,Qwen/Qwen2-1.5B-Instruct,0.0,0,logiqa,0.5
22,1.484375,0.22664394888734782,Qwen/Qwen2-1.5B-Instruct,0.0,0,logiqa,0.5
23,1.3515625,0.25883551402927246,Qwen/Qwen2-1.5B-Instruct,0.0,0,logiqa,0.5
24,2.5625,0.07711171996831671,Qwen/Qwen2-1.5B-Instruct,0.0,0,logiqa,0.5
25,3.0625,0.04677062238395898,Qwen/Qwen2-1.5B-Instruct,0.0,0,logiqa,0.5
26,2.46875,0.0846906561847805,Qwen/Qwen2-1.5B-Instruct,0.0,0,logiqa,0.5
27,0.5546875,0.5742516868118521,Qwen/Qwen2-1.5B-Instruct,1.0,0,logiqa,0.5
28,1.546875,0.21291228619240427,Qwen/Qwen2-1.5B-Instruct,0.0,0,logiqa,0.5
29,0.67578125,0.5087587974957017,Qwen/Qwen2-1.5B-Instruct,1.0,0,logiqa,0.5
30,0.1982421875,0.8201711938713908,Qwen/Qwen2-1.5B-Instruct,1.0,0,logiqa,0.5
31,0.470703125,0.6245629680224108,Qwen/Qwen2-1.5B-Instruct,1.0,0,logiqa,0.5
32,0.038330078125,0.9623952228475297,Qwen/Qwen2-1.5B-Instruct,1.0,0,logiqa,0.5
33,3.3125,0.036424997337364234,Qwen/Qwen2-1.5B-Instruct,0.0,0,logiqa,0.5
34,1.109375,0.3297649998062575,Qwen/Qwen2-1.5B-Instruct,1.0,0,logiqa,0.5
35,2.421875,0.08875504563653425,Qwen/Qwen2-1.5B-Instruct,0.0,0,logiqa,0.5
36,1.4453125,0.23567241741677974,Qwen/Qwen2-1.5B-Instruct,0.0,0,logiqa,0.5
37,0.0155029296875,0.9846166221284973,Qwen/Qwen2-1.5B-Instruct,1.0,0,logiqa,0.5
38,2.59375,0.0747392417609257,Qwen/Qwen2-1.5B-Instruct,0.0,0,logiqa,0.5
39,2.0,0.1353352832366127,Qwen/Qwen2-1.5B-Instruct,0.0,0,logiqa,0.5
40,3.375,0.03421811831166603,Qwen/Qwen2-1.5B-Instruct,0.0,0,logiqa,0.5
41,1.6328125,0.19537929639047613,Qwen/Qwen2-1.5B-Instruct,0.0,0,logiqa,0.5
42,1.5546875,0.21125538963610227,Qwen/Qwen2-1.5B-Instruct,0.0,0,logiqa,0.5
43,0.54296875,0.5810207839794026,Qwen/Qwen2-1.5B-Instruct,1.0,0,logiqa,0.5
44,0.64453125,0.5249085353233612,Qwen/Qwen2-1.5B-Instruct,1.0,0,logiqa,0.5
45,1.53125,0.2162651668298873,Qwen/Qwen2-1.5B-Instruct,0.0,0,logiqa,0.5
46,1.6875,0.18498139990730428,Qwen/Qwen2-1.5B-Instruct,0.0,0,logiqa,0.5
47,0.91015625,0.4024613345370006,Qwen/Qwen2-1.5B-Instruct,1.0,0,logiqa,0.5
48,1.7109375,0.18069631039374898,Qwen/Qwen2-1.5B-Instruct,0.0,0,logiqa,0.5
49,1.078125,0.34023286457404905,Qwen/Qwen2-1.5B-Instruct,0.0,0,logiqa,0.5
50,0.294921875,0.7445897562683694,Qwen/Qwen2-1.5B-Instruct,1.0,0,logiqa,0.5
51,1.5625,0.2096113871510978,Qwen/Qwen2-1.5B-Instruct,0.0,0,logiqa,0.5
52,1.9609375,0.14072642803276533,Qwen/Qwen2-1.5B-Instruct,0.0,0,logiqa,0.5
53,1.03125,0.356560980663947,Qwen/Qwen2-1.5B-Instruct,1.0,0,logiqa,0.5
54,0.48046875,0.6184934050621846,Qwen/Qwen2-1.5B-Instruct,1.0,0,logiqa,0.5
55,0.96484375,0.3810427330152126,Qwen/Qwen2-1.5B-Instruct,1.0,0,logiqa,0.5
56,1.5859375,0.20475574459755974,Qwen/Qwen2-1.5B-Instruct,0.0,0,logiqa,0.5
57,1.71875,0.17929012055011864,Qwen/Qwen2-1.5B-Instruct,0.0,0,logiqa,0.5
58,1.875,0.15335496684492847,Qwen/Qwen2-1.5B-Instruct,0.0,0,logiqa,0.5
59,3.75,0.023517745856009107,Qwen/Qwen2-1.5B-Instruct,0.0,0,logiqa,0.5
60,1.578125,0.20636166380601706,Qwen/Qwen2-1.5B-Instruct,0.0,0,logiqa,0.5
61,2.953125,0.05217639966630833,Qwen/Qwen2-1.5B-Instruct,0.0,0,logiqa,0.5
62,3.0,0.049787068367863944,Qwen/Qwen2-1.5B-Instruct,0.0,0,logiqa,0.5
63,1.5546875,0.21125538963610227,Qwen/Qwen2-1.5B-Instruct,0.0,0,logiqa,0.5
64,2.78125,0.061961007690531984,Qwen/Qwen2-1.5B-Instruct,0.0,0,logiqa,0.5
65,1.84375,0.15822297604949842,Qwen/Qwen2-1.5B-Instruct,0.0,0,logiqa,0.5
66,3.53125,0.029268307607136092,Qwen/Qwen2-1.5B-Instruct,0.0,0,logiqa,0.5
67,0.59375,0.5522524501630204,Qwen/Qwen2-1.5B-Instruct,1.0,0,logiqa,0.5
68,3.0,0.049787068367863944,Qwen/Qwen2-1.5B-Instruct,0.0,0,logiqa,0.5
69,0.0155029296875,0.9846166221284973,Qwen/Qwen2-1.5B-Instruct,1.0,0,logiqa,0.5
70,1.796875,0.1658162552121675,Qwen/Qwen2-1.5B-Instruct,0.0,0,logiqa,0.5
71,0.86328125,0.4217758572543825,Qwen/Qwen2-1.5B-Instruct,1.0,0,logiqa,0.5
72,0.171875,0.8420844271433824,Qwen/Qwen2-1.5B-Instruct,1.0,0,logiqa,0.5
73,3.546875,0.028814544556403775,Qwen/Qwen2-1.5B-Instruct,0.0,0,logiqa,0.5
74,1.8203125,0.1619751257973035,Qwen/Qwen2-1.5B-Instruct,0.0,0,logiqa,0.5
75,0.86328125,0.4217758572543825,Qwen/Qwen2-1.5B-Instruct,1.0,0,logiqa,0.5
76,1.734375,0.17651048487186194,Qwen/Qwen2-1.5B-Instruct,0.0,0,logiqa,0.5
77,5.875,0.0028087941945255128,Qwen/Qwen2-1.5B-Instruct,0.0,0,logiqa,0.5
78,1.78125,0.16842748127818424,Qwen/Qwen2-1.5B-Instruct,0.0,0,logiqa,0.5
79,3.328125,0.035860280096566576,Qwen/Qwen2-1.5B-Instruct,0.0,0,logiqa,0.5
80,3.0625,0.04677062238395898,Qwen/Qwen2-1.5B-Instruct,0.0,0,logiqa,0.5
1,2.828125,0.059123606568473756,Qwen/Qwen2-1.5B-Instruct,0.0,0,logiqa,0.5
2,1.6875,0.18498139990730428,Qwen/Qwen2-1.5B-Instruct,0.0,0,logiqa,0.5
3,0.609375,0.5436905695130004,Qwen/Qwen2-1.5B-Instruct,1.0,0,logiqa,0.5
4,3.453125,0.03164658611103602,Qwen/Qwen2-1.5B-Instruct,0.0,0,logiqa,0.5
5,0.08251953125,0.9207934534340386,Qwen/Qwen2-1.5B-Instruct,1.0,0,logiqa,0.5
6,0.88671875,0.41200543004441853,Qwen/Qwen2-1.5B-Instruct,0.0,0,logiqa,0.5
7,1.6015625,0.20158130101268698,Qwen/Qwen2-1.5B-Instruct,0.0,0,logiqa,0.5
8,0.435546875,0.64691079098504,Qwen/Qwen2-1.5B-Instruct,1.0,0,logiqa,0.5
9,0.306640625,0.7359150228524268,Qwen/Qwen2-1.5B-Instruct,1.0,0,logiqa,0.5
10,1.1328125,0.3221260018134028,Qwen/Qwen2-1.5B-Instruct,1.0,0,logiqa,0.5
11,1.375,0.25283959580474646,Qwen/Qwen2-1.5B-Instruct,0.0,0,logiqa,0.5
12,1.1015625,0.3323513787550223,Qwen/Qwen2-1.5B-Instruct,1.0,0,logiqa,0.5
13,1.671875,0.18789443308700168,Qwen/Qwen2-1.5B-Instruct,0.0,0,logiqa,0.5
14,1.8515625,0.1569916750812332,Qwen/Qwen2-1.5B-Instruct,0.0,0,logiqa,0.5
15,1.6015625,0.20158130101268698,Qwen/Qwen2-1.5B-Instruct,0.0,0,logiqa,0.5
16,1.515625,0.21967084765457534,Qwen/Qwen2-1.5B-Instruct,0.0,0,logiqa,0.5
17,0.27734375,0.7577939606593946,Qwen/Qwen2-1.5B-Instruct,1.0,0,logiqa,0.5
18,0.76171875,0.46686331570996537,Qwen/Qwen2-1.5B-Instruct,1.0,0,logiqa,0.5
19,2.34375,0.09596708604499847,Qwen/Qwen2-1.5B-Instruct,0.0,0,logiqa,0.5
20,4.875,0.007635094218859962,Qwen/Qwen2-1.5B-Instruct,0.0,0,logiqa,0.5
21,0.11083984375,0.8950820904412523,Qwen/Qwen2-1.5B-Instruct,1.0,0,logiqa,0.5
22,0.158203125,0.8536763613451477,Qwen/Qwen2-1.5B-Instruct,1.0,0,logiqa,0.5
23,2.953125,0.05217639966630833,Qwen/Qwen2-1.5B-Instruct,0.0,0,logiqa,0.5
24,2.5625,0.07711171996831671,Qwen/Qwen2-1.5B-Instruct,0.0,0,logiqa,0.5
25,1.921875,0.1463323316229146,Qwen/Qwen2-1.5B-Instruct,0.0,0,logiqa,0.5
26,1.328125,0.26497362135689667,Qwen/Qwen2-1.5B-Instruct,0.0,0,logiqa,0.5
27,1.609375,0.2000125828826258,Qwen/Qwen2-1.5B-Instruct,0.0,0,logiqa,0.5
28,0.81640625,0.44201730327044453,Qwen/Qwen2-1.5B-Instruct,1.0,0,logiqa,0.5
29,1.890625,0.1509774184559146,Qwen/Qwen2-1.5B-Instruct,0.0,0,logiqa,0.5
30,0.921875,0.39777251796661167,Qwen/Qwen2-1.5B-Instruct,1.0,0,logiqa,0.5
31,1.75,0.17377394345044514,Qwen/Qwen2-1.5B-Instruct,0.0,0,logiqa,0.5
32,1.28125,0.27768997095378994,Qwen/Qwen2-1.5B-Instruct,0.0,0,logiqa,0.5
33,2.84375,0.058206980009571974,Qwen/Qwen2-1.5B-Instruct,0.0,0,logiqa,0.5
34,1.3515625,0.25883551402927246,Qwen/Qwen2-1.5B-Instruct,0.0,0,logiqa,0.5
35,2.375,0.09301448921066349,Qwen/Qwen2-1.5B-Instruct,0.0,0,logiqa,0.5
36,2.953125,0.05217639966630833,Qwen/Qwen2-1.5B-Instruct,0.0,0,logiqa,0.5
37,0.74609375,0.4742153431555798,Qwen/Qwen2-1.5B-Instruct,1.0,0,logiqa,0.5
38,1.9609375,0.14072642803276533,Qwen/Qwen2-1.5B-Instruct,0.0,0,logiqa,0.5
39,3.5,0.0301973834223185,Qwen/Qwen2-1.5B-Instruct,0.0,0,logiqa,0.5
40,0.3125,0.7316156289466418,Qwen/Qwen2-1.5B-Instruct,1.0,0,logiqa,0.5
41,3.90625,0.02011579402674089,Qwen/Qwen2-1.5B-Instruct,0.0,0,logiqa,0.5
42,2.078125,0.1251646760876602,Qwen/Qwen2-1.5B-Instruct,0.0,0,logiqa,0.5
43,1.734375,0.17651048487186194,Qwen/Qwen2-1.5B-Instruct,0.0,0,logiqa,0.5
44,1.453125,0.23383840011408472,Qwen/Qwen2-1.5B-Instruct,0.0,0,logiqa,0.5
45,0.45703125,0.6331605534862997,Qwen/Qwen2-1.5B-Instruct,1.0,0,logiqa,0.5
46,1.796875,0.1658162552121675,Qwen/Qwen2-1.5B-Instruct,0.0,0,logiqa,0.5
47,0.357421875,0.6994773434756083,Qwen/Qwen2-1.5B-Instruct,1.0,0,logiqa,0.5
48,2.921875,0.053832656382752,Qwen/Qwen2-1.5B-Instruct,0.0,0,logiqa,0.5
49,1.4453125,0.23567241741677974,Qwen/Qwen2-1.5B-Instruct,0.0,0,logiqa,0.5
50,1.78125,0.16842748127818424,Qwen/Qwen2-1.5B-Instruct,0.0,0,logiqa,0.5
51,0.11767578125,0.8889842312518604,Qwen/Qwen2-1.5B-Instruct,1.0,0,logiqa,0.5
52,0.42578125,0.6532592269479727,Qwen/Qwen2-1.5B-Instruct,1.0,0,logiqa,0.5
53,4.65625,0.00950202828005989,Qwen/Qwen2-1.5B-Instruct,0.0,0,logiqa,0.5
54,0.06787109375,0.9343809133539388,Qwen/Qwen2-1.5B-Instruct,1.0,0,logiqa,0.5
55,1.15625,0.314663961018459,Qwen/Qwen2-1.5B-Instruct,1.0,0,logiqa,0.5
56,0.546875,0.5787555986124843,Qwen/Qwen2-1.5B-Instruct,1.0,0,logiqa,0.5
57,0.1318359375,0.8764847815685415,Qwen/Qwen2-1.5B-Instruct,1.0,0,logiqa,0.5
58,1.171875,0.30978554847668166,Qwen/Qwen2-1.5B-Instruct,1.0,0,logiqa,0.5
59,0.39453125,0.673995900791531,Qwen/Qwen2-1.5B-Instruct,1.0,0,logiqa,0.5
60,2.53125,0.07955950871822769,Qwen/Qwen2-1.5B-Instruct,0.0,0,logiqa,0.5
61,0.06787109375,0.9343809133539388,Qwen/Qwen2-1.5B-Instruct,1.0,0,logiqa,0.5
62,3.109375,0.04462883965030139,Qwen/Qwen2-1.5B-Instruct,0.0,0,logiqa,0.5
63,1.140625,0.31961919737930994,Qwen/Qwen2-1.5B-Instruct,0.0,0,logiqa,0.5
64,4.125,0.016163494588165874,Qwen/Qwen2-1.5B-Instruct,0.0,0,logiqa,0.5
65,0.70703125,0.49310593486505433,Qwen/Qwen2-1.5B-Instruct,1.0,0,logiqa,0.5
66,1.109375,0.3297649998062575,Qwen/Qwen2-1.5B-Instruct,1.0,0,logiqa,0.5
67,3.328125,0.035860280096566576,Qwen/Qwen2-1.5B-Instruct,0.0,0,logiqa,0.5
68,2.984375,0.050571100611906464,Qwen/Qwen2-1.5B-Instruct,0.0,0,logiqa,0.5
69,2.171875,0.1139637344565904,Qwen/Qwen2-1.5B-Instruct,0.0,0,logiqa,0.5
70,0.87109375,0.4184935714928901,Qwen/Qwen2-1.5B-Instruct,1.0,0,logiqa,0.5
71,2.328125,0.0974783477499485,Qwen/Qwen2-1.5B-Instruct,0.0,0,logiqa,0.5
72,2.03125,0.13117145431019428,Qwen/Qwen2-1.5B-Instruct,0.0,0,logiqa,0.5
73,1.125,0.32465246735834974,Qwen/Qwen2-1.5B-Instruct,1.0,0,logiqa,0.5
74,4.65625,0.00950202828005989,Qwen/Qwen2-1.5B-Instruct,0.0,0,logiqa,0.5
75,2.703125,0.06699582332279769,Qwen/Qwen2-1.5B-Instruct,0.0,0,logiqa,0.5
76,0.39453125,0.673995900791531,Qwen/Qwen2-1.5B-Instruct,1.0,0,logiqa,0.5
77,0.1982421875,0.8201711938713908,Qwen/Qwen2-1.5B-Instruct,1.0,0,logiqa,0.5
78,0.1787109375,0.8363476211932502,Qwen/Qwen2-1.5B-Instruct,1.0,0,logiqa,0.5
79,1.765625,0.17107982817134254,Qwen/Qwen2-1.5B-Instruct,0.0,0,logiqa,0.5
1,0.03076171875,0.9697066084520289,Qwen/Qwen2-1.5B-Instruct,1.0,0,logiqa,0.5
2,3.359375,0.034756975267222885,Qwen/Qwen2-1.5B-Instruct,0.0,0,logiqa,0.5
3,0.859375,0.4234266412852628,Qwen/Qwen2-1.5B-Instruct,0.0,0,logiqa,0.5
4,0.64453125,0.5249085353233612,Qwen/Qwen2-1.5B-Instruct,1.0,0,logiqa,0.5
5,0.69140625,0.5008712234296745,Qwen/Qwen2-1.5B-Instruct,1.0,0,logiqa,0.5
6,0.8046875,0.4472276633691456,Qwen/Qwen2-1.5B-Instruct,1.0,0,logiqa,0.5
7,1.5,0.22313016014842982,Qwen/Qwen2-1.5B-Instruct,0.0,0,logiqa,0.5
8,1.421875,0.2412612277378443,Qwen/Qwen2-1.5B-Instruct,0.0,0,logiqa,0.5
9,1.484375,0.22664394888734782,Qwen/Qwen2-1.5B-Instruct,0.0,0,logiqa,0.5
10,2.25,0.10539922456186433,Qwen/Qwen2-1.5B-Instruct,0.0,0,logiqa,0.5
11,0.2294921875,0.7949371790602927,Qwen/Qwen2-1.5B-Instruct,1.0,0,logiqa,0.5
12,4.28125,0.013825369568946493,Qwen/Qwen2-1.5B-Instruct,0.0,0,logiqa,0.5
13,1.484375,0.22664394888734782,Qwen/Qwen2-1.5B-Instruct,0.0,0,logiqa,0.5
14,0.578125,0.5609491608144708,Qwen/Qwen2-1.5B-Instruct,1.0,0,logiqa,0.5
15,1.15625,0.314663961018459,Qwen/Qwen2-1.5B-Instruct,1.0,0,logiqa,0.5
16,0.76953125,0.463230156563083,Qwen/Qwen2-1.5B-Instruct,1.0,0,logiqa,0.5
17,1.1875,0.3049827687110593,Qwen/Qwen2-1.5B-Instruct,0.0,0,logiqa,0.5
18,3.34375,0.03530431798508576,Qwen/Qwen2-1.5B-Instruct,0.0,0,logiqa,0.5
19,2.375,0.09301448921066349,Qwen/Qwen2-1.5B-Instruct,0.0,0,logiqa,0.5
20,3.5,0.0301973834223185,Qwen/Qwen2-1.5B-Instruct,0.0,0,logiqa,0.5
21,1.265625,0.28206295169381546,Qwen/Qwen2-1.5B-Instruct,0.0,0,logiqa,0.5
22,1.53125,0.2162651668298873,Qwen/Qwen2-1.5B-Instruct,0.0,0,logiqa,0.5
23,2.078125,0.1251646760876602,Qwen/Qwen2-1.5B-Instruct,0.0,0,logiqa,0.5
24,1.359375,0.25682124007865503,Qwen/Qwen2-1.5B-Instruct,0.0,0,logiqa,0.5
25,2.84375,0.058206980009571974,Qwen/Qwen2-1.5B-Instruct,0.0,0,logiqa,0.5
26,3.78125,0.022794180883612344,Qwen/Qwen2-1.5B-Instruct,0.0,0,logiqa,0.5
27,3.78125,0.022794180883612344,Qwen/Qwen2-1.5B-Instruct,0.0,0,logiqa,0.5
28,2.609375,0.07358051721811718,Qwen/Qwen2-1.5B-Instruct,0.0,0,logiqa,0.5
29,2.09375,0.12322417764723749,Qwen/Qwen2-1.5B-Instruct,0.0,0,logiqa,0.5
30,2.21875,0.10874495509722103,Qwen/Qwen2-1.5B-Instruct,0.0,0,logiqa,0.5
31,1.1328125,0.3221260018134028,Qwen/Qwen2-1.5B-Instruct,0.0,0,logiqa,0.5
32,1.546875,0.21291228619240427,Qwen/Qwen2-1.5B-Instruct,0.0,0,logiqa,0.5
33,0.05322265625,0.9481688732517508,Qwen/Qwen2-1.5B-Instruct,1.0,0,logiqa,0.5
34,2.125,0.11943296826671962,Qwen/Qwen2-1.5B-Instruct,0.0,0,logiqa,0.5
35,3.84375,0.021413151278198653,Qwen/Qwen2-1.5B-Instruct,0.0,0,logiqa,0.5
36,3.4375,0.03214494732687607,Qwen/Qwen2-1.5B-Instruct,0.0,0,logiqa,0.5
37,4.59375,0.010114856452604551,Qwen/Qwen2-1.5B-Instruct,0.0,0,logiqa,0.5
38,2.109375,0.1213137638466268,Qwen/Qwen2-1.5B-Instruct,0.0,0,logiqa,0.5
39,1.671875,0.18789443308700168,Qwen/Qwen2-1.5B-Instruct,0.0,0,logiqa,0.5
40,2.90625,0.05468039736791477,Qwen/Qwen2-1.5B-Instruct,0.0,0,logiqa,0.5
41,1.296875,0.27338478699614155,Qwen/Qwen2-1.5B-Instruct,0.0,0,logiqa,0.5
42,2.609375,0.07358051721811718,Qwen/Qwen2-1.5B-Instruct,0.0,0,logiqa,0.5
43,1.453125,0.23383840011408472,Qwen/Qwen2-1.5B-Instruct,0.0,0,logiqa,0.5
44,0.2353515625,0.7902929634144612,Qwen/Qwen2-1.5B-Instruct,1.0,0,logiqa,0.5
45,2.96875,0.05136747956725073,Qwen/Qwen2-1.5B-Instruct,0.0,0,logiqa,0.5
46,2.578125,0.0759162135601666,Qwen/Qwen2-1.5B-Instruct,0.0,0,logiqa,0.5
47,2.6875,0.0680508540250102,Qwen/Qwen2-1.5B-Instruct,0.0,0,logiqa,0.5
48,2.5,0.0820849986238988,Qwen/Qwen2-1.5B-Instruct,0.0,0,logiqa,0.5
49,1.3046875,0.27125728970502744,Qwen/Qwen2-1.5B-Instruct,0.0,0,logiqa,0.5
50,1.609375,0.2000125828826258,Qwen/Qwen2-1.5B-Instruct,0.0,0,logiqa,0.5
51,1.328125,0.26497362135689667,Qwen/Qwen2-1.5B-Instruct,0.0,0,logiqa,0.5
52,0.99609375,0.3693192805940405,Qwen/Qwen2-1.5B-Instruct,0.0,0,logiqa,0.5
53,2.8125,0.060054667895307945,Qwen/Qwen2-1.5B-Instruct,0.0,0,logiqa,0.5
54,0.023193359375,0.9770735391778969,Qwen/Qwen2-1.5B-Instruct,1.0,0,logiqa,0.5
55,0.7890625,0.4542704742837873,Qwen/Qwen2-1.5B-Instruct,1.0,0,logiqa,0.5
56,0.22265625,0.8003899360518268,Qwen/Qwen2-1.5B-Instruct,1.0,0,logiqa,0.5
57,2.1875,0.11219689052034373,Qwen/Qwen2-1.5B-Instruct,0.0,0,logiqa,0.5
58,2.203125,0.1104574389603643,Qwen/Qwen2-1.5B-Instruct,0.0,0,logiqa,0.5
59,2.21875,0.10874495509722103,Qwen/Qwen2-1.5B-Instruct,0.0,0,logiqa,0.5
60,1.25,0.2865047968601901,Qwen/Qwen2-1.5B-Instruct,0.0,0,logiqa,0.5
61,1.65625,0.19085333986431632,Qwen/Qwen2-1.5B-Instruct,0.0,0,logiqa,0.5
62,1.40625,0.2450605392455259,Qwen/Qwen2-1.5B-Instruct,0.0,0,logiqa,0.5
63,0.6640625,0.514755885208607,Qwen/Qwen2-1.5B-Instruct,1.0,0,logiqa,0.5
64,0.12451171875,0.8829279144942641,Qwen/Qwen2-1.5B-Instruct,1.0,0,logiqa,0.5
65,2.5625,0.07711171996831671,Qwen/Qwen2-1.5B-Instruct,0.0,0,logiqa,0.5
66,0.1455078125,0.8645831354918224,Qwen/Qwen2-1.5B-Instruct,1.0,0,logiqa,0.5
67,0.81640625,0.44201730327044453,Qwen/Qwen2-1.5B-Instruct,1.0,0,logiqa,0.5
68,4.84375,0.007877458125943277,Qwen/Qwen2-1.5B-Instruct,0.0,0,logiqa,0.5
69,0.0155029296875,0.9846166221284973,Qwen/Qwen2-1.5B-Instruct,1.0,0,logiqa,0.5
70,0.984375,0.373672699406043,Qwen/Qwen2-1.5B-Instruct,1.0,0,logiqa,0.5
71,4.625,0.009803655035821828,Qwen/Qwen2-1.5B-Instruct,0.0,0,logiqa,0.5
72,1.3984375,0.24698257287629313,Qwen/Qwen2-1.5B-Instruct,0.0,0,logiqa,0.5
73,1.46875,0.23021307174736147,Qwen/Qwen2-1.5B-Instruct,0.0,0,logiqa,0.5
74,0.9453125,0.3885581275123641,Qwen/Qwen2-1.5B-Instruct,1.0,0,logiqa,0.5
75,1.8515625,0.1569916750812332,Qwen/Qwen2-1.5B-Instruct,0.0,0,logiqa,0.5
1,0.11767578125,0.8889842312518604,Qwen/Qwen2-1.5B-Instruct,1.0,0,logiqa,0.5
2,1.4375,0.23752081909545814,Qwen/Qwen2-1.5B-Instruct,0.0,0,logiqa,0.5
3,0.05322265625,0.9481688732517508,Qwen/Qwen2-1.5B-Instruct,1.0,0,logiqa,0.5
4,1.359375,0.25682124007865503,Qwen/Qwen2-1.5B-Instruct,0.0,0,logiqa,0.5
5,1.8359375,0.15946393423094812,Qwen/Qwen2-1.5B-Instruct,0.0,0,logiqa,0.5
6,0.2421875,0.7849089933174918,Qwen/Qwen2-1.5B-Instruct,1.0,0,logiqa,0.5
7,1.6328125,0.19537929639047613,Qwen/Qwen2-1.5B-Instruct,0.0,0,logiqa,0.5
8,1.6015625,0.20158130101268698,Qwen/Qwen2-1.5B-Instruct,0.0,0,logiqa,0.5
9,1.9375,0.14406365910145327,Qwen/Qwen2-1.5B-Instruct,0.0,0,logiqa,0.5
10,2.203125,0.1104574389603643,Qwen/Qwen2-1.5B-Instruct,0.0,0,logiqa,0.5
11,0.97265625,0.3780774349414026,Qwen/Qwen2-1.5B-Instruct,1.0,0,logiqa,0.5
12,2.125,0.11943296826671962,Qwen/Qwen2-1.5B-Instruct,0.0,0,logiqa,0.5
13,1.3359375,0.26291158027609046,Qwen/Qwen2-1.5B-Instruct,0.0,0,logiqa,0.5
14,1.9296875,0.14519356438370257,Qwen/Qwen2-1.5B-Instruct,0.0,0,logiqa,0.5
15,0.87890625,0.4152368286818413,Qwen/Qwen2-1.5B-Instruct,0.0,0,logiqa,0.5
16,2.921875,0.053832656382752,Qwen/Qwen2-1.5B-Instruct,0.0,0,logiqa,0.5
17,0.6171875,0.5394595359337269,Qwen/Qwen2-1.5B-Instruct,1.0,0,logiqa,0.5
18,3.140625,0.043255754605187734,Qwen/Qwen2-1.5B-Instruct,0.0,0,logiqa,0.5
19,0.007781982421875,0.9922482188107336,Qwen/Qwen2-1.5B-Instruct,1.0,0,logiqa,0.5
20,1.5078125,0.221393747466153,Qwen/Qwen2-1.5B-Instruct,0.0,0,logiqa,0.5
21,1.265625,0.28206295169381546,Qwen/Qwen2-1.5B-Instruct,0.0,0,logiqa,0.5
22,0.77734375,0.459625270884992,Qwen/Qwen2-1.5B-Instruct,1.0,0,logiqa,0.5
23,2.375,0.09301448921066349,Qwen/Qwen2-1.5B-Instruct,0.0,0,logiqa,0.5
24,1.59375,0.20316232275153173,Qwen/Qwen2-1.5B-Instruct,0.0,0,logiqa,0.5
25,2.0625,0.1271357329320356,Qwen/Qwen2-1.5B-Instruct,0.0,0,logiqa,0.5
26,1.8828125,0.1521615490248429,Qwen/Qwen2-1.5B-Instruct,0.0,0,logiqa,0.5
27,1.25,0.2865047968601901,Qwen/Qwen2-1.5B-Instruct,0.0,0,logiqa,0.5
28,0.57421875,0.5631446537543375,Qwen/Qwen2-1.5B-Instruct,1.0,0,logiqa,0.5
29,0.283203125,0.7533667446967807,Qwen/Qwen2-1.5B-Instruct,1.0,0,logiqa,0.5
30,2.96875,0.05136747956725073,Qwen/Qwen2-1.5B-Instruct,0.0,0,logiqa,0.5
31,0.06787109375,0.9343809133539388,Qwen/Qwen2-1.5B-Instruct,1.0,0,logiqa,0.5
32,2.0,0.1353352832366127,Qwen/Qwen2-1.5B-Instruct,0.0,0,logiqa,0.5
33,1.71875,0.17929012055011864,Qwen/Qwen2-1.5B-Instruct,0.0,0,logiqa,0.5
34,0.953125,0.3855343441745787,Qwen/Qwen2-1.5B-Instruct,1.0,0,logiqa,0.5
35,1.6796875,0.18643222700816212,Qwen/Qwen2-1.5B-Instruct,0.0,0,logiqa,0.5
36,3.96875,0.018897039677585683,Qwen/Qwen2-1.5B-Instruct,0.0,0,logiqa,0.5
37,2.09375,0.12322417764723749,Qwen/Qwen2-1.5B-Instruct,0.0,0,logiqa,0.5
38,3.015625,0.049015191417106724,Qwen/Qwen2-1.5B-Instruct,0.0,0,logiqa,0.5
39,0.69921875,0.49697341264527733,Qwen/Qwen2-1.5B-Instruct,1.0,0,logiqa,0.5
40,0.10400390625,0.9012217770167625,Qwen/Qwen2-1.5B-Instruct,1.0,0,logiqa,0.5
41,1.4296875,0.23938371796817895,Qwen/Qwen2-1.5B-Instruct,0.0,0,logiqa,0.5
42,0.51953125,0.5947992948032403,Qwen/Qwen2-1.5B-Instruct,1.0,0,logiqa,0.5
43,4.28125,0.013825369568946493,Qwen/Qwen2-1.5B-Instruct,0.0,0,logiqa,0.5
44,1.921875,0.1463323316229146,Qwen/Qwen2-1.5B-Instruct,0.0,0,logiqa,0.5
45,1.71875,0.17929012055011864,Qwen/Qwen2-1.5B-Instruct,0.0,0,logiqa,0.5
46,5.125,0.005946217356472094,Qwen/Qwen2-1.5B-Instruct,0.0,0,logiqa,0.5
47,4.0625,0.017205950425851383,Qwen/Qwen2-1.5B-Instruct,0.0,0,logiqa,0.5
48,1.9375,0.14406365910145327,Qwen/Qwen2-1.5B-Instruct,0.0,0,logiqa,0.5
49,5.125,0.005946217356472094,Qwen/Qwen2-1.5B-Instruct,0.0,0,logiqa,0.5
50,1.9765625,0.13854466699075552,Qwen/Qwen2-1.5B-Instruct,0.0,0,logiqa,0.5
51,1.375,0.25283959580474646,Qwen/Qwen2-1.5B-Instruct,0.0,0,logiqa,0.5
52,0.05322265625,0.9481688732517508,Qwen/Qwen2-1.5B-Instruct,1.0,0,logiqa,0.5
53,1.8125,0.1632455124539584,Qwen/Qwen2-1.5B-Instruct,0.0,0,logiqa,0.5
54,2.921875,0.053832656382752,Qwen/Qwen2-1.5B-Instruct,0.0,0,logiqa,0.5
55,1.5625,0.2096113871510978,Qwen/Qwen2-1.5B-Instruct,0.0,0,logiqa,0.5
56,3.09375,0.045331641611676264,Qwen/Qwen2-1.5B-Instruct,0.0,0,logiqa,0.5
57,1.7265625,0.17789487376266921,Qwen/Qwen2-1.5B-Instruct,0.0,0,logiqa,0.5
58,1.2265625,0.29329906232102687,Qwen/Qwen2-1.5B-Instruct,0.0,0,logiqa,0.5
59,0.9609375,0.3825340921054156,Qwen/Qwen2-1.5B-Instruct,1.0,0,logiqa,0.5
60,1.671875,0.18789443308700168,Qwen/Qwen2-1.5B-Instruct,0.0,0,logiqa,0.5
61,4.375,0.012588142242433998,Qwen/Qwen2-1.5B-Instruct,0.0,0,logiqa,0.5
62,0.11767578125,0.8889842312518604,Qwen/Qwen2-1.5B-Instruct,1.0,0,logiqa,0.5
63,1.71875,0.17929012055011864,Qwen/Qwen2-1.5B-Instruct,0.0,0,logiqa,0.5
64,2.375,0.09301448921066349,Qwen/Qwen2-1.5B-Instruct,0.0,0,logiqa,0.5
65,0.4609375,0.6306920944221607,Qwen/Qwen2-1.5B-Instruct,1.0,0,logiqa,0.5
66,2.40625,0.09015273423081638,Qwen/Qwen2-1.5B-Instruct,0.0,0,logiqa,0.5
67,0.37890625,0.6846097918258168,Qwen/Qwen2-1.5B-Instruct,1.0,0,logiqa,0.5
68,2.5,0.0820849986238988,Qwen/Qwen2-1.5B-Instruct,0.0,0,logiqa,0.5
69,0.435546875,0.64691079098504,Qwen/Qwen2-1.5B-Instruct,1.0,0,logiqa,0.5
70,4.53125,0.010767208646547101,Qwen/Qwen2-1.5B-Instruct,0.0,0,logiqa,0.5
71,0.03076171875,0.9697066084520289,Qwen/Qwen2-1.5B-Instruct,1.0,0,logiqa,0.5
72,3.34375,0.03530431798508576,Qwen/Qwen2-1.5B-Instruct,0.0,0,logiqa,0.5
73,2.796875,0.06100039130459344,Qwen/Qwen2-1.5B-Instruct,0.0,0,logiqa,0.5
74,1.4453125,0.23567241741677974,Qwen/Qwen2-1.5B-Instruct,0.0,0,logiqa,0.5
75,1.171875,0.30978554847668166,Qwen/Qwen2-1.5B-Instruct,0.0,0,logiqa,0.5
76,0.32421875,0.7230920486923872,Qwen/Qwen2-1.5B-Instruct,1.0,0,logiqa,0.5
77,1.0703125,0.34290134400373157,Qwen/Qwen2-1.5B-Instruct,0.0,0,logiqa,0.5
78,1.046875,0.3510330150388101,Qwen/Qwen2-1.5B-Instruct,1.0,0,logiqa,0.5
79,2.984375,0.050571100611906464,Qwen/Qwen2-1.5B-Instruct,0.0,0,logiqa,0.5
80,1.2265625,0.29329906232102687,Qwen/Qwen2-1.5B-Instruct,0.0,0,logiqa,0.5
81,0.84375,0.43009464064006225,Qwen/Qwen2-1.5B-Instruct,1.0,0,logiqa,0.5
82,1.7265625,0.17789487376266921,Qwen/Qwen2-1.5B-Instruct,0.0,0,logiqa,0.5
1,1.578125,0.20636166380601706,Qwen/Qwen2-1.5B-Instruct,0.0,0,logiqa,0.5
2,2.453125,0.08602433995839362,Qwen/Qwen2-1.5B-Instruct,0.0,0,logiqa,0.5
3,2.9375,0.0529980584033558,Qwen/Qwen2-1.5B-Instruct,0.0,0,logiqa,0.5
4,1.9375,0.14406365910145327,Qwen/Qwen2-1.5B-Instruct,0.0,0,logiqa,0.5
5,1.890625,0.1509774184559146,Qwen/Qwen2-1.5B-Instruct,0.0,0,logiqa,0.5
6,1.375,0.25283959580474646,Qwen/Qwen2-1.5B-Instruct,0.0,0,logiqa,0.5
7,0.038330078125,0.9623952228475297,Qwen/Qwen2-1.5B-Instruct,1.0,0,logiqa,0.5
8,0.12451171875,0.8829279144942641,Qwen/Qwen2-1.5B-Instruct,1.0,0,logiqa,0.5
9,1.4921875,0.22488019168416426,Qwen/Qwen2-1.5B-Instruct,0.0,0,logiqa,0.5
10,2.640625,0.07131668269775804,Qwen/Qwen2-1.5B-Instruct,0.0,0,logiqa,0.5
11,3.109375,0.04462883965030139,Qwen/Qwen2-1.5B-Instruct,0.0,0,logiqa,0.5
12,1.671875,0.18789443308700168,Qwen/Qwen2-1.5B-Instruct,0.0,0,logiqa,0.5
13,2.375,0.09301448921066349,Qwen/Qwen2-1.5B-Instruct,0.0,0,logiqa,0.5
14,0.40625,0.6661436107034878,Qwen/Qwen2-1.5B-Instruct,1.0,0,logiqa,0.5
15,1.625,0.19691167520419406,Qwen/Qwen2-1.5B-Instruct,0.0,0,logiqa,0.5
16,1.484375,0.22664394888734782,Qwen/Qwen2-1.5B-Instruct,0.0,0,logiqa,0.5
17,0.71484375,0.48926855403569414,Qwen/Qwen2-1.5B-Instruct,1.0,0,logiqa,0.5
18,1.6875,0.18498139990730428,Qwen/Qwen2-1.5B-Instruct,0.0,0,logiqa,0.5
19,0.486328125,0.6148800167035864,Qwen/Qwen2-1.5B-Instruct,1.0,0,logiqa,0.5
20,1.5625,0.2096113871510978,Qwen/Qwen2-1.5B-Instruct,0.0,0,logiqa,0.5
21,4.75,0.008651695203120634,Qwen/Qwen2-1.5B-Instruct,0.0,0,logiqa,0.5
22,2.484375,0.08337764926156645,Qwen/Qwen2-1.5B-Instruct,0.0,0,logiqa,0.5
23,0.2421875,0.7849089933174918,Qwen/Qwen2-1.5B-Instruct,1.0,0,logiqa,0.5
24,1.265625,0.28206295169381546,Qwen/Qwen2-1.5B-Instruct,0.0,0,logiqa,0.5
25,1.484375,0.22664394888734782,Qwen/Qwen2-1.5B-Instruct,0.0,0,logiqa,0.5
26,1.015625,0.3621759990808257,Qwen/Qwen2-1.5B-Instruct,0.0,0,logiqa,0.5
27,1.3203125,0.26705183522634335,Qwen/Qwen2-1.5B-Instruct,0.0,0,logiqa,0.5
28,0.73046875,0.48168314818692903,Qwen/Qwen2-1.5B-Instruct,1.0,0,logiqa,0.5
29,5.28125,0.005086069231012701,Qwen/Qwen2-1.5B-Instruct,0.0,0,logiqa,0.5
30,1.796875,0.1658162552121675,Qwen/Qwen2-1.5B-Instruct,0.0,0,logiqa,0.5
31,1.8125,0.1632455124539584,Qwen/Qwen2-1.5B-Instruct,0.0,0,logiqa,0.5
32,0.66015625,0.5167705827795767,Qwen/Qwen2-1.5B-Instruct,1.0,0,logiqa,0.5
33,3.4375,0.03214494732687607,Qwen/Qwen2-1.5B-Instruct,0.0,0,logiqa,0.5
34,0.69921875,0.49697341264527733,Qwen/Qwen2-1.5B-Instruct,1.0,0,logiqa,0.5
35,1.40625,0.2450605392455259,Qwen/Qwen2-1.5B-Instruct,0.0,0,logiqa,0.5
36,1.453125,0.23383840011408472,Qwen/Qwen2-1.5B-Instruct,0.0,0,logiqa,0.5
37,1.65625,0.19085333986431632,Qwen/Qwen2-1.5B-Instruct,0.0,0,logiqa,0.5
38,2.96875,0.05136747956725073,Qwen/Qwen2-1.5B-Instruct,0.0,0,logiqa,0.5
39,0.3359375,0.7146677711559482,Qwen/Qwen2-1.5B-Instruct,1.0,0,logiqa,0.5
40,1.46875,0.23021307174736147,Qwen/Qwen2-1.5B-Instruct,0.0,0,logiqa,0.5
41,1.375,0.25283959580474646,Qwen/Qwen2-1.5B-Instruct,0.0,0,logiqa,0.5
42,0.2421875,0.7849089933174918,Qwen/Qwen2-1.5B-Instruct,1.0,0,logiqa,0.5
43,0.6484375,0.5228621108821537,Qwen/Qwen2-1.5B-Instruct,1.0,0,logiqa,0.5
44,0.306640625,0.7359150228524268,Qwen/Qwen2-1.5B-Instruct,1.0,0,logiqa,0.5
45,0.2353515625,0.7902929634144612,Qwen/Qwen2-1.5B-Instruct,1.0,0,logiqa,0.5
46,2.625,0.07243975703425146,Qwen/Qwen2-1.5B-Instruct,0.0,0,logiqa,0.5
47,1.859375,0.15576995617312325,Qwen/Qwen2-1.5B-Instruct,0.0,0,logiqa,0.5
48,0.67578125,0.5087587974957017,Qwen/Qwen2-1.5B-Instruct,1.0,0,logiqa,0.5
49,2.5,0.0820849986238988,Qwen/Qwen2-1.5B-Instruct,0.0,0,logiqa,0.5
50,2.5,0.0820849986238988,Qwen/Qwen2-1.5B-Instruct,0.0,0,logiqa,0.5
51,2.125,0.11943296826671962,Qwen/Qwen2-1.5B-Instruct,0.0,0,logiqa,0.5
52,0.08984375,0.9140739981758944,Qwen/Qwen2-1.5B-Instruct,1.0,0,logiqa,0.5
53,1.71875,0.17929012055011864,Qwen/Qwen2-1.5B-Instruct,0.0,0,logiqa,0.5
54,1.484375,0.22664394888734782,Qwen/Qwen2-1.5B-Instruct,0.0,0,logiqa,0.5
55,1.4296875,0.23938371796817895,Qwen/Qwen2-1.5B-Instruct,0.0,0,logiqa,0.5
56,2.5,0.0820849986238988,Qwen/Qwen2-1.5B-Instruct,0.0,0,logiqa,0.5
57,0.2294921875,0.7949371790602927,Qwen/Qwen2-1.5B-Instruct,1.0,0,logiqa,0.5
58,2.0,0.1353352832366127,Qwen/Qwen2-1.5B-Instruct,0.0,0,logiqa,0.5
59,3.984375,0.018604068232532935,Qwen/Qwen2-1.5B-Instruct,0.0,0,logiqa,0.5
60,2.15625,0.11575840213626322,Qwen/Qwen2-1.5B-Instruct,0.0,0,logiqa,0.5
61,1.609375,0.2000125828826258,Qwen/Qwen2-1.5B-Instruct,0.0,0,logiqa,0.5
62,0.6484375,0.5228621108821537,Qwen/Qwen2-1.5B-Instruct,1.0,0,logiqa,0.5
63,1.5546875,0.21125538963610227,Qwen/Qwen2-1.5B-Instruct,0.0,0,logiqa,0.5
64,2.0625,0.1271357329320356,Qwen/Qwen2-1.5B-Instruct,0.0,0,logiqa,0.5
65,1.40625,0.2450605392455259,Qwen/Qwen2-1.5B-Instruct,0.0,0,logiqa,0.5
66,0.1787109375,0.8363476211932502,Qwen/Qwen2-1.5B-Instruct,1.0,0,logiqa,0.5
67,0.5078125,0.6018106006716945,Qwen/Qwen2-1.5B-Instruct,1.0,0,logiqa,0.5
68,1.484375,0.22664394888734782,Qwen/Qwen2-1.5B-Instruct,0.0,0,logiqa,0.5
69,1.453125,0.23383840011408472,Qwen/Qwen2-1.5B-Instruct,0.0,0,logiqa,0.5
70,1.75,0.17377394345044514,Qwen/Qwen2-1.5B-Instruct,0.0,0,logiqa,0.5
71,0.74609375,0.4742153431555798,Qwen/Qwen2-1.5B-Instruct,1.0,0,logiqa,0.5
72,0.640625,0.5269629692433709,Qwen/Qwen2-1.5B-Instruct,1.0,0,logiqa,0.5
73,1.25,0.2865047968601901,Qwen/Qwen2-1.5B-Instruct,0.0,0,logiqa,0.5
74,0.83984375,0.43177798346854385,Qwen/Qwen2-1.5B-Instruct,1.0,0,logiqa,0.5
75,2.03125,0.13117145431019428,Qwen/Qwen2-1.5B-Instruct,0.0,0,logiqa,0.5
76,2.9375,0.0529980584033558,Qwen/Qwen2-1.5B-Instruct,0.0,0,logiqa,0.5
77,0.08984375,0.9140739981758944,Qwen/Qwen2-1.5B-Instruct,1.0,0,logiqa,0.5
78,0.11083984375,0.8950820904412523,Qwen/Qwen2-1.5B-Instruct,1.0,0,logiqa,0.5
79,0.640625,0.5269629692433709,Qwen/Qwen2-1.5B-Instruct,1.0,0,logiqa,0.5
80,1.375,0.25283959580474646,Qwen/Qwen2-1.5B-Instruct,0.0,0,logiqa,0.5
81,0.03076171875,0.9697066084520289,Qwen/Qwen2-1.5B-Instruct,1.0,0,logiqa,0.5
1,2.25,0.10539922456186433,Qwen/Qwen2-1.5B-Instruct,0.0,0,logiqa,0.5
2,0.03076171875,0.9697066084520289,Qwen/Qwen2-1.5B-Instruct,1.0,0,logiqa,0.5
3,2.890625,0.05554148833106887,Qwen/Qwen2-1.5B-Instruct,0.0,0,logiqa,0.5
4,1.859375,0.15576995617312325,Qwen/Qwen2-1.5B-Instruct,0.0,0,logiqa,0.5
5,5.375,0.004630918733533246,Qwen/Qwen2-1.5B-Instruct,0.0,0,logiqa,0.5
6,2.09375,0.12322417764723749,Qwen/Qwen2-1.5B-Instruct,0.0,0,logiqa,0.5
7,0.78125,0.45783336177161427,Qwen/Qwen2-1.5B-Instruct,1.0,0,logiqa,0.5
8,2.375,0.09301448921066349,Qwen/Qwen2-1.5B-Instruct,0.0,0,logiqa,0.5
9,0.9453125,0.3885581275123641,Qwen/Qwen2-1.5B-Instruct,1.0,0,logiqa,0.5
10,1.796875,0.1658162552121675,Qwen/Qwen2-1.5B-Instruct,0.0,0,logiqa,0.5
11,2.171875,0.1139637344565904,Qwen/Qwen2-1.5B-Instruct,0.0,0,logiqa,0.5
12,0.921875,0.39777251796661167,Qwen/Qwen2-1.5B-Instruct,1.0,0,logiqa,0.5
13,4.625,0.009803655035821828,Qwen/Qwen2-1.5B-Instruct,0.0,0,logiqa,0.5
14,1.078125,0.34023286457404905,Qwen/Qwen2-1.5B-Instruct,1.0,0,logiqa,0.5
15,1.71875,0.17929012055011864,Qwen/Qwen2-1.5B-Instruct,0.0,0,logiqa,0.5
16,5.5,0.004086771438464067,Qwen/Qwen2-1.5B-Instruct,0.0,0,logiqa,0.5
17,4.625,0.009803655035821828,Qwen/Qwen2-1.5B-Instruct,0.0,0,logiqa,0.5
18,0.0751953125,0.9275623041230301,Qwen/Qwen2-1.5B-Instruct,1.0,0,logiqa,0.5
19,1.71875,0.17929012055011864,Qwen/Qwen2-1.5B-Instruct,0.0,0,logiqa,0.5
20,1.6875,0.18498139990730428,Qwen/Qwen2-1.5B-Instruct,0.0,0,logiqa,0.5
21,2.3125,0.0990134083638263,Qwen/Qwen2-1.5B-Instruct,0.0,0,logiqa,0.5
22,3.828125,0.021750359344450344,Qwen/Qwen2-1.5B-Instruct,0.0,0,logiqa,0.5
23,1.46875,0.23021307174736147,Qwen/Qwen2-1.5B-Instruct,0.0,0,logiqa,0.5
24,2.0625,0.1271357329320356,Qwen/Qwen2-1.5B-Instruct,0.0,0,logiqa,0.5
25,0.55078125,0.5764992443663932,Qwen/Qwen2-1.5B-Instruct,1.0,0,logiqa,0.5
26,1.796875,0.1658162552121675,Qwen/Qwen2-1.5B-Instruct,0.0,0,logiqa,0.5
27,0.1455078125,0.8645831354918224,Qwen/Qwen2-1.5B-Instruct,1.0,0,logiqa,0.5
28,1.59375,0.20316232275153173,Qwen/Qwen2-1.5B-Instruct,0.0,0,logiqa,0.5
29,2.671875,0.06912249904327114,Qwen/Qwen2-1.5B-Instruct,0.0,0,logiqa,0.5
30,2.96875,0.05136747956725073,Qwen/Qwen2-1.5B-Instruct,0.0,0,logiqa,0.5
31,1.484375,0.22664394888734782,Qwen/Qwen2-1.5B-Instruct,0.0,0,logiqa,0.5
32,0.32421875,0.7230920486923872,Qwen/Qwen2-1.5B-Instruct,1.0,0,logiqa,0.5
33,1.1875,0.3049827687110593,Qwen/Qwen2-1.5B-Instruct,0.0,0,logiqa,0.5
34,1.671875,0.18789443308700168,Qwen/Qwen2-1.5B-Instruct,0.0,0,logiqa,0.5
35,0.55859375,0.572012891653811,Qwen/Qwen2-1.5B-Instruct,1.0,0,logiqa,0.5
36,3.421875,0.03265115658991408,Qwen/Qwen2-1.5B-Instruct,0.0,0,logiqa,0.5
37,2.53125,0.07955950871822769,Qwen/Qwen2-1.5B-Instruct,0.0,0,logiqa,0.5
38,0.8828125,0.41361797370441067,Qwen/Qwen2-1.5B-Instruct,1.0,0,logiqa,0.5
39,0.341796875,0.7104925088436513,Qwen/Qwen2-1.5B-Instruct,1.0,0,logiqa,0.5
40,0.06787109375,0.9343809133539388,Qwen/Qwen2-1.5B-Instruct,1.0,0,logiqa,0.5
41,1.25,0.2865047968601901,Qwen/Qwen2-1.5B-Instruct,0.0,0,logiqa,0.5
42,0.306640625,0.7359150228524268,Qwen/Qwen2-1.5B-Instruct,1.0,0,logiqa,0.5
43,1.1328125,0.3221260018134028,Qwen/Qwen2-1.5B-Instruct,0.0,0,logiqa,0.5
44,1.1484375,0.31713190105209277,Qwen/Qwen2-1.5B-Instruct,0.0,0,logiqa,0.5
45,0.7890625,0.4542704742837873,Qwen/Qwen2-1.5B-Instruct,1.0,0,logiqa,0.5
46,1.6015625,0.20158130101268698,Qwen/Qwen2-1.5B-Instruct,0.0,0,logiqa,0.5
47,1.6953125,0.18354186323251906,Qwen/Qwen2-1.5B-Instruct,0.0,0,logiqa,0.5
48,2.625,0.07243975703425146,Qwen/Qwen2-1.5B-Instruct,0.0,0,logiqa,0.5
49,0.76171875,0.46686331570996537,Qwen/Qwen2-1.5B-Instruct,1.0,0,logiqa,0.5
50,1.3125,0.26914634872918386,Qwen/Qwen2-1.5B-Instruct,0.0,0,logiqa,0.5
51,3.796875,0.022440789864373145,Qwen/Qwen2-1.5B-Instruct,0.0,0,logiqa,0.5
52,1.640625,0.19385884264329528,Qwen/Qwen2-1.5B-Instruct,0.0,0,logiqa,0.5
53,2.890625,0.05554148833106887,Qwen/Qwen2-1.5B-Instruct,0.0,0,logiqa,0.5
54,1.75,0.17377394345044514,Qwen/Qwen2-1.5B-Instruct,0.0,0,logiqa,0.5
55,1.703125,0.18211352912101367,Qwen/Qwen2-1.5B-Instruct,0.0,0,logiqa,0.5
56,1.375,0.25283959580474646,Qwen/Qwen2-1.5B-Instruct,0.0,0,logiqa,0.5
57,2.9375,0.0529980584033558,Qwen/Qwen2-1.5B-Instruct,0.0,0,logiqa,0.5
58,2.53125,0.07955950871822769,Qwen/Qwen2-1.5B-Instruct,0.0,0,logiqa,0.5
59,1.9375,0.14406365910145327,Qwen/Qwen2-1.5B-Instruct,0.0,0,logiqa,0.5
60,3.40625,0.03316533748891029,Qwen/Qwen2-1.5B-Instruct,0.0,0,logiqa,0.5
61,0.1845703125,0.8314614757090356,Qwen/Qwen2-1.5B-Instruct,1.0,0,logiqa,0.5
62,0.400390625,0.6700582534023591,Qwen/Qwen2-1.5B-Instruct,1.0,0,logiqa,0.5
63,0.2041015625,0.8153795549957998,Qwen/Qwen2-1.5B-Instruct,1.0,0,logiqa,0.5
64,4.375,0.012588142242433998,Qwen/Qwen2-1.5B-Instruct,0.0,0,logiqa,0.5
65,2.84375,0.058206980009571974,Qwen/Qwen2-1.5B-Instruct,0.0,0,logiqa,0.5
66,1.5390625,0.21458217794945839,Qwen/Qwen2-1.5B-Instruct,0.0,0,logiqa,0.5
67,1.671875,0.18789443308700168,Qwen/Qwen2-1.5B-Instruct,0.0,0,logiqa,0.5
68,2.40625,0.09015273423081638,Qwen/Qwen2-1.5B-Instruct,0.0,0,logiqa,0.5
69,4.40625,0.012200845821682604,Qwen/Qwen2-1.5B-Instruct,0.0,0,logiqa,0.5
70,2.625,0.07243975703425146,Qwen/Qwen2-1.5B-Instruct,0.0,0,logiqa,0.5
71,0.48046875,0.6184934050621846,Qwen/Qwen2-1.5B-Instruct,1.0,0,logiqa,0.5
72,0.74609375,0.4742153431555798,Qwen/Qwen2-1.5B-Instruct,1.0,0,logiqa,0.5
73,1.1484375,0.31713190105209277,Qwen/Qwen2-1.5B-Instruct,1.0,0,logiqa,0.5
74,2.75,0.06392786120670757,Qwen/Qwen2-1.5B-Instruct,0.0,0,logiqa,0.5
75,1.671875,0.18789443308700168,Qwen/Qwen2-1.5B-Instruct,0.0,0,logiqa,0.5
76,2.4375,0.08737902619542039,Qwen/Qwen2-1.5B-Instruct,0.0,0,logiqa,0.5
77,5.1875,0.0055859542589981,Qwen/Qwen2-1.5B-Instruct,0.0,0,logiqa,0.5
78,3.578125,0.027928014220365963,Qwen/Qwen2-1.5B-Instruct,0.0,0,logiqa,0.5
79,0.87109375,0.4184935714928901,Qwen/Qwen2-1.5B-Instruct,1.0,0,logiqa,0.5
80,3.734375,0.023888096464365276,Qwen/Qwen2-1.5B-Instruct,0.0,0,logiqa,0.5
81,0.5546875,0.5742516868118521,Qwen/Qwen2-1.5B-Instruct,1.0,0,logiqa,0.5
1,0.08984375,0.9140739981758944,Qwen/Qwen2-1.5B-Instruct,1.0,0,logiqa,0.5
2,0.3125,0.7316156289466418,Qwen/Qwen2-1.5B-Instruct,1.0,0,logiqa,0.5
3,1.21875,0.29559943537737077,Qwen/Qwen2-1.5B-Instruct,0.0,0,logiqa,0.5
4,0.97265625,0.3780774349414026,Qwen/Qwen2-1.5B-Instruct,0.0,0,logiqa,0.5
5,1.984375,0.13746650383851944,Qwen/Qwen2-1.5B-Instruct,0.0,0,logiqa,0.5
6,0.65625,0.5187931656538893,Qwen/Qwen2-1.5B-Instruct,1.0,0,logiqa,0.5
7,0.494140625,0.6100949824510565,Qwen/Qwen2-1.5B-Instruct,1.0,0,logiqa,0.5
8,1.015625,0.3621759990808257,Qwen/Qwen2-1.5B-Instruct,0.0,0,logiqa,0.5
9,0.2109375,0.8098246793420792,Qwen/Qwen2-1.5B-Instruct,1.0,0,logiqa,0.5
10,4.625,0.009803655035821828,Qwen/Qwen2-1.5B-Instruct,0.0,0,logiqa,0.5
11,0.2109375,0.8098246793420792,Qwen/Qwen2-1.5B-Instruct,1.0,0,logiqa,0.5
12,3.78125,0.022794180883612344,Qwen/Qwen2-1.5B-Instruct,0.0,0,logiqa,0.5
13,0.67578125,0.5087587974957017,Qwen/Qwen2-1.5B-Instruct,1.0,0,logiqa,0.5
14,0.0966796875,0.9078467542291261,Qwen/Qwen2-1.5B-Instruct,1.0,0,logiqa,0.5
15,1.8046875,0.16452586287665122,Qwen/Qwen2-1.5B-Instruct,0.0,0,logiqa,0.5
16,0.10400390625,0.9012217770167625,Qwen/Qwen2-1.5B-Instruct,1.0,0,logiqa,0.5
17,1.515625,0.21967084765457534,Qwen/Qwen2-1.5B-Instruct,0.0,0,logiqa,0.5
18,0.0155029296875,0.9846166221284973,Qwen/Qwen2-1.5B-Instruct,1.0,0,logiqa,0.5
19,3.21875,0.04000503331137926,Qwen/Qwen2-1.5B-Instruct,0.0,0,logiqa,0.5
20,1.1875,0.3049827687110593,Qwen/Qwen2-1.5B-Instruct,0.0,0,logiqa,0.5
21,2.40625,0.09015273423081638,Qwen/Qwen2-1.5B-Instruct,0.0,0,logiqa,0.5
22,0.53125,0.5878696731223465,Qwen/Qwen2-1.5B-Instruct,1.0,0,logiqa,0.5
23,4.6875,0.00920968160396814,Qwen/Qwen2-1.5B-Instruct,0.0,0,logiqa,0.5
24,1.2109375,0.2979178504832066,Qwen/Qwen2-1.5B-Instruct,0.0,0,logiqa,0.5
25,1.078125,0.34023286457404905,Qwen/Qwen2-1.5B-Instruct,1.0,0,logiqa,0.5
26,0.70703125,0.49310593486505433,Qwen/Qwen2-1.5B-Instruct,1.0,0,logiqa,0.5
27,1.421875,0.2412612277378443,Qwen/Qwen2-1.5B-Instruct,0.0,0,logiqa,0.5
28,2.640625,0.07131668269775804,Qwen/Qwen2-1.5B-Instruct,0.0,0,logiqa,0.5
29,1.671875,0.18789443308700168,Qwen/Qwen2-1.5B-Instruct,0.0,0,logiqa,0.5
30,0.8515625,0.4267476175926629,Qwen/Qwen2-1.5B-Instruct,1.0,0,logiqa,0.5
31,1.546875,0.21291228619240427,Qwen/Qwen2-1.5B-Instruct,0.0,0,logiqa,0.5
32,0.8671875,0.42013150902052315,Qwen/Qwen2-1.5B-Instruct,0.0,0,logiqa,0.5
33,1.2890625,0.2755289704553164,Qwen/Qwen2-1.5B-Instruct,0.0,0,logiqa,0.5
34,2.1875,0.11219689052034373,Qwen/Qwen2-1.5B-Instruct,0.0,0,logiqa,0.5
35,3.96875,0.018897039677585683,Qwen/Qwen2-1.5B-Instruct,0.0,0,logiqa,0.5
36,1.625,0.19691167520419406,Qwen/Qwen2-1.5B-Instruct,0.0,0,logiqa,0.5
37,0.421875,0.6558160112715016,Qwen/Qwen2-1.5B-Instruct,1.0,0,logiqa,0.5
38,0.9609375,0.3825340921054156,Qwen/Qwen2-1.5B-Instruct,1.0,0,logiqa,0.5
39,1.5234375,0.21796135555570278,Qwen/Qwen2-1.5B-Instruct,0.0,0,logiqa,0.5
40,2.71875,0.06595714935553817,Qwen/Qwen2-1.5B-Instruct,0.0,0,logiqa,0.5
41,0.86328125,0.4217758572543825,Qwen/Qwen2-1.5B-Instruct,1.0,0,logiqa,0.5
42,1.890625,0.1509774184559146,Qwen/Qwen2-1.5B-Instruct,0.0,0,logiqa,0.5
43,0.0155029296875,0.9846166221284973,Qwen/Qwen2-1.5B-Instruct,1.0,0,logiqa,0.5
44,2.328125,0.0974783477499485,Qwen/Qwen2-1.5B-Instruct,0.0,0,logiqa,0.5
45,3.6875,0.025034510149960148,Qwen/Qwen2-1.5B-Instruct,0.0,0,logiqa,0.5
46,0.265625,0.76672659607082,Qwen/Qwen2-1.5B-Instruct,1.0,0,logiqa,0.5
47,1.765625,0.17107982817134254,Qwen/Qwen2-1.5B-Instruct,0.0,0,logiqa,0.5
48,1.265625,0.28206295169381546,Qwen/Qwen2-1.5B-Instruct,0.0,0,logiqa,0.5
49,0.369140625,0.6913281855882473,Qwen/Qwen2-1.5B-Instruct,1.0,0,logiqa,0.5
50,1.8203125,0.1619751257973035,Qwen/Qwen2-1.5B-Instruct,0.0,0,logiqa,0.5
51,2.375,0.09301448921066349,Qwen/Qwen2-1.5B-Instruct,0.0,0,logiqa,0.5
52,4.875,0.007635094218859962,Qwen/Qwen2-1.5B-Instruct,0.0,0,logiqa,0.5
53,0.0751953125,0.9275623041230301,Qwen/Qwen2-1.5B-Instruct,1.0,0,logiqa,0.5
54,0.10400390625,0.9012217770167625,Qwen/Qwen2-1.5B-Instruct,1.0,0,logiqa,0.5
55,0.2421875,0.7849089933174918,Qwen/Qwen2-1.5B-Instruct,1.0,0,logiqa,0.5
56,1.8828125,0.1521615490248429,Qwen/Qwen2-1.5B-Instruct,0.0,0,logiqa,0.5
57,4.15625,0.015666196140128895,Qwen/Qwen2-1.5B-Instruct,0.0,0,logiqa,0.5
58,0.8046875,0.4472276633691456,Qwen/Qwen2-1.5B-Instruct,0.0,0,logiqa,0.5
59,1.4296875,0.23938371796817895,Qwen/Qwen2-1.5B-Instruct,0.0,0,logiqa,0.5
60,1.703125,0.18211352912101367,Qwen/Qwen2-1.5B-Instruct,0.0,0,logiqa,0.5
61,1.15625,0.314663961018459,Qwen/Qwen2-1.5B-Instruct,1.0,0,logiqa,0.5
62,1.28125,0.27768997095378994,Qwen/Qwen2-1.5B-Instruct,0.0,0,logiqa,0.5
63,1.34375,0.26086558612628497,Qwen/Qwen2-1.5B-Instruct,0.0,0,logiqa,0.5
64,1.421875,0.2412612277378443,Qwen/Qwen2-1.5B-Instruct,0.0,0,logiqa,0.5
65,2.421875,0.08875504563653425,Qwen/Qwen2-1.5B-Instruct,0.0,0,logiqa,0.5
66,2.8125,0.060054667895307945,Qwen/Qwen2-1.5B-Instruct,0.0,0,logiqa,0.5
67,0.4453125,0.6406240497330474,Qwen/Qwen2-1.5B-Instruct,1.0,0,logiqa,0.5
68,2.78125,0.061961007690531984,Qwen/Qwen2-1.5B-Instruct,0.0,0,logiqa,0.5
69,3.0625,0.04677062238395898,Qwen/Qwen2-1.5B-Instruct,0.0,0,logiqa,0.5
70,1.3203125,0.26705183522634335,Qwen/Qwen2-1.5B-Instruct,0.0,0,logiqa,0.5
71,1.75,0.17377394345044514,Qwen/Qwen2-1.5B-Instruct,0.0,0,logiqa,0.5
72,0.5,0.6065306597126334,Qwen/Qwen2-1.5B-Instruct,1.0,0,logiqa,0.5
73,1.3828125,0.25087198245993886,Qwen/Qwen2-1.5B-Instruct,0.0,0,logiqa,0.5
74,1.859375,0.15576995617312325,Qwen/Qwen2-1.5B-Instruct,0.0,0,logiqa,0.5
75,1.0625,0.3455907525769745,Qwen/Qwen2-1.5B-Instruct,0.0,0,logiqa,0.5
76,2.078125,0.1251646760876602,Qwen/Qwen2-1.5B-Instruct,0.0,0,logiqa,0.5
77,0.330078125,0.7188675697091758,Qwen/Qwen2-1.5B-Instruct,1.0,0,logiqa,0.5
78,4.90625,0.0074001870652772766,Qwen/Qwen2-1.5B-Instruct,0.0,0,logiqa,0.5
79,1.9296875,0.14519356438370257,Qwen/Qwen2-1.5B-Instruct,0.0,0,logiqa,0.5
1,1.6328125,0.19537929639047613,Qwen/Qwen2-1.5B-Instruct,1.0,0,logiqa,0.5
2,4.375,0.012588142242433998,Qwen/Qwen2-1.5B-Instruct,0.0,0,logiqa,0.5
3,2.578125,0.0759162135601666,Qwen/Qwen2-1.5B-Instruct,0.0,0,logiqa,0.5
4,3.375,0.03421811831166603,Qwen/Qwen2-1.5B-Instruct,0.0,0,logiqa,0.5
5,5.625,0.0036065631360157305,Qwen/Qwen2-1.5B-Instruct,0.0,0,logiqa,0.5
6,1.0078125,0.36501658064745907,Qwen/Qwen2-1.5B-Instruct,1.0,0,logiqa,0.5
7,4.90625,0.0074001870652772766,Qwen/Qwen2-1.5B-Instruct,0.0,0,logiqa,0.5
8,0.3125,0.7316156289466418,Qwen/Qwen2-1.5B-Instruct,1.0,0,logiqa,0.5
9,4.03125,0.01775212592162854,Qwen/Qwen2-1.5B-Instruct,0.0,0,logiqa,0.5
10,1.796875,0.1658162552121675,Qwen/Qwen2-1.5B-Instruct,0.0,0,logiqa,0.5
11,1.4921875,0.22488019168416426,Qwen/Qwen2-1.5B-Instruct,0.0,0,logiqa,0.5
12,4.375,0.012588142242433998,Qwen/Qwen2-1.5B-Instruct,0.0,0,logiqa,0.5
13,0.9453125,0.3885581275123641,Qwen/Qwen2-1.5B-Instruct,0.0,0,logiqa,0.5
14,1.7578125,0.17242162389375282,Qwen/Qwen2-1.5B-Instruct,0.0,0,logiqa,0.5
15,1.703125,0.18211352912101367,Qwen/Qwen2-1.5B-Instruct,0.0,0,logiqa,0.5
16,1.3828125,0.25087198245993886,Qwen/Qwen2-1.5B-Instruct,0.0,0,logiqa,0.5
17,0.03076171875,0.9697066084520289,Qwen/Qwen2-1.5B-Instruct,1.0,0,logiqa,0.5
18,1.4453125,0.23567241741677974,Qwen/Qwen2-1.5B-Instruct,0.0,0,logiqa,0.5
19,1.3125,0.26914634872918386,Qwen/Qwen2-1.5B-Instruct,0.0,0,logiqa,0.5
20,0.2353515625,0.7902929634144612,Qwen/Qwen2-1.5B-Instruct,1.0,0,logiqa,0.5
21,1.328125,0.26497362135689667,Qwen/Qwen2-1.5B-Instruct,0.0,0,logiqa,0.5
22,2.953125,0.05217639966630833,Qwen/Qwen2-1.5B-Instruct,0.0,0,logiqa,0.5
23,0.0458984375,0.9551389635657673,Qwen/Qwen2-1.5B-Instruct,1.0,0,logiqa,0.5
24,2.0,0.1353352832366127,Qwen/Qwen2-1.5B-Instruct,0.0,0,logiqa,0.5
25,0.1787109375,0.8363476211932502,Qwen/Qwen2-1.5B-Instruct,1.0,0,logiqa,0.5
26,3.828125,0.021750359344450344,Qwen/Qwen2-1.5B-Instruct,0.0,0,logiqa,0.5
27,3.078125,0.04604551109353302,Qwen/Qwen2-1.5B-Instruct,0.0,0,logiqa,0.5
28,3.90625,0.02011579402674089,Qwen/Qwen2-1.5B-Instruct,0.0,0,logiqa,0.5
29,1.90625,0.1486367305381225,Qwen/Qwen2-1.5B-Instruct,0.0,0,logiqa,0.5
30,4.59375,0.010114856452604551,Qwen/Qwen2-1.5B-Instruct,0.0,0,logiqa,0.5
31,1.171875,0.30978554847668166,Qwen/Qwen2-1.5B-Instruct,0.0,0,logiqa,0.5
32,4.0625,0.017205950425851383,Qwen/Qwen2-1.5B-Instruct,0.0,0,logiqa,0.5
33,0.45703125,0.6331605534862997,Qwen/Qwen2-1.5B-Instruct,1.0,0,logiqa,0.5
34,1.78125,0.16842748127818424,Qwen/Qwen2-1.5B-Instruct,0.0,0,logiqa,0.5
35,6.375,0.001703619795802574,Qwen/Qwen2-1.5B-Instruct,0.0,0,logiqa,0.5
36,0.73046875,0.48168314818692903,Qwen/Qwen2-1.5B-Instruct,1.0,0,logiqa,0.5
37,3.015625,0.049015191417106724,Qwen/Qwen2-1.5B-Instruct,0.0,0,logiqa,0.5
38,1.1796875,0.30737477821235176,Qwen/Qwen2-1.5B-Instruct,0.0,0,logiqa,0.5
39,1.0703125,0.34290134400373157,Qwen/Qwen2-1.5B-Instruct,0.0,0,logiqa,0.5
40,0.9453125,0.3885581275123641,Qwen/Qwen2-1.5B-Instruct,1.0,0,logiqa,0.5
41,2.03125,0.13117145431019428,Qwen/Qwen2-1.5B-Instruct,0.0,0,logiqa,0.5
42,2.96875,0.05136747956725073,Qwen/Qwen2-1.5B-Instruct,0.0,0,logiqa,0.5
43,1.640625,0.19385884264329528,Qwen/Qwen2-1.5B-Instruct,0.0,0,logiqa,0.5
44,2.15625,0.11575840213626322,Qwen/Qwen2-1.5B-Instruct,0.0,0,logiqa,0.5
45,1.40625,0.2450605392455259,Qwen/Qwen2-1.5B-Instruct,0.0,0,logiqa,0.5
46,1.1875,0.3049827687110593,Qwen/Qwen2-1.5B-Instruct,0.0,0,logiqa,0.5
47,1.2578125,0.2842751988422877,Qwen/Qwen2-1.5B-Instruct,0.0,0,logiqa,0.5
48,1.90625,0.1486367305381225,Qwen/Qwen2-1.5B-Instruct,0.0,0,logiqa,0.5
49,1.921875,0.1463323316229146,Qwen/Qwen2-1.5B-Instruct,0.0,0,logiqa,0.5
50,1.84375,0.15822297604949842,Qwen/Qwen2-1.5B-Instruct,0.0,0,logiqa,0.5
51,1.65625,0.19085333986431632,Qwen/Qwen2-1.5B-Instruct,0.0,0,logiqa,0.5
52,3.96875,0.018897039677585683,Qwen/Qwen2-1.5B-Instruct,0.0,0,logiqa,0.5
53,5.28125,0.005086069231012701,Qwen/Qwen2-1.5B-Instruct,0.0,0,logiqa,0.5
54,0.87109375,0.4184935714928901,Qwen/Qwen2-1.5B-Instruct,1.0,0,logiqa,0.5
55,2.03125,0.13117145431019428,Qwen/Qwen2-1.5B-Instruct,0.0,0,logiqa,0.5
56,1.7578125,0.17242162389375282,Qwen/Qwen2-1.5B-Instruct,0.0,0,logiqa,0.5
57,1.140625,0.31961919737930994,Qwen/Qwen2-1.5B-Instruct,0.0,0,logiqa,0.5
58,1.1875,0.3049827687110593,Qwen/Qwen2-1.5B-Instruct,0.0,0,logiqa,0.5
59,2.765625,0.06293675158337987,Qwen/Qwen2-1.5B-Instruct,0.0,0,logiqa,0.5
60,1.2890625,0.2755289704553164,Qwen/Qwen2-1.5B-Instruct,0.0,0,logiqa,0.5
61,3.859375,0.02108117113844438,Qwen/Qwen2-1.5B-Instruct,0.0,0,logiqa,0.5
62,1.5859375,0.20475574459755974,Qwen/Qwen2-1.5B-Instruct,0.0,0,logiqa,0.5
63,1.171875,0.30978554847668166,Qwen/Qwen2-1.5B-Instruct,0.0,0,logiqa,0.5
64,1.546875,0.21291228619240427,Qwen/Qwen2-1.5B-Instruct,0.0,0,logiqa,0.5
65,0.87890625,0.4152368286818413,Qwen/Qwen2-1.5B-Instruct,1.0,0,logiqa,0.5
66,0.22265625,0.8003899360518268,Qwen/Qwen2-1.5B-Instruct,1.0,0,logiqa,0.5
67,0.038330078125,0.9623952228475297,Qwen/Qwen2-1.5B-Instruct,1.0,0,logiqa,0.5
68,1.390625,0.2489196812036605,Qwen/Qwen2-1.5B-Instruct,0.0,0,logiqa,0.5
69,1.734375,0.17651048487186194,Qwen/Qwen2-1.5B-Instruct,0.0,0,logiqa,0.5
70,0.1455078125,0.8645831354918224,Qwen/Qwen2-1.5B-Instruct,1.0,0,logiqa,0.5
71,2.5625,0.07711171996831671,Qwen/Qwen2-1.5B-Instruct,0.0,0,logiqa,0.5
72,4.15625,0.015666196140128895,Qwen/Qwen2-1.5B-Instruct,0.0,0,logiqa,0.5
73,1.28125,0.27768997095378994,Qwen/Qwen2-1.5B-Instruct,0.0,0,logiqa,0.5
74,0.171875,0.8420844271433824,Qwen/Qwen2-1.5B-Instruct,1.0,0,logiqa,0.5
75,2.34375,0.09596708604499847,Qwen/Qwen2-1.5B-Instruct,0.0,0,logiqa,0.5
76,1.7109375,0.18069631039374898,Qwen/Qwen2-1.5B-Instruct,0.0,0,logiqa,0.5
77,0.578125,0.5609491608144708,Qwen/Qwen2-1.5B-Instruct,1.0,0,logiqa,0.5
78,3.5625,0.0283678164497131,Qwen/Qwen2-1.5B-Instruct,0.0,0,logiqa,0.5
79,1.7578125,0.17242162389375282,Qwen/Qwen2-1.5B-Instruct,0.0,0,logiqa,0.5
80,2.125,0.11943296826671962,Qwen/Qwen2-1.5B-Instruct,0.0,0,logiqa,0.5
81,1.171875,0.30978554847668166,Qwen/Qwen2-1.5B-Instruct,0.0,0,logiqa,0.5
1,2.9375,0.0529980584033558,Qwen/Qwen2-1.5B-Instruct,0.0,0,logiqa,0.5
2,1.2578125,0.2842751988422877,Qwen/Qwen2-1.5B-Instruct,0.0,0,logiqa,0.5
3,3.671875,0.025428746320412147,Qwen/Qwen2-1.5B-Instruct,0.0,0,logiqa,0.5
4,2.28125,0.1021564313333943,Qwen/Qwen2-1.5B-Instruct,0.0,0,logiqa,0.5
5,2.4375,0.08737902619542039,Qwen/Qwen2-1.5B-Instruct,0.0,0,logiqa,0.5
6,1.4609375,0.23201865524727103,Qwen/Qwen2-1.5B-Instruct,0.0,0,logiqa,0.5
7,2.34375,0.09596708604499847,Qwen/Qwen2-1.5B-Instruct,0.0,0,logiqa,0.5
8,0.8046875,0.4472276633691456,Qwen/Qwen2-1.5B-Instruct,1.0,0,logiqa,0.5
9,1.921875,0.1463323316229146,Qwen/Qwen2-1.5B-Instruct,0.0,0,logiqa,0.5
10,3.640625,0.026235941377052294,Qwen/Qwen2-1.5B-Instruct,0.0,0,logiqa,0.5
11,0.05322265625,0.9481688732517508,Qwen/Qwen2-1.5B-Instruct,1.0,0,logiqa,0.5
12,2.453125,0.08602433995839362,Qwen/Qwen2-1.5B-Instruct,0.0,0,logiqa,0.5
13,1.78125,0.16842748127818424,Qwen/Qwen2-1.5B-Instruct,0.0,0,logiqa,0.5
14,1.640625,0.19385884264329528,Qwen/Qwen2-1.5B-Instruct,0.0,0,logiqa,0.5
15,1.3203125,0.26705183522634335,Qwen/Qwen2-1.5B-Instruct,0.0,0,logiqa,0.5
16,1.0625,0.3455907525769745,Qwen/Qwen2-1.5B-Instruct,0.0,0,logiqa,0.5
17,2.9375,0.0529980584033558,Qwen/Qwen2-1.5B-Instruct,0.0,0,logiqa,0.5
18,3.0,0.049787068367863944,Qwen/Qwen2-1.5B-Instruct,0.0,0,logiqa,0.5
19,2.03125,0.13117145431019428,Qwen/Qwen2-1.5B-Instruct,0.0,0,logiqa,0.5
20,2.078125,0.1251646760876602,Qwen/Qwen2-1.5B-Instruct,0.0,0,logiqa,0.5
21,0.384765625,0.6806101355130432,Qwen/Qwen2-1.5B-Instruct,1.0,0,logiqa,0.5
22,4.28125,0.013825369568946493,Qwen/Qwen2-1.5B-Instruct,0.0,0,logiqa,0.5
23,1.8203125,0.1619751257973035,Qwen/Qwen2-1.5B-Instruct,0.0,0,logiqa,0.5
24,4.0625,0.017205950425851383,Qwen/Qwen2-1.5B-Instruct,0.0,0,logiqa,0.5
25,2.171875,0.1139637344565904,Qwen/Qwen2-1.5B-Instruct,0.0,0,logiqa,0.5
26,1.2578125,0.2842751988422877,Qwen/Qwen2-1.5B-Instruct,0.0,0,logiqa,0.5
27,0.03076171875,0.9697066084520289,Qwen/Qwen2-1.5B-Instruct,1.0,0,logiqa,0.5
28,3.703125,0.024646386044811498,Qwen/Qwen2-1.5B-Instruct,0.0,0,logiqa,0.5
29,0.82421875,0.43857749732635326,Qwen/Qwen2-1.5B-Instruct,0.0,0,logiqa,0.5
30,2.953125,0.05217639966630833,Qwen/Qwen2-1.5B-Instruct,0.0,0,logiqa,0.5
31,0.1787109375,0.8363476211932502,Qwen/Qwen2-1.5B-Instruct,1.0,0,logiqa,0.5
32,0.05322265625,0.9481688732517508,Qwen/Qwen2-1.5B-Instruct,1.0,0,logiqa,0.5
33,1.09375,0.33495804292529496,Qwen/Qwen2-1.5B-Instruct,0.0,0,logiqa,0.5
34,0.1318359375,0.8764847815685415,Qwen/Qwen2-1.5B-Instruct,1.0,0,logiqa,0.5
35,0.2421875,0.7849089933174918,Qwen/Qwen2-1.5B-Instruct,1.0,0,logiqa,0.5
36,3.921875,0.019803927546861083,Qwen/Qwen2-1.5B-Instruct,0.0,0,logiqa,0.5
37,1.1328125,0.3221260018134028,Qwen/Qwen2-1.5B-Instruct,1.0,0,logiqa,0.5
38,0.58203125,0.5587622272904076,Qwen/Qwen2-1.5B-Instruct,1.0,0,logiqa,0.5
39,2.015625,0.13323710414756298,Qwen/Qwen2-1.5B-Instruct,0.0,0,logiqa,0.5
40,2.15625,0.11575840213626322,Qwen/Qwen2-1.5B-Instruct,0.0,0,logiqa,0.5
41,0.007781982421875,0.9922482188107336,Qwen/Qwen2-1.5B-Instruct,1.0,0,logiqa,0.5
42,0.369140625,0.6913281855882473,Qwen/Qwen2-1.5B-Instruct,1.0,0,logiqa,0.5
43,1.7734375,0.16974847438608623,Qwen/Qwen2-1.5B-Instruct,0.0,0,logiqa,0.5
44,1.203125,0.30025444914408245,Qwen/Qwen2-1.5B-Instruct,0.0,0,logiqa,0.5
45,1.2578125,0.2842751988422877,Qwen/Qwen2-1.5B-Instruct,0.0,0,logiqa,0.5
46,1.4453125,0.23567241741677974,Qwen/Qwen2-1.5B-Instruct,0.0,0,logiqa,0.5
47,5.28125,0.005086069231012701,Qwen/Qwen2-1.5B-Instruct,0.0,0,logiqa,0.5
48,1.265625,0.28206295169381546,Qwen/Qwen2-1.5B-Instruct,0.0,0,logiqa,0.5
49,1.734375,0.17651048487186194,Qwen/Qwen2-1.5B-Instruct,0.0,0,logiqa,0.5
50,2.71875,0.06595714935553817,Qwen/Qwen2-1.5B-Instruct,0.0,0,logiqa,0.5
51,0.22265625,0.8003899360518268,Qwen/Qwen2-1.5B-Instruct,1.0,0,logiqa,0.5
52,3.703125,0.024646386044811498,Qwen/Qwen2-1.5B-Instruct,0.0,0,logiqa,0.5
53,0.8984375,0.407205421393389,Qwen/Qwen2-1.5B-Instruct,1.0,0,logiqa,0.5
54,0.6875,0.5028315779709409,Qwen/Qwen2-1.5B-Instruct,1.0,0,logiqa,0.5
55,3.203125,0.040635020917967515,Qwen/Qwen2-1.5B-Instruct,0.0,0,logiqa,0.5
56,0.69140625,0.5008712234296745,Qwen/Qwen2-1.5B-Instruct,1.0,0,logiqa,0.5
57,1.8125,0.1632455124539584,Qwen/Qwen2-1.5B-Instruct,0.0,0,logiqa,0.5
58,0.3359375,0.7146677711559482,Qwen/Qwen2-1.5B-Instruct,1.0,0,logiqa,0.5
59,2.15625,0.11575840213626322,Qwen/Qwen2-1.5B-Instruct,0.0,0,logiqa,0.5
60,1.3515625,0.25883551402927246,Qwen/Qwen2-1.5B-Instruct,0.0,0,logiqa,0.5
61,1.5,0.22313016014842982,Qwen/Qwen2-1.5B-Instruct,0.0,0,logiqa,0.5
62,0.39453125,0.673995900791531,Qwen/Qwen2-1.5B-Instruct,1.0,0,logiqa,0.5
63,0.640625,0.5269629692433709,Qwen/Qwen2-1.5B-Instruct,1.0,0,logiqa,0.5
64,2.140625,0.11758133171956547,Qwen/Qwen2-1.5B-Instruct,0.0,0,logiqa,0.5
65,1.171875,0.30978554847668166,Qwen/Qwen2-1.5B-Instruct,0.0,0,logiqa,0.5
66,1.5625,0.2096113871510978,Qwen/Qwen2-1.5B-Instruct,0.0,0,logiqa,0.5
67,1.734375,0.17651048487186194,Qwen/Qwen2-1.5B-Instruct,0.0,0,logiqa,0.5
68,1.4375,0.23752081909545814,Qwen/Qwen2-1.5B-Instruct,0.0,0,logiqa,0.5
69,2.109375,0.1213137638466268,Qwen/Qwen2-1.5B-Instruct,0.0,0,logiqa,0.5
70,2.765625,0.06293675158337987,Qwen/Qwen2-1.5B-Instruct,0.0,0,logiqa,0.5
71,1.1328125,0.3221260018134028,Qwen/Qwen2-1.5B-Instruct,1.0,0,logiqa,0.5
72,1.375,0.25283959580474646,Qwen/Qwen2-1.5B-Instruct,0.0,0,logiqa,0.5
73,2.078125,0.1251646760876602,Qwen/Qwen2-1.5B-Instruct,0.0,0,logiqa,0.5
74,1.4453125,0.23567241741677974,Qwen/Qwen2-1.5B-Instruct,0.0,0,logiqa,0.5
75,0.5859375,0.556583819812148,Qwen/Qwen2-1.5B-Instruct,1.0,0,logiqa,0.5
76,1.3515625,0.25883551402927246,Qwen/Qwen2-1.5B-Instruct,0.0,0,logiqa,0.5
77,1.640625,0.19385884264329528,Qwen/Qwen2-1.5B-Instruct,0.0,0,logiqa,0.5
1,2.359375,0.09447925428109244,Qwen/Qwen2-1.5B-Instruct,0.0,0,logiqa,0.5
2,1.1953125,0.30260937397538795,Qwen/Qwen2-1.5B-Instruct,0.0,0,logiqa,0.5
3,2.0,0.1353352832366127,Qwen/Qwen2-1.5B-Instruct,0.0,0,logiqa,0.5
4,4.40625,0.012200845821682604,Qwen/Qwen2-1.5B-Instruct,0.0,0,logiqa,0.5
5,1.453125,0.23383840011408472,Qwen/Qwen2-1.5B-Instruct,0.0,0,logiqa,0.5
6,0.373046875,0.6886329524177447,Qwen/Qwen2-1.5B-Instruct,1.0,0,logiqa,0.5
7,1.390625,0.2489196812036605,Qwen/Qwen2-1.5B-Instruct,0.0,0,logiqa,0.5
8,2.28125,0.1021564313333943,Qwen/Qwen2-1.5B-Instruct,0.0,0,logiqa,0.5
9,4.34375,0.012987732771292249,Qwen/Qwen2-1.5B-Instruct,0.0,0,logiqa,0.5
10,2.15625,0.11575840213626322,Qwen/Qwen2-1.5B-Instruct,0.0,0,logiqa,0.5
11,0.08251953125,0.9207934534340386,Qwen/Qwen2-1.5B-Instruct,1.0,0,logiqa,0.5
12,0.57421875,0.5631446537543375,Qwen/Qwen2-1.5B-Instruct,1.0,0,logiqa,0.5
13,0.2421875,0.7849089933174918,Qwen/Qwen2-1.5B-Instruct,1.0,0,logiqa,0.5
14,0.158203125,0.8536763613451477,Qwen/Qwen2-1.5B-Instruct,1.0,0,logiqa,0.5
15,1.1328125,0.3221260018134028,Qwen/Qwen2-1.5B-Instruct,1.0,0,logiqa,0.5
16,0.71484375,0.48926855403569414,Qwen/Qwen2-1.5B-Instruct,1.0,0,logiqa,0.5
17,0.490234375,0.612482826698251,Qwen/Qwen2-1.5B-Instruct,1.0,0,logiqa,0.5
18,2.0,0.1353352832366127,Qwen/Qwen2-1.5B-Instruct,0.0,0,logiqa,0.5
19,1.3828125,0.25087198245993886,Qwen/Qwen2-1.5B-Instruct,0.0,0,logiqa,0.5
20,3.015625,0.049015191417106724,Qwen/Qwen2-1.5B-Instruct,0.0,0,logiqa,0.5
21,1.390625,0.2489196812036605,Qwen/Qwen2-1.5B-Instruct,0.0,0,logiqa,0.5
22,1.6328125,0.19537929639047613,Qwen/Qwen2-1.5B-Instruct,0.0,0,logiqa,0.5
23,5.40625,0.004488440342699523,Qwen/Qwen2-1.5B-Instruct,0.0,0,logiqa,0.5
24,3.015625,0.049015191417106724,Qwen/Qwen2-1.5B-Instruct,0.0,0,logiqa,0.5
25,0.98046875,0.37513521300027985,Qwen/Qwen2-1.5B-Instruct,0.0,0,logiqa,0.5
26,1.109375,0.3297649998062575,Qwen/Qwen2-1.5B-Instruct,0.0,0,logiqa,0.5
27,1.75,0.17377394345044514,Qwen/Qwen2-1.5B-Instruct,0.0,0,logiqa,0.5
28,1.703125,0.18211352912101367,Qwen/Qwen2-1.5B-Instruct,0.0,0,logiqa,0.5
29,0.038330078125,0.9623952228475297,Qwen/Qwen2-1.5B-Instruct,1.0,0,logiqa,0.5
30,2.015625,0.13323710414756298,Qwen/Qwen2-1.5B-Instruct,0.0,0,logiqa,0.5
31,0.98828125,0.372215887611955,Qwen/Qwen2-1.5B-Instruct,1.0,0,logiqa,0.5
32,0.71484375,0.48926855403569414,Qwen/Qwen2-1.5B-Instruct,1.0,0,logiqa,0.5
33,2.359375,0.09447925428109244,Qwen/Qwen2-1.5B-Instruct,0.0,0,logiqa,0.5
34,1.6484375,0.1923502211610474,Qwen/Qwen2-1.5B-Instruct,0.0,0,logiqa,0.5
35,1.2421875,0.2887518818320782,Qwen/Qwen2-1.5B-Instruct,1.0,0,logiqa,0.5
36,0.7890625,0.4542704742837873,Qwen/Qwen2-1.5B-Instruct,1.0,0,logiqa,0.5
37,5.25,0.005247518399181385,Qwen/Qwen2-1.5B-Instruct,0.0,0,logiqa,0.5
38,2.921875,0.053832656382752,Qwen/Qwen2-1.5B-Instruct,0.0,0,logiqa,0.5
39,6.40625,0.0016512049250036575,Qwen/Qwen2-1.5B-Instruct,0.0,0,logiqa,0.5
40,1.5859375,0.20475574459755974,Qwen/Qwen2-1.5B-Instruct,0.0,0,logiqa,0.5
41,2.1875,0.11219689052034373,Qwen/Qwen2-1.5B-Instruct,0.0,0,logiqa,0.5
42,0.62109375,0.5373563825172994,Qwen/Qwen2-1.5B-Instruct,1.0,0,logiqa,0.5
43,0.2109375,0.8098246793420792,Qwen/Qwen2-1.5B-Instruct,1.0,0,logiqa,0.5
44,1.109375,0.3297649998062575,Qwen/Qwen2-1.5B-Instruct,1.0,0,logiqa,0.5
45,4.65625,0.00950202828005989,Qwen/Qwen2-1.5B-Instruct,0.0,0,logiqa,0.5
46,0.259765625,0.7712323221982079,Qwen/Qwen2-1.5B-Instruct,1.0,0,logiqa,0.5
47,0.8046875,0.4472276633691456,Qwen/Qwen2-1.5B-Instruct,1.0,0,logiqa,0.5
48,1.9765625,0.13854466699075552,Qwen/Qwen2-1.5B-Instruct,0.0,0,logiqa,0.5
49,1.3125,0.26914634872918386,Qwen/Qwen2-1.5B-Instruct,0.0,0,logiqa,0.5
50,3.90625,0.02011579402674089,Qwen/Qwen2-1.5B-Instruct,0.0,0,logiqa,0.5
51,1.703125,0.18211352912101367,Qwen/Qwen2-1.5B-Instruct,0.0,0,logiqa,0.5
52,2.953125,0.05217639966630833,Qwen/Qwen2-1.5B-Instruct,0.0,0,logiqa,0.5
53,1.6953125,0.18354186323251906,Qwen/Qwen2-1.5B-Instruct,0.0,0,logiqa,0.5
54,0.72265625,0.485461035940867,Qwen/Qwen2-1.5B-Instruct,1.0,0,logiqa,0.5
55,0.0155029296875,0.9846166221284973,Qwen/Qwen2-1.5B-Instruct,1.0,0,logiqa,0.5
56,1.609375,0.2000125828826258,Qwen/Qwen2-1.5B-Instruct,0.0,0,logiqa,0.5
57,0.50390625,0.604166020765368,Qwen/Qwen2-1.5B-Instruct,1.0,0,logiqa,0.5
58,2.03125,0.13117145431019428,Qwen/Qwen2-1.5B-Instruct,0.0,0,logiqa,0.5
59,1.4609375,0.23201865524727103,Qwen/Qwen2-1.5B-Instruct,0.0,0,logiqa,0.5
60,1.0859375,0.3375851514160396,Qwen/Qwen2-1.5B-Instruct,0.0,0,logiqa,0.5
61,1.34375,0.26086558612628497,Qwen/Qwen2-1.5B-Instruct,0.0,0,logiqa,0.5
62,1.40625,0.2450605392455259,Qwen/Qwen2-1.5B-Instruct,0.0,0,logiqa,0.5
63,2.140625,0.11758133171956547,Qwen/Qwen2-1.5B-Instruct,0.0,0,logiqa,0.5
64,0.416015625,0.6596699630606897,Qwen/Qwen2-1.5B-Instruct,1.0,0,logiqa,0.5
65,0.038330078125,0.9623952228475297,Qwen/Qwen2-1.5B-Instruct,1.0,0,logiqa,0.5
66,1.0703125,0.34290134400373157,Qwen/Qwen2-1.5B-Instruct,1.0,0,logiqa,0.5
67,1.453125,0.23383840011408472,Qwen/Qwen2-1.5B-Instruct,0.0,0,logiqa,0.5
68,2.4375,0.08737902619542039,Qwen/Qwen2-1.5B-Instruct,0.0,0,logiqa,0.5
69,0.7890625,0.4542704742837873,Qwen/Qwen2-1.5B-Instruct,1.0,0,logiqa,0.5
70,1.8125,0.1632455124539584,Qwen/Qwen2-1.5B-Instruct,0.0,0,logiqa,0.5
71,1.609375,0.2000125828826258,Qwen/Qwen2-1.5B-Instruct,0.0,0,logiqa,0.5
72,2.140625,0.11758133171956547,Qwen/Qwen2-1.5B-Instruct,0.0,0,logiqa,0.5
73,1.28125,0.27768997095378994,Qwen/Qwen2-1.5B-Instruct,0.0,0,logiqa,0.5
74,0.72265625,0.485461035940867,Qwen/Qwen2-1.5B-Instruct,1.0,0,logiqa,0.5
75,1.640625,0.19385884264329528,Qwen/Qwen2-1.5B-Instruct,0.0,0,logiqa,0.5
76,2.078125,0.1251646760876602,Qwen/Qwen2-1.5B-Instruct,0.0,0,logiqa,0.5
77,2.125,0.11943296826671962,Qwen/Qwen2-1.5B-Instruct,0.0,0,logiqa,0.5
78,1.296875,0.27338478699614155,Qwen/Qwen2-1.5B-Instruct,0.0,0,logiqa,0.5
79,0.10400390625,0.9012217770167625,Qwen/Qwen2-1.5B-Instruct,1.0,0,logiqa,0.5
1,0.72265625,0.485461035940867,Qwen/Qwen2-1.5B-Instruct,1.0,0,logiqa,0.5
2,0.859375,0.4234266412852628,Qwen/Qwen2-1.5B-Instruct,1.0,0,logiqa,0.5
3,2.265625,0.10376516104428837,Qwen/Qwen2-1.5B-Instruct,0.0,0,logiqa,0.5
4,2.625,0.07243975703425146,Qwen/Qwen2-1.5B-Instruct,0.0,0,logiqa,0.5
5,3.53125,0.029268307607136092,Qwen/Qwen2-1.5B-Instruct,0.0,0,logiqa,0.5
6,4.25,0.014264233908999256,Qwen/Qwen2-1.5B-Instruct,0.0,0,logiqa,0.5
7,1.2265625,0.29329906232102687,Qwen/Qwen2-1.5B-Instruct,1.0,0,logiqa,0.5
8,1.9375,0.14406365910145327,Qwen/Qwen2-1.5B-Instruct,0.0,0,logiqa,0.5
9,1.828125,0.16071462536804407,Qwen/Qwen2-1.5B-Instruct,0.0,0,logiqa,0.5
10,2.46875,0.0846906561847805,Qwen/Qwen2-1.5B-Instruct,0.0,0,logiqa,0.5
11,2.84375,0.058206980009571974,Qwen/Qwen2-1.5B-Instruct,0.0,0,logiqa,0.5
12,1.53125,0.2162651668298873,Qwen/Qwen2-1.5B-Instruct,0.0,0,logiqa,0.5
13,4.3125,0.013400007665140828,Qwen/Qwen2-1.5B-Instruct,0.0,0,logiqa,0.5
14,2.046875,0.129137829405204,Qwen/Qwen2-1.5B-Instruct,0.0,0,logiqa,0.5
15,5.6875,0.0033880525218347116,Qwen/Qwen2-1.5B-Instruct,0.0,0,logiqa,0.5
16,0.65234375,0.5208236646937497,Qwen/Qwen2-1.5B-Instruct,1.0,0,logiqa,0.5
17,2.1875,0.11219689052034373,Qwen/Qwen2-1.5B-Instruct,0.0,0,logiqa,0.5
18,3.59375,0.02749503049258667,Qwen/Qwen2-1.5B-Instruct,0.0,0,logiqa,0.5
19,1.4609375,0.23201865524727103,Qwen/Qwen2-1.5B-Instruct,0.0,0,logiqa,0.5
20,1.046875,0.3510330150388101,Qwen/Qwen2-1.5B-Instruct,1.0,0,logiqa,0.5
21,1.25,0.2865047968601901,Qwen/Qwen2-1.5B-Instruct,1.0,0,logiqa,0.5
22,1.40625,0.2450605392455259,Qwen/Qwen2-1.5B-Instruct,0.0,0,logiqa,0.5
23,1.75,0.17377394345044514,Qwen/Qwen2-1.5B-Instruct,0.0,0,logiqa,0.5
24,0.023193359375,0.9770735391778969,Qwen/Qwen2-1.5B-Instruct,1.0,0,logiqa,0.5
25,1.296875,0.27338478699614155,Qwen/Qwen2-1.5B-Instruct,0.0,0,logiqa,0.5
26,0.90234375,0.40561787790561105,Qwen/Qwen2-1.5B-Instruct,0.0,0,logiqa,0.5
27,1.421875,0.2412612277378443,Qwen/Qwen2-1.5B-Instruct,0.0,0,logiqa,0.5
28,2.6875,0.0680508540250102,Qwen/Qwen2-1.5B-Instruct,0.0,0,logiqa,0.5
29,1.0859375,0.3375851514160396,Qwen/Qwen2-1.5B-Instruct,1.0,0,logiqa,0.5
30,4.75,0.008651695203120634,Qwen/Qwen2-1.5B-Instruct,0.0,0,logiqa,0.5
31,1.1015625,0.3323513787550223,Qwen/Qwen2-1.5B-Instruct,0.0,0,logiqa,0.5
32,1.296875,0.27338478699614155,Qwen/Qwen2-1.5B-Instruct,0.0,0,logiqa,0.5
33,1.90625,0.1486367305381225,Qwen/Qwen2-1.5B-Instruct,0.0,0,logiqa,0.5
34,1.34375,0.26086558612628497,Qwen/Qwen2-1.5B-Instruct,0.0,0,logiqa,0.5
35,1.46875,0.23021307174736147,Qwen/Qwen2-1.5B-Instruct,0.0,0,logiqa,0.5
36,1.421875,0.2412612277378443,Qwen/Qwen2-1.5B-Instruct,0.0,0,logiqa,0.5
37,4.78125,0.008385510525424083,Qwen/Qwen2-1.5B-Instruct,0.0,0,logiqa,0.5
38,5.0,0.006737946999085467,Qwen/Qwen2-1.5B-Instruct,0.0,0,logiqa,0.5
39,2.984375,0.050571100611906464,Qwen/Qwen2-1.5B-Instruct,0.0,0,logiqa,0.5
40,1.484375,0.22664394888734782,Qwen/Qwen2-1.5B-Instruct,0.0,0,logiqa,0.5
41,3.015625,0.049015191417106724,Qwen/Qwen2-1.5B-Instruct,0.0,0,logiqa,0.5
42,0.91015625,0.4024613345370006,Qwen/Qwen2-1.5B-Instruct,1.0,0,logiqa,0.5
43,0.486328125,0.6148800167035864,Qwen/Qwen2-1.5B-Instruct,1.0,0,logiqa,0.5
44,1.2109375,0.2979178504832066,Qwen/Qwen2-1.5B-Instruct,0.0,0,logiqa,0.5
45,1.09375,0.33495804292529496,Qwen/Qwen2-1.5B-Instruct,0.0,0,logiqa,0.5
46,0.8828125,0.41361797370441067,Qwen/Qwen2-1.5B-Instruct,1.0,0,logiqa,0.5
47,0.69921875,0.49697341264527733,Qwen/Qwen2-1.5B-Instruct,1.0,0,logiqa,0.5
48,1.5078125,0.221393747466153,Qwen/Qwen2-1.5B-Instruct,0.0,0,logiqa,0.5
49,2.671875,0.06912249904327114,Qwen/Qwen2-1.5B-Instruct,0.0,0,logiqa,0.5
50,1.90625,0.1486367305381225,Qwen/Qwen2-1.5B-Instruct,0.0,0,logiqa,0.5
51,1.4609375,0.23201865524727103,Qwen/Qwen2-1.5B-Instruct,0.0,0,logiqa,0.5
52,1.125,0.32465246735834974,Qwen/Qwen2-1.5B-Instruct,1.0,0,logiqa,0.5
53,1.484375,0.22664394888734782,Qwen/Qwen2-1.5B-Instruct,0.0,0,logiqa,0.5
54,4.0625,0.017205950425851383,Qwen/Qwen2-1.5B-Instruct,0.0,0,logiqa,0.5
55,1.4140625,0.2431534629991392,Qwen/Qwen2-1.5B-Instruct,0.0,0,logiqa,0.5
56,1.796875,0.1658162552121675,Qwen/Qwen2-1.5B-Instruct,0.0,0,logiqa,0.5
57,1.296875,0.27338478699614155,Qwen/Qwen2-1.5B-Instruct,0.0,0,logiqa,0.5
58,1.09375,0.33495804292529496,Qwen/Qwen2-1.5B-Instruct,1.0,0,logiqa,0.5
59,2.40625,0.09015273423081638,Qwen/Qwen2-1.5B-Instruct,0.0,0,logiqa,0.5
60,0.0458984375,0.9551389635657673,Qwen/Qwen2-1.5B-Instruct,1.0,0,logiqa,0.5
61,1.65625,0.19085333986431632,Qwen/Qwen2-1.5B-Instruct,0.0,0,logiqa,0.5
62,1.2421875,0.2887518818320782,Qwen/Qwen2-1.5B-Instruct,1.0,0,logiqa,0.5
63,0.2421875,0.7849089933174918,Qwen/Qwen2-1.5B-Instruct,1.0,0,logiqa,0.5
64,1.1875,0.3049827687110593,Qwen/Qwen2-1.5B-Instruct,1.0,0,logiqa,0.5
65,2.734375,0.0649345785355609,Qwen/Qwen2-1.5B-Instruct,0.0,0,logiqa,0.5
66,2.53125,0.07955950871822769,Qwen/Qwen2-1.5B-Instruct,0.0,0,logiqa,0.5
67,1.21875,0.29559943537737077,Qwen/Qwen2-1.5B-Instruct,0.0,0,logiqa,0.5
68,4.65625,0.00950202828005989,Qwen/Qwen2-1.5B-Instruct,0.0,0,logiqa,0.5
69,2.90625,0.05468039736791477,Qwen/Qwen2-1.5B-Instruct,0.0,0,logiqa,0.5
70,5.15625,0.005763271481312824,Qwen/Qwen2-1.5B-Instruct,0.0,0,logiqa,0.5
71,2.015625,0.13323710414756298,Qwen/Qwen2-1.5B-Instruct,0.0,0,logiqa,0.5
72,1.609375,0.2000125828826258,Qwen/Qwen2-1.5B-Instruct,0.0,0,logiqa,0.5
73,2.765625,0.06293675158337987,Qwen/Qwen2-1.5B-Instruct,0.0,0,logiqa,0.5
74,1.78125,0.16842748127818424,Qwen/Qwen2-1.5B-Instruct,0.0,0,logiqa,0.5
75,0.91796875,0.39932935558376886,Qwen/Qwen2-1.5B-Instruct,1.0,0,logiqa,0.5
76,3.546875,0.028814544556403775,Qwen/Qwen2-1.5B-Instruct,0.0,0,logiqa,0.5
77,0.45703125,0.6331605534862997,Qwen/Qwen2-1.5B-Instruct,1.0,0,logiqa,0.5
78,1.0859375,0.3375851514160396,Qwen/Qwen2-1.5B-Instruct,1.0,0,logiqa,0.5
79,0.546875,0.5787555986124843,Qwen/Qwen2-1.5B-Instruct,1.0,0,logiqa,0.5
80,1.953125,0.14183015908734253,Qwen/Qwen2-1.5B-Instruct,0.0,0,logiqa,0.5
1,2.25,0.10539922456186433,Qwen/Qwen2-1.5B-Instruct,0.0,0,logiqa,0.5
2,0.19140625,0.8257970399501007,Qwen/Qwen2-1.5B-Instruct,1.0,0,logiqa,0.5
3,0.55078125,0.5764992443663932,Qwen/Qwen2-1.5B-Instruct,1.0,0,logiqa,0.5
4,4.125,0.016163494588165874,Qwen/Qwen2-1.5B-Instruct,0.0,0,logiqa,0.5
5,2.015625,0.13323710414756298,Qwen/Qwen2-1.5B-Instruct,0.0,0,logiqa,0.5
6,1.28125,0.27768997095378994,Qwen/Qwen2-1.5B-Instruct,0.0,0,logiqa,0.5
7,0.859375,0.4234266412852628,Qwen/Qwen2-1.5B-Instruct,1.0,0,logiqa,0.5
8,3.625,0.026649097336355485,Qwen/Qwen2-1.5B-Instruct,0.0,0,logiqa,0.5
9,0.0966796875,0.9078467542291261,Qwen/Qwen2-1.5B-Instruct,1.0,0,logiqa,0.5
10,1.8359375,0.15946393423094812,Qwen/Qwen2-1.5B-Instruct,0.0,0,logiqa,0.5
11,1.8046875,0.16452586287665122,Qwen/Qwen2-1.5B-Instruct,0.0,0,logiqa,0.5
12,3.03125,0.04825528130927965,Qwen/Qwen2-1.5B-Instruct,0.0,0,logiqa,0.5
13,2.0,0.1353352832366127,Qwen/Qwen2-1.5B-Instruct,0.0,0,logiqa,0.5
14,3.53125,0.029268307607136092,Qwen/Qwen2-1.5B-Instruct,0.0,0,logiqa,0.5
15,1.9375,0.14406365910145327,Qwen/Qwen2-1.5B-Instruct,0.0,0,logiqa,0.5
16,2.125,0.11943296826671962,Qwen/Qwen2-1.5B-Instruct,0.0,0,logiqa,0.5
17,1.671875,0.18789443308700168,Qwen/Qwen2-1.5B-Instruct,0.0,0,logiqa,0.5
18,0.42578125,0.6532592269479727,Qwen/Qwen2-1.5B-Instruct,1.0,0,logiqa,0.5
19,1.59375,0.20316232275153173,Qwen/Qwen2-1.5B-Instruct,0.0,0,logiqa,0.5
20,1.546875,0.21291228619240427,Qwen/Qwen2-1.5B-Instruct,0.0,0,logiqa,0.5
21,3.25,0.03877420783172201,Qwen/Qwen2-1.5B-Instruct,0.0,0,logiqa,0.5
22,2.0,0.1353352832366127,Qwen/Qwen2-1.5B-Instruct,0.0,0,logiqa,0.5
23,4.15625,0.015666196140128895,Qwen/Qwen2-1.5B-Instruct,0.0,0,logiqa,0.5
24,1.484375,0.22664394888734782,Qwen/Qwen2-1.5B-Instruct,0.0,0,logiqa,0.5
25,0.81640625,0.44201730327044453,Qwen/Qwen2-1.5B-Instruct,1.0,0,logiqa,0.5
26,1.875,0.15335496684492847,Qwen/Qwen2-1.5B-Instruct,0.0,0,logiqa,0.5
27,1.6953125,0.18354186323251906,Qwen/Qwen2-1.5B-Instruct,0.0,0,logiqa,0.5
28,1.65625,0.19085333986431632,Qwen/Qwen2-1.5B-Instruct,0.0,0,logiqa,0.5
29,1.6484375,0.1923502211610474,Qwen/Qwen2-1.5B-Instruct,0.0,0,logiqa,0.5
30,2.546875,0.07832605286299588,Qwen/Qwen2-1.5B-Instruct,0.0,0,logiqa,0.5
31,0.494140625,0.6100949824510565,Qwen/Qwen2-1.5B-Instruct,1.0,0,logiqa,0.5
32,0.318359375,0.7273413531419732,Qwen/Qwen2-1.5B-Instruct,1.0,0,logiqa,0.5
33,1.390625,0.2489196812036605,Qwen/Qwen2-1.5B-Instruct,0.0,0,logiqa,0.5
34,1.890625,0.1509774184559146,Qwen/Qwen2-1.5B-Instruct,0.0,0,logiqa,0.5
35,2.515625,0.08081238867682222,Qwen/Qwen2-1.5B-Instruct,0.0,0,logiqa,0.5
36,1.1875,0.3049827687110593,Qwen/Qwen2-1.5B-Instruct,0.0,0,logiqa,0.5
37,0.390625,0.676633846161729,Qwen/Qwen2-1.5B-Instruct,1.0,0,logiqa,0.5
38,3.4375,0.03214494732687607,Qwen/Qwen2-1.5B-Instruct,0.0,0,logiqa,0.5
39,2.875,0.05641613950377735,Qwen/Qwen2-1.5B-Instruct,0.0,0,logiqa,0.5
40,1.546875,0.21291228619240427,Qwen/Qwen2-1.5B-Instruct,0.0,0,logiqa,0.5
41,0.0458984375,0.9551389635657673,Qwen/Qwen2-1.5B-Instruct,1.0,0,logiqa,0.5
42,0.859375,0.4234266412852628,Qwen/Qwen2-1.5B-Instruct,1.0,0,logiqa,0.5
43,1.6328125,0.19537929639047613,Qwen/Qwen2-1.5B-Instruct,0.0,0,logiqa,0.5
44,1.5546875,0.21125538963610227,Qwen/Qwen2-1.5B-Instruct,0.0,0,logiqa,0.5
45,0.515625,0.5971272734216274,Qwen/Qwen2-1.5B-Instruct,1.0,0,logiqa,0.5
46,1.78125,0.16842748127818424,Qwen/Qwen2-1.5B-Instruct,0.0,0,logiqa,0.5
47,0.8828125,0.41361797370441067,Qwen/Qwen2-1.5B-Instruct,1.0,0,logiqa,0.5
48,0.431640625,0.6494427282327384,Qwen/Qwen2-1.5B-Instruct,1.0,0,logiqa,0.5
49,0.515625,0.5971272734216274,Qwen/Qwen2-1.5B-Instruct,1.0,0,logiqa,0.5
50,3.921875,0.019803927546861083,Qwen/Qwen2-1.5B-Instruct,0.0,0,logiqa,0.5
51,1.453125,0.23383840011408472,Qwen/Qwen2-1.5B-Instruct,0.0,0,logiqa,0.5
52,1.171875,0.30978554847668166,Qwen/Qwen2-1.5B-Instruct,0.0,0,logiqa,0.5
53,0.0751953125,0.9275623041230301,Qwen/Qwen2-1.5B-Instruct,1.0,0,logiqa,0.5
54,0.271484375,0.76224719348739,Qwen/Qwen2-1.5B-Instruct,1.0,0,logiqa,0.5
55,1.21875,0.29559943537737077,Qwen/Qwen2-1.5B-Instruct,0.0,0,logiqa,0.5
56,1.359375,0.25682124007865503,Qwen/Qwen2-1.5B-Instruct,0.0,0,logiqa,0.5
57,1.4765625,0.2284215394097245,Qwen/Qwen2-1.5B-Instruct,0.0,0,logiqa,0.5
58,0.486328125,0.6148800167035864,Qwen/Qwen2-1.5B-Instruct,1.0,0,logiqa,0.5
59,0.953125,0.3855343441745787,Qwen/Qwen2-1.5B-Instruct,1.0,0,logiqa,0.5
60,2.140625,0.11758133171956547,Qwen/Qwen2-1.5B-Instruct,0.0,0,logiqa,0.5
61,1.6953125,0.18354186323251906,Qwen/Qwen2-1.5B-Instruct,0.0,0,logiqa,0.5
62,0.023193359375,0.9770735391778969,Qwen/Qwen2-1.5B-Instruct,1.0,0,logiqa,0.5
63,2.734375,0.0649345785355609,Qwen/Qwen2-1.5B-Instruct,0.0,0,logiqa,0.5
64,0.44140625,0.6431313813711866,Qwen/Qwen2-1.5B-Instruct,1.0,0,logiqa,0.5
65,1.90625,0.1486367305381225,Qwen/Qwen2-1.5B-Instruct,0.0,0,logiqa,0.5
66,1.328125,0.26497362135689667,Qwen/Qwen2-1.5B-Instruct,1.0,0,logiqa,0.5
67,1.921875,0.1463323316229146,Qwen/Qwen2-1.5B-Instruct,0.0,0,logiqa,0.5
68,0.96484375,0.3810427330152126,Qwen/Qwen2-1.5B-Instruct,1.0,0,logiqa,0.5
69,0.69140625,0.5008712234296745,Qwen/Qwen2-1.5B-Instruct,1.0,0,logiqa,0.5
70,0.0155029296875,0.9846166221284973,Qwen/Qwen2-1.5B-Instruct,1.0,0,logiqa,0.5
71,1.546875,0.21291228619240427,Qwen/Qwen2-1.5B-Instruct,0.0,0,logiqa,0.5
72,0.6640625,0.514755885208607,Qwen/Qwen2-1.5B-Instruct,1.0,0,logiqa,0.5
73,1.953125,0.14183015908734253,Qwen/Qwen2-1.5B-Instruct,0.0,0,logiqa,0.5
74,0.7890625,0.4542704742837873,Qwen/Qwen2-1.5B-Instruct,1.0,0,logiqa,0.5
75,2.34375,0.09596708604499847,Qwen/Qwen2-1.5B-Instruct,0.0,0,logiqa,0.5
76,1.453125,0.23383840011408472,Qwen/Qwen2-1.5B-Instruct,0.0,0,logiqa,0.5
77,1.3125,0.26914634872918386,Qwen/Qwen2-1.5B-Instruct,0.0,0,logiqa,0.5
78,2.4375,0.08737902619542039,Qwen/Qwen2-1.5B-Instruct,0.0,0,logiqa,0.5
79,1.4140625,0.2431534629991392,Qwen/Qwen2-1.5B-Instruct,0.0,0,logiqa,0.5
80,1.1484375,0.31713190105209277,Qwen/Qwen2-1.5B-Instruct,0.0,0,logiqa,0.5
81,1.3984375,0.24698257287629313,Qwen/Qwen2-1.5B-Instruct,0.0,0,logiqa,0.5
1,3.71875,0.02426427924617674,Qwen/Qwen2-1.5B-Instruct,0.0,0,logiqa,0.5
2,3.46875,0.031155951269699805,Qwen/Qwen2-1.5B-Instruct,0.0,0,logiqa,0.5
3,0.52734375,0.5901705299683179,Qwen/Qwen2-1.5B-Instruct,1.0,0,logiqa,0.5
4,4.59375,0.010114856452604551,Qwen/Qwen2-1.5B-Instruct,0.0,0,logiqa,0.5
5,3.84375,0.021413151278198653,Qwen/Qwen2-1.5B-Instruct,0.0,0,logiqa,0.5
6,3.28125,0.037581250870997916,Qwen/Qwen2-1.5B-Instruct,0.0,0,logiqa,0.5
7,5.0,0.006737946999085467,Qwen/Qwen2-1.5B-Instruct,0.0,0,logiqa,0.5
8,3.40625,0.03316533748891029,Qwen/Qwen2-1.5B-Instruct,0.0,0,logiqa,0.5
9,0.271484375,0.76224719348739,Qwen/Qwen2-1.5B-Instruct,1.0,0,logiqa,0.5
10,1.96875,0.13963128628139898,Qwen/Qwen2-1.5B-Instruct,0.0,0,logiqa,0.5
11,1.421875,0.2412612277378443,Qwen/Qwen2-1.5B-Instruct,0.0,0,logiqa,0.5
12,1.7421875,0.17513686938087475,Qwen/Qwen2-1.5B-Instruct,0.0,0,logiqa,0.5
13,3.3125,0.036424997337364234,Qwen/Qwen2-1.5B-Instruct,0.0,0,logiqa,0.5
14,0.94140625,0.39007890102496307,Qwen/Qwen2-1.5B-Instruct,1.0,0,logiqa,0.5
15,1.9375,0.14406365910145327,Qwen/Qwen2-1.5B-Instruct,0.0,0,logiqa,0.5
16,0.2109375,0.8098246793420792,Qwen/Qwen2-1.5B-Instruct,1.0,0,logiqa,0.5
17,0.6796875,0.5067753349154387,Qwen/Qwen2-1.5B-Instruct,1.0,0,logiqa,0.5
18,0.57421875,0.5631446537543375,Qwen/Qwen2-1.5B-Instruct,1.0,0,logiqa,0.5
19,0.76953125,0.463230156563083,Qwen/Qwen2-1.5B-Instruct,1.0,0,logiqa,0.5
20,1.6953125,0.18354186323251906,Qwen/Qwen2-1.5B-Instruct,0.0,0,logiqa,0.5
21,0.2109375,0.8098246793420792,Qwen/Qwen2-1.5B-Instruct,1.0,0,logiqa,0.5
22,1.3125,0.26914634872918386,Qwen/Qwen2-1.5B-Instruct,0.0,0,logiqa,0.5
23,2.34375,0.09596708604499847,Qwen/Qwen2-1.5B-Instruct,0.0,0,logiqa,0.5
24,5.46875,0.004216499489590926,Qwen/Qwen2-1.5B-Instruct,0.0,0,logiqa,0.5
25,1.8359375,0.15946393423094812,Qwen/Qwen2-1.5B-Instruct,0.0,0,logiqa,0.5
26,0.73046875,0.48168314818692903,Qwen/Qwen2-1.5B-Instruct,1.0,0,logiqa,0.5
27,5.25,0.005247518399181385,Qwen/Qwen2-1.5B-Instruct,0.0,0,logiqa,0.5
28,1.84375,0.15822297604949842,Qwen/Qwen2-1.5B-Instruct,0.0,0,logiqa,0.5
29,1.1171875,0.3271987482181544,Qwen/Qwen2-1.5B-Instruct,1.0,0,logiqa,0.5
30,1.046875,0.3510330150388101,Qwen/Qwen2-1.5B-Instruct,0.0,0,logiqa,0.5
31,1.4609375,0.23201865524727103,Qwen/Qwen2-1.5B-Instruct,0.0,0,logiqa,0.5
32,1.78125,0.16842748127818424,Qwen/Qwen2-1.5B-Instruct,0.0,0,logiqa,0.5
33,1.703125,0.18211352912101367,Qwen/Qwen2-1.5B-Instruct,0.0,0,logiqa,0.5
34,1.734375,0.17651048487186194,Qwen/Qwen2-1.5B-Instruct,0.0,0,logiqa,0.5
35,0.023193359375,0.9770735391778969,Qwen/Qwen2-1.5B-Instruct,1.0,0,logiqa,0.5
36,0.5703125,0.5653487396106142,Qwen/Qwen2-1.5B-Instruct,1.0,0,logiqa,0.5
37,0.08251953125,0.9207934534340386,Qwen/Qwen2-1.5B-Instruct,1.0,0,logiqa,0.5
38,1.171875,0.30978554847668166,Qwen/Qwen2-1.5B-Instruct,1.0,0,logiqa,0.5
39,3.828125,0.021750359344450344,Qwen/Qwen2-1.5B-Instruct,0.0,0,logiqa,0.5
40,0.0155029296875,0.9846166221284973,Qwen/Qwen2-1.5B-Instruct,1.0,0,logiqa,0.5
41,1.46875,0.23021307174736147,Qwen/Qwen2-1.5B-Instruct,0.0,0,logiqa,0.5
42,1.0859375,0.3375851514160396,Qwen/Qwen2-1.5B-Instruct,1.0,0,logiqa,0.5
43,3.78125,0.022794180883612344,Qwen/Qwen2-1.5B-Instruct,0.0,0,logiqa,0.5
44,0.007781982421875,0.9922482188107336,Qwen/Qwen2-1.5B-Instruct,1.0,0,logiqa,0.5
45,1.6640625,0.18936810739025348,Qwen/Qwen2-1.5B-Instruct,0.0,0,logiqa,0.5
46,2.609375,0.07358051721811718,Qwen/Qwen2-1.5B-Instruct,0.0,0,logiqa,0.5
47,3.21875,0.04000503331137926,Qwen/Qwen2-1.5B-Instruct,0.0,0,logiqa,0.5
48,0.05322265625,0.9481688732517508,Qwen/Qwen2-1.5B-Instruct,1.0,0,logiqa,0.5
49,4.03125,0.01775212592162854,Qwen/Qwen2-1.5B-Instruct,0.0,0,logiqa,0.5
50,0.271484375,0.76224719348739,Qwen/Qwen2-1.5B-Instruct,1.0,0,logiqa,0.5
51,1.703125,0.18211352912101367,Qwen/Qwen2-1.5B-Instruct,0.0,0,logiqa,0.5
52,1.359375,0.25682124007865503,Qwen/Qwen2-1.5B-Instruct,0.0,0,logiqa,0.5
53,1.40625,0.2450605392455259,Qwen/Qwen2-1.5B-Instruct,0.0,0,logiqa,0.5
54,0.65625,0.5187931656538893,Qwen/Qwen2-1.5B-Instruct,1.0,0,logiqa,0.5
55,1.5703125,0.207980178394932,Qwen/Qwen2-1.5B-Instruct,0.0,0,logiqa,0.5
56,2.125,0.11943296826671962,Qwen/Qwen2-1.5B-Instruct,0.0,0,logiqa,0.5
57,0.8828125,0.41361797370441067,Qwen/Qwen2-1.5B-Instruct,1.0,0,logiqa,0.5
58,1.921875,0.1463323316229146,Qwen/Qwen2-1.5B-Instruct,0.0,0,logiqa,0.5
59,1.859375,0.15576995617312325,Qwen/Qwen2-1.5B-Instruct,0.0,0,logiqa,0.5
60,0.25390625,0.7757645265618263,Qwen/Qwen2-1.5B-Instruct,1.0,0,logiqa,0.5
61,1.578125,0.20636166380601706,Qwen/Qwen2-1.5B-Instruct,0.0,0,logiqa,0.5
62,2.125,0.11943296826671962,Qwen/Qwen2-1.5B-Instruct,0.0,0,logiqa,0.5
63,2.625,0.07243975703425146,Qwen/Qwen2-1.5B-Instruct,0.0,0,logiqa,0.5
64,2.578125,0.0759162135601666,Qwen/Qwen2-1.5B-Instruct,0.0,0,logiqa,0.5
65,1.6640625,0.18936810739025348,Qwen/Qwen2-1.5B-Instruct,0.0,0,logiqa,0.5
66,1.4609375,0.23201865524727103,Qwen/Qwen2-1.5B-Instruct,0.0,0,logiqa,0.5
67,0.55078125,0.5764992443663932,Qwen/Qwen2-1.5B-Instruct,1.0,0,logiqa,0.5
68,3.390625,0.03368761555886473,Qwen/Qwen2-1.5B-Instruct,0.0,0,logiqa,0.5
69,1.1015625,0.3323513787550223,Qwen/Qwen2-1.5B-Instruct,1.0,0,logiqa,0.5
70,3.265625,0.03817306945803752,Qwen/Qwen2-1.5B-Instruct,0.0,0,logiqa,0.5
71,1.46875,0.23021307174736147,Qwen/Qwen2-1.5B-Instruct,0.0,0,logiqa,0.5
72,1.359375,0.25682124007865503,Qwen/Qwen2-1.5B-Instruct,0.0,0,logiqa,0.5
73,5.1875,0.0055859542589981,Qwen/Qwen2-1.5B-Instruct,0.0,0,logiqa,0.5
74,2.625,0.07243975703425146,Qwen/Qwen2-1.5B-Instruct,0.0,0,logiqa,0.5
75,1.984375,0.13746650383851944,Qwen/Qwen2-1.5B-Instruct,0.0,0,logiqa,0.5
76,2.59375,0.0747392417609257,Qwen/Qwen2-1.5B-Instruct,0.0,0,logiqa,0.5
77,1.8125,0.1632455124539584,Qwen/Qwen2-1.5B-Instruct,0.0,0,logiqa,0.5
78,0.98828125,0.372215887611955,Qwen/Qwen2-1.5B-Instruct,1.0,0,logiqa,0.5
79,0.578125,0.5609491608144708,Qwen/Qwen2-1.5B-Instruct,1.0,0,logiqa,0.5
80,0.216796875,0.8050934873117519,Qwen/Qwen2-1.5B-Instruct,1.0,0,logiqa,0.5
81,1.984375,0.13746650383851944,Qwen/Qwen2-1.5B-Instruct,0.0,0,logiqa,0.5
1,3.75,0.023517745856009107,Qwen/Qwen2-1.5B-Instruct,0.0,0,logiqa,0.5
2,1.3984375,0.24698257287629313,Qwen/Qwen2-1.5B-Instruct,0.0,0,logiqa,0.5
3,1.5625,0.2096113871510978,Qwen/Qwen2-1.5B-Instruct,0.0,0,logiqa,0.5
4,0.3515625,0.7035878743456275,Qwen/Qwen2-1.5B-Instruct,1.0,0,logiqa,0.5
5,0.369140625,0.6913281855882473,Qwen/Qwen2-1.5B-Instruct,1.0,0,logiqa,0.5
6,0.70703125,0.49310593486505433,Qwen/Qwen2-1.5B-Instruct,0.0,0,logiqa,0.5
7,3.8125,0.022092877665062443,Qwen/Qwen2-1.5B-Instruct,0.0,0,logiqa,0.5
8,2.875,0.05641613950377735,Qwen/Qwen2-1.5B-Instruct,0.0,0,logiqa,0.5
9,1.46875,0.23021307174736147,Qwen/Qwen2-1.5B-Instruct,0.0,0,logiqa,0.5
10,0.98828125,0.372215887611955,Qwen/Qwen2-1.5B-Instruct,0.0,0,logiqa,0.5
11,1.53125,0.2162651668298873,Qwen/Qwen2-1.5B-Instruct,0.0,0,logiqa,0.5
12,0.87890625,0.4152368286818413,Qwen/Qwen2-1.5B-Instruct,1.0,0,logiqa,0.5
13,2.375,0.09301448921066349,Qwen/Qwen2-1.5B-Instruct,0.0,0,logiqa,0.5
14,2.0625,0.1271357329320356,Qwen/Qwen2-1.5B-Instruct,0.0,0,logiqa,0.5
15,1.75,0.17377394345044514,Qwen/Qwen2-1.5B-Instruct,0.0,0,logiqa,0.5
16,0.265625,0.76672659607082,Qwen/Qwen2-1.5B-Instruct,1.0,0,logiqa,0.5
17,2.0,0.1353352832366127,Qwen/Qwen2-1.5B-Instruct,0.0,0,logiqa,0.5
18,1.5625,0.2096113871510978,Qwen/Qwen2-1.5B-Instruct,0.0,0,logiqa,0.5
19,2.546875,0.07832605286299588,Qwen/Qwen2-1.5B-Instruct,0.0,0,logiqa,0.5
20,1.421875,0.2412612277378443,Qwen/Qwen2-1.5B-Instruct,0.0,0,logiqa,0.5
21,2.828125,0.059123606568473756,Qwen/Qwen2-1.5B-Instruct,0.0,0,logiqa,0.5
22,2.78125,0.061961007690531984,Qwen/Qwen2-1.5B-Instruct,0.0,0,logiqa,0.5
23,0.81640625,0.44201730327044453,Qwen/Qwen2-1.5B-Instruct,1.0,0,logiqa,0.5
24,3.78125,0.022794180883612344,Qwen/Qwen2-1.5B-Instruct,0.0,0,logiqa,0.5
25,0.060546875,0.941249646907103,Qwen/Qwen2-1.5B-Instruct,1.0,0,logiqa,0.5
26,2.109375,0.1213137638466268,Qwen/Qwen2-1.5B-Instruct,0.0,0,logiqa,0.5
27,3.203125,0.040635020917967515,Qwen/Qwen2-1.5B-Instruct,0.0,0,logiqa,0.5
28,2.0,0.1353352832366127,Qwen/Qwen2-1.5B-Instruct,0.0,0,logiqa,0.5
29,0.1318359375,0.8764847815685415,Qwen/Qwen2-1.5B-Instruct,1.0,0,logiqa,0.5
30,0.76171875,0.46686331570996537,Qwen/Qwen2-1.5B-Instruct,1.0,0,logiqa,0.5
31,1.78125,0.16842748127818424,Qwen/Qwen2-1.5B-Instruct,0.0,0,logiqa,0.5
32,0.82421875,0.43857749732635326,Qwen/Qwen2-1.5B-Instruct,0.0,0,logiqa,0.5
33,3.328125,0.035860280096566576,Qwen/Qwen2-1.5B-Instruct,0.0,0,logiqa,0.5
34,3.1875,0.04127492938579755,Qwen/Qwen2-1.5B-Instruct,0.0,0,logiqa,0.5
35,0.421875,0.6558160112715016,Qwen/Qwen2-1.5B-Instruct,1.0,0,logiqa,0.5
36,1.84375,0.15822297604949842,Qwen/Qwen2-1.5B-Instruct,0.0,0,logiqa,0.5
37,0.060546875,0.941249646907103,Qwen/Qwen2-1.5B-Instruct,1.0,0,logiqa,0.5
38,2.484375,0.08337764926156645,Qwen/Qwen2-1.5B-Instruct,0.0,0,logiqa,0.5
39,1.734375,0.17651048487186194,Qwen/Qwen2-1.5B-Instruct,0.0,0,logiqa,0.5
40,1.875,0.15335496684492847,Qwen/Qwen2-1.5B-Instruct,0.0,0,logiqa,0.5
41,1.578125,0.20636166380601706,Qwen/Qwen2-1.5B-Instruct,0.0,0,logiqa,0.5
42,1.84375,0.15822297604949842,Qwen/Qwen2-1.5B-Instruct,0.0,0,logiqa,0.5
43,1.15625,0.314663961018459,Qwen/Qwen2-1.5B-Instruct,0.0,0,logiqa,0.5
44,5.375,0.004630918733533246,Qwen/Qwen2-1.5B-Instruct,0.0,0,logiqa,0.5
45,3.4375,0.03214494732687607,Qwen/Qwen2-1.5B-Instruct,0.0,0,logiqa,0.5
46,2.625,0.07243975703425146,Qwen/Qwen2-1.5B-Instruct,0.0,0,logiqa,0.5
47,0.060546875,0.941249646907103,Qwen/Qwen2-1.5B-Instruct,1.0,0,logiqa,0.5
48,1.3828125,0.25087198245993886,Qwen/Qwen2-1.5B-Instruct,0.0,0,logiqa,0.5
49,1.53125,0.2162651668298873,Qwen/Qwen2-1.5B-Instruct,0.0,0,logiqa,0.5
50,3.4375,0.03214494732687607,Qwen/Qwen2-1.5B-Instruct,0.0,0,logiqa,0.5
51,0.5546875,0.5742516868118521,Qwen/Qwen2-1.5B-Instruct,1.0,0,logiqa,0.5
52,1.875,0.15335496684492847,Qwen/Qwen2-1.5B-Instruct,0.0,0,logiqa,0.5
53,2.796875,0.06100039130459344,Qwen/Qwen2-1.5B-Instruct,0.0,0,logiqa,0.5
54,1.65625,0.19085333986431632,Qwen/Qwen2-1.5B-Instruct,0.0,0,logiqa,0.5
55,0.416015625,0.6596699630606897,Qwen/Qwen2-1.5B-Instruct,1.0,0,logiqa,0.5
56,1.0078125,0.36501658064745907,Qwen/Qwen2-1.5B-Instruct,1.0,0,logiqa,0.5
57,2.296875,0.10057264266491435,Qwen/Qwen2-1.5B-Instruct,0.0,0,logiqa,0.5
58,2.5,0.0820849986238988,Qwen/Qwen2-1.5B-Instruct,0.0,0,logiqa,0.5
59,2.78125,0.061961007690531984,Qwen/Qwen2-1.5B-Instruct,0.0,0,logiqa,0.5
60,4.09375,0.016676578983487567,Qwen/Qwen2-1.5B-Instruct,0.0,0,logiqa,0.5
61,0.03076171875,0.9697066084520289,Qwen/Qwen2-1.5B-Instruct,1.0,0,logiqa,0.5
62,1.9296875,0.14519356438370257,Qwen/Qwen2-1.5B-Instruct,0.0,0,logiqa,0.5
63,0.9765625,0.3766034507108804,Qwen/Qwen2-1.5B-Instruct,1.0,0,logiqa,0.5
64,0.640625,0.5269629692433709,Qwen/Qwen2-1.5B-Instruct,1.0,0,logiqa,0.5
65,2.28125,0.1021564313333943,Qwen/Qwen2-1.5B-Instruct,0.0,0,logiqa,0.5
66,1.28125,0.27768997095378994,Qwen/Qwen2-1.5B-Instruct,0.0,0,logiqa,0.5
67,5.375,0.004630918733533246,Qwen/Qwen2-1.5B-Instruct,0.0,0,logiqa,0.5
68,0.73046875,0.48168314818692903,Qwen/Qwen2-1.5B-Instruct,1.0,0,logiqa,0.5
69,1.109375,0.3297649998062575,Qwen/Qwen2-1.5B-Instruct,1.0,0,logiqa,0.5
70,1.6328125,0.19537929639047613,Qwen/Qwen2-1.5B-Instruct,0.0,0,logiqa,0.5
71,1.2734375,0.27986792038923625,Qwen/Qwen2-1.5B-Instruct,1.0,0,logiqa,0.5
72,0.8515625,0.4267476175926629,Qwen/Qwen2-1.5B-Instruct,0.0,0,logiqa,0.5
73,2.6875,0.0680508540250102,Qwen/Qwen2-1.5B-Instruct,0.0,0,logiqa,0.5
74,0.2294921875,0.7949371790602927,Qwen/Qwen2-1.5B-Instruct,1.0,0,logiqa,0.5
75,2.46875,0.0846906561847805,Qwen/Qwen2-1.5B-Instruct,0.0,0,logiqa,0.5
76,1.6796875,0.18643222700816212,Qwen/Qwen2-1.5B-Instruct,0.0,0,logiqa,0.5
77,0.45703125,0.6331605534862997,Qwen/Qwen2-1.5B-Instruct,1.0,0,logiqa,0.5
78,1.21875,0.29559943537737077,Qwen/Qwen2-1.5B-Instruct,0.0,0,logiqa,0.5
79,4.40625,0.012200845821682604,Qwen/Qwen2-1.5B-Instruct,0.0,0,logiqa,0.5
80,1.1875,0.3049827687110593,Qwen/Qwen2-1.5B-Instruct,0.0,0,logiqa,0.5
81,0.5546875,0.5742516868118521,Qwen/Qwen2-1.5B-Instruct,1.0,0,logiqa,0.5
82,4.28125,0.013825369568946493,Qwen/Qwen2-1.5B-Instruct,0.0,0,logiqa,0.5
83,2.84375,0.058206980009571974,Qwen/Qwen2-1.5B-Instruct,0.0,0,logiqa,0.5
84,0.8828125,0.41361797370441067,Qwen/Qwen2-1.5B-Instruct,1.0,0,logiqa,0.5
85,1.484375,0.22664394888734782,Qwen/Qwen2-1.5B-Instruct,0.0,0,logiqa,0.5
1,1.0546875,0.34830125444308524,Qwen/Qwen2-1.5B-Instruct,1.0,0,logiqa,0.5
2,1.3828125,0.25087198245993886,Qwen/Qwen2-1.5B-Instruct,0.0,0,logiqa,0.5
3,1.6328125,0.19537929639047613,Qwen/Qwen2-1.5B-Instruct,0.0,0,logiqa,0.5
4,4.6875,0.00920968160396814,Qwen/Qwen2-1.5B-Instruct,0.0,0,logiqa,0.5
5,2.1875,0.11219689052034373,Qwen/Qwen2-1.5B-Instruct,0.0,0,logiqa,0.5
6,3.65625,0.025829190807190754,Qwen/Qwen2-1.5B-Instruct,0.0,0,logiqa,0.5
7,0.890625,0.41039917309637,Qwen/Qwen2-1.5B-Instruct,0.0,0,logiqa,0.5
8,2.84375,0.058206980009571974,Qwen/Qwen2-1.5B-Instruct,0.0,0,logiqa,0.5
9,3.28125,0.037581250870997916,Qwen/Qwen2-1.5B-Instruct,0.0,0,logiqa,0.5
10,0.451171875,0.6368813687851224,Qwen/Qwen2-1.5B-Instruct,1.0,0,logiqa,0.5
11,0.03076171875,0.9697066084520289,Qwen/Qwen2-1.5B-Instruct,1.0,0,logiqa,0.5
12,0.341796875,0.7104925088436513,Qwen/Qwen2-1.5B-Instruct,1.0,0,logiqa,0.5
13,2.109375,0.1213137638466268,Qwen/Qwen2-1.5B-Instruct,0.0,0,logiqa,0.5
14,2.09375,0.12322417764723749,Qwen/Qwen2-1.5B-Instruct,0.0,0,logiqa,0.5
15,1.578125,0.20636166380601706,Qwen/Qwen2-1.5B-Instruct,0.0,0,logiqa,0.5
16,0.39453125,0.673995900791531,Qwen/Qwen2-1.5B-Instruct,1.0,0,logiqa,0.5
17,1.0546875,0.34830125444308524,Qwen/Qwen2-1.5B-Instruct,1.0,0,logiqa,0.5
18,2.875,0.05641613950377735,Qwen/Qwen2-1.5B-Instruct,0.0,0,logiqa,0.5
19,2.625,0.07243975703425146,Qwen/Qwen2-1.5B-Instruct,0.0,0,logiqa,0.5
20,2.21875,0.10874495509722103,Qwen/Qwen2-1.5B-Instruct,0.0,0,logiqa,0.5
21,4.25,0.014264233908999256,Qwen/Qwen2-1.5B-Instruct,0.0,0,logiqa,0.5
22,1.46875,0.23021307174736147,Qwen/Qwen2-1.5B-Instruct,0.0,0,logiqa,0.5
23,0.82421875,0.43857749732635326,Qwen/Qwen2-1.5B-Instruct,1.0,0,logiqa,0.5
24,2.734375,0.0649345785355609,Qwen/Qwen2-1.5B-Instruct,0.0,0,logiqa,0.5
25,1.578125,0.20636166380601706,Qwen/Qwen2-1.5B-Instruct,0.0,0,logiqa,0.5
26,1.3671875,0.2548226413322821,Qwen/Qwen2-1.5B-Instruct,0.0,0,logiqa,0.5
27,3.96875,0.018897039677585683,Qwen/Qwen2-1.5B-Instruct,0.0,0,logiqa,0.5
28,1.328125,0.26497362135689667,Qwen/Qwen2-1.5B-Instruct,0.0,0,logiqa,0.5
29,1.3125,0.26914634872918386,Qwen/Qwen2-1.5B-Instruct,0.0,0,logiqa,0.5
30,4.71875,0.008926329489511324,Qwen/Qwen2-1.5B-Instruct,0.0,0,logiqa,0.5
31,3.421875,0.03265115658991408,Qwen/Qwen2-1.5B-Instruct,0.0,0,logiqa,0.5
32,1.453125,0.23383840011408472,Qwen/Qwen2-1.5B-Instruct,0.0,0,logiqa,0.5
33,2.5,0.0820849986238988,Qwen/Qwen2-1.5B-Instruct,0.0,0,logiqa,0.5
34,2.515625,0.08081238867682222,Qwen/Qwen2-1.5B-Instruct,0.0,0,logiqa,0.5
35,1.84375,0.15822297604949842,Qwen/Qwen2-1.5B-Instruct,0.0,0,logiqa,0.5
36,0.03076171875,0.9697066084520289,Qwen/Qwen2-1.5B-Instruct,1.0,0,logiqa,0.5
37,1.390625,0.2489196812036605,Qwen/Qwen2-1.5B-Instruct,0.0,0,logiqa,0.5
38,1.609375,0.2000125828826258,Qwen/Qwen2-1.5B-Instruct,0.0,0,logiqa,0.5
39,2.90625,0.05468039736791477,Qwen/Qwen2-1.5B-Instruct,0.0,0,logiqa,0.5
40,1.796875,0.1658162552121675,Qwen/Qwen2-1.5B-Instruct,0.0,0,logiqa,0.5
41,2.609375,0.07358051721811718,Qwen/Qwen2-1.5B-Instruct,0.0,0,logiqa,0.5
42,3.78125,0.022794180883612344,Qwen/Qwen2-1.5B-Instruct,0.0,0,logiqa,0.5
43,1.984375,0.13746650383851944,Qwen/Qwen2-1.5B-Instruct,0.0,0,logiqa,0.5
44,2.34375,0.09596708604499847,Qwen/Qwen2-1.5B-Instruct,0.0,0,logiqa,0.5
45,1.421875,0.2412612277378443,Qwen/Qwen2-1.5B-Instruct,0.0,0,logiqa,0.5
46,1.15625,0.314663961018459,Qwen/Qwen2-1.5B-Instruct,0.0,0,logiqa,0.5
47,0.91015625,0.4024613345370006,Qwen/Qwen2-1.5B-Instruct,1.0,0,logiqa,0.5
48,3.625,0.026649097336355485,Qwen/Qwen2-1.5B-Instruct,0.0,0,logiqa,0.5
49,1.828125,0.16071462536804407,Qwen/Qwen2-1.5B-Instruct,0.0,0,logiqa,0.5
50,0.1982421875,0.8201711938713908,Qwen/Qwen2-1.5B-Instruct,1.0,0,logiqa,0.5
51,1.09375,0.33495804292529496,Qwen/Qwen2-1.5B-Instruct,1.0,0,logiqa,0.5
52,3.609375,0.027068759555306635,Qwen/Qwen2-1.5B-Instruct,0.0,0,logiqa,0.5
53,0.0751953125,0.9275623041230301,Qwen/Qwen2-1.5B-Instruct,1.0,0,logiqa,0.5
54,0.64453125,0.5249085353233612,Qwen/Qwen2-1.5B-Instruct,1.0,0,logiqa,0.5
55,0.8984375,0.407205421393389,Qwen/Qwen2-1.5B-Instruct,1.0,0,logiqa,0.5
56,1.2421875,0.2887518818320782,Qwen/Qwen2-1.5B-Instruct,1.0,0,logiqa,0.5
57,1.796875,0.1658162552121675,Qwen/Qwen2-1.5B-Instruct,0.0,0,logiqa,0.5
58,1.359375,0.25682124007865503,Qwen/Qwen2-1.5B-Instruct,0.0,0,logiqa,0.5
59,2.5625,0.07711171996831671,Qwen/Qwen2-1.5B-Instruct,0.0,0,logiqa,0.5
60,3.0625,0.04677062238395898,Qwen/Qwen2-1.5B-Instruct,0.0,0,logiqa,0.5
61,1.171875,0.30978554847668166,Qwen/Qwen2-1.5B-Instruct,0.0,0,logiqa,0.5
62,1.875,0.15335496684492847,Qwen/Qwen2-1.5B-Instruct,0.0,0,logiqa,0.5
63,6.375,0.001703619795802574,Qwen/Qwen2-1.5B-Instruct,0.0,0,logiqa,0.5
64,1.0078125,0.36501658064745907,Qwen/Qwen2-1.5B-Instruct,1.0,0,logiqa,0.5
65,1.609375,0.2000125828826258,Qwen/Qwen2-1.5B-Instruct,0.0,0,logiqa,0.5
66,2.390625,0.09157243321777621,Qwen/Qwen2-1.5B-Instruct,0.0,0,logiqa,0.5
67,1.4765625,0.2284215394097245,Qwen/Qwen2-1.5B-Instruct,0.0,0,logiqa,0.5
68,1.75,0.17377394345044514,Qwen/Qwen2-1.5B-Instruct,0.0,0,logiqa,0.5
69,1.234375,0.29101659090983195,Qwen/Qwen2-1.5B-Instruct,0.0,0,logiqa,0.5
70,1.484375,0.22664394888734782,Qwen/Qwen2-1.5B-Instruct,0.0,0,logiqa,0.5
71,3.0,0.049787068367863944,Qwen/Qwen2-1.5B-Instruct,0.0,0,logiqa,0.5
72,0.96484375,0.3810427330152126,Qwen/Qwen2-1.5B-Instruct,1.0,0,logiqa,0.5
73,1.234375,0.29101659090983195,Qwen/Qwen2-1.5B-Instruct,0.0,0,logiqa,0.5
74,3.0625,0.04677062238395898,Qwen/Qwen2-1.5B-Instruct,0.0,0,logiqa,0.5
75,1.015625,0.3621759990808257,Qwen/Qwen2-1.5B-Instruct,1.0,0,logiqa,0.5
76,1.8984375,0.14980250286418162,Qwen/Qwen2-1.5B-Instruct,0.0,0,logiqa,0.5
77,3.53125,0.029268307607136092,Qwen/Qwen2-1.5B-Instruct,0.0,0,logiqa,0.5
78,2.734375,0.0649345785355609,Qwen/Qwen2-1.5B-Instruct,0.0,0,logiqa,0.5
79,2.71875,0.06595714935553817,Qwen/Qwen2-1.5B-Instruct,0.0,0,logiqa,0.5
80,4.375,0.012588142242433998,Qwen/Qwen2-1.5B-Instruct,0.0,0,logiqa,0.5
1,0.11767578125,0.8889842312518604,Qwen/Qwen2-1.5B-Instruct,1.0,0,logiqa,0.5
2,3.875,0.020754337873699742,Qwen/Qwen2-1.5B-Instruct,0.0,0,logiqa,0.5
3,2.328125,0.0974783477499485,Qwen/Qwen2-1.5B-Instruct,0.0,0,logiqa,0.5
4,4.71875,0.008926329489511324,Qwen/Qwen2-1.5B-Instruct,0.0,0,logiqa,0.5
5,0.007781982421875,0.9922482188107336,Qwen/Qwen2-1.5B-Instruct,1.0,0,logiqa,0.5
6,1.546875,0.21291228619240427,Qwen/Qwen2-1.5B-Instruct,0.0,0,logiqa,0.5
7,0.023193359375,0.9770735391778969,Qwen/Qwen2-1.5B-Instruct,1.0,0,logiqa,0.5
8,1.453125,0.23383840011408472,Qwen/Qwen2-1.5B-Instruct,0.0,0,logiqa,0.5
9,1.6171875,0.19845607261390505,Qwen/Qwen2-1.5B-Instruct,0.0,0,logiqa,0.5
10,0.76953125,0.463230156563083,Qwen/Qwen2-1.5B-Instruct,1.0,0,logiqa,0.5
11,0.1982421875,0.8201711938713908,Qwen/Qwen2-1.5B-Instruct,1.0,0,logiqa,0.5
12,3.90625,0.02011579402674089,Qwen/Qwen2-1.5B-Instruct,0.0,0,logiqa,0.5
13,1.1796875,0.30737477821235176,Qwen/Qwen2-1.5B-Instruct,1.0,0,logiqa,0.5
14,1.421875,0.2412612277378443,Qwen/Qwen2-1.5B-Instruct,0.0,0,logiqa,0.5
15,2.59375,0.0747392417609257,Qwen/Qwen2-1.5B-Instruct,0.0,0,logiqa,0.5
16,2.984375,0.050571100611906464,Qwen/Qwen2-1.5B-Instruct,0.0,0,logiqa,0.5
17,2.765625,0.06293675158337987,Qwen/Qwen2-1.5B-Instruct,0.0,0,logiqa,0.5
18,1.671875,0.18789443308700168,Qwen/Qwen2-1.5B-Instruct,0.0,0,logiqa,0.5
19,1.1328125,0.3221260018134028,Qwen/Qwen2-1.5B-Instruct,1.0,0,logiqa,0.5
20,1.09375,0.33495804292529496,Qwen/Qwen2-1.5B-Instruct,0.0,0,logiqa,0.5
21,2.65625,0.07021102001498804,Qwen/Qwen2-1.5B-Instruct,0.0,0,logiqa,0.5
22,1.5546875,0.21125538963610227,Qwen/Qwen2-1.5B-Instruct,0.0,0,logiqa,0.5
23,2.421875,0.08875504563653425,Qwen/Qwen2-1.5B-Instruct,0.0,0,logiqa,0.5
24,1.625,0.19691167520419406,Qwen/Qwen2-1.5B-Instruct,0.0,0,logiqa,0.5
25,0.52734375,0.5901705299683179,Qwen/Qwen2-1.5B-Instruct,1.0,0,logiqa,0.5
26,1.7734375,0.16974847438608623,Qwen/Qwen2-1.5B-Instruct,0.0,0,logiqa,0.5
27,1.5,0.22313016014842982,Qwen/Qwen2-1.5B-Instruct,0.0,0,logiqa,0.5
28,0.74609375,0.4742153431555798,Qwen/Qwen2-1.5B-Instruct,1.0,0,logiqa,0.5
29,1.546875,0.21291228619240427,Qwen/Qwen2-1.5B-Instruct,0.0,0,logiqa,0.5
30,0.158203125,0.8536763613451477,Qwen/Qwen2-1.5B-Instruct,1.0,0,logiqa,0.5
31,2.03125,0.13117145431019428,Qwen/Qwen2-1.5B-Instruct,0.0,0,logiqa,0.5
32,1.21875,0.29559943537737077,Qwen/Qwen2-1.5B-Instruct,0.0,0,logiqa,0.5
33,0.921875,0.39777251796661167,Qwen/Qwen2-1.5B-Instruct,1.0,0,logiqa,0.5
34,4.1875,0.015184197956837946,Qwen/Qwen2-1.5B-Instruct,0.0,0,logiqa,0.5
35,3.953125,0.019194624751579337,Qwen/Qwen2-1.5B-Instruct,0.0,0,logiqa,0.5
36,0.84375,0.43009464064006225,Qwen/Qwen2-1.5B-Instruct,1.0,0,logiqa,0.5
37,3.65625,0.025829190807190754,Qwen/Qwen2-1.5B-Instruct,0.0,0,logiqa,0.5
38,2.15625,0.11575840213626322,Qwen/Qwen2-1.5B-Instruct,0.0,0,logiqa,0.5
39,1.40625,0.2450605392455259,Qwen/Qwen2-1.5B-Instruct,0.0,0,logiqa,0.5
40,3.671875,0.025428746320412147,Qwen/Qwen2-1.5B-Instruct,0.0,0,logiqa,0.5
41,3.234375,0.039384812757335554,Qwen/Qwen2-1.5B-Instruct,0.0,0,logiqa,0.5
42,3.1875,0.04127492938579755,Qwen/Qwen2-1.5B-Instruct,0.0,0,logiqa,0.5
43,2.0625,0.1271357329320356,Qwen/Qwen2-1.5B-Instruct,0.0,0,logiqa,0.5
44,4.4375,0.011825465259096618,Qwen/Qwen2-1.5B-Instruct,0.0,0,logiqa,0.5
45,2.765625,0.06293675158337987,Qwen/Qwen2-1.5B-Instruct,0.0,0,logiqa,0.5
46,1.5078125,0.221393747466153,Qwen/Qwen2-1.5B-Instruct,0.0,0,logiqa,0.5
47,3.9375,0.019496896108597995,Qwen/Qwen2-1.5B-Instruct,0.0,0,logiqa,0.5
48,2.125,0.11943296826671962,Qwen/Qwen2-1.5B-Instruct,0.0,0,logiqa,0.5
49,1.28125,0.27768997095378994,Qwen/Qwen2-1.5B-Instruct,0.0,0,logiqa,0.5
50,2.4375,0.08737902619542039,Qwen/Qwen2-1.5B-Instruct,0.0,0,logiqa,0.5
51,2.671875,0.06912249904327114,Qwen/Qwen2-1.5B-Instruct,0.0,0,logiqa,0.5
52,2.40625,0.09015273423081638,Qwen/Qwen2-1.5B-Instruct,0.0,0,logiqa,0.5
53,1.03125,0.356560980663947,Qwen/Qwen2-1.5B-Instruct,0.0,0,logiqa,0.5
54,2.25,0.10539922456186433,Qwen/Qwen2-1.5B-Instruct,0.0,0,logiqa,0.5
55,5.15625,0.005763271481312824,Qwen/Qwen2-1.5B-Instruct,0.0,0,logiqa,0.5
56,1.734375,0.17651048487186194,Qwen/Qwen2-1.5B-Instruct,0.0,0,logiqa,0.5
57,2.671875,0.06912249904327114,Qwen/Qwen2-1.5B-Instruct,0.0,0,logiqa,0.5
58,0.259765625,0.7712323221982079,Qwen/Qwen2-1.5B-Instruct,1.0,0,logiqa,0.5
59,1.03125,0.356560980663947,Qwen/Qwen2-1.5B-Instruct,1.0,0,logiqa,0.5
60,1.4296875,0.23938371796817895,Qwen/Qwen2-1.5B-Instruct,0.0,0,logiqa,0.5
61,1.2265625,0.29329906232102687,Qwen/Qwen2-1.5B-Instruct,0.0,0,logiqa,0.5
62,3.3125,0.036424997337364234,Qwen/Qwen2-1.5B-Instruct,0.0,0,logiqa,0.5
63,0.318359375,0.7273413531419732,Qwen/Qwen2-1.5B-Instruct,1.0,0,logiqa,0.5
64,3.421875,0.03265115658991408,Qwen/Qwen2-1.5B-Instruct,0.0,0,logiqa,0.5
65,2.34375,0.09596708604499847,Qwen/Qwen2-1.5B-Instruct,0.0,0,logiqa,0.5
66,0.859375,0.4234266412852628,Qwen/Qwen2-1.5B-Instruct,1.0,0,logiqa,0.5
67,1.78125,0.16842748127818424,Qwen/Qwen2-1.5B-Instruct,0.0,0,logiqa,0.5
68,2.125,0.11943296826671962,Qwen/Qwen2-1.5B-Instruct,0.0,0,logiqa,0.5
69,0.10400390625,0.9012217770167625,Qwen/Qwen2-1.5B-Instruct,1.0,0,logiqa,0.5
70,1.2421875,0.2887518818320782,Qwen/Qwen2-1.5B-Instruct,0.0,0,logiqa,0.5
71,0.69140625,0.5008712234296745,Qwen/Qwen2-1.5B-Instruct,1.0,0,logiqa,0.5
72,0.83984375,0.43177798346854385,Qwen/Qwen2-1.5B-Instruct,1.0,0,logiqa,0.5
73,1.6484375,0.1923502211610474,Qwen/Qwen2-1.5B-Instruct,0.0,0,logiqa,0.5
74,1.0703125,0.34290134400373157,Qwen/Qwen2-1.5B-Instruct,1.0,0,logiqa,0.5
75,1.9296875,0.14519356438370257,Qwen/Qwen2-1.5B-Instruct,0.0,0,logiqa,0.5
76,0.0751953125,0.9275623041230301,Qwen/Qwen2-1.5B-Instruct,1.0,0,logiqa,0.5
77,1.46875,0.23021307174736147,Qwen/Qwen2-1.5B-Instruct,0.0,0,logiqa,0.5
78,1.78125,0.16842748127818424,Qwen/Qwen2-1.5B-Instruct,0.0,0,logiqa,0.5
1,0.4765625,0.6209141198060958,Qwen/Qwen2-1.5B-Instruct,1.0,0,logiqa,0.5
2,1.125,0.32465246735834974,Qwen/Qwen2-1.5B-Instruct,0.0,0,logiqa,0.5
3,6.375,0.001703619795802574,Qwen/Qwen2-1.5B-Instruct,0.0,0,logiqa,0.5
4,4.65625,0.00950202828005989,Qwen/Qwen2-1.5B-Instruct,0.0,0,logiqa,0.5
5,1.078125,0.34023286457404905,Qwen/Qwen2-1.5B-Instruct,0.0,0,logiqa,0.5
6,1.421875,0.2412612277378443,Qwen/Qwen2-1.5B-Instruct,0.0,0,logiqa,0.5
7,1.8828125,0.1521615490248429,Qwen/Qwen2-1.5B-Instruct,0.0,0,logiqa,0.5
8,2.75,0.06392786120670757,Qwen/Qwen2-1.5B-Instruct,0.0,0,logiqa,0.5
9,1.1875,0.3049827687110593,Qwen/Qwen2-1.5B-Instruct,0.0,0,logiqa,0.5
10,2.421875,0.08875504563653425,Qwen/Qwen2-1.5B-Instruct,0.0,0,logiqa,0.5
11,3.125,0.04393693362340742,Qwen/Qwen2-1.5B-Instruct,0.0,0,logiqa,0.5
12,1.265625,0.28206295169381546,Qwen/Qwen2-1.5B-Instruct,0.0,0,logiqa,0.5
13,2.59375,0.0747392417609257,Qwen/Qwen2-1.5B-Instruct,0.0,0,logiqa,0.5
14,0.859375,0.4234266412852628,Qwen/Qwen2-1.5B-Instruct,1.0,0,logiqa,0.5
15,5.1875,0.0055859542589981,Qwen/Qwen2-1.5B-Instruct,0.0,0,logiqa,0.5
16,1.75,0.17377394345044514,Qwen/Qwen2-1.5B-Instruct,0.0,0,logiqa,0.5
17,1.328125,0.26497362135689667,Qwen/Qwen2-1.5B-Instruct,0.0,0,logiqa,0.5
18,2.640625,0.07131668269775804,Qwen/Qwen2-1.5B-Instruct,0.0,0,logiqa,0.5
19,1.5078125,0.221393747466153,Qwen/Qwen2-1.5B-Instruct,0.0,0,logiqa,0.5
20,0.3515625,0.7035878743456275,Qwen/Qwen2-1.5B-Instruct,1.0,0,logiqa,0.5
21,2.203125,0.1104574389603643,Qwen/Qwen2-1.5B-Instruct,0.0,0,logiqa,0.5
22,0.640625,0.5269629692433709,Qwen/Qwen2-1.5B-Instruct,1.0,0,logiqa,0.5
23,1.5625,0.2096113871510978,Qwen/Qwen2-1.5B-Instruct,0.0,0,logiqa,0.5
24,2.53125,0.07955950871822769,Qwen/Qwen2-1.5B-Instruct,0.0,0,logiqa,0.5
25,1.0,0.36787944117144233,Qwen/Qwen2-1.5B-Instruct,1.0,0,logiqa,0.5
26,3.625,0.026649097336355485,Qwen/Qwen2-1.5B-Instruct,0.0,0,logiqa,0.5
27,0.421875,0.6558160112715016,Qwen/Qwen2-1.5B-Instruct,1.0,0,logiqa,0.5
28,0.64453125,0.5249085353233612,Qwen/Qwen2-1.5B-Instruct,1.0,0,logiqa,0.5
29,3.28125,0.037581250870997916,Qwen/Qwen2-1.5B-Instruct,0.0,0,logiqa,0.5
30,1.046875,0.3510330150388101,Qwen/Qwen2-1.5B-Instruct,0.0,0,logiqa,0.5
31,0.05322265625,0.9481688732517508,Qwen/Qwen2-1.5B-Instruct,1.0,0,logiqa,0.5
32,2.234375,0.10705902083552722,Qwen/Qwen2-1.5B-Instruct,0.0,0,logiqa,0.5
33,4.90625,0.0074001870652772766,Qwen/Qwen2-1.5B-Instruct,0.0,0,logiqa,0.5
34,1.1171875,0.3271987482181544,Qwen/Qwen2-1.5B-Instruct,1.0,0,logiqa,0.5
35,5.0,0.006737946999085467,Qwen/Qwen2-1.5B-Instruct,0.0,0,logiqa,0.5
36,1.671875,0.18789443308700168,Qwen/Qwen2-1.5B-Instruct,0.0,0,logiqa,0.5
37,4.09375,0.016676578983487567,Qwen/Qwen2-1.5B-Instruct,0.0,0,logiqa,0.5
38,1.421875,0.2412612277378443,Qwen/Qwen2-1.5B-Instruct,0.0,0,logiqa,0.5
39,2.0,0.1353352832366127,Qwen/Qwen2-1.5B-Instruct,0.0,0,logiqa,0.5
40,1.578125,0.20636166380601706,Qwen/Qwen2-1.5B-Instruct,0.0,0,logiqa,0.5
41,2.921875,0.053832656382752,Qwen/Qwen2-1.5B-Instruct,0.0,0,logiqa,0.5
42,2.390625,0.09157243321777621,Qwen/Qwen2-1.5B-Instruct,0.0,0,logiqa,0.5
43,2.15625,0.11575840213626322,Qwen/Qwen2-1.5B-Instruct,0.0,0,logiqa,0.5
44,1.0390625,0.353786201098432,Qwen/Qwen2-1.5B-Instruct,1.0,0,logiqa,0.5
45,1.8125,0.1632455124539584,Qwen/Qwen2-1.5B-Instruct,0.0,0,logiqa,0.5
46,0.69921875,0.49697341264527733,Qwen/Qwen2-1.5B-Instruct,1.0,0,logiqa,0.5
47,2.421875,0.08875504563653425,Qwen/Qwen2-1.5B-Instruct,0.0,0,logiqa,0.5
48,0.0458984375,0.9551389635657673,Qwen/Qwen2-1.5B-Instruct,1.0,0,logiqa,0.5
49,0.67578125,0.5087587974957017,Qwen/Qwen2-1.5B-Instruct,1.0,0,logiqa,0.5
50,4.40625,0.012200845821682604,Qwen/Qwen2-1.5B-Instruct,0.0,0,logiqa,0.5
51,2.34375,0.09596708604499847,Qwen/Qwen2-1.5B-Instruct,0.0,0,logiqa,0.5
52,1.4375,0.23752081909545814,Qwen/Qwen2-1.5B-Instruct,0.0,0,logiqa,0.5
53,2.015625,0.13323710414756298,Qwen/Qwen2-1.5B-Instruct,0.0,0,logiqa,0.5
54,1.71875,0.17929012055011864,Qwen/Qwen2-1.5B-Instruct,0.0,0,logiqa,0.5
55,2.875,0.05641613950377735,Qwen/Qwen2-1.5B-Instruct,0.0,0,logiqa,0.5
56,1.890625,0.1509774184559146,Qwen/Qwen2-1.5B-Instruct,0.0,0,logiqa,0.5
57,1.421875,0.2412612277378443,Qwen/Qwen2-1.5B-Instruct,0.0,0,logiqa,0.5
58,1.0078125,0.36501658064745907,Qwen/Qwen2-1.5B-Instruct,1.0,0,logiqa,0.5
59,0.5546875,0.5742516868118521,Qwen/Qwen2-1.5B-Instruct,1.0,0,logiqa,0.5
60,2.640625,0.07131668269775804,Qwen/Qwen2-1.5B-Instruct,0.0,0,logiqa,0.5
61,2.0,0.1353352832366127,Qwen/Qwen2-1.5B-Instruct,0.0,0,logiqa,0.5
62,1.734375,0.17651048487186194,Qwen/Qwen2-1.5B-Instruct,0.0,0,logiqa,0.5
63,1.015625,0.3621759990808257,Qwen/Qwen2-1.5B-Instruct,0.0,0,logiqa,0.5
64,1.296875,0.27338478699614155,Qwen/Qwen2-1.5B-Instruct,0.0,0,logiqa,0.5
65,1.2109375,0.2979178504832066,Qwen/Qwen2-1.5B-Instruct,0.0,0,logiqa,0.5
66,3.875,0.020754337873699742,Qwen/Qwen2-1.5B-Instruct,0.0,0,logiqa,0.5
67,2.6875,0.0680508540250102,Qwen/Qwen2-1.5B-Instruct,0.0,0,logiqa,0.5
68,0.06787109375,0.9343809133539388,Qwen/Qwen2-1.5B-Instruct,1.0,0,logiqa,0.5
69,0.76171875,0.46686331570996537,Qwen/Qwen2-1.5B-Instruct,1.0,0,logiqa,0.5
70,0.470703125,0.6245629680224108,Qwen/Qwen2-1.5B-Instruct,1.0,0,logiqa,0.5
71,2.96875,0.05136747956725073,Qwen/Qwen2-1.5B-Instruct,0.0,0,logiqa,0.5
72,1.84375,0.15822297604949842,Qwen/Qwen2-1.5B-Instruct,0.0,0,logiqa,0.5
73,1.796875,0.1658162552121675,Qwen/Qwen2-1.5B-Instruct,0.0,0,logiqa,0.5
74,1.7890625,0.16711676822020574,Qwen/Qwen2-1.5B-Instruct,0.0,0,logiqa,0.5
75,1.4375,0.23752081909545814,Qwen/Qwen2-1.5B-Instruct,0.0,0,logiqa,0.5
76,1.375,0.25283959580474646,Qwen/Qwen2-1.5B-Instruct,0.0,0,logiqa,0.5
77,1.109375,0.3297649998062575,Qwen/Qwen2-1.5B-Instruct,0.0,0,logiqa,0.5
78,2.484375,0.08337764926156645,Qwen/Qwen2-1.5B-Instruct,0.0,0,logiqa,0.5
79,1.421875,0.2412612277378443,Qwen/Qwen2-1.5B-Instruct,0.0,0,logiqa,0.5
80,4.15625,0.015666196140128895,Qwen/Qwen2-1.5B-Instruct,0.0,0,logiqa,0.5
1,1.5,0.22313016014842982,Qwen/Qwen2-1.5B-Instruct,0.0,0,logiqa,0.5
2,0.40625,0.6661436107034878,Qwen/Qwen2-1.5B-Instruct,1.0,0,logiqa,0.5
3,0.2041015625,0.8153795549957998,Qwen/Qwen2-1.5B-Instruct,1.0,0,logiqa,0.5
4,3.875,0.020754337873699742,Qwen/Qwen2-1.5B-Instruct,0.0,0,logiqa,0.5
5,5.3125,0.004929587331545052,Qwen/Qwen2-1.5B-Instruct,0.0,0,logiqa,0.5
6,1.2421875,0.2887518818320782,Qwen/Qwen2-1.5B-Instruct,0.0,0,logiqa,0.5
7,0.1318359375,0.8764847815685415,Qwen/Qwen2-1.5B-Instruct,1.0,0,logiqa,0.5
8,1.25,0.2865047968601901,Qwen/Qwen2-1.5B-Instruct,0.0,0,logiqa,0.5
9,0.82421875,0.43857749732635326,Qwen/Qwen2-1.5B-Instruct,1.0,0,logiqa,0.5
10,1.1171875,0.3271987482181544,Qwen/Qwen2-1.5B-Instruct,1.0,0,logiqa,0.5
11,0.74609375,0.4742153431555798,Qwen/Qwen2-1.5B-Instruct,1.0,0,logiqa,0.5
12,0.6328125,0.5310959910353452,Qwen/Qwen2-1.5B-Instruct,1.0,0,logiqa,0.5
13,2.140625,0.11758133171956547,Qwen/Qwen2-1.5B-Instruct,0.0,0,logiqa,0.5
14,2.234375,0.10705902083552722,Qwen/Qwen2-1.5B-Instruct,0.0,0,logiqa,0.5
15,1.046875,0.3510330150388101,Qwen/Qwen2-1.5B-Instruct,1.0,0,logiqa,0.5
16,0.48046875,0.6184934050621846,Qwen/Qwen2-1.5B-Instruct,1.0,0,logiqa,0.5
17,3.34375,0.03530431798508576,Qwen/Qwen2-1.5B-Instruct,0.0,0,logiqa,0.5
18,2.0,0.1353352832366127,Qwen/Qwen2-1.5B-Instruct,0.0,0,logiqa,0.5
19,0.74609375,0.4742153431555798,Qwen/Qwen2-1.5B-Instruct,1.0,0,logiqa,0.5
20,2.21875,0.10874495509722103,Qwen/Qwen2-1.5B-Instruct,0.0,0,logiqa,0.5
21,1.1484375,0.31713190105209277,Qwen/Qwen2-1.5B-Instruct,0.0,0,logiqa,0.5
22,0.08251953125,0.9207934534340386,Qwen/Qwen2-1.5B-Instruct,1.0,0,logiqa,0.5
23,1.8125,0.1632455124539584,Qwen/Qwen2-1.5B-Instruct,0.0,0,logiqa,0.5
24,1.671875,0.18789443308700168,Qwen/Qwen2-1.5B-Instruct,0.0,0,logiqa,0.5
25,0.37890625,0.6846097918258168,Qwen/Qwen2-1.5B-Instruct,1.0,0,logiqa,0.5
26,1.1953125,0.30260937397538795,Qwen/Qwen2-1.5B-Instruct,1.0,0,logiqa,0.5
27,0.70703125,0.49310593486505433,Qwen/Qwen2-1.5B-Instruct,1.0,0,logiqa,0.5
28,0.390625,0.676633846161729,Qwen/Qwen2-1.5B-Instruct,1.0,0,logiqa,0.5
29,0.99609375,0.3693192805940405,Qwen/Qwen2-1.5B-Instruct,1.0,0,logiqa,0.5
30,5.125,0.005946217356472094,Qwen/Qwen2-1.5B-Instruct,0.0,0,logiqa,0.5
31,4.09375,0.016676578983487567,Qwen/Qwen2-1.5B-Instruct,0.0,0,logiqa,0.5
32,2.578125,0.0759162135601666,Qwen/Qwen2-1.5B-Instruct,0.0,0,logiqa,0.5
33,1.296875,0.27338478699614155,Qwen/Qwen2-1.5B-Instruct,0.0,0,logiqa,0.5
34,2.0,0.1353352832366127,Qwen/Qwen2-1.5B-Instruct,0.0,0,logiqa,0.5
35,3.25,0.03877420783172201,Qwen/Qwen2-1.5B-Instruct,0.0,0,logiqa,0.5
36,3.125,0.04393693362340742,Qwen/Qwen2-1.5B-Instruct,0.0,0,logiqa,0.5
37,0.8984375,0.407205421393389,Qwen/Qwen2-1.5B-Instruct,1.0,0,logiqa,0.5
38,1.28125,0.27768997095378994,Qwen/Qwen2-1.5B-Instruct,0.0,0,logiqa,0.5
39,1.234375,0.29101659090983195,Qwen/Qwen2-1.5B-Instruct,0.0,0,logiqa,0.5
40,3.1875,0.04127492938579755,Qwen/Qwen2-1.5B-Instruct,0.0,0,logiqa,0.5
41,1.5546875,0.21125538963610227,Qwen/Qwen2-1.5B-Instruct,0.0,0,logiqa,0.5
42,1.9765625,0.13854466699075552,Qwen/Qwen2-1.5B-Instruct,0.0,0,logiqa,0.5
43,1.671875,0.18789443308700168,Qwen/Qwen2-1.5B-Instruct,0.0,0,logiqa,0.5
44,0.5234375,0.5924803921133679,Qwen/Qwen2-1.5B-Instruct,1.0,0,logiqa,0.5
45,3.40625,0.03316533748891029,Qwen/Qwen2-1.5B-Instruct,0.0,0,logiqa,0.5
46,2.234375,0.10705902083552722,Qwen/Qwen2-1.5B-Instruct,0.0,0,logiqa,0.5
47,2.65625,0.07021102001498804,Qwen/Qwen2-1.5B-Instruct,0.0,0,logiqa,0.5
48,3.1875,0.04127492938579755,Qwen/Qwen2-1.5B-Instruct,0.0,0,logiqa,0.5
49,0.83984375,0.43177798346854385,Qwen/Qwen2-1.5B-Instruct,1.0,0,logiqa,0.5
50,0.2890625,0.7489653936027156,Qwen/Qwen2-1.5B-Instruct,1.0,0,logiqa,0.5
51,0.5703125,0.5653487396106142,Qwen/Qwen2-1.5B-Instruct,1.0,0,logiqa,0.5
52,2.1875,0.11219689052034373,Qwen/Qwen2-1.5B-Instruct,0.0,0,logiqa,0.5
53,0.12451171875,0.8829279144942641,Qwen/Qwen2-1.5B-Instruct,1.0,0,logiqa,0.5
54,0.69140625,0.5008712234296745,Qwen/Qwen2-1.5B-Instruct,1.0,0,logiqa,0.5
55,1.9296875,0.14519356438370257,Qwen/Qwen2-1.5B-Instruct,0.0,0,logiqa,0.5
56,2.90625,0.05468039736791477,Qwen/Qwen2-1.5B-Instruct,0.0,0,logiqa,0.5
57,0.486328125,0.6148800167035864,Qwen/Qwen2-1.5B-Instruct,1.0,0,logiqa,0.5
58,1.5625,0.2096113871510978,Qwen/Qwen2-1.5B-Instruct,0.0,0,logiqa,0.5
59,2.03125,0.13117145431019428,Qwen/Qwen2-1.5B-Instruct,0.0,0,logiqa,0.5
60,1.71875,0.17929012055011864,Qwen/Qwen2-1.5B-Instruct,0.0,0,logiqa,0.5
61,0.99609375,0.3693192805940405,Qwen/Qwen2-1.5B-Instruct,1.0,0,logiqa,0.5
62,0.0155029296875,0.9846166221284973,Qwen/Qwen2-1.5B-Instruct,1.0,0,logiqa,0.5
63,1.375,0.25283959580474646,Qwen/Qwen2-1.5B-Instruct,0.0,0,logiqa,0.5
64,4.65625,0.00950202828005989,Qwen/Qwen2-1.5B-Instruct,0.0,0,logiqa,0.5
65,0.921875,0.39777251796661167,Qwen/Qwen2-1.5B-Instruct,1.0,0,logiqa,0.5
66,1.28125,0.27768997095378994,Qwen/Qwen2-1.5B-Instruct,0.0,0,logiqa,0.5
67,0.9453125,0.3885581275123641,Qwen/Qwen2-1.5B-Instruct,1.0,0,logiqa,0.5
68,0.0155029296875,0.9846166221284973,Qwen/Qwen2-1.5B-Instruct,1.0,0,logiqa,0.5
69,0.060546875,0.941249646907103,Qwen/Qwen2-1.5B-Instruct,1.0,0,logiqa,0.5
70,3.015625,0.049015191417106724,Qwen/Qwen2-1.5B-Instruct,0.0,0,logiqa,0.5
71,6.125,0.002187491118182885,Qwen/Qwen2-1.5B-Instruct,0.0,0,logiqa,0.5
72,1.46875,0.23021307174736147,Qwen/Qwen2-1.5B-Instruct,0.0,0,logiqa,0.5
73,0.007781982421875,0.9922482188107336,Qwen/Qwen2-1.5B-Instruct,1.0,0,logiqa,0.5
74,3.3125,0.036424997337364234,Qwen/Qwen2-1.5B-Instruct,0.0,0,logiqa,0.5
75,0.2353515625,0.7902929634144612,Qwen/Qwen2-1.5B-Instruct,1.0,0,logiqa,0.5
76,4.1875,0.015184197956837946,Qwen/Qwen2-1.5B-Instruct,0.0,0,logiqa,0.5
77,1.296875,0.27338478699614155,Qwen/Qwen2-1.5B-Instruct,0.0,0,logiqa,0.5
78,1.296875,0.27338478699614155,Qwen/Qwen2-1.5B-Instruct,0.0,0,logiqa,0.5
79,0.038330078125,0.9623952228475297,Qwen/Qwen2-1.5B-Instruct,1.0,0,logiqa,0.5
1,0.248046875,0.7803233647630088,Qwen/Qwen2-1.5B-Instruct,1.0,0,logiqa,0.5
2,1.5,0.22313016014842982,Qwen/Qwen2-1.5B-Instruct,0.0,0,logiqa,0.5
3,2.1875,0.11219689052034373,Qwen/Qwen2-1.5B-Instruct,0.0,0,logiqa,0.5
4,1.90625,0.1486367305381225,Qwen/Qwen2-1.5B-Instruct,0.0,0,logiqa,0.5
5,1.8046875,0.16452586287665122,Qwen/Qwen2-1.5B-Instruct,0.0,0,logiqa,0.5
6,1.8515625,0.1569916750812332,Qwen/Qwen2-1.5B-Instruct,0.0,0,logiqa,0.5
7,1.28125,0.27768997095378994,Qwen/Qwen2-1.5B-Instruct,0.0,0,logiqa,0.5
8,0.3515625,0.7035878743456275,Qwen/Qwen2-1.5B-Instruct,1.0,0,logiqa,0.5
9,1.1875,0.3049827687110593,Qwen/Qwen2-1.5B-Instruct,1.0,0,logiqa,0.5
10,2.796875,0.06100039130459344,Qwen/Qwen2-1.5B-Instruct,0.0,0,logiqa,0.5
11,5.375,0.004630918733533246,Qwen/Qwen2-1.5B-Instruct,0.0,0,logiqa,0.5
12,2.15625,0.11575840213626322,Qwen/Qwen2-1.5B-Instruct,0.0,0,logiqa,0.5
13,0.12451171875,0.8829279144942641,Qwen/Qwen2-1.5B-Instruct,1.0,0,logiqa,0.5
14,3.546875,0.028814544556403775,Qwen/Qwen2-1.5B-Instruct,0.0,0,logiqa,0.5
15,2.71875,0.06595714935553817,Qwen/Qwen2-1.5B-Instruct,0.0,0,logiqa,0.5
16,4.5625,0.010435936462774504,Qwen/Qwen2-1.5B-Instruct,0.0,0,logiqa,0.5
17,5.46875,0.004216499489590926,Qwen/Qwen2-1.5B-Instruct,0.0,0,logiqa,0.5
18,1.5703125,0.207980178394932,Qwen/Qwen2-1.5B-Instruct,0.0,0,logiqa,0.5
19,0.216796875,0.8050934873117519,Qwen/Qwen2-1.5B-Instruct,1.0,0,logiqa,0.5
20,1.5,0.22313016014842982,Qwen/Qwen2-1.5B-Instruct,0.0,0,logiqa,0.5
21,0.12451171875,0.8829279144942641,Qwen/Qwen2-1.5B-Instruct,1.0,0,logiqa,0.5
22,0.66796875,0.5127490421990961,Qwen/Qwen2-1.5B-Instruct,1.0,0,logiqa,0.5
23,4.125,0.016163494588165874,Qwen/Qwen2-1.5B-Instruct,0.0,0,logiqa,0.5
24,3.15625,0.04258513628878761,Qwen/Qwen2-1.5B-Instruct,0.0,0,logiqa,0.5
25,1.71875,0.17929012055011864,Qwen/Qwen2-1.5B-Instruct,0.0,0,logiqa,0.5
26,1.9765625,0.13854466699075552,Qwen/Qwen2-1.5B-Instruct,0.0,0,logiqa,0.5
27,3.625,0.026649097336355485,Qwen/Qwen2-1.5B-Instruct,0.0,0,logiqa,0.5
28,1.71875,0.17929012055011864,Qwen/Qwen2-1.5B-Instruct,0.0,0,logiqa,0.5
29,1.375,0.25283959580474646,Qwen/Qwen2-1.5B-Instruct,0.0,0,logiqa,0.5
30,0.341796875,0.7104925088436513,Qwen/Qwen2-1.5B-Instruct,1.0,0,logiqa,0.5
31,0.84375,0.43009464064006225,Qwen/Qwen2-1.5B-Instruct,1.0,0,logiqa,0.5
32,2.46875,0.0846906561847805,Qwen/Qwen2-1.5B-Instruct,0.0,0,logiqa,0.5
33,0.357421875,0.6994773434756083,Qwen/Qwen2-1.5B-Instruct,1.0,0,logiqa,0.5
34,1.453125,0.23383840011408472,Qwen/Qwen2-1.5B-Instruct,0.0,0,logiqa,0.5
35,3.171875,0.04192491494570112,Qwen/Qwen2-1.5B-Instruct,0.0,0,logiqa,0.5
36,3.421875,0.03265115658991408,Qwen/Qwen2-1.5B-Instruct,0.0,0,logiqa,0.5
37,0.0458984375,0.9551389635657673,Qwen/Qwen2-1.5B-Instruct,1.0,0,logiqa,0.5
38,0.2353515625,0.7902929634144612,Qwen/Qwen2-1.5B-Instruct,1.0,0,logiqa,0.5
39,1.546875,0.21291228619240427,Qwen/Qwen2-1.5B-Instruct,0.0,0,logiqa,0.5
40,1.5546875,0.21125538963610227,Qwen/Qwen2-1.5B-Instruct,0.0,0,logiqa,0.5
41,4.40625,0.012200845821682604,Qwen/Qwen2-1.5B-Instruct,0.0,0,logiqa,0.5
42,1.359375,0.25682124007865503,Qwen/Qwen2-1.5B-Instruct,0.0,0,logiqa,0.5
43,2.0,0.1353352832366127,Qwen/Qwen2-1.5B-Instruct,0.0,0,logiqa,0.5
44,1.25,0.2865047968601901,Qwen/Qwen2-1.5B-Instruct,1.0,0,logiqa,0.5
45,0.7890625,0.4542704742837873,Qwen/Qwen2-1.5B-Instruct,1.0,0,logiqa,0.5
46,1.0625,0.3455907525769745,Qwen/Qwen2-1.5B-Instruct,0.0,0,logiqa,0.5
47,1.734375,0.17651048487186194,Qwen/Qwen2-1.5B-Instruct,0.0,0,logiqa,0.5
48,0.1787109375,0.8363476211932502,Qwen/Qwen2-1.5B-Instruct,1.0,0,logiqa,0.5
49,1.609375,0.2000125828826258,Qwen/Qwen2-1.5B-Instruct,0.0,0,logiqa,0.5
50,1.2578125,0.2842751988422877,Qwen/Qwen2-1.5B-Instruct,0.0,0,logiqa,0.5
51,4.53125,0.010767208646547101,Qwen/Qwen2-1.5B-Instruct,0.0,0,logiqa,0.5
52,3.5625,0.0283678164497131,Qwen/Qwen2-1.5B-Instruct,0.0,0,logiqa,0.5
53,1.5,0.22313016014842982,Qwen/Qwen2-1.5B-Instruct,0.0,0,logiqa,0.5
54,0.265625,0.76672659607082,Qwen/Qwen2-1.5B-Instruct,1.0,0,logiqa,0.5
55,3.46875,0.031155951269699805,Qwen/Qwen2-1.5B-Instruct,0.0,0,logiqa,0.5
56,1.4375,0.23752081909545814,Qwen/Qwen2-1.5B-Instruct,0.0,0,logiqa,0.5
57,0.2890625,0.7489653936027156,Qwen/Qwen2-1.5B-Instruct,1.0,0,logiqa,0.5
58,0.171875,0.8420844271433824,Qwen/Qwen2-1.5B-Instruct,1.0,0,logiqa,0.5
59,0.5546875,0.5742516868118521,Qwen/Qwen2-1.5B-Instruct,1.0,0,logiqa,0.5
60,1.484375,0.22664394888734782,Qwen/Qwen2-1.5B-Instruct,0.0,0,logiqa,0.5
61,1.328125,0.26497362135689667,Qwen/Qwen2-1.5B-Instruct,0.0,0,logiqa,0.5
62,0.66796875,0.5127490421990961,Qwen/Qwen2-1.5B-Instruct,1.0,0,logiqa,0.5
63,1.71875,0.17929012055011864,Qwen/Qwen2-1.5B-Instruct,0.0,0,logiqa,0.5
64,0.5546875,0.5742516868118521,Qwen/Qwen2-1.5B-Instruct,1.0,0,logiqa,0.5
65,0.78125,0.45783336177161427,Qwen/Qwen2-1.5B-Instruct,1.0,0,logiqa,0.5
66,1.53125,0.2162651668298873,Qwen/Qwen2-1.5B-Instruct,0.0,0,logiqa,0.5
67,1.3671875,0.2548226413322821,Qwen/Qwen2-1.5B-Instruct,0.0,0,logiqa,0.5
68,0.038330078125,0.9623952228475297,Qwen/Qwen2-1.5B-Instruct,1.0,0,logiqa,0.5
69,1.5234375,0.21796135555570278,Qwen/Qwen2-1.5B-Instruct,0.0,0,logiqa,0.5
70,3.5625,0.0283678164497131,Qwen/Qwen2-1.5B-Instruct,0.0,0,logiqa,0.5
71,3.046875,0.04750715251567949,Qwen/Qwen2-1.5B-Instruct,0.0,0,logiqa,0.5
72,1.46875,0.23021307174736147,Qwen/Qwen2-1.5B-Instruct,0.0,0,logiqa,0.5
73,0.19140625,0.8257970399501007,Qwen/Qwen2-1.5B-Instruct,1.0,0,logiqa,0.5
74,0.265625,0.76672659607082,Qwen/Qwen2-1.5B-Instruct,1.0,0,logiqa,0.5
75,1.1640625,0.31221522664653706,Qwen/Qwen2-1.5B-Instruct,0.0,0,logiqa,0.5
76,2.1875,0.11219689052034373,Qwen/Qwen2-1.5B-Instruct,0.0,0,logiqa,0.5
77,2.75,0.06392786120670757,Qwen/Qwen2-1.5B-Instruct,0.0,0,logiqa,0.5
78,1.2734375,0.27986792038923625,Qwen/Qwen2-1.5B-Instruct,0.0,0,logiqa,0.5
79,0.0155029296875,0.9846166221284973,Qwen/Qwen2-1.5B-Instruct,1.0,0,logiqa,0.5
1,0.08984375,0.9140739981758944,Qwen/Qwen2-1.5B-Instruct,1.0,0,logiqa,0.5
2,0.007781982421875,0.9922482188107336,Qwen/Qwen2-1.5B-Instruct,1.0,0,logiqa,0.5
3,1.2578125,0.2842751988422877,Qwen/Qwen2-1.5B-Instruct,0.0,0,logiqa,0.5
4,2.515625,0.08081238867682222,Qwen/Qwen2-1.5B-Instruct,0.0,0,logiqa,0.5
5,2.0625,0.1271357329320356,Qwen/Qwen2-1.5B-Instruct,0.0,0,logiqa,0.5
6,0.1318359375,0.8764847815685415,Qwen/Qwen2-1.5B-Instruct,1.0,0,logiqa,0.5
7,1.359375,0.25682124007865503,Qwen/Qwen2-1.5B-Instruct,0.0,0,logiqa,0.5
8,0.86328125,0.4217758572543825,Qwen/Qwen2-1.5B-Instruct,1.0,0,logiqa,0.5
9,0.9765625,0.3766034507108804,Qwen/Qwen2-1.5B-Instruct,1.0,0,logiqa,0.5
10,5.625,0.0036065631360157305,Qwen/Qwen2-1.5B-Instruct,0.0,0,logiqa,0.5
11,0.05322265625,0.9481688732517508,Qwen/Qwen2-1.5B-Instruct,1.0,0,logiqa,0.5
12,1.03125,0.356560980663947,Qwen/Qwen2-1.5B-Instruct,1.0,0,logiqa,0.5
13,0.5234375,0.5924803921133679,Qwen/Qwen2-1.5B-Instruct,1.0,0,logiqa,0.5
14,2.953125,0.05217639966630833,Qwen/Qwen2-1.5B-Instruct,0.0,0,logiqa,0.5
15,1.5078125,0.221393747466153,Qwen/Qwen2-1.5B-Instruct,0.0,0,logiqa,0.5
16,1.71875,0.17929012055011864,Qwen/Qwen2-1.5B-Instruct,0.0,0,logiqa,0.5
17,1.0078125,0.36501658064745907,Qwen/Qwen2-1.5B-Instruct,1.0,0,logiqa,0.5
18,1.8125,0.1632455124539584,Qwen/Qwen2-1.5B-Instruct,0.0,0,logiqa,0.5
19,1.8125,0.1632455124539584,Qwen/Qwen2-1.5B-Instruct,0.0,0,logiqa,0.5
20,1.4609375,0.23201865524727103,Qwen/Qwen2-1.5B-Instruct,0.0,0,logiqa,0.5
21,1.796875,0.1658162552121675,Qwen/Qwen2-1.5B-Instruct,0.0,0,logiqa,0.5
22,1.25,0.2865047968601901,Qwen/Qwen2-1.5B-Instruct,0.0,0,logiqa,0.5
23,2.21875,0.10874495509722103,Qwen/Qwen2-1.5B-Instruct,0.0,0,logiqa,0.5
24,1.6640625,0.18936810739025348,Qwen/Qwen2-1.5B-Instruct,0.0,0,logiqa,0.5
25,0.470703125,0.6245629680224108,Qwen/Qwen2-1.5B-Instruct,1.0,0,logiqa,0.5
26,2.890625,0.05554148833106887,Qwen/Qwen2-1.5B-Instruct,0.0,0,logiqa,0.5
27,2.734375,0.0649345785355609,Qwen/Qwen2-1.5B-Instruct,0.0,0,logiqa,0.5
28,0.73046875,0.48168314818692903,Qwen/Qwen2-1.5B-Instruct,1.0,0,logiqa,0.5
29,0.921875,0.39777251796661167,Qwen/Qwen2-1.5B-Instruct,0.0,0,logiqa,0.5
30,1.609375,0.2000125828826258,Qwen/Qwen2-1.5B-Instruct,0.0,0,logiqa,0.5
31,1.765625,0.17107982817134254,Qwen/Qwen2-1.5B-Instruct,0.0,0,logiqa,0.5
32,4.84375,0.007877458125943277,Qwen/Qwen2-1.5B-Instruct,0.0,0,logiqa,0.5
33,2.296875,0.10057264266491435,Qwen/Qwen2-1.5B-Instruct,0.0,0,logiqa,0.5
34,1.140625,0.31961919737930994,Qwen/Qwen2-1.5B-Instruct,0.0,0,logiqa,0.5
35,1.359375,0.25682124007865503,Qwen/Qwen2-1.5B-Instruct,0.0,0,logiqa,0.5
36,1.7890625,0.16711676822020574,Qwen/Qwen2-1.5B-Instruct,0.0,0,logiqa,0.5
37,1.9375,0.14406365910145327,Qwen/Qwen2-1.5B-Instruct,0.0,0,logiqa,0.5
38,0.4609375,0.6306920944221607,Qwen/Qwen2-1.5B-Instruct,1.0,0,logiqa,0.5
39,3.1875,0.04127492938579755,Qwen/Qwen2-1.5B-Instruct,0.0,0,logiqa,0.5
40,2.96875,0.05136747956725073,Qwen/Qwen2-1.5B-Instruct,0.0,0,logiqa,0.5
41,2.65625,0.07021102001498804,Qwen/Qwen2-1.5B-Instruct,0.0,0,logiqa,0.5
42,1.390625,0.2489196812036605,Qwen/Qwen2-1.5B-Instruct,0.0,0,logiqa,0.5
43,0.2890625,0.7489653936027156,Qwen/Qwen2-1.5B-Instruct,1.0,0,logiqa,0.5
44,1.359375,0.25682124007865503,Qwen/Qwen2-1.5B-Instruct,0.0,0,logiqa,0.5
45,1.4296875,0.23938371796817895,Qwen/Qwen2-1.5B-Instruct,0.0,0,logiqa,0.5
46,0.69921875,0.49697341264527733,Qwen/Qwen2-1.5B-Instruct,1.0,0,logiqa,0.5
47,2.28125,0.1021564313333943,Qwen/Qwen2-1.5B-Instruct,0.0,0,logiqa,0.5
48,1.625,0.19691167520419406,Qwen/Qwen2-1.5B-Instruct,0.0,0,logiqa,0.5
49,2.0625,0.1271357329320356,Qwen/Qwen2-1.5B-Instruct,0.0,0,logiqa,0.5
50,1.3203125,0.26705183522634335,Qwen/Qwen2-1.5B-Instruct,0.0,0,logiqa,0.5
51,4.78125,0.008385510525424083,Qwen/Qwen2-1.5B-Instruct,0.0,0,logiqa,0.5
52,0.83984375,0.43177798346854385,Qwen/Qwen2-1.5B-Instruct,1.0,0,logiqa,0.5
53,0.78125,0.45783336177161427,Qwen/Qwen2-1.5B-Instruct,1.0,0,logiqa,0.5
54,0.63671875,0.5290254439903966,Qwen/Qwen2-1.5B-Instruct,1.0,0,logiqa,0.5
55,2.6875,0.0680508540250102,Qwen/Qwen2-1.5B-Instruct,0.0,0,logiqa,0.5
56,2.890625,0.05554148833106887,Qwen/Qwen2-1.5B-Instruct,0.0,0,logiqa,0.5
57,1.890625,0.1509774184559146,Qwen/Qwen2-1.5B-Instruct,0.0,0,logiqa,0.5
58,0.9609375,0.3825340921054156,Qwen/Qwen2-1.5B-Instruct,1.0,0,logiqa,0.5
59,1.859375,0.15576995617312325,Qwen/Qwen2-1.5B-Instruct,0.0,0,logiqa,0.5
60,2.96875,0.05136747956725073,Qwen/Qwen2-1.5B-Instruct,0.0,0,logiqa,0.5
61,1.6953125,0.18354186323251906,Qwen/Qwen2-1.5B-Instruct,0.0,0,logiqa,0.5
62,1.2109375,0.2979178504832066,Qwen/Qwen2-1.5B-Instruct,0.0,0,logiqa,0.5
63,1.1484375,0.31713190105209277,Qwen/Qwen2-1.5B-Instruct,0.0,0,logiqa,0.5
64,1.421875,0.2412612277378443,Qwen/Qwen2-1.5B-Instruct,0.0,0,logiqa,0.5
65,1.578125,0.20636166380601706,Qwen/Qwen2-1.5B-Instruct,0.0,0,logiqa,0.5
66,2.0625,0.1271357329320356,Qwen/Qwen2-1.5B-Instruct,0.0,0,logiqa,0.5
67,2.484375,0.08337764926156645,Qwen/Qwen2-1.5B-Instruct,0.0,0,logiqa,0.5
68,2.0,0.1353352832366127,Qwen/Qwen2-1.5B-Instruct,0.0,0,logiqa,0.5
69,2.234375,0.10705902083552722,Qwen/Qwen2-1.5B-Instruct,0.0,0,logiqa,0.5
70,0.216796875,0.8050934873117519,Qwen/Qwen2-1.5B-Instruct,1.0,0,logiqa,0.5
71,0.12451171875,0.8829279144942641,Qwen/Qwen2-1.5B-Instruct,1.0,0,logiqa,0.5
72,0.578125,0.5609491608144708,Qwen/Qwen2-1.5B-Instruct,1.0,0,logiqa,0.5
73,0.345703125,0.7077225610574206,Qwen/Qwen2-1.5B-Instruct,1.0,0,logiqa,0.5
74,1.578125,0.20636166380601706,Qwen/Qwen2-1.5B-Instruct,0.0,0,logiqa,0.5
75,3.515625,0.02972921638615875,Qwen/Qwen2-1.5B-Instruct,0.0,0,logiqa,0.5
76,2.328125,0.0974783477499485,Qwen/Qwen2-1.5B-Instruct,0.0,0,logiqa,0.5
77,0.94921875,0.3870432829338104,Qwen/Qwen2-1.5B-Instruct,0.0,0,logiqa,0.5
78,1.8671875,0.15455774475698483,Qwen/Qwen2-1.5B-Instruct,0.0,0,logiqa,0.5
79,1.078125,0.34023286457404905,Qwen/Qwen2-1.5B-Instruct,1.0,0,logiqa,0.5
80,1.515625,0.21967084765457534,Qwen/Qwen2-1.5B-Instruct,0.0,0,logiqa,0.5
1,2.3125,0.0990134083638263,Qwen/Qwen2-1.5B-Instruct,0.0,0,logiqa,0.5
2,0.890625,0.41039917309637,Qwen/Qwen2-1.5B-Instruct,1.0,0,logiqa,0.5
3,5.0625,0.006329715427485747,Qwen/Qwen2-1.5B-Instruct,0.0,0,logiqa,0.5
4,0.08251953125,0.9207934534340386,Qwen/Qwen2-1.5B-Instruct,1.0,0,logiqa,0.5
5,3.078125,0.04604551109353302,Qwen/Qwen2-1.5B-Instruct,0.0,0,logiqa,0.5
6,1.0625,0.3455907525769745,Qwen/Qwen2-1.5B-Instruct,0.0,0,logiqa,0.5
7,0.70703125,0.49310593486505433,Qwen/Qwen2-1.5B-Instruct,1.0,0,logiqa,0.5
8,2.9375,0.0529980584033558,Qwen/Qwen2-1.5B-Instruct,0.0,0,logiqa,0.5
9,2.640625,0.07131668269775804,Qwen/Qwen2-1.5B-Instruct,0.0,0,logiqa,0.5
10,1.7890625,0.16711676822020574,Qwen/Qwen2-1.5B-Instruct,0.0,0,logiqa,0.5
11,0.7890625,0.4542704742837873,Qwen/Qwen2-1.5B-Instruct,1.0,0,logiqa,0.5
12,1.15625,0.314663961018459,Qwen/Qwen2-1.5B-Instruct,0.0,0,logiqa,0.5
13,0.330078125,0.7188675697091758,Qwen/Qwen2-1.5B-Instruct,1.0,0,logiqa,0.5
14,0.91015625,0.4024613345370006,Qwen/Qwen2-1.5B-Instruct,0.0,0,logiqa,0.5
15,1.1015625,0.3323513787550223,Qwen/Qwen2-1.5B-Instruct,0.0,0,logiqa,0.5
16,1.140625,0.31961919737930994,Qwen/Qwen2-1.5B-Instruct,1.0,0,logiqa,0.5
17,1.984375,0.13746650383851944,Qwen/Qwen2-1.5B-Instruct,0.0,0,logiqa,0.5
18,2.65625,0.07021102001498804,Qwen/Qwen2-1.5B-Instruct,0.0,0,logiqa,0.5
19,1.3125,0.26914634872918386,Qwen/Qwen2-1.5B-Instruct,0.0,0,logiqa,0.5
20,1.390625,0.2489196812036605,Qwen/Qwen2-1.5B-Instruct,0.0,0,logiqa,0.5
21,0.8515625,0.4267476175926629,Qwen/Qwen2-1.5B-Instruct,1.0,0,logiqa,0.5
22,4.5,0.011108996538242306,Qwen/Qwen2-1.5B-Instruct,0.0,0,logiqa,0.5
23,0.038330078125,0.9623952228475297,Qwen/Qwen2-1.5B-Instruct,1.0,0,logiqa,0.5
24,2.390625,0.09157243321777621,Qwen/Qwen2-1.5B-Instruct,0.0,0,logiqa,0.5
25,3.71875,0.02426427924617674,Qwen/Qwen2-1.5B-Instruct,0.0,0,logiqa,0.5
26,1.6328125,0.19537929639047613,Qwen/Qwen2-1.5B-Instruct,0.0,0,logiqa,0.5
27,2.015625,0.13323710414756298,Qwen/Qwen2-1.5B-Instruct,0.0,0,logiqa,0.5
28,1.65625,0.19085333986431632,Qwen/Qwen2-1.5B-Instruct,0.0,0,logiqa,0.5
29,3.234375,0.039384812757335554,Qwen/Qwen2-1.5B-Instruct,0.0,0,logiqa,0.5
30,1.78125,0.16842748127818424,Qwen/Qwen2-1.5B-Instruct,0.0,0,logiqa,0.5
31,2.65625,0.07021102001498804,Qwen/Qwen2-1.5B-Instruct,0.0,0,logiqa,0.5
32,0.0966796875,0.9078467542291261,Qwen/Qwen2-1.5B-Instruct,1.0,0,logiqa,0.5
33,1.140625,0.31961919737930994,Qwen/Qwen2-1.5B-Instruct,1.0,0,logiqa,0.5
34,3.28125,0.037581250870997916,Qwen/Qwen2-1.5B-Instruct,0.0,0,logiqa,0.5
35,3.1875,0.04127492938579755,Qwen/Qwen2-1.5B-Instruct,0.0,0,logiqa,0.5
36,1.328125,0.26497362135689667,Qwen/Qwen2-1.5B-Instruct,0.0,0,logiqa,0.5
37,6.28125,0.0018710603064642196,Qwen/Qwen2-1.5B-Instruct,0.0,0,logiqa,0.5
38,0.76953125,0.463230156563083,Qwen/Qwen2-1.5B-Instruct,1.0,0,logiqa,0.5
39,1.546875,0.21291228619240427,Qwen/Qwen2-1.5B-Instruct,0.0,0,logiqa,0.5
40,1.5546875,0.21125538963610227,Qwen/Qwen2-1.5B-Instruct,0.0,0,logiqa,0.5
41,0.138671875,0.870513618882206,Qwen/Qwen2-1.5B-Instruct,1.0,0,logiqa,0.5
42,1.703125,0.18211352912101367,Qwen/Qwen2-1.5B-Instruct,0.0,0,logiqa,0.5
43,1.8671875,0.15455774475698483,Qwen/Qwen2-1.5B-Instruct,0.0,0,logiqa,0.5
44,2.3125,0.0990134083638263,Qwen/Qwen2-1.5B-Instruct,0.0,0,logiqa,0.5
45,2.46875,0.0846906561847805,Qwen/Qwen2-1.5B-Instruct,0.0,0,logiqa,0.5
46,3.078125,0.04604551109353302,Qwen/Qwen2-1.5B-Instruct,0.0,0,logiqa,0.5
47,1.5234375,0.21796135555570278,Qwen/Qwen2-1.5B-Instruct,0.0,0,logiqa,0.5
48,1.5,0.22313016014842982,Qwen/Qwen2-1.5B-Instruct,0.0,0,logiqa,0.5
49,1.328125,0.26497362135689667,Qwen/Qwen2-1.5B-Instruct,1.0,0,logiqa,0.5
50,1.953125,0.14183015908734253,Qwen/Qwen2-1.5B-Instruct,0.0,0,logiqa,0.5
51,1.46875,0.23021307174736147,Qwen/Qwen2-1.5B-Instruct,0.0,0,logiqa,0.5
52,1.265625,0.28206295169381546,Qwen/Qwen2-1.5B-Instruct,0.0,0,logiqa,0.5
53,0.796875,0.4507353134063624,Qwen/Qwen2-1.5B-Instruct,0.0,0,logiqa,0.5
54,1.25,0.2865047968601901,Qwen/Qwen2-1.5B-Instruct,0.0,0,logiqa,0.5
55,0.90234375,0.40561787790561105,Qwen/Qwen2-1.5B-Instruct,1.0,0,logiqa,0.5
56,0.8984375,0.407205421393389,Qwen/Qwen2-1.5B-Instruct,1.0,0,logiqa,0.5
57,3.546875,0.028814544556403775,Qwen/Qwen2-1.5B-Instruct,0.0,0,logiqa,0.5
58,0.75390625,0.47052497007720323,Qwen/Qwen2-1.5B-Instruct,1.0,0,logiqa,0.5
59,1.140625,0.31961919737930994,Qwen/Qwen2-1.5B-Instruct,0.0,0,logiqa,0.5
60,2.078125,0.1251646760876602,Qwen/Qwen2-1.5B-Instruct,0.0,0,logiqa,0.5
61,2.03125,0.13117145431019428,Qwen/Qwen2-1.5B-Instruct,0.0,0,logiqa,0.5
62,0.03076171875,0.9697066084520289,Qwen/Qwen2-1.5B-Instruct,1.0,0,logiqa,0.5
63,2.359375,0.09447925428109244,Qwen/Qwen2-1.5B-Instruct,0.0,0,logiqa,0.5
64,2.828125,0.059123606568473756,Qwen/Qwen2-1.5B-Instruct,0.0,0,logiqa,0.5
65,3.015625,0.049015191417106724,Qwen/Qwen2-1.5B-Instruct,0.0,0,logiqa,0.5
66,1.4375,0.23752081909545814,Qwen/Qwen2-1.5B-Instruct,0.0,0,logiqa,0.5
67,0.1787109375,0.8363476211932502,Qwen/Qwen2-1.5B-Instruct,1.0,0,logiqa,0.5
68,0.5546875,0.5742516868118521,Qwen/Qwen2-1.5B-Instruct,1.0,0,logiqa,0.5
69,1.25,0.2865047968601901,Qwen/Qwen2-1.5B-Instruct,0.0,0,logiqa,0.5
70,3.9375,0.019496896108597995,Qwen/Qwen2-1.5B-Instruct,0.0,0,logiqa,0.5
71,1.5859375,0.20475574459755974,Qwen/Qwen2-1.5B-Instruct,0.0,0,logiqa,0.5
72,0.8828125,0.41361797370441067,Qwen/Qwen2-1.5B-Instruct,1.0,0,logiqa,0.5
73,0.625,0.5352614285189903,Qwen/Qwen2-1.5B-Instruct,1.0,0,logiqa,0.5
74,0.03076171875,0.9697066084520289,Qwen/Qwen2-1.5B-Instruct,1.0,0,logiqa,0.5
75,2.515625,0.08081238867682222,Qwen/Qwen2-1.5B-Instruct,0.0,0,logiqa,0.5
76,1.484375,0.22664394888734782,Qwen/Qwen2-1.5B-Instruct,0.0,0,logiqa,0.5
77,1.328125,0.26497362135689667,Qwen/Qwen2-1.5B-Instruct,0.0,0,logiqa,0.5
78,1.359375,0.25682124007865503,Qwen/Qwen2-1.5B-Instruct,0.0,0,logiqa,0.5
1,3.4375,0.03214494732687607,Qwen/Qwen2-1.5B-Instruct,0.0,0,logiqa,0.5
2,6.03125,0.002402488989655613,Qwen/Qwen2-1.5B-Instruct,0.0,0,logiqa,0.5
3,3.0,0.049787068367863944,Qwen/Qwen2-1.5B-Instruct,0.0,0,logiqa,0.5
4,0.2294921875,0.7949371790602927,Qwen/Qwen2-1.5B-Instruct,1.0,0,logiqa,0.5
5,0.55859375,0.572012891653811,Qwen/Qwen2-1.5B-Instruct,1.0,0,logiqa,0.5
6,2.5625,0.07711171996831671,Qwen/Qwen2-1.5B-Instruct,0.0,0,logiqa,0.5
7,2.25,0.10539922456186433,Qwen/Qwen2-1.5B-Instruct,0.0,0,logiqa,0.5
8,2.109375,0.1213137638466268,Qwen/Qwen2-1.5B-Instruct,0.0,0,logiqa,0.5
9,0.2890625,0.7489653936027156,Qwen/Qwen2-1.5B-Instruct,1.0,0,logiqa,0.5
10,3.25,0.03877420783172201,Qwen/Qwen2-1.5B-Instruct,0.0,0,logiqa,0.5
11,1.34375,0.26086558612628497,Qwen/Qwen2-1.5B-Instruct,0.0,0,logiqa,0.5
12,1.734375,0.17651048487186194,Qwen/Qwen2-1.5B-Instruct,0.0,0,logiqa,0.5
13,1.796875,0.1658162552121675,Qwen/Qwen2-1.5B-Instruct,0.0,0,logiqa,0.5
14,0.12451171875,0.8829279144942641,Qwen/Qwen2-1.5B-Instruct,1.0,0,logiqa,0.5
15,0.248046875,0.7803233647630088,Qwen/Qwen2-1.5B-Instruct,1.0,0,logiqa,0.5
16,2.046875,0.129137829405204,Qwen/Qwen2-1.5B-Instruct,0.0,0,logiqa,0.5
17,1.546875,0.21291228619240427,Qwen/Qwen2-1.5B-Instruct,0.0,0,logiqa,0.5
18,0.546875,0.5787555986124843,Qwen/Qwen2-1.5B-Instruct,1.0,0,logiqa,0.5
19,0.3515625,0.7035878743456275,Qwen/Qwen2-1.5B-Instruct,1.0,0,logiqa,0.5
20,5.09375,0.006134970557096825,Qwen/Qwen2-1.5B-Instruct,0.0,0,logiqa,0.5
21,0.330078125,0.7188675697091758,Qwen/Qwen2-1.5B-Instruct,1.0,0,logiqa,0.5
22,0.37890625,0.6846097918258168,Qwen/Qwen2-1.5B-Instruct,1.0,0,logiqa,0.5
23,0.390625,0.676633846161729,Qwen/Qwen2-1.5B-Instruct,1.0,0,logiqa,0.5
24,0.248046875,0.7803233647630088,Qwen/Qwen2-1.5B-Instruct,1.0,0,logiqa,0.5
25,0.98828125,0.372215887611955,Qwen/Qwen2-1.5B-Instruct,1.0,0,logiqa,0.5
26,1.0546875,0.34830125444308524,Qwen/Qwen2-1.5B-Instruct,0.0,0,logiqa,0.5
27,0.216796875,0.8050934873117519,Qwen/Qwen2-1.5B-Instruct,1.0,0,logiqa,0.5
28,3.125,0.04393693362340742,Qwen/Qwen2-1.5B-Instruct,0.0,0,logiqa,0.5
29,0.05322265625,0.9481688732517508,Qwen/Qwen2-1.5B-Instruct,1.0,0,logiqa,0.5
30,1.03125,0.356560980663947,Qwen/Qwen2-1.5B-Instruct,1.0,0,logiqa,0.5
31,2.765625,0.06293675158337987,Qwen/Qwen2-1.5B-Instruct,0.0,0,logiqa,0.5
32,1.078125,0.34023286457404905,Qwen/Qwen2-1.5B-Instruct,1.0,0,logiqa,0.5
33,4.625,0.009803655035821828,Qwen/Qwen2-1.5B-Instruct,0.0,0,logiqa,0.5
34,2.90625,0.05468039736791477,Qwen/Qwen2-1.5B-Instruct,0.0,0,logiqa,0.5
35,2.28125,0.1021564313333943,Qwen/Qwen2-1.5B-Instruct,0.0,0,logiqa,0.5
36,0.05322265625,0.9481688732517508,Qwen/Qwen2-1.5B-Instruct,1.0,0,logiqa,0.5
37,2.40625,0.09015273423081638,Qwen/Qwen2-1.5B-Instruct,0.0,0,logiqa,0.5
38,2.53125,0.07955950871822769,Qwen/Qwen2-1.5B-Instruct,0.0,0,logiqa,0.5
39,1.34375,0.26086558612628497,Qwen/Qwen2-1.5B-Instruct,0.0,0,logiqa,0.5
40,2.21875,0.10874495509722103,Qwen/Qwen2-1.5B-Instruct,0.0,0,logiqa,0.5
41,0.2353515625,0.7902929634144612,Qwen/Qwen2-1.5B-Instruct,1.0,0,logiqa,0.5
42,3.4375,0.03214494732687607,Qwen/Qwen2-1.5B-Instruct,0.0,0,logiqa,0.5
43,6.5,0.0015034391929775724,Qwen/Qwen2-1.5B-Instruct,0.0,0,logiqa,0.5
44,1.0234375,0.35935752309532076,Qwen/Qwen2-1.5B-Instruct,0.0,0,logiqa,0.5
45,2.1875,0.11219689052034373,Qwen/Qwen2-1.5B-Instruct,0.0,0,logiqa,0.5
46,2.375,0.09301448921066349,Qwen/Qwen2-1.5B-Instruct,0.0,0,logiqa,0.5
47,1.421875,0.2412612277378443,Qwen/Qwen2-1.5B-Instruct,0.0,0,logiqa,0.5
48,0.490234375,0.612482826698251,Qwen/Qwen2-1.5B-Instruct,1.0,0,logiqa,0.5
49,1.4921875,0.22488019168416426,Qwen/Qwen2-1.5B-Instruct,0.0,0,logiqa,0.5
50,0.08251953125,0.9207934534340386,Qwen/Qwen2-1.5B-Instruct,1.0,0,logiqa,0.5
51,1.0,0.36787944117144233,Qwen/Qwen2-1.5B-Instruct,1.0,0,logiqa,0.5
52,2.71875,0.06595714935553817,Qwen/Qwen2-1.5B-Instruct,0.0,0,logiqa,0.5
53,0.330078125,0.7188675697091758,Qwen/Qwen2-1.5B-Instruct,1.0,0,logiqa,0.5
54,2.203125,0.1104574389603643,Qwen/Qwen2-1.5B-Instruct,0.0,0,logiqa,0.5
55,1.484375,0.22664394888734782,Qwen/Qwen2-1.5B-Instruct,0.0,0,logiqa,0.5
56,3.6875,0.025034510149960148,Qwen/Qwen2-1.5B-Instruct,0.0,0,logiqa,0.5
57,0.640625,0.5269629692433709,Qwen/Qwen2-1.5B-Instruct,1.0,0,logiqa,0.5
58,0.271484375,0.76224719348739,Qwen/Qwen2-1.5B-Instruct,1.0,0,logiqa,0.5
59,6.5,0.0015034391929775724,Qwen/Qwen2-1.5B-Instruct,0.0,0,logiqa,0.5
60,1.1171875,0.3271987482181544,Qwen/Qwen2-1.5B-Instruct,1.0,0,logiqa,0.5
61,1.4921875,0.22488019168416426,Qwen/Qwen2-1.5B-Instruct,0.0,0,logiqa,0.5
62,2.078125,0.1251646760876602,Qwen/Qwen2-1.5B-Instruct,0.0,0,logiqa,0.5
63,1.6484375,0.1923502211610474,Qwen/Qwen2-1.5B-Instruct,0.0,0,logiqa,0.5
64,0.03076171875,0.9697066084520289,Qwen/Qwen2-1.5B-Instruct,1.0,0,logiqa,0.5
65,3.359375,0.034756975267222885,Qwen/Qwen2-1.5B-Instruct,0.0,0,logiqa,0.5
66,0.61328125,0.5415709208598878,Qwen/Qwen2-1.5B-Instruct,1.0,0,logiqa,0.5
67,0.54296875,0.5810207839794026,Qwen/Qwen2-1.5B-Instruct,1.0,0,logiqa,0.5
68,1.5078125,0.221393747466153,Qwen/Qwen2-1.5B-Instruct,0.0,0,logiqa,0.5
69,2.96875,0.05136747956725073,Qwen/Qwen2-1.5B-Instruct,0.0,0,logiqa,0.5
70,0.271484375,0.76224719348739,Qwen/Qwen2-1.5B-Instruct,1.0,0,logiqa,0.5
71,0.91796875,0.39932935558376886,Qwen/Qwen2-1.5B-Instruct,1.0,0,logiqa,0.5
72,1.4609375,0.23201865524727103,Qwen/Qwen2-1.5B-Instruct,0.0,0,logiqa,0.5
73,1.4453125,0.23567241741677974,Qwen/Qwen2-1.5B-Instruct,0.0,0,logiqa,0.5
74,2.453125,0.08602433995839362,Qwen/Qwen2-1.5B-Instruct,0.0,0,logiqa,0.5
75,2.1875,0.11219689052034373,Qwen/Qwen2-1.5B-Instruct,0.0,0,logiqa,0.5
76,0.038330078125,0.9623952228475297,Qwen/Qwen2-1.5B-Instruct,1.0,0,logiqa,0.5
77,1.7109375,0.18069631039374898,Qwen/Qwen2-1.5B-Instruct,0.0,0,logiqa,0.5
78,1.0859375,0.3375851514160396,Qwen/Qwen2-1.5B-Instruct,0.0,0,logiqa,0.5
1,6.0,0.0024787521766663585,Qwen/Qwen2-1.5B-Instruct,0.0,0,logiqa,0.5
2,1.0625,0.3455907525769745,Qwen/Qwen2-1.5B-Instruct,0.0,0,logiqa,0.5
3,4.0625,0.017205950425851383,Qwen/Qwen2-1.5B-Instruct,0.0,0,logiqa,0.5
4,1.0078125,0.36501658064745907,Qwen/Qwen2-1.5B-Instruct,1.0,0,logiqa,0.5
5,3.140625,0.043255754605187734,Qwen/Qwen2-1.5B-Instruct,0.0,0,logiqa,0.5
6,2.765625,0.06293675158337987,Qwen/Qwen2-1.5B-Instruct,0.0,0,logiqa,0.5
7,1.40625,0.2450605392455259,Qwen/Qwen2-1.5B-Instruct,0.0,0,logiqa,0.5
8,4.84375,0.007877458125943277,Qwen/Qwen2-1.5B-Instruct,0.0,0,logiqa,0.5
9,2.046875,0.129137829405204,Qwen/Qwen2-1.5B-Instruct,0.0,0,logiqa,0.5
10,0.83984375,0.43177798346854385,Qwen/Qwen2-1.5B-Instruct,1.0,0,logiqa,0.5
11,2.0,0.1353352832366127,Qwen/Qwen2-1.5B-Instruct,0.0,0,logiqa,0.5
12,0.97265625,0.3780774349414026,Qwen/Qwen2-1.5B-Instruct,1.0,0,logiqa,0.5
13,2.03125,0.13117145431019428,Qwen/Qwen2-1.5B-Instruct,0.0,0,logiqa,0.5
14,1.984375,0.13746650383851944,Qwen/Qwen2-1.5B-Instruct,0.0,0,logiqa,0.5
15,0.08984375,0.9140739981758944,Qwen/Qwen2-1.5B-Instruct,1.0,0,logiqa,0.5
16,1.6015625,0.20158130101268698,Qwen/Qwen2-1.5B-Instruct,0.0,0,logiqa,0.5
17,0.416015625,0.6596699630606897,Qwen/Qwen2-1.5B-Instruct,1.0,0,logiqa,0.5
18,1.0703125,0.34290134400373157,Qwen/Qwen2-1.5B-Instruct,1.0,0,logiqa,0.5
19,0.89453125,0.4087991783506979,Qwen/Qwen2-1.5B-Instruct,0.0,0,logiqa,0.5
20,1.4296875,0.23938371796817895,Qwen/Qwen2-1.5B-Instruct,0.0,0,logiqa,0.5
21,0.91796875,0.39932935558376886,Qwen/Qwen2-1.5B-Instruct,1.0,0,logiqa,0.5
22,1.1796875,0.30737477821235176,Qwen/Qwen2-1.5B-Instruct,0.0,0,logiqa,0.5
23,1.0,0.36787944117144233,Qwen/Qwen2-1.5B-Instruct,1.0,0,logiqa,0.5
24,2.234375,0.10705902083552722,Qwen/Qwen2-1.5B-Instruct,0.0,0,logiqa,0.5
25,1.0703125,0.34290134400373157,Qwen/Qwen2-1.5B-Instruct,1.0,0,logiqa,0.5
26,1.46875,0.23021307174736147,Qwen/Qwen2-1.5B-Instruct,0.0,0,logiqa,0.5
27,1.96875,0.13963128628139898,Qwen/Qwen2-1.5B-Instruct,0.0,0,logiqa,0.5
28,0.9453125,0.3885581275123641,Qwen/Qwen2-1.5B-Instruct,1.0,0,logiqa,0.5
29,2.890625,0.05554148833106887,Qwen/Qwen2-1.5B-Instruct,0.0,0,logiqa,0.5
30,3.984375,0.018604068232532935,Qwen/Qwen2-1.5B-Instruct,0.0,0,logiqa,0.5
31,0.41015625,0.663546562885513,Qwen/Qwen2-1.5B-Instruct,1.0,0,logiqa,0.5
32,2.125,0.11943296826671962,Qwen/Qwen2-1.5B-Instruct,0.0,0,logiqa,0.5
33,2.796875,0.06100039130459344,Qwen/Qwen2-1.5B-Instruct,0.0,0,logiqa,0.5
34,3.03125,0.04825528130927965,Qwen/Qwen2-1.5B-Instruct,0.0,0,logiqa,0.5
35,1.125,0.32465246735834974,Qwen/Qwen2-1.5B-Instruct,1.0,0,logiqa,0.5
36,3.0,0.049787068367863944,Qwen/Qwen2-1.5B-Instruct,0.0,0,logiqa,0.5
37,1.140625,0.31961919737930994,Qwen/Qwen2-1.5B-Instruct,0.0,0,logiqa,0.5
38,1.53125,0.2162651668298873,Qwen/Qwen2-1.5B-Instruct,0.0,0,logiqa,0.5
39,1.8828125,0.1521615490248429,Qwen/Qwen2-1.5B-Instruct,0.0,0,logiqa,0.5
40,3.625,0.026649097336355485,Qwen/Qwen2-1.5B-Instruct,0.0,0,logiqa,0.5
41,0.9296875,0.3946770276734171,Qwen/Qwen2-1.5B-Instruct,0.0,0,logiqa,0.5
42,1.5234375,0.21796135555570278,Qwen/Qwen2-1.5B-Instruct,0.0,0,logiqa,0.5
43,0.038330078125,0.9623952228475297,Qwen/Qwen2-1.5B-Instruct,1.0,0,logiqa,0.5
44,2.140625,0.11758133171956547,Qwen/Qwen2-1.5B-Instruct,0.0,0,logiqa,0.5
45,0.77734375,0.459625270884992,Qwen/Qwen2-1.5B-Instruct,1.0,0,logiqa,0.5
46,3.0,0.049787068367863944,Qwen/Qwen2-1.5B-Instruct,0.0,0,logiqa,0.5
47,1.78125,0.16842748127818424,Qwen/Qwen2-1.5B-Instruct,0.0,0,logiqa,0.5
48,0.96484375,0.3810427330152126,Qwen/Qwen2-1.5B-Instruct,1.0,0,logiqa,0.5
49,0.435546875,0.64691079098504,Qwen/Qwen2-1.5B-Instruct,1.0,0,logiqa,0.5
50,1.0703125,0.34290134400373157,Qwen/Qwen2-1.5B-Instruct,1.0,0,logiqa,0.5
51,2.1875,0.11219689052034373,Qwen/Qwen2-1.5B-Instruct,0.0,0,logiqa,0.5
52,1.96875,0.13963128628139898,Qwen/Qwen2-1.5B-Instruct,0.0,0,logiqa,0.5
53,1.59375,0.20316232275153173,Qwen/Qwen2-1.5B-Instruct,0.0,0,logiqa,0.5
54,1.140625,0.31961919737930994,Qwen/Qwen2-1.5B-Instruct,0.0,0,logiqa,0.5
55,1.3515625,0.25883551402927246,Qwen/Qwen2-1.5B-Instruct,0.0,0,logiqa,0.5
56,2.1875,0.11219689052034373,Qwen/Qwen2-1.5B-Instruct,0.0,0,logiqa,0.5
57,4.1875,0.015184197956837946,Qwen/Qwen2-1.5B-Instruct,0.0,0,logiqa,0.5
58,0.8828125,0.41361797370441067,Qwen/Qwen2-1.5B-Instruct,1.0,0,logiqa,0.5
59,1.6875,0.18498139990730428,Qwen/Qwen2-1.5B-Instruct,0.0,0,logiqa,0.5
60,1.5390625,0.21458217794945839,Qwen/Qwen2-1.5B-Instruct,0.0,0,logiqa,0.5
61,1.5,0.22313016014842982,Qwen/Qwen2-1.5B-Instruct,0.0,0,logiqa,0.5
62,1.671875,0.18789443308700168,Qwen/Qwen2-1.5B-Instruct,0.0,0,logiqa,0.5
63,4.03125,0.01775212592162854,Qwen/Qwen2-1.5B-Instruct,0.0,0,logiqa,0.5
64,2.21875,0.10874495509722103,Qwen/Qwen2-1.5B-Instruct,0.0,0,logiqa,0.5
65,4.125,0.016163494588165874,Qwen/Qwen2-1.5B-Instruct,0.0,0,logiqa,0.5
66,2.96875,0.05136747956725073,Qwen/Qwen2-1.5B-Instruct,0.0,0,logiqa,0.5
67,1.390625,0.2489196812036605,Qwen/Qwen2-1.5B-Instruct,0.0,0,logiqa,0.5
68,2.015625,0.13323710414756298,Qwen/Qwen2-1.5B-Instruct,0.0,0,logiqa,0.5
69,1.4609375,0.23201865524727103,Qwen/Qwen2-1.5B-Instruct,0.0,0,logiqa,0.5
70,1.7265625,0.17789487376266921,Qwen/Qwen2-1.5B-Instruct,0.0,0,logiqa,0.5
71,1.65625,0.19085333986431632,Qwen/Qwen2-1.5B-Instruct,0.0,0,logiqa,0.5
72,1.34375,0.26086558612628497,Qwen/Qwen2-1.5B-Instruct,0.0,0,logiqa,0.5
73,4.625,0.009803655035821828,Qwen/Qwen2-1.5B-Instruct,0.0,0,logiqa,0.5
74,2.109375,0.1213137638466268,Qwen/Qwen2-1.5B-Instruct,0.0,0,logiqa,0.5
75,1.671875,0.18789443308700168,Qwen/Qwen2-1.5B-Instruct,0.0,0,logiqa,0.5
76,2.03125,0.13117145431019428,Qwen/Qwen2-1.5B-Instruct,0.0,0,logiqa,0.5
77,2.75,0.06392786120670757,Qwen/Qwen2-1.5B-Instruct,0.0,0,logiqa,0.5
78,2.1875,0.11219689052034373,Qwen/Qwen2-1.5B-Instruct,0.0,0,logiqa,0.5
79,1.5546875,0.21125538963610227,Qwen/Qwen2-1.5B-Instruct,0.0,0,logiqa,0.5
80,1.65625,0.19085333986431632,Qwen/Qwen2-1.5B-Instruct,0.0,0,logiqa,0.5
81,6.75,0.0011708796207911744,Qwen/Qwen2-1.5B-Instruct,0.0,0,logiqa,0.5
1,4.21875,0.014717029298635137,Qwen/Qwen2-1.5B-Instruct,0.0,0,logiqa,0.5
2,3.21875,0.04000503331137926,Qwen/Qwen2-1.5B-Instruct,0.0,0,logiqa,0.5
3,5.40625,0.004488440342699523,Qwen/Qwen2-1.5B-Instruct,0.0,0,logiqa,0.5
4,1.3984375,0.24698257287629313,Qwen/Qwen2-1.5B-Instruct,0.0,0,logiqa,0.5
5,3.0625,0.04677062238395898,Qwen/Qwen2-1.5B-Instruct,0.0,0,logiqa,0.5
6,1.4765625,0.2284215394097245,Qwen/Qwen2-1.5B-Instruct,0.0,0,logiqa,0.5
7,1.078125,0.34023286457404905,Qwen/Qwen2-1.5B-Instruct,0.0,0,logiqa,0.5
8,2.515625,0.08081238867682222,Qwen/Qwen2-1.5B-Instruct,0.0,0,logiqa,0.5
9,1.7421875,0.17513686938087475,Qwen/Qwen2-1.5B-Instruct,0.0,0,logiqa,0.5
10,2.71875,0.06595714935553817,Qwen/Qwen2-1.5B-Instruct,0.0,0,logiqa,0.5
11,2.203125,0.1104574389603643,Qwen/Qwen2-1.5B-Instruct,0.0,0,logiqa,0.5
12,3.421875,0.03265115658991408,Qwen/Qwen2-1.5B-Instruct,0.0,0,logiqa,0.5
13,2.5625,0.07711171996831671,Qwen/Qwen2-1.5B-Instruct,0.0,0,logiqa,0.5
14,1.328125,0.26497362135689667,Qwen/Qwen2-1.5B-Instruct,0.0,0,logiqa,0.5
15,0.64453125,0.5249085353233612,Qwen/Qwen2-1.5B-Instruct,1.0,0,logiqa,0.5
16,0.283203125,0.7533667446967807,Qwen/Qwen2-1.5B-Instruct,1.0,0,logiqa,0.5
17,4.40625,0.012200845821682604,Qwen/Qwen2-1.5B-Instruct,0.0,0,logiqa,0.5
18,3.015625,0.049015191417106724,Qwen/Qwen2-1.5B-Instruct,0.0,0,logiqa,0.5
19,3.734375,0.023888096464365276,Qwen/Qwen2-1.5B-Instruct,0.0,0,logiqa,0.5
20,1.3671875,0.2548226413322821,Qwen/Qwen2-1.5B-Instruct,0.0,0,logiqa,0.5
21,3.109375,0.04462883965030139,Qwen/Qwen2-1.5B-Instruct,0.0,0,logiqa,0.5
22,0.578125,0.5609491608144708,Qwen/Qwen2-1.5B-Instruct,1.0,0,logiqa,0.5
23,4.375,0.012588142242433998,Qwen/Qwen2-1.5B-Instruct,0.0,0,logiqa,0.5
24,1.625,0.19691167520419406,Qwen/Qwen2-1.5B-Instruct,0.0,0,logiqa,0.5
25,2.125,0.11943296826671962,Qwen/Qwen2-1.5B-Instruct,0.0,0,logiqa,0.5
26,1.109375,0.3297649998062575,Qwen/Qwen2-1.5B-Instruct,0.0,0,logiqa,0.5
27,1.8984375,0.14980250286418162,Qwen/Qwen2-1.5B-Instruct,0.0,0,logiqa,0.5
28,1.171875,0.30978554847668166,Qwen/Qwen2-1.5B-Instruct,1.0,0,logiqa,0.5
29,1.21875,0.29559943537737077,Qwen/Qwen2-1.5B-Instruct,1.0,0,logiqa,0.5
30,0.98828125,0.372215887611955,Qwen/Qwen2-1.5B-Instruct,1.0,0,logiqa,0.5
31,1.421875,0.2412612277378443,Qwen/Qwen2-1.5B-Instruct,0.0,0,logiqa,0.5
32,4.03125,0.01775212592162854,Qwen/Qwen2-1.5B-Instruct,0.0,0,logiqa,0.5
33,3.765625,0.023153137001639675,Qwen/Qwen2-1.5B-Instruct,0.0,0,logiqa,0.5
34,0.10400390625,0.9012217770167625,Qwen/Qwen2-1.5B-Instruct,1.0,0,logiqa,0.5
35,3.296875,0.03699860758070385,Qwen/Qwen2-1.5B-Instruct,0.0,0,logiqa,0.5
36,3.109375,0.04462883965030139,Qwen/Qwen2-1.5B-Instruct,0.0,0,logiqa,0.5
37,1.1796875,0.30737477821235176,Qwen/Qwen2-1.5B-Instruct,0.0,0,logiqa,0.5
38,3.421875,0.03265115658991408,Qwen/Qwen2-1.5B-Instruct,0.0,0,logiqa,0.5
39,2.5625,0.07711171996831671,Qwen/Qwen2-1.5B-Instruct,0.0,0,logiqa,0.5
40,2.390625,0.09157243321777621,Qwen/Qwen2-1.5B-Instruct,0.0,0,logiqa,0.5
41,0.10400390625,0.9012217770167625,Qwen/Qwen2-1.5B-Instruct,1.0,0,logiqa,0.5
42,1.9375,0.14406365910145327,Qwen/Qwen2-1.5B-Instruct,0.0,0,logiqa,0.5
43,0.5703125,0.5653487396106142,Qwen/Qwen2-1.5B-Instruct,1.0,0,logiqa,0.5
44,1.75,0.17377394345044514,Qwen/Qwen2-1.5B-Instruct,0.0,0,logiqa,0.5
45,1.3984375,0.24698257287629313,Qwen/Qwen2-1.5B-Instruct,0.0,0,logiqa,0.5
46,1.3125,0.26914634872918386,Qwen/Qwen2-1.5B-Instruct,0.0,0,logiqa,0.5
47,1.2734375,0.27986792038923625,Qwen/Qwen2-1.5B-Instruct,0.0,0,logiqa,0.5
48,0.984375,0.373672699406043,Qwen/Qwen2-1.5B-Instruct,1.0,0,logiqa,0.5
49,1.9453125,0.14294254681187055,Qwen/Qwen2-1.5B-Instruct,0.0,0,logiqa,0.5
50,1.7578125,0.17242162389375282,Qwen/Qwen2-1.5B-Instruct,0.0,0,logiqa,0.5
51,0.283203125,0.7533667446967807,Qwen/Qwen2-1.5B-Instruct,1.0,0,logiqa,0.5
52,0.97265625,0.3780774349414026,Qwen/Qwen2-1.5B-Instruct,1.0,0,logiqa,0.5
53,3.421875,0.03265115658991408,Qwen/Qwen2-1.5B-Instruct,0.0,0,logiqa,0.5
54,4.125,0.016163494588165874,Qwen/Qwen2-1.5B-Instruct,0.0,0,logiqa,0.5
55,1.265625,0.28206295169381546,Qwen/Qwen2-1.5B-Instruct,0.0,0,logiqa,0.5
56,4.75,0.008651695203120634,Qwen/Qwen2-1.5B-Instruct,0.0,0,logiqa,0.5
57,1.1328125,0.3221260018134028,Qwen/Qwen2-1.5B-Instruct,0.0,0,logiqa,0.5
58,2.046875,0.129137829405204,Qwen/Qwen2-1.5B-Instruct,0.0,0,logiqa,0.5
59,2.828125,0.059123606568473756,Qwen/Qwen2-1.5B-Instruct,0.0,0,logiqa,0.5
60,0.1318359375,0.8764847815685415,Qwen/Qwen2-1.5B-Instruct,1.0,0,logiqa,0.5
61,1.2109375,0.2979178504832066,Qwen/Qwen2-1.5B-Instruct,1.0,0,logiqa,0.5
62,1.59375,0.20316232275153173,Qwen/Qwen2-1.5B-Instruct,0.0,0,logiqa,0.5
63,1.890625,0.1509774184559146,Qwen/Qwen2-1.5B-Instruct,0.0,0,logiqa,0.5
64,2.46875,0.0846906561847805,Qwen/Qwen2-1.5B-Instruct,0.0,0,logiqa,0.5
65,4.5625,0.010435936462774504,Qwen/Qwen2-1.5B-Instruct,0.0,0,logiqa,0.5
66,0.8046875,0.4472276633691456,Qwen/Qwen2-1.5B-Instruct,1.0,0,logiqa,0.5
67,2.578125,0.0759162135601666,Qwen/Qwen2-1.5B-Instruct,0.0,0,logiqa,0.5
68,1.875,0.15335496684492847,Qwen/Qwen2-1.5B-Instruct,0.0,0,logiqa,0.5
69,2.09375,0.12322417764723749,Qwen/Qwen2-1.5B-Instruct,0.0,0,logiqa,0.5
70,0.37890625,0.6846097918258168,Qwen/Qwen2-1.5B-Instruct,1.0,0,logiqa,0.5
71,1.3984375,0.24698257287629313,Qwen/Qwen2-1.5B-Instruct,0.0,0,logiqa,0.5
72,1.7421875,0.17513686938087475,Qwen/Qwen2-1.5B-Instruct,0.0,0,logiqa,0.5
73,0.58984375,0.5544139051397897,Qwen/Qwen2-1.5B-Instruct,1.0,0,logiqa,0.5
74,5.625,0.0036065631360157305,Qwen/Qwen2-1.5B-Instruct,0.0,0,logiqa,0.5
75,2.515625,0.08081238867682222,Qwen/Qwen2-1.5B-Instruct,0.0,0,logiqa,0.5
76,3.046875,0.04750715251567949,Qwen/Qwen2-1.5B-Instruct,0.0,0,logiqa,0.5
77,3.296875,0.03699860758070385,Qwen/Qwen2-1.5B-Instruct,0.0,0,logiqa,0.5
78,0.97265625,0.3780774349414026,Qwen/Qwen2-1.5B-Instruct,1.0,0,logiqa,0.5
79,1.8671875,0.15455774475698483,Qwen/Qwen2-1.5B-Instruct,0.0,0,logiqa,0.5
80,1.84375,0.15822297604949842,Qwen/Qwen2-1.5B-Instruct,0.0,0,logiqa,0.5
81,3.4375,0.03214494732687607,Qwen/Qwen2-1.5B-Instruct,0.0,0,logiqa,0.5
82,5.78125,0.0030848569260302594,Qwen/Qwen2-1.5B-Instruct,0.0,0,logiqa,0.5
83,1.453125,0.23383840011408472,Qwen/Qwen2-1.5B-Instruct,0.0,0,logiqa,0.5
1,1.9375,0.14406365910145327,Qwen/Qwen2-1.5B-Instruct,0.0,0,logiqa,0.5
2,0.91015625,0.4024613345370006,Qwen/Qwen2-1.5B-Instruct,0.0,0,logiqa,0.5
3,1.6875,0.18498139990730428,Qwen/Qwen2-1.5B-Instruct,0.0,0,logiqa,0.5
4,1.171875,0.30978554847668166,Qwen/Qwen2-1.5B-Instruct,0.0,0,logiqa,0.5
5,2.09375,0.12322417764723749,Qwen/Qwen2-1.5B-Instruct,0.0,0,logiqa,0.5
6,0.515625,0.5971272734216274,Qwen/Qwen2-1.5B-Instruct,1.0,0,logiqa,0.5
7,1.8359375,0.15946393423094812,Qwen/Qwen2-1.5B-Instruct,0.0,0,logiqa,0.5
8,1.59375,0.20316232275153173,Qwen/Qwen2-1.5B-Instruct,0.0,0,logiqa,0.5
9,1.5625,0.2096113871510978,Qwen/Qwen2-1.5B-Instruct,0.0,0,logiqa,0.5
10,1.1015625,0.3323513787550223,Qwen/Qwen2-1.5B-Instruct,0.0,0,logiqa,0.5
11,2.671875,0.06912249904327114,Qwen/Qwen2-1.5B-Instruct,0.0,0,logiqa,0.5
12,1.1796875,0.30737477821235176,Qwen/Qwen2-1.5B-Instruct,0.0,0,logiqa,0.5
13,3.671875,0.025428746320412147,Qwen/Qwen2-1.5B-Instruct,0.0,0,logiqa,0.5
14,2.25,0.10539922456186433,Qwen/Qwen2-1.5B-Instruct,0.0,0,logiqa,0.5
15,1.953125,0.14183015908734253,Qwen/Qwen2-1.5B-Instruct,0.0,0,logiqa,0.5
16,1.25,0.2865047968601901,Qwen/Qwen2-1.5B-Instruct,0.0,0,logiqa,0.5
17,2.625,0.07243975703425146,Qwen/Qwen2-1.5B-Instruct,0.0,0,logiqa,0.5
18,1.859375,0.15576995617312325,Qwen/Qwen2-1.5B-Instruct,0.0,0,logiqa,0.5
19,0.5859375,0.556583819812148,Qwen/Qwen2-1.5B-Instruct,1.0,0,logiqa,0.5
20,1.5703125,0.207980178394932,Qwen/Qwen2-1.5B-Instruct,0.0,0,logiqa,0.5
21,2.28125,0.1021564313333943,Qwen/Qwen2-1.5B-Instruct,0.0,0,logiqa,0.5
22,2.34375,0.09596708604499847,Qwen/Qwen2-1.5B-Instruct,0.0,0,logiqa,0.5
23,0.451171875,0.6368813687851224,Qwen/Qwen2-1.5B-Instruct,1.0,0,logiqa,0.5
24,0.99609375,0.3693192805940405,Qwen/Qwen2-1.5B-Instruct,0.0,0,logiqa,0.5
25,2.125,0.11943296826671962,Qwen/Qwen2-1.5B-Instruct,0.0,0,logiqa,0.5
26,1.546875,0.21291228619240427,Qwen/Qwen2-1.5B-Instruct,0.0,0,logiqa,0.5
27,1.78125,0.16842748127818424,Qwen/Qwen2-1.5B-Instruct,0.0,0,logiqa,0.5
28,1.734375,0.17651048487186194,Qwen/Qwen2-1.5B-Instruct,0.0,0,logiqa,0.5
29,1.3984375,0.24698257287629313,Qwen/Qwen2-1.5B-Instruct,0.0,0,logiqa,0.5
30,5.28125,0.005086069231012701,Qwen/Qwen2-1.5B-Instruct,0.0,0,logiqa,0.5
31,1.7109375,0.18069631039374898,Qwen/Qwen2-1.5B-Instruct,0.0,0,logiqa,0.5
32,1.359375,0.25682124007865503,Qwen/Qwen2-1.5B-Instruct,0.0,0,logiqa,0.5
33,0.400390625,0.6700582534023591,Qwen/Qwen2-1.5B-Instruct,1.0,0,logiqa,0.5
34,1.40625,0.2450605392455259,Qwen/Qwen2-1.5B-Instruct,0.0,0,logiqa,0.5
35,2.1875,0.11219689052034373,Qwen/Qwen2-1.5B-Instruct,0.0,0,logiqa,0.5
36,0.91015625,0.4024613345370006,Qwen/Qwen2-1.5B-Instruct,1.0,0,logiqa,0.5
37,0.953125,0.3855343441745787,Qwen/Qwen2-1.5B-Instruct,1.0,0,logiqa,0.5
38,0.9765625,0.3766034507108804,Qwen/Qwen2-1.5B-Instruct,0.0,0,logiqa,0.5
39,1.9296875,0.14519356438370257,Qwen/Qwen2-1.5B-Instruct,0.0,0,logiqa,0.5
40,1.8125,0.1632455124539584,Qwen/Qwen2-1.5B-Instruct,0.0,0,logiqa,0.5
41,0.95703125,0.3840312882100615,Qwen/Qwen2-1.5B-Instruct,0.0,0,logiqa,0.5
42,1.0234375,0.35935752309532076,Qwen/Qwen2-1.5B-Instruct,1.0,0,logiqa,0.5
43,1.484375,0.22664394888734782,Qwen/Qwen2-1.5B-Instruct,0.0,0,logiqa,0.5
44,1.0,0.36787944117144233,Qwen/Qwen2-1.5B-Instruct,1.0,0,logiqa,0.5
45,0.87109375,0.4184935714928901,Qwen/Qwen2-1.5B-Instruct,1.0,0,logiqa,0.5
46,1.8984375,0.14980250286418162,Qwen/Qwen2-1.5B-Instruct,0.0,0,logiqa,0.5
47,0.640625,0.5269629692433709,Qwen/Qwen2-1.5B-Instruct,1.0,0,logiqa,0.5
48,1.53125,0.2162651668298873,Qwen/Qwen2-1.5B-Instruct,0.0,0,logiqa,0.5
49,0.91015625,0.4024613345370006,Qwen/Qwen2-1.5B-Instruct,1.0,0,logiqa,0.5
50,2.0625,0.1271357329320356,Qwen/Qwen2-1.5B-Instruct,0.0,0,logiqa,0.5
51,1.25,0.2865047968601901,Qwen/Qwen2-1.5B-Instruct,1.0,0,logiqa,0.5
52,3.390625,0.03368761555886473,Qwen/Qwen2-1.5B-Instruct,0.0,0,logiqa,0.5
53,0.007781982421875,0.9922482188107336,Qwen/Qwen2-1.5B-Instruct,1.0,0,logiqa,0.5
54,1.3671875,0.2548226413322821,Qwen/Qwen2-1.5B-Instruct,0.0,0,logiqa,0.5
55,1.59375,0.20316232275153173,Qwen/Qwen2-1.5B-Instruct,0.0,0,logiqa,0.5
56,3.65625,0.025829190807190754,Qwen/Qwen2-1.5B-Instruct,0.0,0,logiqa,0.5
57,2.5,0.0820849986238988,Qwen/Qwen2-1.5B-Instruct,0.0,0,logiqa,0.5
58,1.546875,0.21291228619240427,Qwen/Qwen2-1.5B-Instruct,0.0,0,logiqa,0.5
59,2.625,0.07243975703425146,Qwen/Qwen2-1.5B-Instruct,0.0,0,logiqa,0.5
60,1.09375,0.33495804292529496,Qwen/Qwen2-1.5B-Instruct,1.0,0,logiqa,0.5
61,1.671875,0.18789443308700168,Qwen/Qwen2-1.5B-Instruct,0.0,0,logiqa,0.5
62,1.4921875,0.22488019168416426,Qwen/Qwen2-1.5B-Instruct,0.0,0,logiqa,0.5
63,1.65625,0.19085333986431632,Qwen/Qwen2-1.5B-Instruct,0.0,0,logiqa,0.5
64,1.484375,0.22664394888734782,Qwen/Qwen2-1.5B-Instruct,0.0,0,logiqa,0.5
65,1.328125,0.26497362135689667,Qwen/Qwen2-1.5B-Instruct,0.0,0,logiqa,0.5
66,0.1787109375,0.8363476211932502,Qwen/Qwen2-1.5B-Instruct,1.0,0,logiqa,0.5
67,0.11083984375,0.8950820904412523,Qwen/Qwen2-1.5B-Instruct,1.0,0,logiqa,0.5
68,0.61328125,0.5415709208598878,Qwen/Qwen2-1.5B-Instruct,1.0,0,logiqa,0.5
69,3.515625,0.02972921638615875,Qwen/Qwen2-1.5B-Instruct,0.0,0,logiqa,0.5
70,1.2578125,0.2842751988422877,Qwen/Qwen2-1.5B-Instruct,0.0,0,logiqa,0.5
71,2.015625,0.13323710414756298,Qwen/Qwen2-1.5B-Instruct,0.0,0,logiqa,0.5
72,2.5625,0.07711171996831671,Qwen/Qwen2-1.5B-Instruct,0.0,0,logiqa,0.5
73,0.90234375,0.40561787790561105,Qwen/Qwen2-1.5B-Instruct,1.0,0,logiqa,0.5
74,3.71875,0.02426427924617674,Qwen/Qwen2-1.5B-Instruct,0.0,0,logiqa,0.5
75,3.84375,0.021413151278198653,Qwen/Qwen2-1.5B-Instruct,0.0,0,logiqa,0.5
76,0.494140625,0.6100949824510565,Qwen/Qwen2-1.5B-Instruct,1.0,0,logiqa,0.5
77,0.82421875,0.43857749732635326,Qwen/Qwen2-1.5B-Instruct,1.0,0,logiqa,0.5
1,0.283203125,0.7533667446967807,Qwen/Qwen2-1.5B-Instruct,1.0,0,logiqa,0.5
2,2.828125,0.059123606568473756,Qwen/Qwen2-1.5B-Instruct,0.0,0,logiqa,0.5
3,0.22265625,0.8003899360518268,Qwen/Qwen2-1.5B-Instruct,1.0,0,logiqa,0.5
4,1.734375,0.17651048487186194,Qwen/Qwen2-1.5B-Instruct,0.0,0,logiqa,0.5
5,0.859375,0.4234266412852628,Qwen/Qwen2-1.5B-Instruct,1.0,0,logiqa,0.5
6,1.125,0.32465246735834974,Qwen/Qwen2-1.5B-Instruct,0.0,0,logiqa,0.5
7,0.8515625,0.4267476175926629,Qwen/Qwen2-1.5B-Instruct,1.0,0,logiqa,0.5
8,0.67578125,0.5087587974957017,Qwen/Qwen2-1.5B-Instruct,1.0,0,logiqa,0.5
9,2.390625,0.09157243321777621,Qwen/Qwen2-1.5B-Instruct,0.0,0,logiqa,0.5
10,2.8125,0.060054667895307945,Qwen/Qwen2-1.5B-Instruct,0.0,0,logiqa,0.5
11,1.125,0.32465246735834974,Qwen/Qwen2-1.5B-Instruct,0.0,0,logiqa,0.5
12,0.8046875,0.4472276633691456,Qwen/Qwen2-1.5B-Instruct,1.0,0,logiqa,0.5
13,0.3125,0.7316156289466418,Qwen/Qwen2-1.5B-Instruct,1.0,0,logiqa,0.5
14,5.125,0.005946217356472094,Qwen/Qwen2-1.5B-Instruct,0.0,0,logiqa,0.5
15,1.0078125,0.36501658064745907,Qwen/Qwen2-1.5B-Instruct,1.0,0,logiqa,0.5
16,4.625,0.009803655035821828,Qwen/Qwen2-1.5B-Instruct,0.0,0,logiqa,0.5
17,0.0458984375,0.9551389635657673,Qwen/Qwen2-1.5B-Instruct,1.0,0,logiqa,0.5
18,4.15625,0.015666196140128895,Qwen/Qwen2-1.5B-Instruct,0.0,0,logiqa,0.5
19,0.37890625,0.6846097918258168,Qwen/Qwen2-1.5B-Instruct,1.0,0,logiqa,0.5
20,1.484375,0.22664394888734782,Qwen/Qwen2-1.5B-Instruct,0.0,0,logiqa,0.5
21,1.8828125,0.1521615490248429,Qwen/Qwen2-1.5B-Instruct,0.0,0,logiqa,0.5
22,3.53125,0.029268307607136092,Qwen/Qwen2-1.5B-Instruct,0.0,0,logiqa,0.5
23,1.875,0.15335496684492847,Qwen/Qwen2-1.5B-Instruct,0.0,0,logiqa,0.5
24,0.78125,0.45783336177161427,Qwen/Qwen2-1.5B-Instruct,1.0,0,logiqa,0.5
25,3.6875,0.025034510149960148,Qwen/Qwen2-1.5B-Instruct,0.0,0,logiqa,0.5
26,1.6015625,0.20158130101268698,Qwen/Qwen2-1.5B-Instruct,0.0,0,logiqa,0.5
27,0.8984375,0.407205421393389,Qwen/Qwen2-1.5B-Instruct,1.0,0,logiqa,0.5
28,1.359375,0.25682124007865503,Qwen/Qwen2-1.5B-Instruct,0.0,0,logiqa,0.5
29,2.359375,0.09447925428109244,Qwen/Qwen2-1.5B-Instruct,0.0,0,logiqa,0.5
30,1.265625,0.28206295169381546,Qwen/Qwen2-1.5B-Instruct,1.0,0,logiqa,0.5
31,3.09375,0.045331641611676264,Qwen/Qwen2-1.5B-Instruct,0.0,0,logiqa,0.5
32,0.08251953125,0.9207934534340386,Qwen/Qwen2-1.5B-Instruct,1.0,0,logiqa,0.5
33,4.8125,0.008127515489292211,Qwen/Qwen2-1.5B-Instruct,0.0,0,logiqa,0.5
34,2.28125,0.1021564313333943,Qwen/Qwen2-1.5B-Instruct,0.0,0,logiqa,0.5
35,0.37890625,0.6846097918258168,Qwen/Qwen2-1.5B-Instruct,1.0,0,logiqa,0.5
36,2.625,0.07243975703425146,Qwen/Qwen2-1.5B-Instruct,0.0,0,logiqa,0.5
37,1.53125,0.2162651668298873,Qwen/Qwen2-1.5B-Instruct,0.0,0,logiqa,0.5
38,1.9375,0.14406365910145327,Qwen/Qwen2-1.5B-Instruct,0.0,0,logiqa,0.5
39,0.11767578125,0.8889842312518604,Qwen/Qwen2-1.5B-Instruct,1.0,0,logiqa,0.5
40,1.953125,0.14183015908734253,Qwen/Qwen2-1.5B-Instruct,0.0,0,logiqa,0.5
41,1.46875,0.23021307174736147,Qwen/Qwen2-1.5B-Instruct,0.0,0,logiqa,0.5
42,3.046875,0.04750715251567949,Qwen/Qwen2-1.5B-Instruct,0.0,0,logiqa,0.5
43,1.546875,0.21291228619240427,Qwen/Qwen2-1.5B-Instruct,0.0,0,logiqa,0.5
44,1.84375,0.15822297604949842,Qwen/Qwen2-1.5B-Instruct,0.0,0,logiqa,0.5
45,1.2109375,0.2979178504832066,Qwen/Qwen2-1.5B-Instruct,0.0,0,logiqa,0.5
46,1.75,0.17377394345044514,Qwen/Qwen2-1.5B-Instruct,0.0,0,logiqa,0.5
47,0.6640625,0.514755885208607,Qwen/Qwen2-1.5B-Instruct,1.0,0,logiqa,0.5
48,3.953125,0.019194624751579337,Qwen/Qwen2-1.5B-Instruct,0.0,0,logiqa,0.5
49,2.8125,0.060054667895307945,Qwen/Qwen2-1.5B-Instruct,0.0,0,logiqa,0.5
50,0.6640625,0.514755885208607,Qwen/Qwen2-1.5B-Instruct,1.0,0,logiqa,0.5
51,2.0,0.1353352832366127,Qwen/Qwen2-1.5B-Instruct,0.0,0,logiqa,0.5
52,0.2421875,0.7849089933174918,Qwen/Qwen2-1.5B-Instruct,1.0,0,logiqa,0.5
53,1.4453125,0.23567241741677974,Qwen/Qwen2-1.5B-Instruct,0.0,0,logiqa,0.5
54,1.21875,0.29559943537737077,Qwen/Qwen2-1.5B-Instruct,0.0,0,logiqa,0.5
55,5.625,0.0036065631360157305,Qwen/Qwen2-1.5B-Instruct,0.0,0,logiqa,0.5
56,0.9296875,0.3946770276734171,Qwen/Qwen2-1.5B-Instruct,0.0,0,logiqa,0.5
57,2.46875,0.0846906561847805,Qwen/Qwen2-1.5B-Instruct,0.0,0,logiqa,0.5
58,1.875,0.15335496684492847,Qwen/Qwen2-1.5B-Instruct,0.0,0,logiqa,0.5
59,2.671875,0.06912249904327114,Qwen/Qwen2-1.5B-Instruct,0.0,0,logiqa,0.5
60,1.265625,0.28206295169381546,Qwen/Qwen2-1.5B-Instruct,0.0,0,logiqa,0.5
61,2.671875,0.06912249904327114,Qwen/Qwen2-1.5B-Instruct,0.0,0,logiqa,0.5
62,1.5859375,0.20475574459755974,Qwen/Qwen2-1.5B-Instruct,0.0,0,logiqa,0.5
63,0.470703125,0.6245629680224108,Qwen/Qwen2-1.5B-Instruct,1.0,0,logiqa,0.5
64,0.4453125,0.6406240497330474,Qwen/Qwen2-1.5B-Instruct,1.0,0,logiqa,0.5
65,1.3984375,0.24698257287629313,Qwen/Qwen2-1.5B-Instruct,0.0,0,logiqa,0.5
66,1.265625,0.28206295169381546,Qwen/Qwen2-1.5B-Instruct,0.0,0,logiqa,0.5
67,0.984375,0.373672699406043,Qwen/Qwen2-1.5B-Instruct,1.0,0,logiqa,0.5
68,0.37890625,0.6846097918258168,Qwen/Qwen2-1.5B-Instruct,1.0,0,logiqa,0.5
69,1.625,0.19691167520419406,Qwen/Qwen2-1.5B-Instruct,0.0,0,logiqa,0.5
70,2.28125,0.1021564313333943,Qwen/Qwen2-1.5B-Instruct,0.0,0,logiqa,0.5
71,0.83984375,0.43177798346854385,Qwen/Qwen2-1.5B-Instruct,0.0,0,logiqa,0.5
72,2.28125,0.1021564313333943,Qwen/Qwen2-1.5B-Instruct,0.0,0,logiqa,0.5
73,3.4375,0.03214494732687607,Qwen/Qwen2-1.5B-Instruct,0.0,0,logiqa,0.5
74,1.21875,0.29559943537737077,Qwen/Qwen2-1.5B-Instruct,0.0,0,logiqa,0.5
75,1.3515625,0.25883551402927246,Qwen/Qwen2-1.5B-Instruct,0.0,0,logiqa,0.5
76,4.0625,0.017205950425851383,Qwen/Qwen2-1.5B-Instruct,0.0,0,logiqa,0.5
77,1.8515625,0.1569916750812332,Qwen/Qwen2-1.5B-Instruct,0.0,0,logiqa,0.5
78,2.65625,0.07021102001498804,Qwen/Qwen2-1.5B-Instruct,0.0,0,logiqa,0.5
1,0.1787109375,0.8363476211932502,Qwen/Qwen2-1.5B-Instruct,1.0,0,logiqa,0.5
2,2.703125,0.06699582332279769,Qwen/Qwen2-1.5B-Instruct,0.0,0,logiqa,0.5
3,0.70703125,0.49310593486505433,Qwen/Qwen2-1.5B-Instruct,1.0,0,logiqa,0.5
4,1.640625,0.19385884264329528,Qwen/Qwen2-1.5B-Instruct,0.0,0,logiqa,0.5
5,1.1796875,0.30737477821235176,Qwen/Qwen2-1.5B-Instruct,0.0,0,logiqa,0.5
6,2.34375,0.09596708604499847,Qwen/Qwen2-1.5B-Instruct,0.0,0,logiqa,0.5
7,1.25,0.2865047968601901,Qwen/Qwen2-1.5B-Instruct,0.0,0,logiqa,0.5
8,1.0,0.36787944117144233,Qwen/Qwen2-1.5B-Instruct,1.0,0,logiqa,0.5
9,5.25,0.005247518399181385,Qwen/Qwen2-1.5B-Instruct,0.0,0,logiqa,0.5
10,4.65625,0.00950202828005989,Qwen/Qwen2-1.5B-Instruct,0.0,0,logiqa,0.5
11,0.5859375,0.556583819812148,Qwen/Qwen2-1.5B-Instruct,1.0,0,logiqa,0.5
12,1.8125,0.1632455124539584,Qwen/Qwen2-1.5B-Instruct,0.0,0,logiqa,0.5
13,0.10400390625,0.9012217770167625,Qwen/Qwen2-1.5B-Instruct,1.0,0,logiqa,0.5
14,1.4609375,0.23201865524727103,Qwen/Qwen2-1.5B-Instruct,0.0,0,logiqa,0.5
15,2.375,0.09301448921066349,Qwen/Qwen2-1.5B-Instruct,0.0,0,logiqa,0.5
16,0.158203125,0.8536763613451477,Qwen/Qwen2-1.5B-Instruct,1.0,0,logiqa,0.5
17,0.416015625,0.6596699630606897,Qwen/Qwen2-1.5B-Instruct,1.0,0,logiqa,0.5
18,1.09375,0.33495804292529496,Qwen/Qwen2-1.5B-Instruct,0.0,0,logiqa,0.5
19,2.15625,0.11575840213626322,Qwen/Qwen2-1.5B-Instruct,0.0,0,logiqa,0.5
20,1.3359375,0.26291158027609046,Qwen/Qwen2-1.5B-Instruct,0.0,0,logiqa,0.5
21,1.296875,0.27338478699614155,Qwen/Qwen2-1.5B-Instruct,0.0,0,logiqa,0.5
22,1.1484375,0.31713190105209277,Qwen/Qwen2-1.5B-Instruct,0.0,0,logiqa,0.5
23,1.546875,0.21291228619240427,Qwen/Qwen2-1.5B-Instruct,0.0,0,logiqa,0.5
24,3.84375,0.021413151278198653,Qwen/Qwen2-1.5B-Instruct,0.0,0,logiqa,0.5
25,0.87109375,0.4184935714928901,Qwen/Qwen2-1.5B-Instruct,1.0,0,logiqa,0.5
26,1.453125,0.23383840011408472,Qwen/Qwen2-1.5B-Instruct,0.0,0,logiqa,0.5
27,1.453125,0.23383840011408472,Qwen/Qwen2-1.5B-Instruct,0.0,0,logiqa,0.5
28,1.3671875,0.2548226413322821,Qwen/Qwen2-1.5B-Instruct,0.0,0,logiqa,0.5
29,0.390625,0.676633846161729,Qwen/Qwen2-1.5B-Instruct,1.0,0,logiqa,0.5
30,0.03076171875,0.9697066084520289,Qwen/Qwen2-1.5B-Instruct,1.0,0,logiqa,0.5
31,0.2041015625,0.8153795549957998,Qwen/Qwen2-1.5B-Instruct,1.0,0,logiqa,0.5
32,0.023193359375,0.9770735391778969,Qwen/Qwen2-1.5B-Instruct,1.0,0,logiqa,0.5
33,1.21875,0.29559943537737077,Qwen/Qwen2-1.5B-Instruct,0.0,0,logiqa,0.5
34,1.3359375,0.26291158027609046,Qwen/Qwen2-1.5B-Instruct,0.0,0,logiqa,0.5
35,1.3984375,0.24698257287629313,Qwen/Qwen2-1.5B-Instruct,0.0,0,logiqa,0.5
36,1.71875,0.17929012055011864,Qwen/Qwen2-1.5B-Instruct,0.0,0,logiqa,0.5
37,5.34375,0.00477791987398702,Qwen/Qwen2-1.5B-Instruct,0.0,0,logiqa,0.5
38,2.859375,0.057304564428268645,Qwen/Qwen2-1.5B-Instruct,0.0,0,logiqa,0.5
39,1.546875,0.21291228619240427,Qwen/Qwen2-1.5B-Instruct,0.0,0,logiqa,0.5
40,0.03076171875,0.9697066084520289,Qwen/Qwen2-1.5B-Instruct,1.0,0,logiqa,0.5
41,1.015625,0.3621759990808257,Qwen/Qwen2-1.5B-Instruct,1.0,0,logiqa,0.5
42,1.75,0.17377394345044514,Qwen/Qwen2-1.5B-Instruct,0.0,0,logiqa,0.5
43,0.0458984375,0.9551389635657673,Qwen/Qwen2-1.5B-Instruct,1.0,0,logiqa,0.5
44,0.294921875,0.7445897562683694,Qwen/Qwen2-1.5B-Instruct,1.0,0,logiqa,0.5
45,2.09375,0.12322417764723749,Qwen/Qwen2-1.5B-Instruct,0.0,0,logiqa,0.5
46,1.875,0.15335496684492847,Qwen/Qwen2-1.5B-Instruct,0.0,0,logiqa,0.5
47,1.25,0.2865047968601901,Qwen/Qwen2-1.5B-Instruct,0.0,0,logiqa,0.5
48,3.203125,0.040635020917967515,Qwen/Qwen2-1.5B-Instruct,0.0,0,logiqa,0.5
49,1.75,0.17377394345044514,Qwen/Qwen2-1.5B-Instruct,0.0,0,logiqa,0.5
50,2.25,0.10539922456186433,Qwen/Qwen2-1.5B-Instruct,0.0,0,logiqa,0.5
51,4.4375,0.011825465259096618,Qwen/Qwen2-1.5B-Instruct,0.0,0,logiqa,0.5
52,2.875,0.05641613950377735,Qwen/Qwen2-1.5B-Instruct,0.0,0,logiqa,0.5
53,5.28125,0.005086069231012701,Qwen/Qwen2-1.5B-Instruct,0.0,0,logiqa,0.5
54,4.3125,0.013400007665140828,Qwen/Qwen2-1.5B-Instruct,0.0,0,logiqa,0.5
55,1.296875,0.27338478699614155,Qwen/Qwen2-1.5B-Instruct,1.0,0,logiqa,0.5
56,1.421875,0.2412612277378443,Qwen/Qwen2-1.5B-Instruct,0.0,0,logiqa,0.5
57,0.1455078125,0.8645831354918224,Qwen/Qwen2-1.5B-Instruct,1.0,0,logiqa,0.5
58,0.171875,0.8420844271433824,Qwen/Qwen2-1.5B-Instruct,1.0,0,logiqa,0.5
59,0.890625,0.41039917309637,Qwen/Qwen2-1.5B-Instruct,1.0,0,logiqa,0.5
60,3.890625,0.0204325716890638,Qwen/Qwen2-1.5B-Instruct,0.0,0,logiqa,0.5
61,0.306640625,0.7359150228524268,Qwen/Qwen2-1.5B-Instruct,1.0,0,logiqa,0.5
62,2.453125,0.08602433995839362,Qwen/Qwen2-1.5B-Instruct,0.0,0,logiqa,0.5
63,4.71875,0.008926329489511324,Qwen/Qwen2-1.5B-Instruct,0.0,0,logiqa,0.5
64,2.921875,0.053832656382752,Qwen/Qwen2-1.5B-Instruct,0.0,0,logiqa,0.5
65,2.484375,0.08337764926156645,Qwen/Qwen2-1.5B-Instruct,0.0,0,logiqa,0.5
66,1.0078125,0.36501658064745907,Qwen/Qwen2-1.5B-Instruct,1.0,0,logiqa,0.5
67,0.2294921875,0.7949371790602927,Qwen/Qwen2-1.5B-Instruct,1.0,0,logiqa,0.5
68,1.3359375,0.26291158027609046,Qwen/Qwen2-1.5B-Instruct,0.0,0,logiqa,0.5
69,0.038330078125,0.9623952228475297,Qwen/Qwen2-1.5B-Instruct,1.0,0,logiqa,0.5
70,3.65625,0.025829190807190754,Qwen/Qwen2-1.5B-Instruct,0.0,0,logiqa,0.5
71,1.859375,0.15576995617312325,Qwen/Qwen2-1.5B-Instruct,0.0,0,logiqa,0.5
72,4.3125,0.013400007665140828,Qwen/Qwen2-1.5B-Instruct,0.0,0,logiqa,0.5
73,1.5390625,0.21458217794945839,Qwen/Qwen2-1.5B-Instruct,0.0,0,logiqa,0.5
74,1.625,0.19691167520419406,Qwen/Qwen2-1.5B-Instruct,0.0,0,logiqa,0.5
75,1.9765625,0.13854466699075552,Qwen/Qwen2-1.5B-Instruct,0.0,0,logiqa,0.5
76,2.546875,0.07832605286299588,Qwen/Qwen2-1.5B-Instruct,0.0,0,logiqa,0.5
77,1.890625,0.1509774184559146,Qwen/Qwen2-1.5B-Instruct,0.0,0,logiqa,0.5
78,1.3125,0.26914634872918386,Qwen/Qwen2-1.5B-Instruct,0.0,0,logiqa,0.5
79,0.0966796875,0.9078467542291261,Qwen/Qwen2-1.5B-Instruct,1.0,0,logiqa,0.5
1,0.5546875,0.5742516868118521,Qwen/Qwen2-1.5B-Instruct,1.0,0,logiqa,0.5
2,5.4375,0.004350345551108769,Qwen/Qwen2-1.5B-Instruct,0.0,0,logiqa,0.5
3,3.8125,0.022092877665062443,Qwen/Qwen2-1.5B-Instruct,0.0,0,logiqa,0.5
4,3.671875,0.025428746320412147,Qwen/Qwen2-1.5B-Instruct,0.0,0,logiqa,0.5
5,3.796875,0.022440789864373145,Qwen/Qwen2-1.5B-Instruct,0.0,0,logiqa,0.5
6,2.8125,0.060054667895307945,Qwen/Qwen2-1.5B-Instruct,0.0,0,logiqa,0.5
7,0.384765625,0.6806101355130432,Qwen/Qwen2-1.5B-Instruct,1.0,0,logiqa,0.5
8,2.03125,0.13117145431019428,Qwen/Qwen2-1.5B-Instruct,0.0,0,logiqa,0.5
9,0.12451171875,0.8829279144942641,Qwen/Qwen2-1.5B-Instruct,1.0,0,logiqa,0.5
10,5.875,0.0028087941945255128,Qwen/Qwen2-1.5B-Instruct,0.0,0,logiqa,0.5
11,0.7890625,0.4542704742837873,Qwen/Qwen2-1.5B-Instruct,1.0,0,logiqa,0.5
12,0.55859375,0.572012891653811,Qwen/Qwen2-1.5B-Instruct,1.0,0,logiqa,0.5
13,2.03125,0.13117145431019428,Qwen/Qwen2-1.5B-Instruct,0.0,0,logiqa,0.5
14,1.109375,0.3297649998062575,Qwen/Qwen2-1.5B-Instruct,1.0,0,logiqa,0.5
15,1.9375,0.14406365910145327,Qwen/Qwen2-1.5B-Instruct,0.0,0,logiqa,0.5
16,1.1796875,0.30737477821235176,Qwen/Qwen2-1.5B-Instruct,1.0,0,logiqa,0.5
17,1.15625,0.314663961018459,Qwen/Qwen2-1.5B-Instruct,1.0,0,logiqa,0.5
18,3.25,0.03877420783172201,Qwen/Qwen2-1.5B-Instruct,0.0,0,logiqa,0.5
19,1.1328125,0.3221260018134028,Qwen/Qwen2-1.5B-Instruct,1.0,0,logiqa,0.5
20,1.2421875,0.2887518818320782,Qwen/Qwen2-1.5B-Instruct,1.0,0,logiqa,0.5
21,1.171875,0.30978554847668166,Qwen/Qwen2-1.5B-Instruct,1.0,0,logiqa,0.5
22,2.078125,0.1251646760876602,Qwen/Qwen2-1.5B-Instruct,0.0,0,logiqa,0.5
23,3.34375,0.03530431798508576,Qwen/Qwen2-1.5B-Instruct,0.0,0,logiqa,0.5
24,2.625,0.07243975703425146,Qwen/Qwen2-1.5B-Instruct,0.0,0,logiqa,0.5
25,2.3125,0.0990134083638263,Qwen/Qwen2-1.5B-Instruct,0.0,0,logiqa,0.5
26,1.9375,0.14406365910145327,Qwen/Qwen2-1.5B-Instruct,0.0,0,logiqa,0.5
27,1.0546875,0.34830125444308524,Qwen/Qwen2-1.5B-Instruct,0.0,0,logiqa,0.5
28,1.2734375,0.27986792038923625,Qwen/Qwen2-1.5B-Instruct,1.0,0,logiqa,0.5
29,2.296875,0.10057264266491435,Qwen/Qwen2-1.5B-Instruct,0.0,0,logiqa,0.5
30,2.171875,0.1139637344565904,Qwen/Qwen2-1.5B-Instruct,0.0,0,logiqa,0.5
31,1.8828125,0.1521615490248429,Qwen/Qwen2-1.5B-Instruct,0.0,0,logiqa,0.5
32,1.78125,0.16842748127818424,Qwen/Qwen2-1.5B-Instruct,0.0,0,logiqa,0.5
33,1.296875,0.27338478699614155,Qwen/Qwen2-1.5B-Instruct,0.0,0,logiqa,0.5
34,0.98828125,0.372215887611955,Qwen/Qwen2-1.5B-Instruct,1.0,0,logiqa,0.5
35,2.515625,0.08081238867682222,Qwen/Qwen2-1.5B-Instruct,0.0,0,logiqa,0.5
36,0.41015625,0.663546562885513,Qwen/Qwen2-1.5B-Instruct,1.0,0,logiqa,0.5
37,2.15625,0.11575840213626322,Qwen/Qwen2-1.5B-Instruct,0.0,0,logiqa,0.5
38,0.83984375,0.43177798346854385,Qwen/Qwen2-1.5B-Instruct,1.0,0,logiqa,0.5
39,1.390625,0.2489196812036605,Qwen/Qwen2-1.5B-Instruct,0.0,0,logiqa,0.5
40,1.28125,0.27768997095378994,Qwen/Qwen2-1.5B-Instruct,0.0,0,logiqa,0.5
41,3.96875,0.018897039677585683,Qwen/Qwen2-1.5B-Instruct,0.0,0,logiqa,0.5
42,3.5,0.0301973834223185,Qwen/Qwen2-1.5B-Instruct,0.0,0,logiqa,0.5
43,5.0625,0.006329715427485747,Qwen/Qwen2-1.5B-Instruct,0.0,0,logiqa,0.5
44,5.53125,0.003961034699868069,Qwen/Qwen2-1.5B-Instruct,0.0,0,logiqa,0.5
45,1.6875,0.18498139990730428,Qwen/Qwen2-1.5B-Instruct,0.0,0,logiqa,0.5
46,0.8984375,0.407205421393389,Qwen/Qwen2-1.5B-Instruct,1.0,0,logiqa,0.5
47,0.66796875,0.5127490421990961,Qwen/Qwen2-1.5B-Instruct,1.0,0,logiqa,0.5
48,0.271484375,0.76224719348739,Qwen/Qwen2-1.5B-Instruct,1.0,0,logiqa,0.5
49,1.125,0.32465246735834974,Qwen/Qwen2-1.5B-Instruct,0.0,0,logiqa,0.5
50,1.296875,0.27338478699614155,Qwen/Qwen2-1.5B-Instruct,0.0,0,logiqa,0.5
51,3.953125,0.019194624751579337,Qwen/Qwen2-1.5B-Instruct,0.0,0,logiqa,0.5
52,0.023193359375,0.9770735391778969,Qwen/Qwen2-1.5B-Instruct,1.0,0,logiqa,0.5
53,1.6875,0.18498139990730428,Qwen/Qwen2-1.5B-Instruct,0.0,0,logiqa,0.5
54,1.71875,0.17929012055011864,Qwen/Qwen2-1.5B-Instruct,0.0,0,logiqa,0.5
55,1.328125,0.26497362135689667,Qwen/Qwen2-1.5B-Instruct,0.0,0,logiqa,0.5
56,2.296875,0.10057264266491435,Qwen/Qwen2-1.5B-Instruct,0.0,0,logiqa,0.5
57,2.265625,0.10376516104428837,Qwen/Qwen2-1.5B-Instruct,0.0,0,logiqa,0.5
58,2.5,0.0820849986238988,Qwen/Qwen2-1.5B-Instruct,0.0,0,logiqa,0.5
59,1.5234375,0.21796135555570278,Qwen/Qwen2-1.5B-Instruct,0.0,0,logiqa,0.5
60,0.1318359375,0.8764847815685415,Qwen/Qwen2-1.5B-Instruct,1.0,0,logiqa,0.5
61,2.84375,0.058206980009571974,Qwen/Qwen2-1.5B-Instruct,0.0,0,logiqa,0.5
62,1.109375,0.3297649998062575,Qwen/Qwen2-1.5B-Instruct,0.0,0,logiqa,0.5
63,1.4140625,0.2431534629991392,Qwen/Qwen2-1.5B-Instruct,0.0,0,logiqa,0.5
64,1.28125,0.27768997095378994,Qwen/Qwen2-1.5B-Instruct,1.0,0,logiqa,0.5
65,0.76171875,0.46686331570996537,Qwen/Qwen2-1.5B-Instruct,1.0,0,logiqa,0.5
66,0.060546875,0.941249646907103,Qwen/Qwen2-1.5B-Instruct,1.0,0,logiqa,0.5
67,0.038330078125,0.9623952228475297,Qwen/Qwen2-1.5B-Instruct,1.0,0,logiqa,0.5
68,1.53125,0.2162651668298873,Qwen/Qwen2-1.5B-Instruct,0.0,0,logiqa,0.5
69,1.09375,0.33495804292529496,Qwen/Qwen2-1.5B-Instruct,0.0,0,logiqa,0.5
70,3.390625,0.03368761555886473,Qwen/Qwen2-1.5B-Instruct,0.0,0,logiqa,0.5
71,0.007781982421875,0.9922482188107336,Qwen/Qwen2-1.5B-Instruct,1.0,0,logiqa,0.5
72,1.8984375,0.14980250286418162,Qwen/Qwen2-1.5B-Instruct,0.0,0,logiqa,0.5
73,1.296875,0.27338478699614155,Qwen/Qwen2-1.5B-Instruct,0.0,0,logiqa,0.5
74,0.9453125,0.3885581275123641,Qwen/Qwen2-1.5B-Instruct,1.0,0,logiqa,0.5
75,1.171875,0.30978554847668166,Qwen/Qwen2-1.5B-Instruct,0.0,0,logiqa,0.5
76,0.400390625,0.6700582534023591,Qwen/Qwen2-1.5B-Instruct,1.0,0,logiqa,0.5
77,1.3359375,0.26291158027609046,Qwen/Qwen2-1.5B-Instruct,0.0,0,logiqa,0.5
78,1.1015625,0.3323513787550223,Qwen/Qwen2-1.5B-Instruct,1.0,0,logiqa,0.5
1,4.5,0.011108996538242306,Qwen/Qwen2-1.5B-Instruct,0.0,0,logiqa,0.5
2,2.3125,0.0990134083638263,Qwen/Qwen2-1.5B-Instruct,0.0,0,logiqa,0.5
3,2.546875,0.07832605286299588,Qwen/Qwen2-1.5B-Instruct,0.0,0,logiqa,0.5
4,0.06787109375,0.9343809133539388,Qwen/Qwen2-1.5B-Instruct,1.0,0,logiqa,0.5
5,2.40625,0.09015273423081638,Qwen/Qwen2-1.5B-Instruct,0.0,0,logiqa,0.5
6,1.078125,0.34023286457404905,Qwen/Qwen2-1.5B-Instruct,0.0,0,logiqa,0.5
7,2.90625,0.05468039736791477,Qwen/Qwen2-1.5B-Instruct,0.0,0,logiqa,0.5
8,0.69921875,0.49697341264527733,Qwen/Qwen2-1.5B-Instruct,1.0,0,logiqa,0.5
9,3.609375,0.027068759555306635,Qwen/Qwen2-1.5B-Instruct,0.0,0,logiqa,0.5
10,1.90625,0.1486367305381225,Qwen/Qwen2-1.5B-Instruct,0.0,0,logiqa,0.5
11,1.875,0.15335496684492847,Qwen/Qwen2-1.5B-Instruct,0.0,0,logiqa,0.5
12,0.53125,0.5878696731223465,Qwen/Qwen2-1.5B-Instruct,1.0,0,logiqa,0.5
13,2.0625,0.1271357329320356,Qwen/Qwen2-1.5B-Instruct,0.0,0,logiqa,0.5
14,0.796875,0.4507353134063624,Qwen/Qwen2-1.5B-Instruct,1.0,0,logiqa,0.5
15,4.1875,0.015184197956837946,Qwen/Qwen2-1.5B-Instruct,0.0,0,logiqa,0.5
16,2.84375,0.058206980009571974,Qwen/Qwen2-1.5B-Instruct,0.0,0,logiqa,0.5
17,0.0155029296875,0.9846166221284973,Qwen/Qwen2-1.5B-Instruct,1.0,0,logiqa,0.5
18,4.03125,0.01775212592162854,Qwen/Qwen2-1.5B-Instruct,0.0,0,logiqa,0.5
19,1.171875,0.30978554847668166,Qwen/Qwen2-1.5B-Instruct,1.0,0,logiqa,0.5
20,2.390625,0.09157243321777621,Qwen/Qwen2-1.5B-Instruct,0.0,0,logiqa,0.5
21,1.40625,0.2450605392455259,Qwen/Qwen2-1.5B-Instruct,0.0,0,logiqa,0.5
22,2.125,0.11943296826671962,Qwen/Qwen2-1.5B-Instruct,0.0,0,logiqa,0.5
23,2.28125,0.1021564313333943,Qwen/Qwen2-1.5B-Instruct,0.0,0,logiqa,0.5
24,2.5,0.0820849986238988,Qwen/Qwen2-1.5B-Instruct,0.0,0,logiqa,0.5
25,1.3359375,0.26291158027609046,Qwen/Qwen2-1.5B-Instruct,0.0,0,logiqa,0.5
26,1.28125,0.27768997095378994,Qwen/Qwen2-1.5B-Instruct,0.0,0,logiqa,0.5
27,1.6875,0.18498139990730428,Qwen/Qwen2-1.5B-Instruct,0.0,0,logiqa,0.5
28,2.5,0.0820849986238988,Qwen/Qwen2-1.5B-Instruct,0.0,0,logiqa,0.5
29,0.369140625,0.6913281855882473,Qwen/Qwen2-1.5B-Instruct,1.0,0,logiqa,0.5
30,1.609375,0.2000125828826258,Qwen/Qwen2-1.5B-Instruct,0.0,0,logiqa,0.5
31,1.796875,0.1658162552121675,Qwen/Qwen2-1.5B-Instruct,0.0,0,logiqa,0.5
32,0.75390625,0.47052497007720323,Qwen/Qwen2-1.5B-Instruct,1.0,0,logiqa,0.5
33,1.046875,0.3510330150388101,Qwen/Qwen2-1.5B-Instruct,0.0,0,logiqa,0.5
34,0.64453125,0.5249085353233612,Qwen/Qwen2-1.5B-Instruct,1.0,0,logiqa,0.5
35,1.1015625,0.3323513787550223,Qwen/Qwen2-1.5B-Instruct,1.0,0,logiqa,0.5
36,1.1171875,0.3271987482181544,Qwen/Qwen2-1.5B-Instruct,1.0,0,logiqa,0.5
37,0.984375,0.373672699406043,Qwen/Qwen2-1.5B-Instruct,1.0,0,logiqa,0.5
38,1.53125,0.2162651668298873,Qwen/Qwen2-1.5B-Instruct,0.0,0,logiqa,0.5
39,0.42578125,0.6532592269479727,Qwen/Qwen2-1.5B-Instruct,1.0,0,logiqa,0.5
40,0.2421875,0.7849089933174918,Qwen/Qwen2-1.5B-Instruct,1.0,0,logiqa,0.5
41,1.03125,0.356560980663947,Qwen/Qwen2-1.5B-Instruct,1.0,0,logiqa,0.5
42,3.234375,0.039384812757335554,Qwen/Qwen2-1.5B-Instruct,0.0,0,logiqa,0.5
43,1.4765625,0.2284215394097245,Qwen/Qwen2-1.5B-Instruct,0.0,0,logiqa,0.5
44,1.21875,0.29559943537737077,Qwen/Qwen2-1.5B-Instruct,0.0,0,logiqa,0.5
45,0.54296875,0.5810207839794026,Qwen/Qwen2-1.5B-Instruct,1.0,0,logiqa,0.5
46,1.109375,0.3297649998062575,Qwen/Qwen2-1.5B-Instruct,0.0,0,logiqa,0.5
47,1.921875,0.1463323316229146,Qwen/Qwen2-1.5B-Instruct,0.0,0,logiqa,0.5
48,0.306640625,0.7359150228524268,Qwen/Qwen2-1.5B-Instruct,1.0,0,logiqa,0.5
49,1.453125,0.23383840011408472,Qwen/Qwen2-1.5B-Instruct,0.0,0,logiqa,0.5
50,0.05322265625,0.9481688732517508,Qwen/Qwen2-1.5B-Instruct,1.0,0,logiqa,0.5
51,3.15625,0.04258513628878761,Qwen/Qwen2-1.5B-Instruct,0.0,0,logiqa,0.5
52,2.921875,0.053832656382752,Qwen/Qwen2-1.5B-Instruct,0.0,0,logiqa,0.5
53,2.859375,0.057304564428268645,Qwen/Qwen2-1.5B-Instruct,0.0,0,logiqa,0.5
54,1.546875,0.21291228619240427,Qwen/Qwen2-1.5B-Instruct,0.0,0,logiqa,0.5
55,1.59375,0.20316232275153173,Qwen/Qwen2-1.5B-Instruct,0.0,0,logiqa,0.5
56,0.08251953125,0.9207934534340386,Qwen/Qwen2-1.5B-Instruct,1.0,0,logiqa,0.5
57,3.546875,0.028814544556403775,Qwen/Qwen2-1.5B-Instruct,0.0,0,logiqa,0.5
58,2.203125,0.1104574389603643,Qwen/Qwen2-1.5B-Instruct,0.0,0,logiqa,0.5
59,3.671875,0.025428746320412147,Qwen/Qwen2-1.5B-Instruct,0.0,0,logiqa,0.5
60,1.2421875,0.2887518818320782,Qwen/Qwen2-1.5B-Instruct,1.0,0,logiqa,0.5
61,0.4609375,0.6306920944221607,Qwen/Qwen2-1.5B-Instruct,1.0,0,logiqa,0.5
62,3.9375,0.019496896108597995,Qwen/Qwen2-1.5B-Instruct,0.0,0,logiqa,0.5
63,1.3828125,0.25087198245993886,Qwen/Qwen2-1.5B-Instruct,0.0,0,logiqa,0.5
64,0.84375,0.43009464064006225,Qwen/Qwen2-1.5B-Instruct,1.0,0,logiqa,0.5
65,1.21875,0.29559943537737077,Qwen/Qwen2-1.5B-Instruct,0.0,0,logiqa,0.5
66,2.84375,0.058206980009571974,Qwen/Qwen2-1.5B-Instruct,0.0,0,logiqa,0.5
67,1.9375,0.14406365910145327,Qwen/Qwen2-1.5B-Instruct,0.0,0,logiqa,0.5
68,2.015625,0.13323710414756298,Qwen/Qwen2-1.5B-Instruct,0.0,0,logiqa,0.5
69,1.03125,0.356560980663947,Qwen/Qwen2-1.5B-Instruct,1.0,0,logiqa,0.5
70,1.34375,0.26086558612628497,Qwen/Qwen2-1.5B-Instruct,0.0,0,logiqa,0.5
71,0.060546875,0.941249646907103,Qwen/Qwen2-1.5B-Instruct,1.0,0,logiqa,0.5
72,1.90625,0.1486367305381225,Qwen/Qwen2-1.5B-Instruct,0.0,0,logiqa,0.5
73,1.046875,0.3510330150388101,Qwen/Qwen2-1.5B-Instruct,1.0,0,logiqa,0.5
74,1.625,0.19691167520419406,Qwen/Qwen2-1.5B-Instruct,0.0,0,logiqa,0.5
75,1.0390625,0.353786201098432,Qwen/Qwen2-1.5B-Instruct,0.0,0,logiqa,0.5
76,1.2578125,0.2842751988422877,Qwen/Qwen2-1.5B-Instruct,0.0,0,logiqa,0.5
77,1.0546875,0.34830125444308524,Qwen/Qwen2-1.5B-Instruct,0.0,0,logiqa,0.5
78,1.265625,0.28206295169381546,Qwen/Qwen2-1.5B-Instruct,0.0,0,logiqa,0.5
1,0.03076171875,0.9697066084520289,Qwen/Qwen2-1.5B-Instruct,1.0,0,logiqa,0.5
2,1.8125,0.1632455124539584,Qwen/Qwen2-1.5B-Instruct,0.0,0,logiqa,0.5
3,1.5625,0.2096113871510978,Qwen/Qwen2-1.5B-Instruct,0.0,0,logiqa,0.5
4,0.08984375,0.9140739981758944,Qwen/Qwen2-1.5B-Instruct,1.0,0,logiqa,0.5
5,2.421875,0.08875504563653425,Qwen/Qwen2-1.5B-Instruct,0.0,0,logiqa,0.5
6,0.271484375,0.76224719348739,Qwen/Qwen2-1.5B-Instruct,1.0,0,logiqa,0.5
7,2.484375,0.08337764926156645,Qwen/Qwen2-1.5B-Instruct,0.0,0,logiqa,0.5
8,0.625,0.5352614285189903,Qwen/Qwen2-1.5B-Instruct,1.0,0,logiqa,0.5
9,3.28125,0.037581250870997916,Qwen/Qwen2-1.5B-Instruct,0.0,0,logiqa,0.5
10,2.46875,0.0846906561847805,Qwen/Qwen2-1.5B-Instruct,0.0,0,logiqa,0.5
11,0.984375,0.373672699406043,Qwen/Qwen2-1.5B-Instruct,0.0,0,logiqa,0.5
12,1.171875,0.30978554847668166,Qwen/Qwen2-1.5B-Instruct,0.0,0,logiqa,0.5
13,0.87109375,0.4184935714928901,Qwen/Qwen2-1.5B-Instruct,1.0,0,logiqa,0.5
14,1.15625,0.314663961018459,Qwen/Qwen2-1.5B-Instruct,1.0,0,logiqa,0.5
15,0.08984375,0.9140739981758944,Qwen/Qwen2-1.5B-Instruct,1.0,0,logiqa,0.5
16,4.3125,0.013400007665140828,Qwen/Qwen2-1.5B-Instruct,0.0,0,logiqa,0.5
17,0.796875,0.4507353134063624,Qwen/Qwen2-1.5B-Instruct,1.0,0,logiqa,0.5
18,0.578125,0.5609491608144708,Qwen/Qwen2-1.5B-Instruct,1.0,0,logiqa,0.5
19,1.609375,0.2000125828826258,Qwen/Qwen2-1.5B-Instruct,0.0,0,logiqa,0.5
20,5.0,0.006737946999085467,Qwen/Qwen2-1.5B-Instruct,0.0,0,logiqa,0.5
21,4.09375,0.016676578983487567,Qwen/Qwen2-1.5B-Instruct,0.0,0,logiqa,0.5
22,0.64453125,0.5249085353233612,Qwen/Qwen2-1.5B-Instruct,1.0,0,logiqa,0.5
23,0.30078125,0.7402396824677261,Qwen/Qwen2-1.5B-Instruct,1.0,0,logiqa,0.5
24,1.3515625,0.25883551402927246,Qwen/Qwen2-1.5B-Instruct,0.0,0,logiqa,0.5
25,3.03125,0.04825528130927965,Qwen/Qwen2-1.5B-Instruct,0.0,0,logiqa,0.5
26,3.625,0.026649097336355485,Qwen/Qwen2-1.5B-Instruct,0.0,0,logiqa,0.5
27,1.859375,0.15576995617312325,Qwen/Qwen2-1.5B-Instruct,0.0,0,logiqa,0.5
28,3.125,0.04393693362340742,Qwen/Qwen2-1.5B-Instruct,0.0,0,logiqa,0.5
29,2.765625,0.06293675158337987,Qwen/Qwen2-1.5B-Instruct,0.0,0,logiqa,0.5
30,1.625,0.19691167520419406,Qwen/Qwen2-1.5B-Instruct,0.0,0,logiqa,0.5
31,3.203125,0.040635020917967515,Qwen/Qwen2-1.5B-Instruct,0.0,0,logiqa,0.5
32,1.8125,0.1632455124539584,Qwen/Qwen2-1.5B-Instruct,0.0,0,logiqa,0.5
33,3.078125,0.04604551109353302,Qwen/Qwen2-1.5B-Instruct,0.0,0,logiqa,0.5
34,1.46875,0.23021307174736147,Qwen/Qwen2-1.5B-Instruct,0.0,0,logiqa,0.5
35,1.3828125,0.25087198245993886,Qwen/Qwen2-1.5B-Instruct,0.0,0,logiqa,0.5
36,1.15625,0.314663961018459,Qwen/Qwen2-1.5B-Instruct,0.0,0,logiqa,0.5
37,0.96875,0.3795571881830896,Qwen/Qwen2-1.5B-Instruct,0.0,0,logiqa,0.5
38,0.373046875,0.6886329524177447,Qwen/Qwen2-1.5B-Instruct,1.0,0,logiqa,0.5
39,2.84375,0.058206980009571974,Qwen/Qwen2-1.5B-Instruct,0.0,0,logiqa,0.5
40,1.875,0.15335496684492847,Qwen/Qwen2-1.5B-Instruct,0.0,0,logiqa,0.5
41,1.5546875,0.21125538963610227,Qwen/Qwen2-1.5B-Instruct,0.0,0,logiqa,0.5
42,0.54296875,0.5810207839794026,Qwen/Qwen2-1.5B-Instruct,1.0,0,logiqa,0.5
43,4.4375,0.011825465259096618,Qwen/Qwen2-1.5B-Instruct,0.0,0,logiqa,0.5
44,0.400390625,0.6700582534023591,Qwen/Qwen2-1.5B-Instruct,1.0,0,logiqa,0.5
45,1.3125,0.26914634872918386,Qwen/Qwen2-1.5B-Instruct,0.0,0,logiqa,0.5
46,1.390625,0.2489196812036605,Qwen/Qwen2-1.5B-Instruct,0.0,0,logiqa,0.5
47,1.3828125,0.25087198245993886,Qwen/Qwen2-1.5B-Instruct,0.0,0,logiqa,0.5
48,3.1875,0.04127492938579755,Qwen/Qwen2-1.5B-Instruct,0.0,0,logiqa,0.5
49,3.3125,0.036424997337364234,Qwen/Qwen2-1.5B-Instruct,0.0,0,logiqa,0.5
50,0.8125,0.44374731008107987,Qwen/Qwen2-1.5B-Instruct,1.0,0,logiqa,0.5
51,1.4296875,0.23938371796817895,Qwen/Qwen2-1.5B-Instruct,0.0,0,logiqa,0.5
52,2.0625,0.1271357329320356,Qwen/Qwen2-1.5B-Instruct,0.0,0,logiqa,0.5
53,1.296875,0.27338478699614155,Qwen/Qwen2-1.5B-Instruct,0.0,0,logiqa,0.5
54,0.2041015625,0.8153795549957998,Qwen/Qwen2-1.5B-Instruct,1.0,0,logiqa,0.5
55,2.59375,0.0747392417609257,Qwen/Qwen2-1.5B-Instruct,0.0,0,logiqa,0.5
56,0.1650390625,0.847860583886983,Qwen/Qwen2-1.5B-Instruct,1.0,0,logiqa,0.5
57,1.5859375,0.20475574459755974,Qwen/Qwen2-1.5B-Instruct,0.0,0,logiqa,0.5
58,1.2421875,0.2887518818320782,Qwen/Qwen2-1.5B-Instruct,0.0,0,logiqa,0.5
59,1.796875,0.1658162552121675,Qwen/Qwen2-1.5B-Instruct,0.0,0,logiqa,0.5
60,1.453125,0.23383840011408472,Qwen/Qwen2-1.5B-Instruct,0.0,0,logiqa,0.5
61,1.046875,0.3510330150388101,Qwen/Qwen2-1.5B-Instruct,1.0,0,logiqa,0.5
62,0.87890625,0.4152368286818413,Qwen/Qwen2-1.5B-Instruct,1.0,0,logiqa,0.5
63,0.400390625,0.6700582534023591,Qwen/Qwen2-1.5B-Instruct,1.0,0,logiqa,0.5
64,0.77734375,0.459625270884992,Qwen/Qwen2-1.5B-Instruct,1.0,0,logiqa,0.5
65,1.9375,0.14406365910145327,Qwen/Qwen2-1.5B-Instruct,0.0,0,logiqa,0.5
66,1.75,0.17377394345044514,Qwen/Qwen2-1.5B-Instruct,0.0,0,logiqa,0.5
67,1.84375,0.15822297604949842,Qwen/Qwen2-1.5B-Instruct,0.0,0,logiqa,0.5
68,0.65234375,0.5208236646937497,Qwen/Qwen2-1.5B-Instruct,1.0,0,logiqa,0.5
69,3.8125,0.022092877665062443,Qwen/Qwen2-1.5B-Instruct,0.0,0,logiqa,0.5
70,1.9453125,0.14294254681187055,Qwen/Qwen2-1.5B-Instruct,0.0,0,logiqa,0.5
71,0.90234375,0.40561787790561105,Qwen/Qwen2-1.5B-Instruct,1.0,0,logiqa,0.5
72,2.75,0.06392786120670757,Qwen/Qwen2-1.5B-Instruct,0.0,0,logiqa,0.5
73,2.171875,0.1139637344565904,Qwen/Qwen2-1.5B-Instruct,0.0,0,logiqa,0.5
74,1.6328125,0.19537929639047613,Qwen/Qwen2-1.5B-Instruct,0.0,0,logiqa,0.5
75,2.21875,0.10874495509722103,Qwen/Qwen2-1.5B-Instruct,0.0,0,logiqa,0.5
76,1.609375,0.2000125828826258,Qwen/Qwen2-1.5B-Instruct,0.0,0,logiqa,0.5
77,1.3125,0.26914634872918386,Qwen/Qwen2-1.5B-Instruct,0.0,0,logiqa,0.5
78,3.671875,0.025428746320412147,Qwen/Qwen2-1.5B-Instruct,0.0,0,logiqa,0.5
79,1.4609375,0.23201865524727103,Qwen/Qwen2-1.5B-Instruct,0.0,0,logiqa,0.5
80,0.93359375,0.39313832776388624,Qwen/Qwen2-1.5B-Instruct,1.0,0,logiqa,0.5
81,1.828125,0.16071462536804407,Qwen/Qwen2-1.5B-Instruct,0.0,0,logiqa,0.5
82,3.171875,0.04192491494570112,Qwen/Qwen2-1.5B-Instruct,0.0,0,logiqa,0.5
1,6.75,0.0011708796207911744,Qwen/Qwen2-1.5B-Instruct,0.0,0,logiqa,0.5
2,3.59375,0.02749503049258667,Qwen/Qwen2-1.5B-Instruct,0.0,0,logiqa,0.5
3,1.5,0.22313016014842982,Qwen/Qwen2-1.5B-Instruct,0.0,0,logiqa,0.5
4,0.6484375,0.5228621108821537,Qwen/Qwen2-1.5B-Instruct,1.0,0,logiqa,0.5
5,0.216796875,0.8050934873117519,Qwen/Qwen2-1.5B-Instruct,1.0,0,logiqa,0.5
6,2.625,0.07243975703425146,Qwen/Qwen2-1.5B-Instruct,0.0,0,logiqa,0.5
7,2.8125,0.060054667895307945,Qwen/Qwen2-1.5B-Instruct,0.0,0,logiqa,0.5
8,2.8125,0.060054667895307945,Qwen/Qwen2-1.5B-Instruct,0.0,0,logiqa,0.5
9,1.3515625,0.25883551402927246,Qwen/Qwen2-1.5B-Instruct,0.0,0,logiqa,0.5
10,1.75,0.17377394345044514,Qwen/Qwen2-1.5B-Instruct,0.0,0,logiqa,0.5
11,2.71875,0.06595714935553817,Qwen/Qwen2-1.5B-Instruct,0.0,0,logiqa,0.5
12,0.58203125,0.5587622272904076,Qwen/Qwen2-1.5B-Instruct,1.0,0,logiqa,0.5
13,4.0,0.01831563888873418,Qwen/Qwen2-1.5B-Instruct,0.0,0,logiqa,0.5
14,3.359375,0.034756975267222885,Qwen/Qwen2-1.5B-Instruct,0.0,0,logiqa,0.5
15,1.1875,0.3049827687110593,Qwen/Qwen2-1.5B-Instruct,1.0,0,logiqa,0.5
16,0.27734375,0.7577939606593946,Qwen/Qwen2-1.5B-Instruct,1.0,0,logiqa,0.5
17,2.03125,0.13117145431019428,Qwen/Qwen2-1.5B-Instruct,0.0,0,logiqa,0.5
18,0.248046875,0.7803233647630088,Qwen/Qwen2-1.5B-Instruct,1.0,0,logiqa,0.5
19,1.671875,0.18789443308700168,Qwen/Qwen2-1.5B-Instruct,0.0,0,logiqa,0.5
20,1.90625,0.1486367305381225,Qwen/Qwen2-1.5B-Instruct,0.0,0,logiqa,0.5
21,4.34375,0.012987732771292249,Qwen/Qwen2-1.5B-Instruct,0.0,0,logiqa,0.5
22,1.515625,0.21967084765457534,Qwen/Qwen2-1.5B-Instruct,0.0,0,logiqa,0.5
23,1.171875,0.30978554847668166,Qwen/Qwen2-1.5B-Instruct,0.0,0,logiqa,0.5
24,2.125,0.11943296826671962,Qwen/Qwen2-1.5B-Instruct,0.0,0,logiqa,0.5
25,0.55859375,0.572012891653811,Qwen/Qwen2-1.5B-Instruct,1.0,0,logiqa,0.5
26,1.5625,0.2096113871510978,Qwen/Qwen2-1.5B-Instruct,0.0,0,logiqa,0.5
27,1.359375,0.25682124007865503,Qwen/Qwen2-1.5B-Instruct,0.0,0,logiqa,0.5
28,1.1875,0.3049827687110593,Qwen/Qwen2-1.5B-Instruct,1.0,0,logiqa,0.5
29,1.46875,0.23021307174736147,Qwen/Qwen2-1.5B-Instruct,0.0,0,logiqa,0.5
30,3.625,0.026649097336355485,Qwen/Qwen2-1.5B-Instruct,0.0,0,logiqa,0.5
31,4.03125,0.01775212592162854,Qwen/Qwen2-1.5B-Instruct,0.0,0,logiqa,0.5
32,0.11083984375,0.8950820904412523,Qwen/Qwen2-1.5B-Instruct,1.0,0,logiqa,0.5
33,1.8203125,0.1619751257973035,Qwen/Qwen2-1.5B-Instruct,0.0,0,logiqa,0.5
34,3.578125,0.027928014220365963,Qwen/Qwen2-1.5B-Instruct,0.0,0,logiqa,0.5
35,1.609375,0.2000125828826258,Qwen/Qwen2-1.5B-Instruct,0.0,0,logiqa,0.5
36,0.283203125,0.7533667446967807,Qwen/Qwen2-1.5B-Instruct,1.0,0,logiqa,0.5
37,0.96484375,0.3810427330152126,Qwen/Qwen2-1.5B-Instruct,1.0,0,logiqa,0.5
38,1.5546875,0.21125538963610227,Qwen/Qwen2-1.5B-Instruct,0.0,0,logiqa,0.5
39,0.421875,0.6558160112715016,Qwen/Qwen2-1.5B-Instruct,1.0,0,logiqa,0.5
40,1.1953125,0.30260937397538795,Qwen/Qwen2-1.5B-Instruct,0.0,0,logiqa,0.5
41,0.76953125,0.463230156563083,Qwen/Qwen2-1.5B-Instruct,1.0,0,logiqa,0.5
42,1.15625,0.314663961018459,Qwen/Qwen2-1.5B-Instruct,1.0,0,logiqa,0.5
43,2.03125,0.13117145431019428,Qwen/Qwen2-1.5B-Instruct,0.0,0,logiqa,0.5
44,0.95703125,0.3840312882100615,Qwen/Qwen2-1.5B-Instruct,0.0,0,logiqa,0.5
45,1.640625,0.19385884264329528,Qwen/Qwen2-1.5B-Instruct,0.0,0,logiqa,0.5
46,1.46875,0.23021307174736147,Qwen/Qwen2-1.5B-Instruct,0.0,0,logiqa,0.5
47,1.7109375,0.18069631039374898,Qwen/Qwen2-1.5B-Instruct,0.0,0,logiqa,0.5
48,0.89453125,0.4087991783506979,Qwen/Qwen2-1.5B-Instruct,0.0,0,logiqa,0.5
49,0.984375,0.373672699406043,Qwen/Qwen2-1.5B-Instruct,1.0,0,logiqa,0.5
50,3.21875,0.04000503331137926,Qwen/Qwen2-1.5B-Instruct,0.0,0,logiqa,0.5
51,1.890625,0.1509774184559146,Qwen/Qwen2-1.5B-Instruct,0.0,0,logiqa,0.5
52,2.03125,0.13117145431019428,Qwen/Qwen2-1.5B-Instruct,0.0,0,logiqa,0.5
53,0.5078125,0.6018106006716945,Qwen/Qwen2-1.5B-Instruct,1.0,0,logiqa,0.5
54,1.5625,0.2096113871510978,Qwen/Qwen2-1.5B-Instruct,0.0,0,logiqa,0.5
55,3.71875,0.02426427924617674,Qwen/Qwen2-1.5B-Instruct,0.0,0,logiqa,0.5
56,2.59375,0.0747392417609257,Qwen/Qwen2-1.5B-Instruct,0.0,0,logiqa,0.5
57,2.109375,0.1213137638466268,Qwen/Qwen2-1.5B-Instruct,0.0,0,logiqa,0.5
58,3.078125,0.04604551109353302,Qwen/Qwen2-1.5B-Instruct,0.0,0,logiqa,0.5
59,1.1328125,0.3221260018134028,Qwen/Qwen2-1.5B-Instruct,1.0,0,logiqa,0.5
60,1.609375,0.2000125828826258,Qwen/Qwen2-1.5B-Instruct,0.0,0,logiqa,0.5
61,1.9609375,0.14072642803276533,Qwen/Qwen2-1.5B-Instruct,0.0,0,logiqa,0.5
62,1.796875,0.1658162552121675,Qwen/Qwen2-1.5B-Instruct,0.0,0,logiqa,0.5
63,1.3203125,0.26705183522634335,Qwen/Qwen2-1.5B-Instruct,0.0,0,logiqa,0.5
64,1.4921875,0.22488019168416426,Qwen/Qwen2-1.5B-Instruct,0.0,0,logiqa,0.5
65,1.859375,0.15576995617312325,Qwen/Qwen2-1.5B-Instruct,0.0,0,logiqa,0.5
66,4.59375,0.010114856452604551,Qwen/Qwen2-1.5B-Instruct,0.0,0,logiqa,0.5
67,0.98046875,0.37513521300027985,Qwen/Qwen2-1.5B-Instruct,0.0,0,logiqa,0.5
68,1.640625,0.19385884264329528,Qwen/Qwen2-1.5B-Instruct,0.0,0,logiqa,0.5
69,2.09375,0.12322417764723749,Qwen/Qwen2-1.5B-Instruct,0.0,0,logiqa,0.5
70,4.625,0.009803655035821828,Qwen/Qwen2-1.5B-Instruct,0.0,0,logiqa,0.5
71,1.234375,0.29101659090983195,Qwen/Qwen2-1.5B-Instruct,1.0,0,logiqa,0.5
72,4.25,0.014264233908999256,Qwen/Qwen2-1.5B-Instruct,0.0,0,logiqa,0.5
73,2.8125,0.060054667895307945,Qwen/Qwen2-1.5B-Instruct,0.0,0,logiqa,0.5
74,1.78125,0.16842748127818424,Qwen/Qwen2-1.5B-Instruct,0.0,0,logiqa,0.5
75,1.546875,0.21291228619240427,Qwen/Qwen2-1.5B-Instruct,0.0,0,logiqa,0.5
76,2.6875,0.0680508540250102,Qwen/Qwen2-1.5B-Instruct,0.0,0,logiqa,0.5
77,2.296875,0.10057264266491435,Qwen/Qwen2-1.5B-Instruct,0.0,0,logiqa,0.5
78,1.46875,0.23021307174736147,Qwen/Qwen2-1.5B-Instruct,0.0,0,logiqa,0.5
1,1.2265625,0.29329906232102687,Qwen/Qwen2-1.5B-Instruct,1.0,0,logiqa,0.5
2,0.83203125,0.4351644601644917,Qwen/Qwen2-1.5B-Instruct,1.0,0,logiqa,0.5
3,0.416015625,0.6596699630606897,Qwen/Qwen2-1.5B-Instruct,1.0,0,logiqa,0.5
4,1.078125,0.34023286457404905,Qwen/Qwen2-1.5B-Instruct,0.0,0,logiqa,0.5
5,0.96484375,0.3810427330152126,Qwen/Qwen2-1.5B-Instruct,1.0,0,logiqa,0.5
6,3.84375,0.021413151278198653,Qwen/Qwen2-1.5B-Instruct,0.0,0,logiqa,0.5
7,1.2109375,0.2979178504832066,Qwen/Qwen2-1.5B-Instruct,0.0,0,logiqa,0.5
8,3.859375,0.02108117113844438,Qwen/Qwen2-1.5B-Instruct,0.0,0,logiqa,0.5
9,1.9453125,0.14294254681187055,Qwen/Qwen2-1.5B-Instruct,0.0,0,logiqa,0.5
10,1.5,0.22313016014842982,Qwen/Qwen2-1.5B-Instruct,0.0,0,logiqa,0.5
11,2.015625,0.13323710414756298,Qwen/Qwen2-1.5B-Instruct,0.0,0,logiqa,0.5
12,1.34375,0.26086558612628497,Qwen/Qwen2-1.5B-Instruct,0.0,0,logiqa,0.5
13,1.0078125,0.36501658064745907,Qwen/Qwen2-1.5B-Instruct,1.0,0,logiqa,0.5
14,0.69921875,0.49697341264527733,Qwen/Qwen2-1.5B-Instruct,1.0,0,logiqa,0.5
15,1.5859375,0.20475574459755974,Qwen/Qwen2-1.5B-Instruct,0.0,0,logiqa,0.5
16,1.984375,0.13746650383851944,Qwen/Qwen2-1.5B-Instruct,0.0,0,logiqa,0.5
17,3.875,0.020754337873699742,Qwen/Qwen2-1.5B-Instruct,0.0,0,logiqa,0.5
18,2.46875,0.0846906561847805,Qwen/Qwen2-1.5B-Instruct,0.0,0,logiqa,0.5
19,3.421875,0.03265115658991408,Qwen/Qwen2-1.5B-Instruct,0.0,0,logiqa,0.5
20,2.578125,0.0759162135601666,Qwen/Qwen2-1.5B-Instruct,0.0,0,logiqa,0.5
21,3.84375,0.021413151278198653,Qwen/Qwen2-1.5B-Instruct,0.0,0,logiqa,0.5
22,1.125,0.32465246735834974,Qwen/Qwen2-1.5B-Instruct,0.0,0,logiqa,0.5
23,1.1953125,0.30260937397538795,Qwen/Qwen2-1.5B-Instruct,1.0,0,logiqa,0.5
24,2.4375,0.08737902619542039,Qwen/Qwen2-1.5B-Instruct,0.0,0,logiqa,0.5
25,2.484375,0.08337764926156645,Qwen/Qwen2-1.5B-Instruct,0.0,0,logiqa,0.5
26,0.9609375,0.3825340921054156,Qwen/Qwen2-1.5B-Instruct,1.0,0,logiqa,0.5
27,0.6484375,0.5228621108821537,Qwen/Qwen2-1.5B-Instruct,1.0,0,logiqa,0.5
28,0.4453125,0.6406240497330474,Qwen/Qwen2-1.5B-Instruct,1.0,0,logiqa,0.5
29,3.59375,0.02749503049258667,Qwen/Qwen2-1.5B-Instruct,0.0,0,logiqa,0.5
30,0.48046875,0.6184934050621846,Qwen/Qwen2-1.5B-Instruct,1.0,0,logiqa,0.5
31,2.375,0.09301448921066349,Qwen/Qwen2-1.5B-Instruct,0.0,0,logiqa,0.5
32,2.875,0.05641613950377735,Qwen/Qwen2-1.5B-Instruct,0.0,0,logiqa,0.5
33,4.03125,0.01775212592162854,Qwen/Qwen2-1.5B-Instruct,0.0,0,logiqa,0.5
34,0.2041015625,0.8153795549957998,Qwen/Qwen2-1.5B-Instruct,1.0,0,logiqa,0.5
35,0.95703125,0.3840312882100615,Qwen/Qwen2-1.5B-Instruct,0.0,0,logiqa,0.5
36,1.828125,0.16071462536804407,Qwen/Qwen2-1.5B-Instruct,0.0,0,logiqa,0.5
37,0.42578125,0.6532592269479727,Qwen/Qwen2-1.5B-Instruct,1.0,0,logiqa,0.5
38,0.138671875,0.870513618882206,Qwen/Qwen2-1.5B-Instruct,1.0,0,logiqa,0.5
39,1.046875,0.3510330150388101,Qwen/Qwen2-1.5B-Instruct,1.0,0,logiqa,0.5
40,5.5625,0.0038391664740261636,Qwen/Qwen2-1.5B-Instruct,0.0,0,logiqa,0.5
41,1.03125,0.356560980663947,Qwen/Qwen2-1.5B-Instruct,1.0,0,logiqa,0.5
42,1.0234375,0.35935752309532076,Qwen/Qwen2-1.5B-Instruct,1.0,0,logiqa,0.5
43,1.40625,0.2450605392455259,Qwen/Qwen2-1.5B-Instruct,0.0,0,logiqa,0.5
44,2.84375,0.058206980009571974,Qwen/Qwen2-1.5B-Instruct,0.0,0,logiqa,0.5
45,0.373046875,0.6886329524177447,Qwen/Qwen2-1.5B-Instruct,1.0,0,logiqa,0.5
46,2.28125,0.1021564313333943,Qwen/Qwen2-1.5B-Instruct,0.0,0,logiqa,0.5
47,0.08251953125,0.9207934534340386,Qwen/Qwen2-1.5B-Instruct,1.0,0,logiqa,0.5
48,1.3046875,0.27125728970502744,Qwen/Qwen2-1.5B-Instruct,0.0,0,logiqa,0.5
49,3.59375,0.02749503049258667,Qwen/Qwen2-1.5B-Instruct,0.0,0,logiqa,0.5
50,1.9296875,0.14519356438370257,Qwen/Qwen2-1.5B-Instruct,0.0,0,logiqa,0.5
51,0.82421875,0.43857749732635326,Qwen/Qwen2-1.5B-Instruct,1.0,0,logiqa,0.5
52,0.796875,0.4507353134063624,Qwen/Qwen2-1.5B-Instruct,1.0,0,logiqa,0.5
53,2.4375,0.08737902619542039,Qwen/Qwen2-1.5B-Instruct,0.0,0,logiqa,0.5
54,1.234375,0.29101659090983195,Qwen/Qwen2-1.5B-Instruct,0.0,0,logiqa,0.5
55,0.416015625,0.6596699630606897,Qwen/Qwen2-1.5B-Instruct,1.0,0,logiqa,0.5
56,0.12451171875,0.8829279144942641,Qwen/Qwen2-1.5B-Instruct,1.0,0,logiqa,0.5
57,0.494140625,0.6100949824510565,Qwen/Qwen2-1.5B-Instruct,1.0,0,logiqa,0.5
58,2.03125,0.13117145431019428,Qwen/Qwen2-1.5B-Instruct,0.0,0,logiqa,0.5
59,2.59375,0.0747392417609257,Qwen/Qwen2-1.5B-Instruct,0.0,0,logiqa,0.5
60,1.3203125,0.26705183522634335,Qwen/Qwen2-1.5B-Instruct,0.0,0,logiqa,0.5
61,4.15625,0.015666196140128895,Qwen/Qwen2-1.5B-Instruct,0.0,0,logiqa,0.5
62,1.703125,0.18211352912101367,Qwen/Qwen2-1.5B-Instruct,0.0,0,logiqa,0.5
63,1.796875,0.1658162552121675,Qwen/Qwen2-1.5B-Instruct,0.0,0,logiqa,0.5
64,3.9375,0.019496896108597995,Qwen/Qwen2-1.5B-Instruct,0.0,0,logiqa,0.5
65,1.359375,0.25682124007865503,Qwen/Qwen2-1.5B-Instruct,0.0,0,logiqa,0.5
66,3.5625,0.0283678164497131,Qwen/Qwen2-1.5B-Instruct,0.0,0,logiqa,0.5
67,1.28125,0.27768997095378994,Qwen/Qwen2-1.5B-Instruct,0.0,0,logiqa,0.5
68,2.5625,0.07711171996831671,Qwen/Qwen2-1.5B-Instruct,0.0,0,logiqa,0.5
69,1.375,0.25283959580474646,Qwen/Qwen2-1.5B-Instruct,0.0,0,logiqa,0.5
70,5.15625,0.005763271481312824,Qwen/Qwen2-1.5B-Instruct,0.0,0,logiqa,0.5
71,0.90234375,0.40561787790561105,Qwen/Qwen2-1.5B-Instruct,1.0,0,logiqa,0.5
72,1.21875,0.29559943537737077,Qwen/Qwen2-1.5B-Instruct,0.0,0,logiqa,0.5
73,2.21875,0.10874495509722103,Qwen/Qwen2-1.5B-Instruct,0.0,0,logiqa,0.5
74,1.140625,0.31961919737930994,Qwen/Qwen2-1.5B-Instruct,0.0,0,logiqa,0.5
75,2.46875,0.0846906561847805,Qwen/Qwen2-1.5B-Instruct,0.0,0,logiqa,0.5
76,4.5,0.011108996538242306,Qwen/Qwen2-1.5B-Instruct,0.0,0,logiqa,0.5
77,0.1982421875,0.8201711938713908,Qwen/Qwen2-1.5B-Instruct,1.0,0,logiqa,0.5
78,1.84375,0.15822297604949842,Qwen/Qwen2-1.5B-Instruct,0.0,0,logiqa,0.5
79,1.25,0.2865047968601901,Qwen/Qwen2-1.5B-Instruct,0.0,0,logiqa,0.5
80,0.373046875,0.6886329524177447,Qwen/Qwen2-1.5B-Instruct,1.0,0,logiqa,0.5
81,1.8828125,0.1521615490248429,Qwen/Qwen2-1.5B-Instruct,0.0,0,logiqa,0.5
82,1.828125,0.16071462536804407,Qwen/Qwen2-1.5B-Instruct,0.0,0,logiqa,0.5
1,1.8671875,0.15455774475698483,Qwen/Qwen2-1.5B-Instruct,0.0,0,logiqa,0.5
2,1.4375,0.23752081909545814,Qwen/Qwen2-1.5B-Instruct,0.0,0,logiqa,0.5
3,0.71484375,0.48926855403569414,Qwen/Qwen2-1.5B-Instruct,1.0,0,logiqa,0.5
4,3.546875,0.028814544556403775,Qwen/Qwen2-1.5B-Instruct,0.0,0,logiqa,0.5
5,1.4765625,0.2284215394097245,Qwen/Qwen2-1.5B-Instruct,0.0,0,logiqa,0.5
6,5.40625,0.004488440342699523,Qwen/Qwen2-1.5B-Instruct,0.0,0,logiqa,0.5
7,1.5546875,0.21125538963610227,Qwen/Qwen2-1.5B-Instruct,0.0,0,logiqa,0.5
8,1.5,0.22313016014842982,Qwen/Qwen2-1.5B-Instruct,0.0,0,logiqa,0.5
9,4.21875,0.014717029298635137,Qwen/Qwen2-1.5B-Instruct,0.0,0,logiqa,0.5
10,0.451171875,0.6368813687851224,Qwen/Qwen2-1.5B-Instruct,1.0,0,logiqa,0.5
11,0.357421875,0.6994773434756083,Qwen/Qwen2-1.5B-Instruct,1.0,0,logiqa,0.5
12,3.09375,0.045331641611676264,Qwen/Qwen2-1.5B-Instruct,0.0,0,logiqa,0.5
13,3.53125,0.029268307607136092,Qwen/Qwen2-1.5B-Instruct,0.0,0,logiqa,0.5
14,2.28125,0.1021564313333943,Qwen/Qwen2-1.5B-Instruct,0.0,0,logiqa,0.5
15,3.09375,0.045331641611676264,Qwen/Qwen2-1.5B-Instruct,0.0,0,logiqa,0.5
16,2.3125,0.0990134083638263,Qwen/Qwen2-1.5B-Instruct,0.0,0,logiqa,0.5
17,0.05322265625,0.9481688732517508,Qwen/Qwen2-1.5B-Instruct,1.0,0,logiqa,0.5
18,1.359375,0.25682124007865503,Qwen/Qwen2-1.5B-Instruct,0.0,0,logiqa,0.5
19,2.828125,0.059123606568473756,Qwen/Qwen2-1.5B-Instruct,0.0,0,logiqa,0.5
20,5.875,0.0028087941945255128,Qwen/Qwen2-1.5B-Instruct,0.0,0,logiqa,0.5
21,0.400390625,0.6700582534023591,Qwen/Qwen2-1.5B-Instruct,1.0,0,logiqa,0.5
22,2.234375,0.10705902083552722,Qwen/Qwen2-1.5B-Instruct,0.0,0,logiqa,0.5
23,0.51953125,0.5947992948032403,Qwen/Qwen2-1.5B-Instruct,1.0,0,logiqa,0.5
24,1.46875,0.23021307174736147,Qwen/Qwen2-1.5B-Instruct,0.0,0,logiqa,0.5
25,1.8046875,0.16452586287665122,Qwen/Qwen2-1.5B-Instruct,0.0,0,logiqa,0.5
26,1.875,0.15335496684492847,Qwen/Qwen2-1.5B-Instruct,0.0,0,logiqa,0.5
27,2.03125,0.13117145431019428,Qwen/Qwen2-1.5B-Instruct,0.0,0,logiqa,0.5
28,1.3203125,0.26705183522634335,Qwen/Qwen2-1.5B-Instruct,0.0,0,logiqa,0.5
29,3.96875,0.018897039677585683,Qwen/Qwen2-1.5B-Instruct,0.0,0,logiqa,0.5
30,1.890625,0.1509774184559146,Qwen/Qwen2-1.5B-Instruct,0.0,0,logiqa,0.5
31,2.3125,0.0990134083638263,Qwen/Qwen2-1.5B-Instruct,0.0,0,logiqa,0.5
32,0.91796875,0.39932935558376886,Qwen/Qwen2-1.5B-Instruct,1.0,0,logiqa,0.5
33,0.158203125,0.8536763613451477,Qwen/Qwen2-1.5B-Instruct,1.0,0,logiqa,0.5
34,1.03125,0.356560980663947,Qwen/Qwen2-1.5B-Instruct,1.0,0,logiqa,0.5
35,3.09375,0.045331641611676264,Qwen/Qwen2-1.5B-Instruct,0.0,0,logiqa,0.5
36,0.67578125,0.5087587974957017,Qwen/Qwen2-1.5B-Instruct,1.0,0,logiqa,0.5
37,1.0078125,0.36501658064745907,Qwen/Qwen2-1.5B-Instruct,0.0,0,logiqa,0.5
38,2.28125,0.1021564313333943,Qwen/Qwen2-1.5B-Instruct,0.0,0,logiqa,0.5
39,3.5625,0.0283678164497131,Qwen/Qwen2-1.5B-Instruct,0.0,0,logiqa,0.5
40,3.34375,0.03530431798508576,Qwen/Qwen2-1.5B-Instruct,0.0,0,logiqa,0.5
41,4.9375,0.007172507245008699,Qwen/Qwen2-1.5B-Instruct,0.0,0,logiqa,0.5
42,1.765625,0.17107982817134254,Qwen/Qwen2-1.5B-Instruct,0.0,0,logiqa,0.5
43,0.345703125,0.7077225610574206,Qwen/Qwen2-1.5B-Instruct,1.0,0,logiqa,0.5
44,1.25,0.2865047968601901,Qwen/Qwen2-1.5B-Instruct,1.0,0,logiqa,0.5
45,1.625,0.19691167520419406,Qwen/Qwen2-1.5B-Instruct,0.0,0,logiqa,0.5
46,1.53125,0.2162651668298873,Qwen/Qwen2-1.5B-Instruct,0.0,0,logiqa,0.5
47,4.5625,0.010435936462774504,Qwen/Qwen2-1.5B-Instruct,0.0,0,logiqa,0.5
48,2.453125,0.08602433995839362,Qwen/Qwen2-1.5B-Instruct,0.0,0,logiqa,0.5
49,1.359375,0.25682124007865503,Qwen/Qwen2-1.5B-Instruct,1.0,0,logiqa,0.5
50,1.0703125,0.34290134400373157,Qwen/Qwen2-1.5B-Instruct,0.0,0,logiqa,0.5
51,1.140625,0.31961919737930994,Qwen/Qwen2-1.5B-Instruct,0.0,0,logiqa,0.5
52,6.65625,0.001285959688604209,Qwen/Qwen2-1.5B-Instruct,0.0,0,logiqa,0.5
53,3.140625,0.043255754605187734,Qwen/Qwen2-1.5B-Instruct,0.0,0,logiqa,0.5
54,0.486328125,0.6148800167035864,Qwen/Qwen2-1.5B-Instruct,1.0,0,logiqa,0.5
55,1.953125,0.14183015908734253,Qwen/Qwen2-1.5B-Instruct,0.0,0,logiqa,0.5
56,3.359375,0.034756975267222885,Qwen/Qwen2-1.5B-Instruct,0.0,0,logiqa,0.5
57,3.515625,0.02972921638615875,Qwen/Qwen2-1.5B-Instruct,0.0,0,logiqa,0.5
58,1.2109375,0.2979178504832066,Qwen/Qwen2-1.5B-Instruct,1.0,0,logiqa,0.5
59,1.3359375,0.26291158027609046,Qwen/Qwen2-1.5B-Instruct,0.0,0,logiqa,0.5
60,1.453125,0.23383840011408472,Qwen/Qwen2-1.5B-Instruct,0.0,0,logiqa,0.5
61,2.296875,0.10057264266491435,Qwen/Qwen2-1.5B-Instruct,0.0,0,logiqa,0.5
62,1.671875,0.18789443308700168,Qwen/Qwen2-1.5B-Instruct,0.0,0,logiqa,0.5
63,1.4921875,0.22488019168416426,Qwen/Qwen2-1.5B-Instruct,0.0,0,logiqa,0.5
64,1.984375,0.13746650383851944,Qwen/Qwen2-1.5B-Instruct,0.0,0,logiqa,0.5
65,5.625,0.0036065631360157305,Qwen/Qwen2-1.5B-Instruct,0.0,0,logiqa,0.5
66,0.390625,0.676633846161729,Qwen/Qwen2-1.5B-Instruct,1.0,0,logiqa,0.5
67,2.359375,0.09447925428109244,Qwen/Qwen2-1.5B-Instruct,0.0,0,logiqa,0.5
68,1.765625,0.17107982817134254,Qwen/Qwen2-1.5B-Instruct,0.0,0,logiqa,0.5
69,1.5,0.22313016014842982,Qwen/Qwen2-1.5B-Instruct,0.0,0,logiqa,0.5
70,0.259765625,0.7712323221982079,Qwen/Qwen2-1.5B-Instruct,1.0,0,logiqa,0.5
71,0.158203125,0.8536763613451477,Qwen/Qwen2-1.5B-Instruct,1.0,0,logiqa,0.5
72,3.09375,0.045331641611676264,Qwen/Qwen2-1.5B-Instruct,0.0,0,logiqa,0.5
73,1.34375,0.26086558612628497,Qwen/Qwen2-1.5B-Instruct,0.0,0,logiqa,0.5
74,1.34375,0.26086558612628497,Qwen/Qwen2-1.5B-Instruct,0.0,0,logiqa,0.5
75,0.83203125,0.4351644601644917,Qwen/Qwen2-1.5B-Instruct,1.0,0,logiqa,0.5
76,1.65625,0.19085333986431632,Qwen/Qwen2-1.5B-Instruct,0.0,0,logiqa,0.5
77,1.3359375,0.26291158027609046,Qwen/Qwen2-1.5B-Instruct,0.0,0,logiqa,0.5
78,0.2041015625,0.8153795549957998,Qwen/Qwen2-1.5B-Instruct,1.0,0,logiqa,0.5
79,1.1640625,0.31221522664653706,Qwen/Qwen2-1.5B-Instruct,1.0,0,logiqa,0.5
80,1.6484375,0.1923502211610474,Qwen/Qwen2-1.5B-Instruct,0.0,0,logiqa,0.5
81,1.859375,0.15576995617312325,Qwen/Qwen2-1.5B-Instruct,0.0,0,logiqa,0.5
1,3.75,0.023517745856009107,Qwen/Qwen2-1.5B-Instruct,0.0,0,logiqa,0.5
2,1.8046875,0.16452586287665122,Qwen/Qwen2-1.5B-Instruct,0.0,0,logiqa,0.5
3,1.3515625,0.25883551402927246,Qwen/Qwen2-1.5B-Instruct,0.0,0,logiqa,0.5
4,0.2421875,0.7849089933174918,Qwen/Qwen2-1.5B-Instruct,1.0,0,logiqa,0.5
5,2.125,0.11943296826671962,Qwen/Qwen2-1.5B-Instruct,0.0,0,logiqa,0.5
6,1.75,0.17377394345044514,Qwen/Qwen2-1.5B-Instruct,0.0,0,logiqa,0.5
7,0.7890625,0.4542704742837873,Qwen/Qwen2-1.5B-Instruct,1.0,0,logiqa,0.5
8,0.1787109375,0.8363476211932502,Qwen/Qwen2-1.5B-Instruct,1.0,0,logiqa,0.5
9,1.34375,0.26086558612628497,Qwen/Qwen2-1.5B-Instruct,0.0,0,logiqa,0.5
10,1.859375,0.15576995617312325,Qwen/Qwen2-1.5B-Instruct,0.0,0,logiqa,0.5
11,1.1484375,0.31713190105209277,Qwen/Qwen2-1.5B-Instruct,1.0,0,logiqa,0.5
12,4.40625,0.012200845821682604,Qwen/Qwen2-1.5B-Instruct,0.0,0,logiqa,0.5
13,3.15625,0.04258513628878761,Qwen/Qwen2-1.5B-Instruct,0.0,0,logiqa,0.5
14,1.9375,0.14406365910145327,Qwen/Qwen2-1.5B-Instruct,0.0,0,logiqa,0.5
15,2.40625,0.09015273423081638,Qwen/Qwen2-1.5B-Instruct,0.0,0,logiqa,0.5
16,1.90625,0.1486367305381225,Qwen/Qwen2-1.5B-Instruct,0.0,0,logiqa,0.5
17,2.09375,0.12322417764723749,Qwen/Qwen2-1.5B-Instruct,0.0,0,logiqa,0.5
18,1.3046875,0.27125728970502744,Qwen/Qwen2-1.5B-Instruct,0.0,0,logiqa,0.5
19,1.65625,0.19085333986431632,Qwen/Qwen2-1.5B-Instruct,0.0,0,logiqa,0.5
20,1.84375,0.15822297604949842,Qwen/Qwen2-1.5B-Instruct,0.0,0,logiqa,0.5
21,0.9453125,0.3885581275123641,Qwen/Qwen2-1.5B-Instruct,1.0,0,logiqa,0.5
22,2.0,0.1353352832366127,Qwen/Qwen2-1.5B-Instruct,0.0,0,logiqa,0.5
23,2.140625,0.11758133171956547,Qwen/Qwen2-1.5B-Instruct,0.0,0,logiqa,0.5
24,1.9296875,0.14519356438370257,Qwen/Qwen2-1.5B-Instruct,0.0,0,logiqa,0.5
25,2.453125,0.08602433995839362,Qwen/Qwen2-1.5B-Instruct,0.0,0,logiqa,0.5
26,0.91796875,0.39932935558376886,Qwen/Qwen2-1.5B-Instruct,0.0,0,logiqa,0.5
27,0.86328125,0.4217758572543825,Qwen/Qwen2-1.5B-Instruct,1.0,0,logiqa,0.5
28,3.34375,0.03530431798508576,Qwen/Qwen2-1.5B-Instruct,0.0,0,logiqa,0.5
29,0.06787109375,0.9343809133539388,Qwen/Qwen2-1.5B-Instruct,1.0,0,logiqa,0.5
30,1.3125,0.26914634872918386,Qwen/Qwen2-1.5B-Instruct,0.0,0,logiqa,0.5
31,1.390625,0.2489196812036605,Qwen/Qwen2-1.5B-Instruct,0.0,0,logiqa,0.5
32,0.890625,0.41039917309637,Qwen/Qwen2-1.5B-Instruct,1.0,0,logiqa,0.5
33,1.609375,0.2000125828826258,Qwen/Qwen2-1.5B-Instruct,0.0,0,logiqa,0.5
34,0.74609375,0.4742153431555798,Qwen/Qwen2-1.5B-Instruct,1.0,0,logiqa,0.5
35,0.54296875,0.5810207839794026,Qwen/Qwen2-1.5B-Instruct,1.0,0,logiqa,0.5
36,1.9609375,0.14072642803276533,Qwen/Qwen2-1.5B-Instruct,0.0,0,logiqa,0.5
37,1.5546875,0.21125538963610227,Qwen/Qwen2-1.5B-Instruct,0.0,0,logiqa,0.5
38,2.71875,0.06595714935553817,Qwen/Qwen2-1.5B-Instruct,0.0,0,logiqa,0.5
39,1.53125,0.2162651668298873,Qwen/Qwen2-1.5B-Instruct,0.0,0,logiqa,0.5
40,0.90234375,0.40561787790561105,Qwen/Qwen2-1.5B-Instruct,1.0,0,logiqa,0.5
41,1.1484375,0.31713190105209277,Qwen/Qwen2-1.5B-Instruct,0.0,0,logiqa,0.5
42,1.625,0.19691167520419406,Qwen/Qwen2-1.5B-Instruct,0.0,0,logiqa,0.5
43,4.96875,0.006951832396384793,Qwen/Qwen2-1.5B-Instruct,0.0,0,logiqa,0.5
44,0.248046875,0.7803233647630088,Qwen/Qwen2-1.5B-Instruct,1.0,0,logiqa,0.5
45,2.21875,0.10874495509722103,Qwen/Qwen2-1.5B-Instruct,0.0,0,logiqa,0.5
46,0.96484375,0.3810427330152126,Qwen/Qwen2-1.5B-Instruct,1.0,0,logiqa,0.5
47,1.375,0.25283959580474646,Qwen/Qwen2-1.5B-Instruct,0.0,0,logiqa,0.5
48,1.609375,0.2000125828826258,Qwen/Qwen2-1.5B-Instruct,0.0,0,logiqa,0.5
49,1.5,0.22313016014842982,Qwen/Qwen2-1.5B-Instruct,0.0,0,logiqa,0.5
50,2.265625,0.10376516104428837,Qwen/Qwen2-1.5B-Instruct,0.0,0,logiqa,0.5
51,3.65625,0.025829190807190754,Qwen/Qwen2-1.5B-Instruct,0.0,0,logiqa,0.5
52,2.40625,0.09015273423081638,Qwen/Qwen2-1.5B-Instruct,0.0,0,logiqa,0.5
53,0.007781982421875,0.9922482188107336,Qwen/Qwen2-1.5B-Instruct,1.0,0,logiqa,0.5
54,1.421875,0.2412612277378443,Qwen/Qwen2-1.5B-Instruct,0.0,0,logiqa,0.5
55,3.8125,0.022092877665062443,Qwen/Qwen2-1.5B-Instruct,0.0,0,logiqa,0.5
56,1.671875,0.18789443308700168,Qwen/Qwen2-1.5B-Instruct,0.0,0,logiqa,0.5
57,3.34375,0.03530431798508576,Qwen/Qwen2-1.5B-Instruct,0.0,0,logiqa,0.5
58,0.421875,0.6558160112715016,Qwen/Qwen2-1.5B-Instruct,1.0,0,logiqa,0.5
59,1.25,0.2865047968601901,Qwen/Qwen2-1.5B-Instruct,1.0,0,logiqa,0.5
60,1.0,0.36787944117144233,Qwen/Qwen2-1.5B-Instruct,1.0,0,logiqa,0.5
61,0.6484375,0.5228621108821537,Qwen/Qwen2-1.5B-Instruct,1.0,0,logiqa,0.5
62,2.421875,0.08875504563653425,Qwen/Qwen2-1.5B-Instruct,0.0,0,logiqa,0.5
63,0.357421875,0.6994773434756083,Qwen/Qwen2-1.5B-Instruct,1.0,0,logiqa,0.5
64,0.08251953125,0.9207934534340386,Qwen/Qwen2-1.5B-Instruct,1.0,0,logiqa,0.5
65,0.9765625,0.3766034507108804,Qwen/Qwen2-1.5B-Instruct,1.0,0,logiqa,0.5
66,0.216796875,0.8050934873117519,Qwen/Qwen2-1.5B-Instruct,1.0,0,logiqa,0.5
67,1.296875,0.27338478699614155,Qwen/Qwen2-1.5B-Instruct,1.0,0,logiqa,0.5
68,0.73046875,0.48168314818692903,Qwen/Qwen2-1.5B-Instruct,1.0,0,logiqa,0.5
69,3.09375,0.045331641611676264,Qwen/Qwen2-1.5B-Instruct,0.0,0,logiqa,0.5
70,1.125,0.32465246735834974,Qwen/Qwen2-1.5B-Instruct,0.0,0,logiqa,0.5
71,1.2109375,0.2979178504832066,Qwen/Qwen2-1.5B-Instruct,1.0,0,logiqa,0.5
72,0.0751953125,0.9275623041230301,Qwen/Qwen2-1.5B-Instruct,1.0,0,logiqa,0.5
73,4.0,0.01831563888873418,Qwen/Qwen2-1.5B-Instruct,0.0,0,logiqa,0.5
74,1.9375,0.14406365910145327,Qwen/Qwen2-1.5B-Instruct,0.0,0,logiqa,0.5
75,3.109375,0.04462883965030139,Qwen/Qwen2-1.5B-Instruct,0.0,0,logiqa,0.5
76,3.328125,0.035860280096566576,Qwen/Qwen2-1.5B-Instruct,0.0,0,logiqa,0.5
77,1.671875,0.18789443308700168,Qwen/Qwen2-1.5B-Instruct,0.0,0,logiqa,0.5
78,1.3046875,0.27125728970502744,Qwen/Qwen2-1.5B-Instruct,0.0,0,logiqa,0.5
1,1.6171875,0.19845607261390505,Qwen/Qwen2-1.5B-Instruct,0.0,0,logiqa,0.5
2,2.96875,0.05136747956725073,Qwen/Qwen2-1.5B-Instruct,0.0,0,logiqa,0.5
3,2.875,0.05641613950377735,Qwen/Qwen2-1.5B-Instruct,0.0,0,logiqa,0.5
4,2.609375,0.07358051721811718,Qwen/Qwen2-1.5B-Instruct,0.0,0,logiqa,0.5
5,1.0234375,0.35935752309532076,Qwen/Qwen2-1.5B-Instruct,1.0,0,logiqa,0.5
6,6.875,0.001033297638647637,Qwen/Qwen2-1.5B-Instruct,0.0,0,logiqa,0.5
7,1.03125,0.356560980663947,Qwen/Qwen2-1.5B-Instruct,0.0,0,logiqa,0.5
8,2.03125,0.13117145431019428,Qwen/Qwen2-1.5B-Instruct,0.0,0,logiqa,0.5
9,1.4453125,0.23567241741677974,Qwen/Qwen2-1.5B-Instruct,0.0,0,logiqa,0.5
10,1.5234375,0.21796135555570278,Qwen/Qwen2-1.5B-Instruct,0.0,0,logiqa,0.5
11,1.734375,0.17651048487186194,Qwen/Qwen2-1.5B-Instruct,0.0,0,logiqa,0.5
12,1.75,0.17377394345044514,Qwen/Qwen2-1.5B-Instruct,0.0,0,logiqa,0.5
13,2.25,0.10539922456186433,Qwen/Qwen2-1.5B-Instruct,0.0,0,logiqa,0.5
14,0.9453125,0.3885581275123641,Qwen/Qwen2-1.5B-Instruct,0.0,0,logiqa,0.5
15,2.59375,0.0747392417609257,Qwen/Qwen2-1.5B-Instruct,0.0,0,logiqa,0.5
16,3.0,0.049787068367863944,Qwen/Qwen2-1.5B-Instruct,0.0,0,logiqa,0.5
17,1.390625,0.2489196812036605,Qwen/Qwen2-1.5B-Instruct,0.0,0,logiqa,0.5
18,1.359375,0.25682124007865503,Qwen/Qwen2-1.5B-Instruct,0.0,0,logiqa,0.5
19,0.390625,0.676633846161729,Qwen/Qwen2-1.5B-Instruct,1.0,0,logiqa,0.5
20,1.671875,0.18789443308700168,Qwen/Qwen2-1.5B-Instruct,0.0,0,logiqa,0.5
21,3.40625,0.03316533748891029,Qwen/Qwen2-1.5B-Instruct,0.0,0,logiqa,0.5
22,1.5,0.22313016014842982,Qwen/Qwen2-1.5B-Instruct,0.0,0,logiqa,0.5
23,2.796875,0.06100039130459344,Qwen/Qwen2-1.5B-Instruct,0.0,0,logiqa,0.5
24,2.171875,0.1139637344565904,Qwen/Qwen2-1.5B-Instruct,0.0,0,logiqa,0.5
25,2.6875,0.0680508540250102,Qwen/Qwen2-1.5B-Instruct,0.0,0,logiqa,0.5
26,2.25,0.10539922456186433,Qwen/Qwen2-1.5B-Instruct,0.0,0,logiqa,0.5
27,3.03125,0.04825528130927965,Qwen/Qwen2-1.5B-Instruct,0.0,0,logiqa,0.5
28,4.65625,0.00950202828005989,Qwen/Qwen2-1.5B-Instruct,0.0,0,logiqa,0.5
29,1.046875,0.3510330150388101,Qwen/Qwen2-1.5B-Instruct,1.0,0,logiqa,0.5
30,0.796875,0.4507353134063624,Qwen/Qwen2-1.5B-Instruct,1.0,0,logiqa,0.5
31,4.0625,0.017205950425851383,Qwen/Qwen2-1.5B-Instruct,0.0,0,logiqa,0.5
32,1.421875,0.2412612277378443,Qwen/Qwen2-1.5B-Instruct,0.0,0,logiqa,0.5
33,2.078125,0.1251646760876602,Qwen/Qwen2-1.5B-Instruct,0.0,0,logiqa,0.5
34,0.66015625,0.5167705827795767,Qwen/Qwen2-1.5B-Instruct,1.0,0,logiqa,0.5
35,1.6484375,0.1923502211610474,Qwen/Qwen2-1.5B-Instruct,0.0,0,logiqa,0.5
36,1.0,0.36787944117144233,Qwen/Qwen2-1.5B-Instruct,0.0,0,logiqa,0.5
37,2.265625,0.10376516104428837,Qwen/Qwen2-1.5B-Instruct,0.0,0,logiqa,0.5
38,2.84375,0.058206980009571974,Qwen/Qwen2-1.5B-Instruct,0.0,0,logiqa,0.5
39,5.25,0.005247518399181385,Qwen/Qwen2-1.5B-Instruct,0.0,0,logiqa,0.5
40,1.0859375,0.3375851514160396,Qwen/Qwen2-1.5B-Instruct,1.0,0,logiqa,0.5
41,2.28125,0.1021564313333943,Qwen/Qwen2-1.5B-Instruct,0.0,0,logiqa,0.5
42,1.4296875,0.23938371796817895,Qwen/Qwen2-1.5B-Instruct,0.0,0,logiqa,0.5
43,0.96484375,0.3810427330152126,Qwen/Qwen2-1.5B-Instruct,1.0,0,logiqa,0.5
44,1.53125,0.2162651668298873,Qwen/Qwen2-1.5B-Instruct,0.0,0,logiqa,0.5
45,1.15625,0.314663961018459,Qwen/Qwen2-1.5B-Instruct,1.0,0,logiqa,0.5
46,2.046875,0.129137829405204,Qwen/Qwen2-1.5B-Instruct,0.0,0,logiqa,0.5
47,2.546875,0.07832605286299588,Qwen/Qwen2-1.5B-Instruct,0.0,0,logiqa,0.5
48,1.5546875,0.21125538963610227,Qwen/Qwen2-1.5B-Instruct,0.0,0,logiqa,0.5
49,2.28125,0.1021564313333943,Qwen/Qwen2-1.5B-Instruct,0.0,0,logiqa,0.5
50,2.34375,0.09596708604499847,Qwen/Qwen2-1.5B-Instruct,0.0,0,logiqa,0.5
51,6.0,0.0024787521766663585,Qwen/Qwen2-1.5B-Instruct,0.0,0,logiqa,0.5
52,0.921875,0.39777251796661167,Qwen/Qwen2-1.5B-Instruct,1.0,0,logiqa,0.5
53,0.37890625,0.6846097918258168,Qwen/Qwen2-1.5B-Instruct,1.0,0,logiqa,0.5
54,1.8671875,0.15455774475698483,Qwen/Qwen2-1.5B-Instruct,0.0,0,logiqa,0.5
55,1.734375,0.17651048487186194,Qwen/Qwen2-1.5B-Instruct,0.0,0,logiqa,0.5
56,1.640625,0.19385884264329528,Qwen/Qwen2-1.5B-Instruct,0.0,0,logiqa,0.5
57,0.08984375,0.9140739981758944,Qwen/Qwen2-1.5B-Instruct,1.0,0,logiqa,0.5
58,1.453125,0.23383840011408472,Qwen/Qwen2-1.5B-Instruct,0.0,0,logiqa,0.5
59,0.8515625,0.4267476175926629,Qwen/Qwen2-1.5B-Instruct,1.0,0,logiqa,0.5
60,0.10400390625,0.9012217770167625,Qwen/Qwen2-1.5B-Instruct,1.0,0,logiqa,0.5
61,1.375,0.25283959580474646,Qwen/Qwen2-1.5B-Instruct,0.0,0,logiqa,0.5
62,1.2109375,0.2979178504832066,Qwen/Qwen2-1.5B-Instruct,1.0,0,logiqa,0.5
63,1.65625,0.19085333986431632,Qwen/Qwen2-1.5B-Instruct,0.0,0,logiqa,0.5
64,1.984375,0.13746650383851944,Qwen/Qwen2-1.5B-Instruct,0.0,0,logiqa,0.5
65,0.22265625,0.8003899360518268,Qwen/Qwen2-1.5B-Instruct,1.0,0,logiqa,0.5
66,2.484375,0.08337764926156645,Qwen/Qwen2-1.5B-Instruct,0.0,0,logiqa,0.5
67,3.46875,0.031155951269699805,Qwen/Qwen2-1.5B-Instruct,0.0,0,logiqa,0.5
68,3.71875,0.02426427924617674,Qwen/Qwen2-1.5B-Instruct,0.0,0,logiqa,0.5
69,3.3125,0.036424997337364234,Qwen/Qwen2-1.5B-Instruct,0.0,0,logiqa,0.5
70,2.21875,0.10874495509722103,Qwen/Qwen2-1.5B-Instruct,0.0,0,logiqa,0.5
71,0.8984375,0.407205421393389,Qwen/Qwen2-1.5B-Instruct,1.0,0,logiqa,0.5
72,4.53125,0.010767208646547101,Qwen/Qwen2-1.5B-Instruct,0.0,0,logiqa,0.5
73,1.328125,0.26497362135689667,Qwen/Qwen2-1.5B-Instruct,0.0,0,logiqa,0.5
74,1.09375,0.33495804292529496,Qwen/Qwen2-1.5B-Instruct,0.0,0,logiqa,0.5
75,0.96484375,0.3810427330152126,Qwen/Qwen2-1.5B-Instruct,0.0,0,logiqa,0.5
76,1.171875,0.30978554847668166,Qwen/Qwen2-1.5B-Instruct,0.0,0,logiqa,0.5
77,3.046875,0.04750715251567949,Qwen/Qwen2-1.5B-Instruct,0.0,0,logiqa,0.5
78,3.140625,0.043255754605187734,Qwen/Qwen2-1.5B-Instruct,0.0,0,logiqa,0.5
79,0.369140625,0.6913281855882473,Qwen/Qwen2-1.5B-Instruct,1.0,0,logiqa,0.5
1,2.34375,0.09596708604499847,Qwen/Qwen2-1.5B-Instruct,0.0,0,logiqa,0.5
2,1.6171875,0.19845607261390505,Qwen/Qwen2-1.5B-Instruct,0.0,0,logiqa,0.5
3,4.8125,0.008127515489292211,Qwen/Qwen2-1.5B-Instruct,0.0,0,logiqa,0.5
4,1.609375,0.2000125828826258,Qwen/Qwen2-1.5B-Instruct,0.0,0,logiqa,0.5
5,1.40625,0.2450605392455259,Qwen/Qwen2-1.5B-Instruct,0.0,0,logiqa,0.5
6,2.46875,0.0846906561847805,Qwen/Qwen2-1.5B-Instruct,0.0,0,logiqa,0.5
7,1.09375,0.33495804292529496,Qwen/Qwen2-1.5B-Instruct,1.0,0,logiqa,0.5
8,0.36328125,0.6953908273230813,Qwen/Qwen2-1.5B-Instruct,1.0,0,logiqa,0.5
9,0.12451171875,0.8829279144942641,Qwen/Qwen2-1.5B-Instruct,1.0,0,logiqa,0.5
10,1.875,0.15335496684492847,Qwen/Qwen2-1.5B-Instruct,0.0,0,logiqa,0.5
11,5.25,0.005247518399181385,Qwen/Qwen2-1.5B-Instruct,0.0,0,logiqa,0.5
12,2.46875,0.0846906561847805,Qwen/Qwen2-1.5B-Instruct,0.0,0,logiqa,0.5
13,2.828125,0.059123606568473756,Qwen/Qwen2-1.5B-Instruct,0.0,0,logiqa,0.5
14,2.46875,0.0846906561847805,Qwen/Qwen2-1.5B-Instruct,0.0,0,logiqa,0.5
15,0.2890625,0.7489653936027156,Qwen/Qwen2-1.5B-Instruct,1.0,0,logiqa,0.5
16,2.53125,0.07955950871822769,Qwen/Qwen2-1.5B-Instruct,0.0,0,logiqa,0.5
17,2.609375,0.07358051721811718,Qwen/Qwen2-1.5B-Instruct,0.0,0,logiqa,0.5
18,2.234375,0.10705902083552722,Qwen/Qwen2-1.5B-Instruct,0.0,0,logiqa,0.5
19,0.55078125,0.5764992443663932,Qwen/Qwen2-1.5B-Instruct,1.0,0,logiqa,0.5
20,0.384765625,0.6806101355130432,Qwen/Qwen2-1.5B-Instruct,1.0,0,logiqa,0.5
21,2.9375,0.0529980584033558,Qwen/Qwen2-1.5B-Instruct,0.0,0,logiqa,0.5
22,1.0625,0.3455907525769745,Qwen/Qwen2-1.5B-Instruct,1.0,0,logiqa,0.5
23,1.359375,0.25682124007865503,Qwen/Qwen2-1.5B-Instruct,0.0,0,logiqa,0.5
24,3.171875,0.04192491494570112,Qwen/Qwen2-1.5B-Instruct,0.0,0,logiqa,0.5
25,2.25,0.10539922456186433,Qwen/Qwen2-1.5B-Instruct,0.0,0,logiqa,0.5
26,3.71875,0.02426427924617674,Qwen/Qwen2-1.5B-Instruct,0.0,0,logiqa,0.5
27,1.4765625,0.2284215394097245,Qwen/Qwen2-1.5B-Instruct,0.0,0,logiqa,0.5
28,1.4609375,0.23201865524727103,Qwen/Qwen2-1.5B-Instruct,0.0,0,logiqa,0.5
29,2.0,0.1353352832366127,Qwen/Qwen2-1.5B-Instruct,0.0,0,logiqa,0.5
30,4.4375,0.011825465259096618,Qwen/Qwen2-1.5B-Instruct,0.0,0,logiqa,0.5
31,0.32421875,0.7230920486923872,Qwen/Qwen2-1.5B-Instruct,1.0,0,logiqa,0.5
32,1.3359375,0.26291158027609046,Qwen/Qwen2-1.5B-Instruct,0.0,0,logiqa,0.5
33,1.671875,0.18789443308700168,Qwen/Qwen2-1.5B-Instruct,0.0,0,logiqa,0.5
34,3.34375,0.03530431798508576,Qwen/Qwen2-1.5B-Instruct,0.0,0,logiqa,0.5
35,1.84375,0.15822297604949842,Qwen/Qwen2-1.5B-Instruct,0.0,0,logiqa,0.5
36,3.0625,0.04677062238395898,Qwen/Qwen2-1.5B-Instruct,0.0,0,logiqa,0.5
37,1.578125,0.20636166380601706,Qwen/Qwen2-1.5B-Instruct,0.0,0,logiqa,0.5
38,1.4375,0.23752081909545814,Qwen/Qwen2-1.5B-Instruct,0.0,0,logiqa,0.5
39,1.734375,0.17651048487186194,Qwen/Qwen2-1.5B-Instruct,0.0,0,logiqa,0.5
40,3.5625,0.0283678164497131,Qwen/Qwen2-1.5B-Instruct,0.0,0,logiqa,0.5
41,4.90625,0.0074001870652772766,Qwen/Qwen2-1.5B-Instruct,0.0,0,logiqa,0.5
42,1.8203125,0.1619751257973035,Qwen/Qwen2-1.5B-Instruct,0.0,0,logiqa,0.5
43,0.318359375,0.7273413531419732,Qwen/Qwen2-1.5B-Instruct,1.0,0,logiqa,0.5
44,2.359375,0.09447925428109244,Qwen/Qwen2-1.5B-Instruct,0.0,0,logiqa,0.5
45,1.2109375,0.2979178504832066,Qwen/Qwen2-1.5B-Instruct,0.0,0,logiqa,0.5
46,0.99609375,0.3693192805940405,Qwen/Qwen2-1.5B-Instruct,1.0,0,logiqa,0.5
47,0.03076171875,0.9697066084520289,Qwen/Qwen2-1.5B-Instruct,1.0,0,logiqa,0.5
48,2.125,0.11943296826671962,Qwen/Qwen2-1.5B-Instruct,0.0,0,logiqa,0.5
49,1.8984375,0.14980250286418162,Qwen/Qwen2-1.5B-Instruct,0.0,0,logiqa,0.5
50,0.0155029296875,0.9846166221284973,Qwen/Qwen2-1.5B-Instruct,1.0,0,logiqa,0.5
51,2.578125,0.0759162135601666,Qwen/Qwen2-1.5B-Instruct,0.0,0,logiqa,0.5
52,1.9609375,0.14072642803276533,Qwen/Qwen2-1.5B-Instruct,0.0,0,logiqa,0.5
53,0.2421875,0.7849089933174918,Qwen/Qwen2-1.5B-Instruct,1.0,0,logiqa,0.5
54,1.703125,0.18211352912101367,Qwen/Qwen2-1.5B-Instruct,0.0,0,logiqa,0.5
55,0.9609375,0.3825340921054156,Qwen/Qwen2-1.5B-Instruct,0.0,0,logiqa,0.5
56,0.9453125,0.3885581275123641,Qwen/Qwen2-1.5B-Instruct,1.0,0,logiqa,0.5
57,0.0155029296875,0.9846166221284973,Qwen/Qwen2-1.5B-Instruct,1.0,0,logiqa,0.5
58,0.283203125,0.7533667446967807,Qwen/Qwen2-1.5B-Instruct,1.0,0,logiqa,0.5
59,0.373046875,0.6886329524177447,Qwen/Qwen2-1.5B-Instruct,1.0,0,logiqa,0.5
60,1.625,0.19691167520419406,Qwen/Qwen2-1.5B-Instruct,0.0,0,logiqa,0.5
61,0.248046875,0.7803233647630088,Qwen/Qwen2-1.5B-Instruct,1.0,0,logiqa,0.5
62,3.921875,0.019803927546861083,Qwen/Qwen2-1.5B-Instruct,0.0,0,logiqa,0.5
63,2.265625,0.10376516104428837,Qwen/Qwen2-1.5B-Instruct,0.0,0,logiqa,0.5
64,3.0625,0.04677062238395898,Qwen/Qwen2-1.5B-Instruct,0.0,0,logiqa,0.5
65,1.703125,0.18211352912101367,Qwen/Qwen2-1.5B-Instruct,0.0,0,logiqa,0.5
66,1.65625,0.19085333986431632,Qwen/Qwen2-1.5B-Instruct,0.0,0,logiqa,0.5
67,2.6875,0.0680508540250102,Qwen/Qwen2-1.5B-Instruct,0.0,0,logiqa,0.5
68,2.53125,0.07955950871822769,Qwen/Qwen2-1.5B-Instruct,0.0,0,logiqa,0.5
69,2.265625,0.10376516104428837,Qwen/Qwen2-1.5B-Instruct,0.0,0,logiqa,0.5
70,0.06787109375,0.9343809133539388,Qwen/Qwen2-1.5B-Instruct,1.0,0,logiqa,0.5
71,1.109375,0.3297649998062575,Qwen/Qwen2-1.5B-Instruct,0.0,0,logiqa,0.5
72,3.265625,0.03817306945803752,Qwen/Qwen2-1.5B-Instruct,0.0,0,logiqa,0.5
73,1.6796875,0.18643222700816212,Qwen/Qwen2-1.5B-Instruct,0.0,0,logiqa,0.5
74,2.125,0.11943296826671962,Qwen/Qwen2-1.5B-Instruct,0.0,0,logiqa,0.5
75,1.5234375,0.21796135555570278,Qwen/Qwen2-1.5B-Instruct,0.0,0,logiqa,0.5
76,1.6953125,0.18354186323251906,Qwen/Qwen2-1.5B-Instruct,0.0,0,logiqa,0.5
77,2.75,0.06392786120670757,Qwen/Qwen2-1.5B-Instruct,0.0,0,logiqa,0.5
1,1.140625,0.31961919737930994,Qwen/Qwen2-1.5B-Instruct,1.0,0,logiqa,0.5
2,3.390625,0.03368761555886473,Qwen/Qwen2-1.5B-Instruct,0.0,0,logiqa,0.5
3,1.4609375,0.23201865524727103,Qwen/Qwen2-1.5B-Instruct,0.0,0,logiqa,0.5
4,2.203125,0.1104574389603643,Qwen/Qwen2-1.5B-Instruct,0.0,0,logiqa,0.5
5,0.921875,0.39777251796661167,Qwen/Qwen2-1.5B-Instruct,1.0,0,logiqa,0.5
6,1.7578125,0.17242162389375282,Qwen/Qwen2-1.5B-Instruct,0.0,0,logiqa,0.5
7,3.25,0.03877420783172201,Qwen/Qwen2-1.5B-Instruct,0.0,0,logiqa,0.5
8,1.890625,0.1509774184559146,Qwen/Qwen2-1.5B-Instruct,0.0,0,logiqa,0.5
9,3.421875,0.03265115658991408,Qwen/Qwen2-1.5B-Instruct,0.0,0,logiqa,0.5
10,1.625,0.19691167520419406,Qwen/Qwen2-1.5B-Instruct,0.0,0,logiqa,0.5
11,0.1455078125,0.8645831354918224,Qwen/Qwen2-1.5B-Instruct,1.0,0,logiqa,0.5
12,1.0078125,0.36501658064745907,Qwen/Qwen2-1.5B-Instruct,1.0,0,logiqa,0.5
13,1.15625,0.314663961018459,Qwen/Qwen2-1.5B-Instruct,0.0,0,logiqa,0.5
14,0.890625,0.41039917309637,Qwen/Qwen2-1.5B-Instruct,1.0,0,logiqa,0.5
15,1.109375,0.3297649998062575,Qwen/Qwen2-1.5B-Instruct,1.0,0,logiqa,0.5
16,0.5234375,0.5924803921133679,Qwen/Qwen2-1.5B-Instruct,1.0,0,logiqa,0.5
17,2.46875,0.0846906561847805,Qwen/Qwen2-1.5B-Instruct,0.0,0,logiqa,0.5
18,0.390625,0.676633846161729,Qwen/Qwen2-1.5B-Instruct,1.0,0,logiqa,0.5
19,0.39453125,0.673995900791531,Qwen/Qwen2-1.5B-Instruct,1.0,0,logiqa,0.5
20,0.138671875,0.870513618882206,Qwen/Qwen2-1.5B-Instruct,1.0,0,logiqa,0.5
21,3.3125,0.036424997337364234,Qwen/Qwen2-1.5B-Instruct,0.0,0,logiqa,0.5
22,0.8046875,0.4472276633691456,Qwen/Qwen2-1.5B-Instruct,1.0,0,logiqa,0.5
23,4.8125,0.008127515489292211,Qwen/Qwen2-1.5B-Instruct,0.0,0,logiqa,0.5
24,2.53125,0.07955950871822769,Qwen/Qwen2-1.5B-Instruct,0.0,0,logiqa,0.5
25,0.8828125,0.41361797370441067,Qwen/Qwen2-1.5B-Instruct,1.0,0,logiqa,0.5
26,0.0458984375,0.9551389635657673,Qwen/Qwen2-1.5B-Instruct,1.0,0,logiqa,0.5
27,0.9453125,0.3885581275123641,Qwen/Qwen2-1.5B-Instruct,1.0,0,logiqa,0.5
28,0.40625,0.6661436107034878,Qwen/Qwen2-1.5B-Instruct,1.0,0,logiqa,0.5
29,1.2421875,0.2887518818320782,Qwen/Qwen2-1.5B-Instruct,0.0,0,logiqa,0.5
30,4.28125,0.013825369568946493,Qwen/Qwen2-1.5B-Instruct,0.0,0,logiqa,0.5
31,2.234375,0.10705902083552722,Qwen/Qwen2-1.5B-Instruct,0.0,0,logiqa,0.5
32,4.59375,0.010114856452604551,Qwen/Qwen2-1.5B-Instruct,0.0,0,logiqa,0.5
33,0.75390625,0.47052497007720323,Qwen/Qwen2-1.5B-Instruct,1.0,0,logiqa,0.5
34,0.921875,0.39777251796661167,Qwen/Qwen2-1.5B-Instruct,1.0,0,logiqa,0.5
35,1.71875,0.17929012055011864,Qwen/Qwen2-1.5B-Instruct,0.0,0,logiqa,0.5
36,0.5703125,0.5653487396106142,Qwen/Qwen2-1.5B-Instruct,1.0,0,logiqa,0.5
37,1.90625,0.1486367305381225,Qwen/Qwen2-1.5B-Instruct,0.0,0,logiqa,0.5
38,2.984375,0.050571100611906464,Qwen/Qwen2-1.5B-Instruct,0.0,0,logiqa,0.5
39,0.83984375,0.43177798346854385,Qwen/Qwen2-1.5B-Instruct,1.0,0,logiqa,0.5
40,2.53125,0.07955950871822769,Qwen/Qwen2-1.5B-Instruct,0.0,0,logiqa,0.5
41,3.546875,0.028814544556403775,Qwen/Qwen2-1.5B-Instruct,0.0,0,logiqa,0.5
42,0.25390625,0.7757645265618263,Qwen/Qwen2-1.5B-Instruct,1.0,0,logiqa,0.5
43,1.5,0.22313016014842982,Qwen/Qwen2-1.5B-Instruct,0.0,0,logiqa,0.5
44,0.54296875,0.5810207839794026,Qwen/Qwen2-1.5B-Instruct,1.0,0,logiqa,0.5
45,1.5625,0.2096113871510978,Qwen/Qwen2-1.5B-Instruct,0.0,0,logiqa,0.5
46,3.234375,0.039384812757335554,Qwen/Qwen2-1.5B-Instruct,0.0,0,logiqa,0.5
47,2.359375,0.09447925428109244,Qwen/Qwen2-1.5B-Instruct,0.0,0,logiqa,0.5
48,0.08251953125,0.9207934534340386,Qwen/Qwen2-1.5B-Instruct,1.0,0,logiqa,0.5
49,1.921875,0.1463323316229146,Qwen/Qwen2-1.5B-Instruct,0.0,0,logiqa,0.5
50,1.125,0.32465246735834974,Qwen/Qwen2-1.5B-Instruct,0.0,0,logiqa,0.5
51,0.69921875,0.49697341264527733,Qwen/Qwen2-1.5B-Instruct,1.0,0,logiqa,0.5
52,1.71875,0.17929012055011864,Qwen/Qwen2-1.5B-Instruct,0.0,0,logiqa,0.5
53,1.234375,0.29101659090983195,Qwen/Qwen2-1.5B-Instruct,0.0,0,logiqa,0.5
54,1.546875,0.21291228619240427,Qwen/Qwen2-1.5B-Instruct,0.0,0,logiqa,0.5
55,1.2421875,0.2887518818320782,Qwen/Qwen2-1.5B-Instruct,0.0,0,logiqa,0.5
56,2.3125,0.0990134083638263,Qwen/Qwen2-1.5B-Instruct,0.0,0,logiqa,0.5
57,0.984375,0.373672699406043,Qwen/Qwen2-1.5B-Instruct,1.0,0,logiqa,0.5
58,3.421875,0.03265115658991408,Qwen/Qwen2-1.5B-Instruct,0.0,0,logiqa,0.5
59,2.0625,0.1271357329320356,Qwen/Qwen2-1.5B-Instruct,0.0,0,logiqa,0.5
60,5.40625,0.004488440342699523,Qwen/Qwen2-1.5B-Instruct,0.0,0,logiqa,0.5
61,1.515625,0.21967084765457534,Qwen/Qwen2-1.5B-Instruct,0.0,0,logiqa,0.5
62,4.25,0.014264233908999256,Qwen/Qwen2-1.5B-Instruct,0.0,0,logiqa,0.5
63,3.03125,0.04825528130927965,Qwen/Qwen2-1.5B-Instruct,0.0,0,logiqa,0.5
64,0.060546875,0.941249646907103,Qwen/Qwen2-1.5B-Instruct,1.0,0,logiqa,0.5
65,2.359375,0.09447925428109244,Qwen/Qwen2-1.5B-Instruct,0.0,0,logiqa,0.5
66,1.359375,0.25682124007865503,Qwen/Qwen2-1.5B-Instruct,0.0,0,logiqa,0.5
67,1.53125,0.2162651668298873,Qwen/Qwen2-1.5B-Instruct,0.0,0,logiqa,0.5
68,0.91796875,0.39932935558376886,Qwen/Qwen2-1.5B-Instruct,1.0,0,logiqa,0.5
69,2.203125,0.1104574389603643,Qwen/Qwen2-1.5B-Instruct,0.0,0,logiqa,0.5
70,0.53125,0.5878696731223465,Qwen/Qwen2-1.5B-Instruct,1.0,0,logiqa,0.5
71,0.15234375,0.8586930542645764,Qwen/Qwen2-1.5B-Instruct,1.0,0,logiqa,0.5
72,1.109375,0.3297649998062575,Qwen/Qwen2-1.5B-Instruct,0.0,0,logiqa,0.5
73,2.59375,0.0747392417609257,Qwen/Qwen2-1.5B-Instruct,0.0,0,logiqa,0.5
74,1.140625,0.31961919737930994,Qwen/Qwen2-1.5B-Instruct,0.0,0,logiqa,0.5
75,0.61328125,0.5415709208598878,Qwen/Qwen2-1.5B-Instruct,1.0,0,logiqa,0.5
76,1.1015625,0.3323513787550223,Qwen/Qwen2-1.5B-Instruct,1.0,0,logiqa,0.5
77,0.69140625,0.5008712234296745,Qwen/Qwen2-1.5B-Instruct,1.0,0,logiqa,0.5
78,1.640625,0.19385884264329528,Qwen/Qwen2-1.5B-Instruct,0.0,0,logiqa,0.5
79,0.71484375,0.48926855403569414,Qwen/Qwen2-1.5B-Instruct,1.0,0,logiqa,0.5
1,7.78125,0.00041748998582873153,Qwen/Qwen2-1.5B-Instruct,0.0,0,logiqa,0.5
2,1.21875,0.29559943537737077,Qwen/Qwen2-1.5B-Instruct,0.0,0,logiqa,0.5
3,3.578125,0.027928014220365963,Qwen/Qwen2-1.5B-Instruct,0.0,0,logiqa,0.5
4,4.1875,0.015184197956837946,Qwen/Qwen2-1.5B-Instruct,0.0,0,logiqa,0.5
5,2.0,0.1353352832366127,Qwen/Qwen2-1.5B-Instruct,0.0,0,logiqa,0.5
6,1.59375,0.20316232275153173,Qwen/Qwen2-1.5B-Instruct,0.0,0,logiqa,0.5
7,4.90625,0.0074001870652772766,Qwen/Qwen2-1.5B-Instruct,0.0,0,logiqa,0.5
8,0.4765625,0.6209141198060958,Qwen/Qwen2-1.5B-Instruct,1.0,0,logiqa,0.5
9,3.609375,0.027068759555306635,Qwen/Qwen2-1.5B-Instruct,0.0,0,logiqa,0.5
10,0.6328125,0.5310959910353452,Qwen/Qwen2-1.5B-Instruct,1.0,0,logiqa,0.5
11,4.03125,0.01775212592162854,Qwen/Qwen2-1.5B-Instruct,0.0,0,logiqa,0.5
12,1.84375,0.15822297604949842,Qwen/Qwen2-1.5B-Instruct,0.0,0,logiqa,0.5
13,0.796875,0.4507353134063624,Qwen/Qwen2-1.5B-Instruct,1.0,0,logiqa,0.5
14,1.359375,0.25682124007865503,Qwen/Qwen2-1.5B-Instruct,0.0,0,logiqa,0.5
15,5.375,0.004630918733533246,Qwen/Qwen2-1.5B-Instruct,0.0,0,logiqa,0.5
16,2.859375,0.057304564428268645,Qwen/Qwen2-1.5B-Instruct,0.0,0,logiqa,0.5
17,1.1015625,0.3323513787550223,Qwen/Qwen2-1.5B-Instruct,0.0,0,logiqa,0.5
18,1.65625,0.19085333986431632,Qwen/Qwen2-1.5B-Instruct,0.0,0,logiqa,0.5
19,1.2421875,0.2887518818320782,Qwen/Qwen2-1.5B-Instruct,0.0,0,logiqa,0.5
20,3.5625,0.0283678164497131,Qwen/Qwen2-1.5B-Instruct,0.0,0,logiqa,0.5
21,3.8125,0.022092877665062443,Qwen/Qwen2-1.5B-Instruct,0.0,0,logiqa,0.5
22,1.4375,0.23752081909545814,Qwen/Qwen2-1.5B-Instruct,0.0,0,logiqa,0.5
23,1.03125,0.356560980663947,Qwen/Qwen2-1.5B-Instruct,0.0,0,logiqa,0.5
24,1.4609375,0.23201865524727103,Qwen/Qwen2-1.5B-Instruct,0.0,0,logiqa,0.5
25,1.8359375,0.15946393423094812,Qwen/Qwen2-1.5B-Instruct,0.0,0,logiqa,0.5
26,2.5625,0.07711171996831671,Qwen/Qwen2-1.5B-Instruct,0.0,0,logiqa,0.5
27,0.05322265625,0.9481688732517508,Qwen/Qwen2-1.5B-Instruct,1.0,0,logiqa,0.5
28,2.90625,0.05468039736791477,Qwen/Qwen2-1.5B-Instruct,0.0,0,logiqa,0.5
29,1.015625,0.3621759990808257,Qwen/Qwen2-1.5B-Instruct,1.0,0,logiqa,0.5
30,3.484375,0.030672923016533588,Qwen/Qwen2-1.5B-Instruct,0.0,0,logiqa,0.5
31,0.12451171875,0.8829279144942641,Qwen/Qwen2-1.5B-Instruct,1.0,0,logiqa,0.5
32,1.546875,0.21291228619240427,Qwen/Qwen2-1.5B-Instruct,0.0,0,logiqa,0.5
33,4.1875,0.015184197956837946,Qwen/Qwen2-1.5B-Instruct,0.0,0,logiqa,0.5
34,0.306640625,0.7359150228524268,Qwen/Qwen2-1.5B-Instruct,1.0,0,logiqa,0.5
35,3.953125,0.019194624751579337,Qwen/Qwen2-1.5B-Instruct,0.0,0,logiqa,0.5
36,0.8984375,0.407205421393389,Qwen/Qwen2-1.5B-Instruct,1.0,0,logiqa,0.5
37,3.09375,0.045331641611676264,Qwen/Qwen2-1.5B-Instruct,0.0,0,logiqa,0.5
38,1.84375,0.15822297604949842,Qwen/Qwen2-1.5B-Instruct,0.0,0,logiqa,0.5
39,1.65625,0.19085333986431632,Qwen/Qwen2-1.5B-Instruct,0.0,0,logiqa,0.5
40,2.9375,0.0529980584033558,Qwen/Qwen2-1.5B-Instruct,0.0,0,logiqa,0.5
41,0.3515625,0.7035878743456275,Qwen/Qwen2-1.5B-Instruct,1.0,0,logiqa,0.5
42,3.40625,0.03316533748891029,Qwen/Qwen2-1.5B-Instruct,0.0,0,logiqa,0.5
43,1.046875,0.3510330150388101,Qwen/Qwen2-1.5B-Instruct,1.0,0,logiqa,0.5
44,1.953125,0.14183015908734253,Qwen/Qwen2-1.5B-Instruct,0.0,0,logiqa,0.5
45,1.6484375,0.1923502211610474,Qwen/Qwen2-1.5B-Instruct,0.0,0,logiqa,0.5
46,1.9921875,0.1363967310184996,Qwen/Qwen2-1.5B-Instruct,0.0,0,logiqa,0.5
47,2.015625,0.13323710414756298,Qwen/Qwen2-1.5B-Instruct,0.0,0,logiqa,0.5
48,1.109375,0.3297649998062575,Qwen/Qwen2-1.5B-Instruct,0.0,0,logiqa,0.5
49,1.0390625,0.353786201098432,Qwen/Qwen2-1.5B-Instruct,0.0,0,logiqa,0.5
50,4.75,0.008651695203120634,Qwen/Qwen2-1.5B-Instruct,0.0,0,logiqa,0.5
51,3.53125,0.029268307607136092,Qwen/Qwen2-1.5B-Instruct,0.0,0,logiqa,0.5
52,2.1875,0.11219689052034373,Qwen/Qwen2-1.5B-Instruct,0.0,0,logiqa,0.5
53,1.1015625,0.3323513787550223,Qwen/Qwen2-1.5B-Instruct,0.0,0,logiqa,0.5
54,1.265625,0.28206295169381546,Qwen/Qwen2-1.5B-Instruct,0.0,0,logiqa,0.5
55,5.0625,0.006329715427485747,Qwen/Qwen2-1.5B-Instruct,0.0,0,logiqa,0.5
56,0.03076171875,0.9697066084520289,Qwen/Qwen2-1.5B-Instruct,1.0,0,logiqa,0.5
57,5.53125,0.003961034699868069,Qwen/Qwen2-1.5B-Instruct,0.0,0,logiqa,0.5
58,0.62890625,0.5331746419722976,Qwen/Qwen2-1.5B-Instruct,1.0,0,logiqa,0.5
59,0.11083984375,0.8950820904412523,Qwen/Qwen2-1.5B-Instruct,1.0,0,logiqa,0.5
60,1.609375,0.2000125828826258,Qwen/Qwen2-1.5B-Instruct,0.0,0,logiqa,0.5
61,1.1484375,0.31713190105209277,Qwen/Qwen2-1.5B-Instruct,0.0,0,logiqa,0.5
62,1.296875,0.27338478699614155,Qwen/Qwen2-1.5B-Instruct,0.0,0,logiqa,0.5
63,1.1875,0.3049827687110593,Qwen/Qwen2-1.5B-Instruct,1.0,0,logiqa,0.5
64,2.96875,0.05136747956725073,Qwen/Qwen2-1.5B-Instruct,0.0,0,logiqa,0.5
65,2.625,0.07243975703425146,Qwen/Qwen2-1.5B-Instruct,0.0,0,logiqa,0.5
66,0.060546875,0.941249646907103,Qwen/Qwen2-1.5B-Instruct,1.0,0,logiqa,0.5
67,1.5390625,0.21458217794945839,Qwen/Qwen2-1.5B-Instruct,0.0,0,logiqa,0.5
68,1.2265625,0.29329906232102687,Qwen/Qwen2-1.5B-Instruct,0.0,0,logiqa,0.5
69,3.109375,0.04462883965030139,Qwen/Qwen2-1.5B-Instruct,0.0,0,logiqa,0.5
70,1.921875,0.1463323316229146,Qwen/Qwen2-1.5B-Instruct,0.0,0,logiqa,0.5
71,1.046875,0.3510330150388101,Qwen/Qwen2-1.5B-Instruct,1.0,0,logiqa,0.5
72,2.109375,0.1213137638466268,Qwen/Qwen2-1.5B-Instruct,0.0,0,logiqa,0.5
73,1.5390625,0.21458217794945839,Qwen/Qwen2-1.5B-Instruct,0.0,0,logiqa,0.5
74,1.8984375,0.14980250286418162,Qwen/Qwen2-1.5B-Instruct,0.0,0,logiqa,0.5
75,1.984375,0.13746650383851944,Qwen/Qwen2-1.5B-Instruct,0.0,0,logiqa,0.5
76,2.421875,0.08875504563653425,Qwen/Qwen2-1.5B-Instruct,0.0,0,logiqa,0.5
77,1.984375,0.13746650383851944,Qwen/Qwen2-1.5B-Instruct,0.0,0,logiqa,0.5
78,2.625,0.07243975703425146,Qwen/Qwen2-1.5B-Instruct,0.0,0,logiqa,0.5
1,2.234375,0.10705902083552722,Qwen/Qwen2-1.5B-Instruct,0.0,0,logiqa,0.5
2,1.75,0.17377394345044514,Qwen/Qwen2-1.5B-Instruct,0.0,0,logiqa,0.5
3,1.6875,0.18498139990730428,Qwen/Qwen2-1.5B-Instruct,0.0,0,logiqa,0.5
4,1.046875,0.3510330150388101,Qwen/Qwen2-1.5B-Instruct,1.0,0,logiqa,0.5
5,2.78125,0.061961007690531984,Qwen/Qwen2-1.5B-Instruct,0.0,0,logiqa,0.5
6,0.5859375,0.556583819812148,Qwen/Qwen2-1.5B-Instruct,1.0,0,logiqa,0.5
7,1.0078125,0.36501658064745907,Qwen/Qwen2-1.5B-Instruct,1.0,0,logiqa,0.5
8,1.6015625,0.20158130101268698,Qwen/Qwen2-1.5B-Instruct,0.0,0,logiqa,0.5
9,1.078125,0.34023286457404905,Qwen/Qwen2-1.5B-Instruct,0.0,0,logiqa,0.5
10,0.63671875,0.5290254439903966,Qwen/Qwen2-1.5B-Instruct,1.0,0,logiqa,0.5
11,1.515625,0.21967084765457534,Qwen/Qwen2-1.5B-Instruct,0.0,0,logiqa,0.5
12,2.625,0.07243975703425146,Qwen/Qwen2-1.5B-Instruct,0.0,0,logiqa,0.5
13,1.953125,0.14183015908734253,Qwen/Qwen2-1.5B-Instruct,0.0,0,logiqa,0.5
14,1.4765625,0.2284215394097245,Qwen/Qwen2-1.5B-Instruct,0.0,0,logiqa,0.5
15,1.421875,0.2412612277378443,Qwen/Qwen2-1.5B-Instruct,0.0,0,logiqa,0.5
16,1.84375,0.15822297604949842,Qwen/Qwen2-1.5B-Instruct,0.0,0,logiqa,0.5
17,2.03125,0.13117145431019428,Qwen/Qwen2-1.5B-Instruct,0.0,0,logiqa,0.5
18,0.72265625,0.485461035940867,Qwen/Qwen2-1.5B-Instruct,1.0,0,logiqa,0.5
19,0.06787109375,0.9343809133539388,Qwen/Qwen2-1.5B-Instruct,1.0,0,logiqa,0.5
20,2.296875,0.10057264266491435,Qwen/Qwen2-1.5B-Instruct,0.0,0,logiqa,0.5
21,1.6875,0.18498139990730428,Qwen/Qwen2-1.5B-Instruct,0.0,0,logiqa,0.5
22,1.0234375,0.35935752309532076,Qwen/Qwen2-1.5B-Instruct,0.0,0,logiqa,0.5
23,0.2353515625,0.7902929634144612,Qwen/Qwen2-1.5B-Instruct,1.0,0,logiqa,0.5
24,2.828125,0.059123606568473756,Qwen/Qwen2-1.5B-Instruct,0.0,0,logiqa,0.5
25,2.75,0.06392786120670757,Qwen/Qwen2-1.5B-Instruct,0.0,0,logiqa,0.5
26,2.34375,0.09596708604499847,Qwen/Qwen2-1.5B-Instruct,0.0,0,logiqa,0.5
27,2.296875,0.10057264266491435,Qwen/Qwen2-1.5B-Instruct,0.0,0,logiqa,0.5
28,0.86328125,0.4217758572543825,Qwen/Qwen2-1.5B-Instruct,1.0,0,logiqa,0.5
29,1.546875,0.21291228619240427,Qwen/Qwen2-1.5B-Instruct,0.0,0,logiqa,0.5
30,3.0625,0.04677062238395898,Qwen/Qwen2-1.5B-Instruct,0.0,0,logiqa,0.5
31,0.96484375,0.3810427330152126,Qwen/Qwen2-1.5B-Instruct,1.0,0,logiqa,0.5
32,1.828125,0.16071462536804407,Qwen/Qwen2-1.5B-Instruct,0.0,0,logiqa,0.5
33,1.2734375,0.27986792038923625,Qwen/Qwen2-1.5B-Instruct,1.0,0,logiqa,0.5
34,4.4375,0.011825465259096618,Qwen/Qwen2-1.5B-Instruct,0.0,0,logiqa,0.5
35,0.05322265625,0.9481688732517508,Qwen/Qwen2-1.5B-Instruct,1.0,0,logiqa,0.5
36,1.15625,0.314663961018459,Qwen/Qwen2-1.5B-Instruct,0.0,0,logiqa,0.5
37,2.75,0.06392786120670757,Qwen/Qwen2-1.5B-Instruct,0.0,0,logiqa,0.5
38,4.625,0.009803655035821828,Qwen/Qwen2-1.5B-Instruct,0.0,0,logiqa,0.5
39,0.69140625,0.5008712234296745,Qwen/Qwen2-1.5B-Instruct,1.0,0,logiqa,0.5
40,1.171875,0.30978554847668166,Qwen/Qwen2-1.5B-Instruct,1.0,0,logiqa,0.5
41,3.328125,0.035860280096566576,Qwen/Qwen2-1.5B-Instruct,0.0,0,logiqa,0.5
42,1.8359375,0.15946393423094812,Qwen/Qwen2-1.5B-Instruct,0.0,0,logiqa,0.5
43,1.4140625,0.2431534629991392,Qwen/Qwen2-1.5B-Instruct,0.0,0,logiqa,0.5
44,1.03125,0.356560980663947,Qwen/Qwen2-1.5B-Instruct,0.0,0,logiqa,0.5
45,0.158203125,0.8536763613451477,Qwen/Qwen2-1.5B-Instruct,1.0,0,logiqa,0.5
46,0.77734375,0.459625270884992,Qwen/Qwen2-1.5B-Instruct,1.0,0,logiqa,0.5
47,0.0458984375,0.9551389635657673,Qwen/Qwen2-1.5B-Instruct,1.0,0,logiqa,0.5
48,0.451171875,0.6368813687851224,Qwen/Qwen2-1.5B-Instruct,1.0,0,logiqa,0.5
49,1.4375,0.23752081909545814,Qwen/Qwen2-1.5B-Instruct,0.0,0,logiqa,0.5
50,1.515625,0.21967084765457534,Qwen/Qwen2-1.5B-Instruct,0.0,0,logiqa,0.5
51,2.84375,0.058206980009571974,Qwen/Qwen2-1.5B-Instruct,0.0,0,logiqa,0.5
52,1.8046875,0.16452586287665122,Qwen/Qwen2-1.5B-Instruct,0.0,0,logiqa,0.5
53,1.3984375,0.24698257287629313,Qwen/Qwen2-1.5B-Instruct,0.0,0,logiqa,0.5
54,2.15625,0.11575840213626322,Qwen/Qwen2-1.5B-Instruct,0.0,0,logiqa,0.5
55,1.6953125,0.18354186323251906,Qwen/Qwen2-1.5B-Instruct,0.0,0,logiqa,0.5
56,2.25,0.10539922456186433,Qwen/Qwen2-1.5B-Instruct,0.0,0,logiqa,0.5
57,0.3125,0.7316156289466418,Qwen/Qwen2-1.5B-Instruct,1.0,0,logiqa,0.5
58,0.89453125,0.4087991783506979,Qwen/Qwen2-1.5B-Instruct,0.0,0,logiqa,0.5
59,2.125,0.11943296826671962,Qwen/Qwen2-1.5B-Instruct,0.0,0,logiqa,0.5
60,3.921875,0.019803927546861083,Qwen/Qwen2-1.5B-Instruct,0.0,0,logiqa,0.5
61,3.796875,0.022440789864373145,Qwen/Qwen2-1.5B-Instruct,0.0,0,logiqa,0.5
62,3.53125,0.029268307607136092,Qwen/Qwen2-1.5B-Instruct,0.0,0,logiqa,0.5
63,1.546875,0.21291228619240427,Qwen/Qwen2-1.5B-Instruct,0.0,0,logiqa,0.5
64,1.890625,0.1509774184559146,Qwen/Qwen2-1.5B-Instruct,0.0,0,logiqa,0.5
65,2.46875,0.0846906561847805,Qwen/Qwen2-1.5B-Instruct,0.0,0,logiqa,0.5
66,1.625,0.19691167520419406,Qwen/Qwen2-1.5B-Instruct,0.0,0,logiqa,0.5
67,2.71875,0.06595714935553817,Qwen/Qwen2-1.5B-Instruct,0.0,0,logiqa,0.5
68,4.21875,0.014717029298635137,Qwen/Qwen2-1.5B-Instruct,0.0,0,logiqa,0.5
69,3.484375,0.030672923016533588,Qwen/Qwen2-1.5B-Instruct,0.0,0,logiqa,0.5
70,0.99609375,0.3693192805940405,Qwen/Qwen2-1.5B-Instruct,1.0,0,logiqa,0.5
71,1.9296875,0.14519356438370257,Qwen/Qwen2-1.5B-Instruct,0.0,0,logiqa,0.5
72,1.4140625,0.2431534629991392,Qwen/Qwen2-1.5B-Instruct,0.0,0,logiqa,0.5
73,2.46875,0.0846906561847805,Qwen/Qwen2-1.5B-Instruct,0.0,0,logiqa,0.5
74,1.5234375,0.21796135555570278,Qwen/Qwen2-1.5B-Instruct,0.0,0,logiqa,0.5
75,0.0458984375,0.9551389635657673,Qwen/Qwen2-1.5B-Instruct,1.0,0,logiqa,0.5
76,0.25390625,0.7757645265618263,Qwen/Qwen2-1.5B-Instruct,1.0,0,logiqa,0.5
77,0.5703125,0.5653487396106142,Qwen/Qwen2-1.5B-Instruct,1.0,0,logiqa,0.5
78,1.6171875,0.19845607261390505,Qwen/Qwen2-1.5B-Instruct,0.0,0,logiqa,0.5
79,2.78125,0.061961007690531984,Qwen/Qwen2-1.5B-Instruct,0.0,0,logiqa,0.5
80,2.125,0.11943296826671962,Qwen/Qwen2-1.5B-Instruct,0.0,0,logiqa,0.5
1,5.09375,0.006134970557096825,Qwen/Qwen2-1.5B-Instruct,0.0,0,logiqa,0.5
2,2.09375,0.12322417764723749,Qwen/Qwen2-1.5B-Instruct,0.0,0,logiqa,0.5
3,1.6171875,0.19845607261390505,Qwen/Qwen2-1.5B-Instruct,0.0,0,logiqa,0.5
4,2.890625,0.05554148833106887,Qwen/Qwen2-1.5B-Instruct,0.0,0,logiqa,0.5
5,0.2109375,0.8098246793420792,Qwen/Qwen2-1.5B-Instruct,1.0,0,logiqa,0.5
6,1.1171875,0.3271987482181544,Qwen/Qwen2-1.5B-Instruct,0.0,0,logiqa,0.5
7,3.0625,0.04677062238395898,Qwen/Qwen2-1.5B-Instruct,0.0,0,logiqa,0.5
8,2.90625,0.05468039736791477,Qwen/Qwen2-1.5B-Instruct,0.0,0,logiqa,0.5
9,4.03125,0.01775212592162854,Qwen/Qwen2-1.5B-Instruct,0.0,0,logiqa,0.5
10,1.328125,0.26497362135689667,Qwen/Qwen2-1.5B-Instruct,0.0,0,logiqa,0.5
11,0.271484375,0.76224719348739,Qwen/Qwen2-1.5B-Instruct,1.0,0,logiqa,0.5
12,1.546875,0.21291228619240427,Qwen/Qwen2-1.5B-Instruct,0.0,0,logiqa,0.5
13,3.59375,0.02749503049258667,Qwen/Qwen2-1.5B-Instruct,0.0,0,logiqa,0.5
14,1.3515625,0.25883551402927246,Qwen/Qwen2-1.5B-Instruct,0.0,0,logiqa,0.5
15,2.390625,0.09157243321777621,Qwen/Qwen2-1.5B-Instruct,0.0,0,logiqa,0.5
16,0.19140625,0.8257970399501007,Qwen/Qwen2-1.5B-Instruct,1.0,0,logiqa,0.5
17,0.81640625,0.44201730327044453,Qwen/Qwen2-1.5B-Instruct,1.0,0,logiqa,0.5
18,1.25,0.2865047968601901,Qwen/Qwen2-1.5B-Instruct,1.0,0,logiqa,0.5
19,3.6875,0.025034510149960148,Qwen/Qwen2-1.5B-Instruct,0.0,0,logiqa,0.5
20,0.12451171875,0.8829279144942641,Qwen/Qwen2-1.5B-Instruct,1.0,0,logiqa,0.5
21,1.859375,0.15576995617312325,Qwen/Qwen2-1.5B-Instruct,0.0,0,logiqa,0.5
22,2.109375,0.1213137638466268,Qwen/Qwen2-1.5B-Instruct,0.0,0,logiqa,0.5
23,1.21875,0.29559943537737077,Qwen/Qwen2-1.5B-Instruct,0.0,0,logiqa,0.5
24,1.421875,0.2412612277378443,Qwen/Qwen2-1.5B-Instruct,0.0,0,logiqa,0.5
25,0.9453125,0.3885581275123641,Qwen/Qwen2-1.5B-Instruct,1.0,0,logiqa,0.5
26,1.796875,0.1658162552121675,Qwen/Qwen2-1.5B-Instruct,0.0,0,logiqa,0.5
27,4.6875,0.00920968160396814,Qwen/Qwen2-1.5B-Instruct,0.0,0,logiqa,0.5
28,1.53125,0.2162651668298873,Qwen/Qwen2-1.5B-Instruct,0.0,0,logiqa,0.5
29,2.484375,0.08337764926156645,Qwen/Qwen2-1.5B-Instruct,0.0,0,logiqa,0.5
30,2.0,0.1353352832366127,Qwen/Qwen2-1.5B-Instruct,0.0,0,logiqa,0.5
31,1.6328125,0.19537929639047613,Qwen/Qwen2-1.5B-Instruct,0.0,0,logiqa,0.5
32,4.1875,0.015184197956837946,Qwen/Qwen2-1.5B-Instruct,0.0,0,logiqa,0.5
33,0.1845703125,0.8314614757090356,Qwen/Qwen2-1.5B-Instruct,1.0,0,logiqa,0.5
34,0.96484375,0.3810427330152126,Qwen/Qwen2-1.5B-Instruct,1.0,0,logiqa,0.5
35,0.76171875,0.46686331570996537,Qwen/Qwen2-1.5B-Instruct,1.0,0,logiqa,0.5
36,2.875,0.05641613950377735,Qwen/Qwen2-1.5B-Instruct,0.0,0,logiqa,0.5
37,1.21875,0.29559943537737077,Qwen/Qwen2-1.5B-Instruct,0.0,0,logiqa,0.5
38,4.65625,0.00950202828005989,Qwen/Qwen2-1.5B-Instruct,0.0,0,logiqa,0.5
39,1.140625,0.31961919737930994,Qwen/Qwen2-1.5B-Instruct,1.0,0,logiqa,0.5
40,2.8125,0.060054667895307945,Qwen/Qwen2-1.5B-Instruct,0.0,0,logiqa,0.5
41,0.08251953125,0.9207934534340386,Qwen/Qwen2-1.5B-Instruct,1.0,0,logiqa,0.5
42,3.21875,0.04000503331137926,Qwen/Qwen2-1.5B-Instruct,0.0,0,logiqa,0.5
43,0.36328125,0.6953908273230813,Qwen/Qwen2-1.5B-Instruct,1.0,0,logiqa,0.5
44,1.8203125,0.1619751257973035,Qwen/Qwen2-1.5B-Instruct,0.0,0,logiqa,0.5
45,1.2421875,0.2887518818320782,Qwen/Qwen2-1.5B-Instruct,1.0,0,logiqa,0.5
46,2.84375,0.058206980009571974,Qwen/Qwen2-1.5B-Instruct,0.0,0,logiqa,0.5
47,1.5625,0.2096113871510978,Qwen/Qwen2-1.5B-Instruct,0.0,0,logiqa,0.5
48,0.0751953125,0.9275623041230301,Qwen/Qwen2-1.5B-Instruct,1.0,0,logiqa,0.5
49,1.5625,0.2096113871510978,Qwen/Qwen2-1.5B-Instruct,0.0,0,logiqa,0.5
50,0.22265625,0.8003899360518268,Qwen/Qwen2-1.5B-Instruct,1.0,0,logiqa,0.5
51,1.1171875,0.3271987482181544,Qwen/Qwen2-1.5B-Instruct,0.0,0,logiqa,0.5
52,2.953125,0.05217639966630833,Qwen/Qwen2-1.5B-Instruct,0.0,0,logiqa,0.5
53,1.28125,0.27768997095378994,Qwen/Qwen2-1.5B-Instruct,0.0,0,logiqa,0.5
54,1.046875,0.3510330150388101,Qwen/Qwen2-1.5B-Instruct,1.0,0,logiqa,0.5
55,1.6875,0.18498139990730428,Qwen/Qwen2-1.5B-Instruct,0.0,0,logiqa,0.5
56,2.34375,0.09596708604499847,Qwen/Qwen2-1.5B-Instruct,0.0,0,logiqa,0.5
57,1.609375,0.2000125828826258,Qwen/Qwen2-1.5B-Instruct,0.0,0,logiqa,0.5
58,1.328125,0.26497362135689667,Qwen/Qwen2-1.5B-Instruct,0.0,0,logiqa,0.5
59,1.7578125,0.17242162389375282,Qwen/Qwen2-1.5B-Instruct,0.0,0,logiqa,0.5
60,2.90625,0.05468039736791477,Qwen/Qwen2-1.5B-Instruct,0.0,0,logiqa,0.5
61,0.55859375,0.572012891653811,Qwen/Qwen2-1.5B-Instruct,1.0,0,logiqa,0.5
62,0.158203125,0.8536763613451477,Qwen/Qwen2-1.5B-Instruct,1.0,0,logiqa,0.5
63,2.34375,0.09596708604499847,Qwen/Qwen2-1.5B-Instruct,0.0,0,logiqa,0.5
64,0.27734375,0.7577939606593946,Qwen/Qwen2-1.5B-Instruct,1.0,0,logiqa,0.5
65,4.4375,0.011825465259096618,Qwen/Qwen2-1.5B-Instruct,0.0,0,logiqa,0.5
66,4.125,0.016163494588165874,Qwen/Qwen2-1.5B-Instruct,0.0,0,logiqa,0.5
67,3.6875,0.025034510149960148,Qwen/Qwen2-1.5B-Instruct,0.0,0,logiqa,0.5
68,0.0155029296875,0.9846166221284973,Qwen/Qwen2-1.5B-Instruct,1.0,0,logiqa,0.5
69,1.421875,0.2412612277378443,Qwen/Qwen2-1.5B-Instruct,0.0,0,logiqa,0.5
70,5.15625,0.005763271481312824,Qwen/Qwen2-1.5B-Instruct,0.0,0,logiqa,0.5
71,1.2109375,0.2979178504832066,Qwen/Qwen2-1.5B-Instruct,1.0,0,logiqa,0.5
72,1.25,0.2865047968601901,Qwen/Qwen2-1.5B-Instruct,0.0,0,logiqa,0.5
73,2.46875,0.0846906561847805,Qwen/Qwen2-1.5B-Instruct,0.0,0,logiqa,0.5
74,5.0,0.006737946999085467,Qwen/Qwen2-1.5B-Instruct,0.0,0,logiqa,0.5
75,3.9375,0.019496896108597995,Qwen/Qwen2-1.5B-Instruct,0.0,0,logiqa,0.5
76,1.46875,0.23021307174736147,Qwen/Qwen2-1.5B-Instruct,0.0,0,logiqa,0.5
77,0.416015625,0.6596699630606897,Qwen/Qwen2-1.5B-Instruct,1.0,0,logiqa,0.5
78,1.859375,0.15576995617312325,Qwen/Qwen2-1.5B-Instruct,0.0,0,logiqa,0.5
79,0.138671875,0.870513618882206,Qwen/Qwen2-1.5B-Instruct,1.0,0,logiqa,0.5
80,1.984375,0.13746650383851944,Qwen/Qwen2-1.5B-Instruct,0.0,0,logiqa,0.5
81,1.8828125,0.1521615490248429,Qwen/Qwen2-1.5B-Instruct,0.0,0,logiqa,0.5
82,2.65625,0.07021102001498804,Qwen/Qwen2-1.5B-Instruct,0.0,0,logiqa,0.5
83,3.453125,0.03164658611103602,Qwen/Qwen2-1.5B-Instruct,0.0,0,logiqa,0.5
1,0.609375,0.5436905695130004,Qwen/Qwen2-1.5B-Instruct,1.0,0,logiqa,0.5
2,2.453125,0.08602433995839362,Qwen/Qwen2-1.5B-Instruct,0.0,0,logiqa,0.5
3,1.0234375,0.35935752309532076,Qwen/Qwen2-1.5B-Instruct,1.0,0,logiqa,0.5
4,6.625,0.0013267804310269915,Qwen/Qwen2-1.5B-Instruct,0.0,0,logiqa,0.5
5,0.99609375,0.3693192805940405,Qwen/Qwen2-1.5B-Instruct,0.0,0,logiqa,0.5
6,0.69921875,0.49697341264527733,Qwen/Qwen2-1.5B-Instruct,1.0,0,logiqa,0.5
7,1.65625,0.19085333986431632,Qwen/Qwen2-1.5B-Instruct,0.0,0,logiqa,0.5
8,0.038330078125,0.9623952228475297,Qwen/Qwen2-1.5B-Instruct,1.0,0,logiqa,0.5
9,2.3125,0.0990134083638263,Qwen/Qwen2-1.5B-Instruct,0.0,0,logiqa,0.5
10,2.03125,0.13117145431019428,Qwen/Qwen2-1.5B-Instruct,0.0,0,logiqa,0.5
11,1.296875,0.27338478699614155,Qwen/Qwen2-1.5B-Instruct,0.0,0,logiqa,0.5
12,4.875,0.007635094218859962,Qwen/Qwen2-1.5B-Instruct,0.0,0,logiqa,0.5
13,3.1875,0.04127492938579755,Qwen/Qwen2-1.5B-Instruct,0.0,0,logiqa,0.5
14,1.453125,0.23383840011408472,Qwen/Qwen2-1.5B-Instruct,0.0,0,logiqa,0.5
15,0.91015625,0.4024613345370006,Qwen/Qwen2-1.5B-Instruct,0.0,0,logiqa,0.5
16,1.390625,0.2489196812036605,Qwen/Qwen2-1.5B-Instruct,0.0,0,logiqa,0.5
17,1.15625,0.314663961018459,Qwen/Qwen2-1.5B-Instruct,0.0,0,logiqa,0.5
18,0.51953125,0.5947992948032403,Qwen/Qwen2-1.5B-Instruct,1.0,0,logiqa,0.5
19,2.03125,0.13117145431019428,Qwen/Qwen2-1.5B-Instruct,0.0,0,logiqa,0.5
20,4.6875,0.00920968160396814,Qwen/Qwen2-1.5B-Instruct,0.0,0,logiqa,0.5
21,3.046875,0.04750715251567949,Qwen/Qwen2-1.5B-Instruct,0.0,0,logiqa,0.5
22,1.265625,0.28206295169381546,Qwen/Qwen2-1.5B-Instruct,0.0,0,logiqa,0.5
23,4.0625,0.017205950425851383,Qwen/Qwen2-1.5B-Instruct,0.0,0,logiqa,0.5
24,0.4765625,0.6209141198060958,Qwen/Qwen2-1.5B-Instruct,1.0,0,logiqa,0.5
25,1.4140625,0.2431534629991392,Qwen/Qwen2-1.5B-Instruct,0.0,0,logiqa,0.5
26,1.75,0.17377394345044514,Qwen/Qwen2-1.5B-Instruct,0.0,0,logiqa,0.5
27,0.59375,0.5522524501630204,Qwen/Qwen2-1.5B-Instruct,1.0,0,logiqa,0.5
28,2.46875,0.0846906561847805,Qwen/Qwen2-1.5B-Instruct,0.0,0,logiqa,0.5
29,1.59375,0.20316232275153173,Qwen/Qwen2-1.5B-Instruct,0.0,0,logiqa,0.5
30,0.2421875,0.7849089933174918,Qwen/Qwen2-1.5B-Instruct,1.0,0,logiqa,0.5
31,1.84375,0.15822297604949842,Qwen/Qwen2-1.5B-Instruct,0.0,0,logiqa,0.5
32,1.5625,0.2096113871510978,Qwen/Qwen2-1.5B-Instruct,0.0,0,logiqa,0.5
33,0.10400390625,0.9012217770167625,Qwen/Qwen2-1.5B-Instruct,1.0,0,logiqa,0.5
34,1.5390625,0.21458217794945839,Qwen/Qwen2-1.5B-Instruct,0.0,0,logiqa,0.5
35,1.09375,0.33495804292529496,Qwen/Qwen2-1.5B-Instruct,1.0,0,logiqa,0.5
36,1.6796875,0.18643222700816212,Qwen/Qwen2-1.5B-Instruct,0.0,0,logiqa,0.5
37,2.234375,0.10705902083552722,Qwen/Qwen2-1.5B-Instruct,0.0,0,logiqa,0.5
38,2.859375,0.057304564428268645,Qwen/Qwen2-1.5B-Instruct,0.0,0,logiqa,0.5
39,1.5078125,0.221393747466153,Qwen/Qwen2-1.5B-Instruct,0.0,0,logiqa,0.5
40,4.84375,0.007877458125943277,Qwen/Qwen2-1.5B-Instruct,0.0,0,logiqa,0.5
41,0.1787109375,0.8363476211932502,Qwen/Qwen2-1.5B-Instruct,1.0,0,logiqa,0.5
42,1.9921875,0.1363967310184996,Qwen/Qwen2-1.5B-Instruct,0.0,0,logiqa,0.5
43,1.125,0.32465246735834974,Qwen/Qwen2-1.5B-Instruct,0.0,0,logiqa,0.5
44,0.3125,0.7316156289466418,Qwen/Qwen2-1.5B-Instruct,1.0,0,logiqa,0.5
45,0.4453125,0.6406240497330474,Qwen/Qwen2-1.5B-Instruct,1.0,0,logiqa,0.5
46,3.46875,0.031155951269699805,Qwen/Qwen2-1.5B-Instruct,0.0,0,logiqa,0.5
47,0.890625,0.41039917309637,Qwen/Qwen2-1.5B-Instruct,1.0,0,logiqa,0.5
48,1.1640625,0.31221522664653706,Qwen/Qwen2-1.5B-Instruct,0.0,0,logiqa,0.5
49,1.03125,0.356560980663947,Qwen/Qwen2-1.5B-Instruct,1.0,0,logiqa,0.5
50,1.7578125,0.17242162389375282,Qwen/Qwen2-1.5B-Instruct,0.0,0,logiqa,0.5
51,0.625,0.5352614285189903,Qwen/Qwen2-1.5B-Instruct,1.0,0,logiqa,0.5
52,1.5234375,0.21796135555570278,Qwen/Qwen2-1.5B-Instruct,0.0,0,logiqa,0.5
53,2.171875,0.1139637344565904,Qwen/Qwen2-1.5B-Instruct,0.0,0,logiqa,0.5
54,3.578125,0.027928014220365963,Qwen/Qwen2-1.5B-Instruct,0.0,0,logiqa,0.5
55,1.421875,0.2412612277378443,Qwen/Qwen2-1.5B-Instruct,0.0,0,logiqa,0.5
56,1.15625,0.314663961018459,Qwen/Qwen2-1.5B-Instruct,0.0,0,logiqa,0.5
57,4.71875,0.008926329489511324,Qwen/Qwen2-1.5B-Instruct,0.0,0,logiqa,0.5
58,3.375,0.03421811831166603,Qwen/Qwen2-1.5B-Instruct,0.0,0,logiqa,0.5
59,1.6171875,0.19845607261390505,Qwen/Qwen2-1.5B-Instruct,0.0,0,logiqa,0.5
60,0.75390625,0.47052497007720323,Qwen/Qwen2-1.5B-Instruct,1.0,0,logiqa,0.5
61,2.953125,0.05217639966630833,Qwen/Qwen2-1.5B-Instruct,0.0,0,logiqa,0.5
62,2.328125,0.0974783477499485,Qwen/Qwen2-1.5B-Instruct,0.0,0,logiqa,0.5
63,0.4453125,0.6406240497330474,Qwen/Qwen2-1.5B-Instruct,1.0,0,logiqa,0.5
64,3.828125,0.021750359344450344,Qwen/Qwen2-1.5B-Instruct,0.0,0,logiqa,0.5
65,2.53125,0.07955950871822769,Qwen/Qwen2-1.5B-Instruct,0.0,0,logiqa,0.5
66,2.15625,0.11575840213626322,Qwen/Qwen2-1.5B-Instruct,0.0,0,logiqa,0.5
67,2.375,0.09301448921066349,Qwen/Qwen2-1.5B-Instruct,0.0,0,logiqa,0.5
68,2.125,0.11943296826671962,Qwen/Qwen2-1.5B-Instruct,0.0,0,logiqa,0.5
69,1.3125,0.26914634872918386,Qwen/Qwen2-1.5B-Instruct,0.0,0,logiqa,0.5
70,3.515625,0.02972921638615875,Qwen/Qwen2-1.5B-Instruct,0.0,0,logiqa,0.5
71,3.421875,0.03265115658991408,Qwen/Qwen2-1.5B-Instruct,0.0,0,logiqa,0.5
72,2.53125,0.07955950871822769,Qwen/Qwen2-1.5B-Instruct,0.0,0,logiqa,0.5
73,1.2421875,0.2887518818320782,Qwen/Qwen2-1.5B-Instruct,1.0,0,logiqa,0.5
74,2.5625,0.07711171996831671,Qwen/Qwen2-1.5B-Instruct,0.0,0,logiqa,0.5
75,1.703125,0.18211352912101367,Qwen/Qwen2-1.5B-Instruct,0.0,0,logiqa,0.5
76,2.28125,0.1021564313333943,Qwen/Qwen2-1.5B-Instruct,0.0,0,logiqa,0.5
77,3.1875,0.04127492938579755,Qwen/Qwen2-1.5B-Instruct,0.0,0,logiqa,0.5
78,3.3125,0.036424997337364234,Qwen/Qwen2-1.5B-Instruct,0.0,0,logiqa,0.5
79,1.59375,0.20316232275153173,Qwen/Qwen2-1.5B-Instruct,0.0,0,logiqa,0.5
80,2.15625,0.11575840213626322,Qwen/Qwen2-1.5B-Instruct,0.0,0,logiqa,0.5
81,1.1015625,0.3323513787550223,Qwen/Qwen2-1.5B-Instruct,1.0,0,logiqa,0.5
1,4.09375,0.016676578983487567,Qwen/Qwen2-1.5B-Instruct,0.0,0,logiqa,0.5
2,1.90625,0.1486367305381225,Qwen/Qwen2-1.5B-Instruct,0.0,0,logiqa,0.5
3,1.25,0.2865047968601901,Qwen/Qwen2-1.5B-Instruct,0.0,0,logiqa,0.5
4,0.1318359375,0.8764847815685415,Qwen/Qwen2-1.5B-Instruct,1.0,0,logiqa,0.5
5,1.1328125,0.3221260018134028,Qwen/Qwen2-1.5B-Instruct,1.0,0,logiqa,0.5
6,0.6171875,0.5394595359337269,Qwen/Qwen2-1.5B-Instruct,1.0,0,logiqa,0.5
7,0.27734375,0.7577939606593946,Qwen/Qwen2-1.5B-Instruct,1.0,0,logiqa,0.5
8,3.078125,0.04604551109353302,Qwen/Qwen2-1.5B-Instruct,0.0,0,logiqa,0.5
9,2.96875,0.05136747956725073,Qwen/Qwen2-1.5B-Instruct,0.0,0,logiqa,0.5
10,0.76953125,0.463230156563083,Qwen/Qwen2-1.5B-Instruct,1.0,0,logiqa,0.5
11,0.1318359375,0.8764847815685415,Qwen/Qwen2-1.5B-Instruct,1.0,0,logiqa,0.5
12,1.4453125,0.23567241741677974,Qwen/Qwen2-1.5B-Instruct,0.0,0,logiqa,0.5
13,4.3125,0.013400007665140828,Qwen/Qwen2-1.5B-Instruct,0.0,0,logiqa,0.5
14,0.99609375,0.3693192805940405,Qwen/Qwen2-1.5B-Instruct,1.0,0,logiqa,0.5
15,0.5078125,0.6018106006716945,Qwen/Qwen2-1.5B-Instruct,1.0,0,logiqa,0.5
16,1.25,0.2865047968601901,Qwen/Qwen2-1.5B-Instruct,1.0,0,logiqa,0.5
17,2.359375,0.09447925428109244,Qwen/Qwen2-1.5B-Instruct,0.0,0,logiqa,0.5
18,1.546875,0.21291228619240427,Qwen/Qwen2-1.5B-Instruct,0.0,0,logiqa,0.5
19,0.19140625,0.8257970399501007,Qwen/Qwen2-1.5B-Instruct,1.0,0,logiqa,0.5
20,1.75,0.17377394345044514,Qwen/Qwen2-1.5B-Instruct,0.0,0,logiqa,0.5
21,0.8828125,0.41361797370441067,Qwen/Qwen2-1.5B-Instruct,1.0,0,logiqa,0.5
22,6.25,0.0019304541362277093,Qwen/Qwen2-1.5B-Instruct,0.0,0,logiqa,0.5
23,1.84375,0.15822297604949842,Qwen/Qwen2-1.5B-Instruct,0.0,0,logiqa,0.5
24,1.546875,0.21291228619240427,Qwen/Qwen2-1.5B-Instruct,0.0,0,logiqa,0.5
25,2.5625,0.07711171996831671,Qwen/Qwen2-1.5B-Instruct,0.0,0,logiqa,0.5
26,0.2353515625,0.7902929634144612,Qwen/Qwen2-1.5B-Instruct,1.0,0,logiqa,0.5
27,1.65625,0.19085333986431632,Qwen/Qwen2-1.5B-Instruct,0.0,0,logiqa,0.5
28,3.09375,0.045331641611676264,Qwen/Qwen2-1.5B-Instruct,0.0,0,logiqa,0.5
29,1.4921875,0.22488019168416426,Qwen/Qwen2-1.5B-Instruct,0.0,0,logiqa,0.5
30,0.0458984375,0.9551389635657673,Qwen/Qwen2-1.5B-Instruct,1.0,0,logiqa,0.5
31,3.546875,0.028814544556403775,Qwen/Qwen2-1.5B-Instruct,0.0,0,logiqa,0.5
32,1.6953125,0.18354186323251906,Qwen/Qwen2-1.5B-Instruct,0.0,0,logiqa,0.5
33,0.97265625,0.3780774349414026,Qwen/Qwen2-1.5B-Instruct,0.0,0,logiqa,0.5
34,0.007781982421875,0.9922482188107336,Qwen/Qwen2-1.5B-Instruct,1.0,0,logiqa,0.5
35,0.61328125,0.5415709208598878,Qwen/Qwen2-1.5B-Instruct,1.0,0,logiqa,0.5
36,4.1875,0.015184197956837946,Qwen/Qwen2-1.5B-Instruct,0.0,0,logiqa,0.5
37,2.296875,0.10057264266491435,Qwen/Qwen2-1.5B-Instruct,0.0,0,logiqa,0.5
38,1.84375,0.15822297604949842,Qwen/Qwen2-1.5B-Instruct,0.0,0,logiqa,0.5
39,0.384765625,0.6806101355130432,Qwen/Qwen2-1.5B-Instruct,1.0,0,logiqa,0.5
40,1.3515625,0.25883551402927246,Qwen/Qwen2-1.5B-Instruct,0.0,0,logiqa,0.5
41,1.84375,0.15822297604949842,Qwen/Qwen2-1.5B-Instruct,0.0,0,logiqa,0.5
42,1.9140625,0.1474800303242793,Qwen/Qwen2-1.5B-Instruct,0.0,0,logiqa,0.5
43,1.2265625,0.29329906232102687,Qwen/Qwen2-1.5B-Instruct,0.0,0,logiqa,0.5
44,2.65625,0.07021102001498804,Qwen/Qwen2-1.5B-Instruct,0.0,0,logiqa,0.5
45,0.08251953125,0.9207934534340386,Qwen/Qwen2-1.5B-Instruct,1.0,0,logiqa,0.5
46,0.6015625,0.54795478749992,Qwen/Qwen2-1.5B-Instruct,1.0,0,logiqa,0.5
47,2.734375,0.0649345785355609,Qwen/Qwen2-1.5B-Instruct,0.0,0,logiqa,0.5
48,0.8984375,0.407205421393389,Qwen/Qwen2-1.5B-Instruct,1.0,0,logiqa,0.5
49,1.40625,0.2450605392455259,Qwen/Qwen2-1.5B-Instruct,0.0,0,logiqa,0.5
50,0.74609375,0.4742153431555798,Qwen/Qwen2-1.5B-Instruct,1.0,0,logiqa,0.5
51,1.171875,0.30978554847668166,Qwen/Qwen2-1.5B-Instruct,0.0,0,logiqa,0.5
52,2.1875,0.11219689052034373,Qwen/Qwen2-1.5B-Instruct,0.0,0,logiqa,0.5
53,1.8828125,0.1521615490248429,Qwen/Qwen2-1.5B-Instruct,0.0,0,logiqa,0.5
54,0.59375,0.5522524501630204,Qwen/Qwen2-1.5B-Instruct,1.0,0,logiqa,0.5
55,2.375,0.09301448921066349,Qwen/Qwen2-1.5B-Instruct,0.0,0,logiqa,0.5
56,2.03125,0.13117145431019428,Qwen/Qwen2-1.5B-Instruct,0.0,0,logiqa,0.5
57,1.4609375,0.23201865524727103,Qwen/Qwen2-1.5B-Instruct,0.0,0,logiqa,0.5
58,2.28125,0.1021564313333943,Qwen/Qwen2-1.5B-Instruct,0.0,0,logiqa,0.5
59,3.109375,0.04462883965030139,Qwen/Qwen2-1.5B-Instruct,0.0,0,logiqa,0.5
60,2.625,0.07243975703425146,Qwen/Qwen2-1.5B-Instruct,0.0,0,logiqa,0.5
61,1.1875,0.3049827687110593,Qwen/Qwen2-1.5B-Instruct,0.0,0,logiqa,0.5
62,1.6875,0.18498139990730428,Qwen/Qwen2-1.5B-Instruct,0.0,0,logiqa,0.5
63,0.5625,0.569782824730923,Qwen/Qwen2-1.5B-Instruct,1.0,0,logiqa,0.5
64,0.1845703125,0.8314614757090356,Qwen/Qwen2-1.5B-Instruct,1.0,0,logiqa,0.5
65,2.53125,0.07955950871822769,Qwen/Qwen2-1.5B-Instruct,0.0,0,logiqa,0.5
66,3.03125,0.04825528130927965,Qwen/Qwen2-1.5B-Instruct,0.0,0,logiqa,0.5
67,2.25,0.10539922456186433,Qwen/Qwen2-1.5B-Instruct,0.0,0,logiqa,0.5
68,5.5,0.004086771438464067,Qwen/Qwen2-1.5B-Instruct,0.0,0,logiqa,0.5
69,2.09375,0.12322417764723749,Qwen/Qwen2-1.5B-Instruct,0.0,0,logiqa,0.5
70,2.96875,0.05136747956725073,Qwen/Qwen2-1.5B-Instruct,0.0,0,logiqa,0.5
71,1.8671875,0.15455774475698483,Qwen/Qwen2-1.5B-Instruct,0.0,0,logiqa,0.5
72,4.25,0.014264233908999256,Qwen/Qwen2-1.5B-Instruct,0.0,0,logiqa,0.5
73,1.640625,0.19385884264329528,Qwen/Qwen2-1.5B-Instruct,0.0,0,logiqa,0.5
74,1.96875,0.13963128628139898,Qwen/Qwen2-1.5B-Instruct,0.0,0,logiqa,0.5
75,2.296875,0.10057264266491435,Qwen/Qwen2-1.5B-Instruct,0.0,0,logiqa,0.5
76,2.28125,0.1021564313333943,Qwen/Qwen2-1.5B-Instruct,0.0,0,logiqa,0.5
77,0.451171875,0.6368813687851224,Qwen/Qwen2-1.5B-Instruct,1.0,0,logiqa,0.5
78,1.5078125,0.221393747466153,Qwen/Qwen2-1.5B-Instruct,0.0,0,logiqa,0.5
79,2.1875,0.11219689052034373,Qwen/Qwen2-1.5B-Instruct,0.0,0,logiqa,0.5
1,0.86328125,0.4217758572543825,Qwen/Qwen2-1.5B-Instruct,1.0,0,logiqa,0.5
2,0.98828125,0.372215887611955,Qwen/Qwen2-1.5B-Instruct,1.0,0,logiqa,0.5
3,2.125,0.11943296826671962,Qwen/Qwen2-1.5B-Instruct,0.0,0,logiqa,0.5
4,0.515625,0.5971272734216274,Qwen/Qwen2-1.5B-Instruct,1.0,0,logiqa,0.5
5,0.859375,0.4234266412852628,Qwen/Qwen2-1.5B-Instruct,1.0,0,logiqa,0.5
6,3.328125,0.035860280096566576,Qwen/Qwen2-1.5B-Instruct,0.0,0,logiqa,0.5
7,4.125,0.016163494588165874,Qwen/Qwen2-1.5B-Instruct,0.0,0,logiqa,0.5
8,1.40625,0.2450605392455259,Qwen/Qwen2-1.5B-Instruct,0.0,0,logiqa,0.5
9,1.046875,0.3510330150388101,Qwen/Qwen2-1.5B-Instruct,1.0,0,logiqa,0.5
10,1.6015625,0.20158130101268698,Qwen/Qwen2-1.5B-Instruct,0.0,0,logiqa,0.5
11,1.96875,0.13963128628139898,Qwen/Qwen2-1.5B-Instruct,0.0,0,logiqa,0.5
12,0.61328125,0.5415709208598878,Qwen/Qwen2-1.5B-Instruct,1.0,0,logiqa,0.5
13,2.4375,0.08737902619542039,Qwen/Qwen2-1.5B-Instruct,0.0,0,logiqa,0.5
14,0.341796875,0.7104925088436513,Qwen/Qwen2-1.5B-Instruct,1.0,0,logiqa,0.5
15,1.7578125,0.17242162389375282,Qwen/Qwen2-1.5B-Instruct,0.0,0,logiqa,0.5
16,1.671875,0.18789443308700168,Qwen/Qwen2-1.5B-Instruct,0.0,0,logiqa,0.5
17,1.453125,0.23383840011408472,Qwen/Qwen2-1.5B-Instruct,0.0,0,logiqa,0.5
18,1.125,0.32465246735834974,Qwen/Qwen2-1.5B-Instruct,0.0,0,logiqa,0.5
19,2.65625,0.07021102001498804,Qwen/Qwen2-1.5B-Instruct,0.0,0,logiqa,0.5
20,1.375,0.25283959580474646,Qwen/Qwen2-1.5B-Instruct,0.0,0,logiqa,0.5
21,1.1796875,0.30737477821235176,Qwen/Qwen2-1.5B-Instruct,0.0,0,logiqa,0.5
22,2.015625,0.13323710414756298,Qwen/Qwen2-1.5B-Instruct,0.0,0,logiqa,0.5
23,0.06787109375,0.9343809133539388,Qwen/Qwen2-1.5B-Instruct,1.0,0,logiqa,0.5
24,2.640625,0.07131668269775804,Qwen/Qwen2-1.5B-Instruct,0.0,0,logiqa,0.5
25,1.234375,0.29101659090983195,Qwen/Qwen2-1.5B-Instruct,0.0,0,logiqa,0.5
26,1.3203125,0.26705183522634335,Qwen/Qwen2-1.5B-Instruct,0.0,0,logiqa,0.5
27,0.373046875,0.6886329524177447,Qwen/Qwen2-1.5B-Instruct,1.0,0,logiqa,0.5
28,0.8125,0.44374731008107987,Qwen/Qwen2-1.5B-Instruct,0.0,0,logiqa,0.5
29,4.90625,0.0074001870652772766,Qwen/Qwen2-1.5B-Instruct,0.0,0,logiqa,0.5
30,2.296875,0.10057264266491435,Qwen/Qwen2-1.5B-Instruct,0.0,0,logiqa,0.5
31,1.5625,0.2096113871510978,Qwen/Qwen2-1.5B-Instruct,0.0,0,logiqa,0.5
32,3.09375,0.045331641611676264,Qwen/Qwen2-1.5B-Instruct,0.0,0,logiqa,0.5
33,3.828125,0.021750359344450344,Qwen/Qwen2-1.5B-Instruct,0.0,0,logiqa,0.5
34,1.8046875,0.16452586287665122,Qwen/Qwen2-1.5B-Instruct,0.0,0,logiqa,0.5
35,1.109375,0.3297649998062575,Qwen/Qwen2-1.5B-Instruct,1.0,0,logiqa,0.5
36,1.3515625,0.25883551402927246,Qwen/Qwen2-1.5B-Instruct,0.0,0,logiqa,0.5
37,0.91015625,0.4024613345370006,Qwen/Qwen2-1.5B-Instruct,1.0,0,logiqa,0.5
38,2.21875,0.10874495509722103,Qwen/Qwen2-1.5B-Instruct,0.0,0,logiqa,0.5
39,1.90625,0.1486367305381225,Qwen/Qwen2-1.5B-Instruct,0.0,0,logiqa,0.5
40,3.484375,0.030672923016533588,Qwen/Qwen2-1.5B-Instruct,0.0,0,logiqa,0.5
41,1.4453125,0.23567241741677974,Qwen/Qwen2-1.5B-Instruct,0.0,0,logiqa,0.5
42,1.546875,0.21291228619240427,Qwen/Qwen2-1.5B-Instruct,0.0,0,logiqa,0.5
43,0.6796875,0.5067753349154387,Qwen/Qwen2-1.5B-Instruct,1.0,0,logiqa,0.5
44,0.1845703125,0.8314614757090356,Qwen/Qwen2-1.5B-Instruct,1.0,0,logiqa,0.5
45,0.1845703125,0.8314614757090356,Qwen/Qwen2-1.5B-Instruct,1.0,0,logiqa,0.5
46,1.71875,0.17929012055011864,Qwen/Qwen2-1.5B-Instruct,0.0,0,logiqa,0.5
47,3.859375,0.02108117113844438,Qwen/Qwen2-1.5B-Instruct,0.0,0,logiqa,0.5
48,0.91015625,0.4024613345370006,Qwen/Qwen2-1.5B-Instruct,1.0,0,logiqa,0.5
49,1.328125,0.26497362135689667,Qwen/Qwen2-1.5B-Instruct,0.0,0,logiqa,0.5
50,0.8046875,0.4472276633691456,Qwen/Qwen2-1.5B-Instruct,1.0,0,logiqa,0.5
51,0.42578125,0.6532592269479727,Qwen/Qwen2-1.5B-Instruct,1.0,0,logiqa,0.5
52,1.921875,0.1463323316229146,Qwen/Qwen2-1.5B-Instruct,0.0,0,logiqa,0.5
53,1.9765625,0.13854466699075552,Qwen/Qwen2-1.5B-Instruct,0.0,0,logiqa,0.5
54,1.171875,0.30978554847668166,Qwen/Qwen2-1.5B-Instruct,0.0,0,logiqa,0.5
55,1.1015625,0.3323513787550223,Qwen/Qwen2-1.5B-Instruct,1.0,0,logiqa,0.5
56,2.171875,0.1139637344565904,Qwen/Qwen2-1.5B-Instruct,0.0,0,logiqa,0.5
57,0.96484375,0.3810427330152126,Qwen/Qwen2-1.5B-Instruct,0.0,0,logiqa,0.5
58,2.203125,0.1104574389603643,Qwen/Qwen2-1.5B-Instruct,0.0,0,logiqa,0.5
59,4.875,0.007635094218859962,Qwen/Qwen2-1.5B-Instruct,0.0,0,logiqa,0.5
60,2.53125,0.07955950871822769,Qwen/Qwen2-1.5B-Instruct,0.0,0,logiqa,0.5
61,2.15625,0.11575840213626322,Qwen/Qwen2-1.5B-Instruct,0.0,0,logiqa,0.5
62,1.703125,0.18211352912101367,Qwen/Qwen2-1.5B-Instruct,0.0,0,logiqa,0.5
63,1.328125,0.26497362135689667,Qwen/Qwen2-1.5B-Instruct,0.0,0,logiqa,0.5
64,0.984375,0.373672699406043,Qwen/Qwen2-1.5B-Instruct,1.0,0,logiqa,0.5
65,1.421875,0.2412612277378443,Qwen/Qwen2-1.5B-Instruct,0.0,0,logiqa,0.5
66,3.796875,0.022440789864373145,Qwen/Qwen2-1.5B-Instruct,0.0,0,logiqa,0.5
67,2.546875,0.07832605286299588,Qwen/Qwen2-1.5B-Instruct,0.0,0,logiqa,0.5
68,1.5234375,0.21796135555570278,Qwen/Qwen2-1.5B-Instruct,0.0,0,logiqa,0.5
69,0.0966796875,0.9078467542291261,Qwen/Qwen2-1.5B-Instruct,1.0,0,logiqa,0.5
70,3.71875,0.02426427924617674,Qwen/Qwen2-1.5B-Instruct,0.0,0,logiqa,0.5
71,1.375,0.25283959580474646,Qwen/Qwen2-1.5B-Instruct,0.0,0,logiqa,0.5
72,1.7734375,0.16974847438608623,Qwen/Qwen2-1.5B-Instruct,0.0,0,logiqa,0.5
73,1.4765625,0.2284215394097245,Qwen/Qwen2-1.5B-Instruct,0.0,0,logiqa,0.5
74,0.05322265625,0.9481688732517508,Qwen/Qwen2-1.5B-Instruct,1.0,0,logiqa,0.5
75,0.83984375,0.43177798346854385,Qwen/Qwen2-1.5B-Instruct,1.0,0,logiqa,0.5
76,2.75,0.06392786120670757,Qwen/Qwen2-1.5B-Instruct,0.0,0,logiqa,0.5
77,1.4296875,0.23938371796817895,Qwen/Qwen2-1.5B-Instruct,0.0,0,logiqa,0.5
78,3.296875,0.03699860758070385,Qwen/Qwen2-1.5B-Instruct,0.0,0,logiqa,0.5
79,0.7890625,0.4542704742837873,Qwen/Qwen2-1.5B-Instruct,1.0,0,logiqa,0.5
80,1.3125,0.26914634872918386,Qwen/Qwen2-1.5B-Instruct,0.0,0,logiqa,0.5
81,1.109375,0.3297649998062575,Qwen/Qwen2-1.5B-Instruct,1.0,0,logiqa,0.5
82,2.34375,0.09596708604499847,Qwen/Qwen2-1.5B-Instruct,0.0,0,logiqa,0.5
83,1.1328125,0.3221260018134028,Qwen/Qwen2-1.5B-Instruct,0.0,0,logiqa,0.5
84,3.6875,0.025034510149960148,Qwen/Qwen2-1.5B-Instruct,0.0,0,logiqa,0.5
1,0.138671875,0.870513618882206,Qwen/Qwen2-1.5B-Instruct,1.0,0,logiqa,0.5
2,1.5234375,0.21796135555570278,Qwen/Qwen2-1.5B-Instruct,0.0,0,logiqa,0.5
3,1.578125,0.20636166380601706,Qwen/Qwen2-1.5B-Instruct,0.0,0,logiqa,0.5
4,1.6875,0.18498139990730428,Qwen/Qwen2-1.5B-Instruct,0.0,0,logiqa,0.5
5,0.984375,0.373672699406043,Qwen/Qwen2-1.5B-Instruct,0.0,0,logiqa,0.5
6,1.53125,0.2162651668298873,Qwen/Qwen2-1.5B-Instruct,0.0,0,logiqa,0.5
7,2.40625,0.09015273423081638,Qwen/Qwen2-1.5B-Instruct,0.0,0,logiqa,0.5
8,2.453125,0.08602433995839362,Qwen/Qwen2-1.5B-Instruct,0.0,0,logiqa,0.5
9,3.625,0.026649097336355485,Qwen/Qwen2-1.5B-Instruct,0.0,0,logiqa,0.5
10,1.3359375,0.26291158027609046,Qwen/Qwen2-1.5B-Instruct,0.0,0,logiqa,0.5
11,1.1875,0.3049827687110593,Qwen/Qwen2-1.5B-Instruct,0.0,0,logiqa,0.5
12,2.265625,0.10376516104428837,Qwen/Qwen2-1.5B-Instruct,0.0,0,logiqa,0.5
13,2.75,0.06392786120670757,Qwen/Qwen2-1.5B-Instruct,0.0,0,logiqa,0.5
14,0.05322265625,0.9481688732517508,Qwen/Qwen2-1.5B-Instruct,1.0,0,logiqa,0.5
15,3.21875,0.04000503331137926,Qwen/Qwen2-1.5B-Instruct,0.0,0,logiqa,0.5
16,1.6328125,0.19537929639047613,Qwen/Qwen2-1.5B-Instruct,0.0,0,logiqa,0.5
17,1.953125,0.14183015908734253,Qwen/Qwen2-1.5B-Instruct,0.0,0,logiqa,0.5
18,1.8125,0.1632455124539584,Qwen/Qwen2-1.5B-Instruct,0.0,0,logiqa,0.5
19,0.470703125,0.6245629680224108,Qwen/Qwen2-1.5B-Instruct,1.0,0,logiqa,0.5
20,0.41015625,0.663546562885513,Qwen/Qwen2-1.5B-Instruct,1.0,0,logiqa,0.5
21,1.9765625,0.13854466699075552,Qwen/Qwen2-1.5B-Instruct,0.0,0,logiqa,0.5
22,2.03125,0.13117145431019428,Qwen/Qwen2-1.5B-Instruct,0.0,0,logiqa,0.5
23,2.109375,0.1213137638466268,Qwen/Qwen2-1.5B-Instruct,0.0,0,logiqa,0.5
24,1.6484375,0.1923502211610474,Qwen/Qwen2-1.5B-Instruct,0.0,0,logiqa,0.5
25,1.796875,0.1658162552121675,Qwen/Qwen2-1.5B-Instruct,0.0,0,logiqa,0.5
26,1.3359375,0.26291158027609046,Qwen/Qwen2-1.5B-Instruct,0.0,0,logiqa,0.5
27,0.2890625,0.7489653936027156,Qwen/Qwen2-1.5B-Instruct,1.0,0,logiqa,0.5
28,2.171875,0.1139637344565904,Qwen/Qwen2-1.5B-Instruct,0.0,0,logiqa,0.5
29,2.84375,0.058206980009571974,Qwen/Qwen2-1.5B-Instruct,0.0,0,logiqa,0.5
30,1.484375,0.22664394888734782,Qwen/Qwen2-1.5B-Instruct,0.0,0,logiqa,0.5
31,1.953125,0.14183015908734253,Qwen/Qwen2-1.5B-Instruct,0.0,0,logiqa,0.5
32,1.296875,0.27338478699614155,Qwen/Qwen2-1.5B-Instruct,0.0,0,logiqa,0.5
33,1.1640625,0.31221522664653706,Qwen/Qwen2-1.5B-Instruct,0.0,0,logiqa,0.5
34,1.984375,0.13746650383851944,Qwen/Qwen2-1.5B-Instruct,0.0,0,logiqa,0.5
35,2.734375,0.0649345785355609,Qwen/Qwen2-1.5B-Instruct,0.0,0,logiqa,0.5
36,1.0390625,0.353786201098432,Qwen/Qwen2-1.5B-Instruct,0.0,0,logiqa,0.5
37,1.640625,0.19385884264329528,Qwen/Qwen2-1.5B-Instruct,0.0,0,logiqa,0.5
38,1.09375,0.33495804292529496,Qwen/Qwen2-1.5B-Instruct,0.0,0,logiqa,0.5
39,0.77734375,0.459625270884992,Qwen/Qwen2-1.5B-Instruct,1.0,0,logiqa,0.5
40,3.296875,0.03699860758070385,Qwen/Qwen2-1.5B-Instruct,0.0,0,logiqa,0.5
41,2.8125,0.060054667895307945,Qwen/Qwen2-1.5B-Instruct,0.0,0,logiqa,0.5
42,3.15625,0.04258513628878761,Qwen/Qwen2-1.5B-Instruct,0.0,0,logiqa,0.5
43,0.39453125,0.673995900791531,Qwen/Qwen2-1.5B-Instruct,1.0,0,logiqa,0.5
44,1.2421875,0.2887518818320782,Qwen/Qwen2-1.5B-Instruct,0.0,0,logiqa,0.5
45,1.484375,0.22664394888734782,Qwen/Qwen2-1.5B-Instruct,0.0,0,logiqa,0.5
46,2.25,0.10539922456186433,Qwen/Qwen2-1.5B-Instruct,0.0,0,logiqa,0.5
47,0.87109375,0.4184935714928901,Qwen/Qwen2-1.5B-Instruct,0.0,0,logiqa,0.5
48,1.484375,0.22664394888734782,Qwen/Qwen2-1.5B-Instruct,0.0,0,logiqa,0.5
49,0.5234375,0.5924803921133679,Qwen/Qwen2-1.5B-Instruct,1.0,0,logiqa,0.5
50,2.46875,0.0846906561847805,Qwen/Qwen2-1.5B-Instruct,0.0,0,logiqa,0.5
51,0.023193359375,0.9770735391778969,Qwen/Qwen2-1.5B-Instruct,1.0,0,logiqa,0.5
52,1.09375,0.33495804292529496,Qwen/Qwen2-1.5B-Instruct,1.0,0,logiqa,0.5
53,4.5,0.011108996538242306,Qwen/Qwen2-1.5B-Instruct,0.0,0,logiqa,0.5
54,0.038330078125,0.9623952228475297,Qwen/Qwen2-1.5B-Instruct,1.0,0,logiqa,0.5
55,2.046875,0.129137829405204,Qwen/Qwen2-1.5B-Instruct,0.0,0,logiqa,0.5
56,3.859375,0.02108117113844438,Qwen/Qwen2-1.5B-Instruct,0.0,0,logiqa,0.5
57,1.703125,0.18211352912101367,Qwen/Qwen2-1.5B-Instruct,0.0,0,logiqa,0.5
58,0.59765625,0.5500994219006123,Qwen/Qwen2-1.5B-Instruct,1.0,0,logiqa,0.5
59,0.97265625,0.3780774349414026,Qwen/Qwen2-1.5B-Instruct,1.0,0,logiqa,0.5
60,0.32421875,0.7230920486923872,Qwen/Qwen2-1.5B-Instruct,1.0,0,logiqa,0.5
61,3.203125,0.040635020917967515,Qwen/Qwen2-1.5B-Instruct,0.0,0,logiqa,0.5
62,0.44140625,0.6431313813711866,Qwen/Qwen2-1.5B-Instruct,1.0,0,logiqa,0.5
63,1.4921875,0.22488019168416426,Qwen/Qwen2-1.5B-Instruct,0.0,0,logiqa,0.5
64,1.484375,0.22664394888734782,Qwen/Qwen2-1.5B-Instruct,0.0,0,logiqa,0.5
65,1.1953125,0.30260937397538795,Qwen/Qwen2-1.5B-Instruct,0.0,0,logiqa,0.5
66,1.2578125,0.2842751988422877,Qwen/Qwen2-1.5B-Instruct,0.0,0,logiqa,0.5
67,5.40625,0.004488440342699523,Qwen/Qwen2-1.5B-Instruct,0.0,0,logiqa,0.5
68,3.859375,0.02108117113844438,Qwen/Qwen2-1.5B-Instruct,0.0,0,logiqa,0.5
69,1.1484375,0.31713190105209277,Qwen/Qwen2-1.5B-Instruct,0.0,0,logiqa,0.5
70,1.6484375,0.1923502211610474,Qwen/Qwen2-1.5B-Instruct,0.0,0,logiqa,0.5
71,1.1875,0.3049827687110593,Qwen/Qwen2-1.5B-Instruct,0.0,0,logiqa,0.5
72,3.640625,0.026235941377052294,Qwen/Qwen2-1.5B-Instruct,0.0,0,logiqa,0.5
73,6.28125,0.0018710603064642196,Qwen/Qwen2-1.5B-Instruct,0.0,0,logiqa,0.5
74,1.1796875,0.30737477821235176,Qwen/Qwen2-1.5B-Instruct,1.0,0,logiqa,0.5
75,0.65625,0.5187931656538893,Qwen/Qwen2-1.5B-Instruct,1.0,0,logiqa,0.5
76,2.21875,0.10874495509722103,Qwen/Qwen2-1.5B-Instruct,0.0,0,logiqa,0.5
77,0.78125,0.45783336177161427,Qwen/Qwen2-1.5B-Instruct,1.0,0,logiqa,0.5
78,3.15625,0.04258513628878761,Qwen/Qwen2-1.5B-Instruct,0.0,0,logiqa,0.5
79,4.90625,0.0074001870652772766,Qwen/Qwen2-1.5B-Instruct,0.0,0,logiqa,0.5
80,0.2041015625,0.8153795549957998,Qwen/Qwen2-1.5B-Instruct,1.0,0,logiqa,0.5
81,0.671875,0.5107500231290107,Qwen/Qwen2-1.5B-Instruct,1.0,0,logiqa,0.5
1,2.90625,0.05468039736791477,Qwen/Qwen2-1.5B-Instruct,0.0,0,logiqa,0.5
2,1.3359375,0.26291158027609046,Qwen/Qwen2-1.5B-Instruct,0.0,0,logiqa,0.5
3,1.78125,0.16842748127818424,Qwen/Qwen2-1.5B-Instruct,0.0,0,logiqa,0.5
4,0.53515625,0.5855777864671197,Qwen/Qwen2-1.5B-Instruct,1.0,0,logiqa,0.5
5,0.58203125,0.5587622272904076,Qwen/Qwen2-1.5B-Instruct,1.0,0,logiqa,0.5
6,2.9375,0.0529980584033558,Qwen/Qwen2-1.5B-Instruct,0.0,0,logiqa,0.5
7,0.95703125,0.3840312882100615,Qwen/Qwen2-1.5B-Instruct,0.0,0,logiqa,0.5
8,2.0625,0.1271357329320356,Qwen/Qwen2-1.5B-Instruct,0.0,0,logiqa,0.5
9,1.0078125,0.36501658064745907,Qwen/Qwen2-1.5B-Instruct,0.0,0,logiqa,0.5
10,1.546875,0.21291228619240427,Qwen/Qwen2-1.5B-Instruct,0.0,0,logiqa,0.5
11,1.71875,0.17929012055011864,Qwen/Qwen2-1.5B-Instruct,0.0,0,logiqa,0.5
12,1.0546875,0.34830125444308524,Qwen/Qwen2-1.5B-Instruct,1.0,0,logiqa,0.5
13,0.0155029296875,0.9846166221284973,Qwen/Qwen2-1.5B-Instruct,1.0,0,logiqa,0.5
14,0.1982421875,0.8201711938713908,Qwen/Qwen2-1.5B-Instruct,1.0,0,logiqa,0.5
15,2.1875,0.11219689052034373,Qwen/Qwen2-1.5B-Instruct,0.0,0,logiqa,0.5
16,2.90625,0.05468039736791477,Qwen/Qwen2-1.5B-Instruct,0.0,0,logiqa,0.5
17,1.6328125,0.19537929639047613,Qwen/Qwen2-1.5B-Instruct,0.0,0,logiqa,0.5
18,2.0625,0.1271357329320356,Qwen/Qwen2-1.5B-Instruct,0.0,0,logiqa,0.5
19,1.6875,0.18498139990730428,Qwen/Qwen2-1.5B-Instruct,0.0,0,logiqa,0.5
20,0.294921875,0.7445897562683694,Qwen/Qwen2-1.5B-Instruct,1.0,0,logiqa,0.5
21,0.369140625,0.6913281855882473,Qwen/Qwen2-1.5B-Instruct,1.0,0,logiqa,0.5
22,1.5703125,0.207980178394932,Qwen/Qwen2-1.5B-Instruct,0.0,0,logiqa,0.5
23,1.4375,0.23752081909545814,Qwen/Qwen2-1.5B-Instruct,0.0,0,logiqa,0.5
24,2.125,0.11943296826671962,Qwen/Qwen2-1.5B-Instruct,0.0,0,logiqa,0.5
25,2.3125,0.0990134083638263,Qwen/Qwen2-1.5B-Instruct,0.0,0,logiqa,0.5
26,2.640625,0.07131668269775804,Qwen/Qwen2-1.5B-Instruct,0.0,0,logiqa,0.5
27,2.640625,0.07131668269775804,Qwen/Qwen2-1.5B-Instruct,0.0,0,logiqa,0.5
28,0.6875,0.5028315779709409,Qwen/Qwen2-1.5B-Instruct,1.0,0,logiqa,0.5
29,0.294921875,0.7445897562683694,Qwen/Qwen2-1.5B-Instruct,1.0,0,logiqa,0.5
30,0.94140625,0.39007890102496307,Qwen/Qwen2-1.5B-Instruct,1.0,0,logiqa,0.5
31,2.3125,0.0990134083638263,Qwen/Qwen2-1.5B-Instruct,0.0,0,logiqa,0.5
32,3.703125,0.024646386044811498,Qwen/Qwen2-1.5B-Instruct,0.0,0,logiqa,0.5
33,2.5625,0.07711171996831671,Qwen/Qwen2-1.5B-Instruct,0.0,0,logiqa,0.5
34,2.0625,0.1271357329320356,Qwen/Qwen2-1.5B-Instruct,0.0,0,logiqa,0.5
35,1.59375,0.20316232275153173,Qwen/Qwen2-1.5B-Instruct,0.0,0,logiqa,0.5
36,1.34375,0.26086558612628497,Qwen/Qwen2-1.5B-Instruct,0.0,0,logiqa,0.5
37,2.53125,0.07955950871822769,Qwen/Qwen2-1.5B-Instruct,0.0,0,logiqa,0.5
38,2.9375,0.0529980584033558,Qwen/Qwen2-1.5B-Instruct,0.0,0,logiqa,0.5
39,2.71875,0.06595714935553817,Qwen/Qwen2-1.5B-Instruct,0.0,0,logiqa,0.5
40,1.75,0.17377394345044514,Qwen/Qwen2-1.5B-Instruct,0.0,0,logiqa,0.5
41,2.0,0.1353352832366127,Qwen/Qwen2-1.5B-Instruct,0.0,0,logiqa,0.5
42,1.3125,0.26914634872918386,Qwen/Qwen2-1.5B-Instruct,0.0,0,logiqa,0.5
43,2.953125,0.05217639966630833,Qwen/Qwen2-1.5B-Instruct,0.0,0,logiqa,0.5
44,2.125,0.11943296826671962,Qwen/Qwen2-1.5B-Instruct,0.0,0,logiqa,0.5
45,1.515625,0.21967084765457534,Qwen/Qwen2-1.5B-Instruct,0.0,0,logiqa,0.5
46,1.2421875,0.2887518818320782,Qwen/Qwen2-1.5B-Instruct,1.0,0,logiqa,0.5
47,1.734375,0.17651048487186194,Qwen/Qwen2-1.5B-Instruct,0.0,0,logiqa,0.5
48,0.76171875,0.46686331570996537,Qwen/Qwen2-1.5B-Instruct,0.0,0,logiqa,0.5
49,0.71484375,0.48926855403569414,Qwen/Qwen2-1.5B-Instruct,1.0,0,logiqa,0.5
50,1.21875,0.29559943537737077,Qwen/Qwen2-1.5B-Instruct,0.0,0,logiqa,0.5
51,2.5,0.0820849986238988,Qwen/Qwen2-1.5B-Instruct,0.0,0,logiqa,0.5
52,1.2109375,0.2979178504832066,Qwen/Qwen2-1.5B-Instruct,1.0,0,logiqa,0.5
53,0.6171875,0.5394595359337269,Qwen/Qwen2-1.5B-Instruct,1.0,0,logiqa,0.5
54,1.875,0.15335496684492847,Qwen/Qwen2-1.5B-Instruct,0.0,0,logiqa,0.5
55,1.65625,0.19085333986431632,Qwen/Qwen2-1.5B-Instruct,0.0,0,logiqa,0.5
56,1.328125,0.26497362135689667,Qwen/Qwen2-1.5B-Instruct,0.0,0,logiqa,0.5
57,0.59765625,0.5500994219006123,Qwen/Qwen2-1.5B-Instruct,1.0,0,logiqa,0.5
58,0.1787109375,0.8363476211932502,Qwen/Qwen2-1.5B-Instruct,1.0,0,logiqa,0.5
59,1.25,0.2865047968601901,Qwen/Qwen2-1.5B-Instruct,0.0,0,logiqa,0.5
60,1.6640625,0.18936810739025348,Qwen/Qwen2-1.5B-Instruct,0.0,0,logiqa,0.5
61,3.390625,0.03368761555886473,Qwen/Qwen2-1.5B-Instruct,0.0,0,logiqa,0.5
62,1.46875,0.23021307174736147,Qwen/Qwen2-1.5B-Instruct,0.0,0,logiqa,0.5
63,1.1875,0.3049827687110593,Qwen/Qwen2-1.5B-Instruct,1.0,0,logiqa,0.5
64,4.96875,0.006951832396384793,Qwen/Qwen2-1.5B-Instruct,0.0,0,logiqa,0.5
65,4.125,0.016163494588165874,Qwen/Qwen2-1.5B-Instruct,0.0,0,logiqa,0.5
66,2.5,0.0820849986238988,Qwen/Qwen2-1.5B-Instruct,0.0,0,logiqa,0.5
67,1.5546875,0.21125538963610227,Qwen/Qwen2-1.5B-Instruct,0.0,0,logiqa,0.5
68,0.171875,0.8420844271433824,Qwen/Qwen2-1.5B-Instruct,1.0,0,logiqa,0.5
69,1.640625,0.19385884264329528,Qwen/Qwen2-1.5B-Instruct,0.0,0,logiqa,0.5
70,0.640625,0.5269629692433709,Qwen/Qwen2-1.5B-Instruct,1.0,0,logiqa,0.5
71,2.25,0.10539922456186433,Qwen/Qwen2-1.5B-Instruct,0.0,0,logiqa,0.5
72,0.1787109375,0.8363476211932502,Qwen/Qwen2-1.5B-Instruct,1.0,0,logiqa,0.5
73,1.84375,0.15822297604949842,Qwen/Qwen2-1.5B-Instruct,0.0,0,logiqa,0.5
74,0.55859375,0.572012891653811,Qwen/Qwen2-1.5B-Instruct,1.0,0,logiqa,0.5
75,1.1015625,0.3323513787550223,Qwen/Qwen2-1.5B-Instruct,1.0,0,logiqa,0.5
76,0.11767578125,0.8889842312518604,Qwen/Qwen2-1.5B-Instruct,1.0,0,logiqa,0.5
77,1.5390625,0.21458217794945839,Qwen/Qwen2-1.5B-Instruct,0.0,0,logiqa,0.5
78,3.609375,0.027068759555306635,Qwen/Qwen2-1.5B-Instruct,0.0,0,logiqa,0.5
