shots,nll,prob,model,acc,hmm,dataset,flip_prob
1,8.5625,0.00019114084371795175,Qwen/Qwen2-1.5B-Instruct,0.0,0,logiqa,0.75
2,5.25,0.005247518399181385,Qwen/Qwen2-1.5B-Instruct,0.0,0,logiqa,0.75
3,1.28125,0.27768997095378994,Qwen/Qwen2-1.5B-Instruct,0.0,0,logiqa,0.75
4,1.0078125,0.36501658064745907,Qwen/Qwen2-1.5B-Instruct,1.0,0,logiqa,0.75
5,2.15625,0.11575840213626322,Qwen/Qwen2-1.5B-Instruct,0.0,0,logiqa,0.75
6,2.5625,0.07711171996831671,Qwen/Qwen2-1.5B-Instruct,0.0,0,logiqa,0.75
7,1.984375,0.13746650383851944,Qwen/Qwen2-1.5B-Instruct,0.0,0,logiqa,0.75
8,1.5,0.22313016014842982,Qwen/Qwen2-1.5B-Instruct,0.0,0,logiqa,0.75
9,2.875,0.05641613950377735,Qwen/Qwen2-1.5B-Instruct,0.0,0,logiqa,0.75
10,3.234375,0.039384812757335554,Qwen/Qwen2-1.5B-Instruct,0.0,0,logiqa,0.75
11,0.171875,0.8420844271433824,Qwen/Qwen2-1.5B-Instruct,1.0,0,logiqa,0.75
12,1.1171875,0.3271987482181544,Qwen/Qwen2-1.5B-Instruct,0.0,0,logiqa,0.75
13,4.40625,0.012200845821682604,Qwen/Qwen2-1.5B-Instruct,0.0,0,logiqa,0.75
14,2.75,0.06392786120670757,Qwen/Qwen2-1.5B-Instruct,0.0,0,logiqa,0.75
15,2.84375,0.058206980009571974,Qwen/Qwen2-1.5B-Instruct,0.0,0,logiqa,0.75
16,1.0078125,0.36501658064745907,Qwen/Qwen2-1.5B-Instruct,1.0,0,logiqa,0.75
17,0.97265625,0.3780774349414026,Qwen/Qwen2-1.5B-Instruct,1.0,0,logiqa,0.75
18,1.6953125,0.18354186323251906,Qwen/Qwen2-1.5B-Instruct,0.0,0,logiqa,0.75
19,4.25,0.014264233908999256,Qwen/Qwen2-1.5B-Instruct,0.0,0,logiqa,0.75
20,3.21875,0.04000503331137926,Qwen/Qwen2-1.5B-Instruct,0.0,0,logiqa,0.75
21,2.015625,0.13323710414756298,Qwen/Qwen2-1.5B-Instruct,0.0,0,logiqa,0.75
22,2.625,0.07243975703425146,Qwen/Qwen2-1.5B-Instruct,0.0,0,logiqa,0.75
23,2.359375,0.09447925428109244,Qwen/Qwen2-1.5B-Instruct,0.0,0,logiqa,0.75
24,1.0546875,0.34830125444308524,Qwen/Qwen2-1.5B-Instruct,0.0,0,logiqa,0.75
25,1.515625,0.21967084765457534,Qwen/Qwen2-1.5B-Instruct,0.0,0,logiqa,0.75
26,1.4453125,0.23567241741677974,Qwen/Qwen2-1.5B-Instruct,0.0,0,logiqa,0.75
27,1.53125,0.2162651668298873,Qwen/Qwen2-1.5B-Instruct,0.0,0,logiqa,0.75
28,3.1875,0.04127492938579755,Qwen/Qwen2-1.5B-Instruct,0.0,0,logiqa,0.75
29,0.5625,0.569782824730923,Qwen/Qwen2-1.5B-Instruct,1.0,0,logiqa,0.75
30,1.125,0.32465246735834974,Qwen/Qwen2-1.5B-Instruct,1.0,0,logiqa,0.75
31,1.921875,0.1463323316229146,Qwen/Qwen2-1.5B-Instruct,0.0,0,logiqa,0.75
32,2.296875,0.10057264266491435,Qwen/Qwen2-1.5B-Instruct,0.0,0,logiqa,0.75
33,0.93359375,0.39313832776388624,Qwen/Qwen2-1.5B-Instruct,0.0,0,logiqa,0.75
34,6.625,0.0013267804310269915,Qwen/Qwen2-1.5B-Instruct,0.0,0,logiqa,0.75
35,0.921875,0.39777251796661167,Qwen/Qwen2-1.5B-Instruct,1.0,0,logiqa,0.75
36,0.62109375,0.5373563825172994,Qwen/Qwen2-1.5B-Instruct,1.0,0,logiqa,0.75
37,2.671875,0.06912249904327114,Qwen/Qwen2-1.5B-Instruct,0.0,0,logiqa,0.75
38,3.65625,0.025829190807190754,Qwen/Qwen2-1.5B-Instruct,0.0,0,logiqa,0.75
39,1.1015625,0.3323513787550223,Qwen/Qwen2-1.5B-Instruct,1.0,0,logiqa,0.75
40,1.3203125,0.26705183522634335,Qwen/Qwen2-1.5B-Instruct,0.0,0,logiqa,0.75
41,2.75,0.06392786120670757,Qwen/Qwen2-1.5B-Instruct,0.0,0,logiqa,0.75
42,1.71875,0.17929012055011864,Qwen/Qwen2-1.5B-Instruct,0.0,0,logiqa,0.75
43,1.28125,0.27768997095378994,Qwen/Qwen2-1.5B-Instruct,0.0,0,logiqa,0.75
44,0.06787109375,0.9343809133539388,Qwen/Qwen2-1.5B-Instruct,1.0,0,logiqa,0.75
45,1.421875,0.2412612277378443,Qwen/Qwen2-1.5B-Instruct,0.0,0,logiqa,0.75
46,1.296875,0.27338478699614155,Qwen/Qwen2-1.5B-Instruct,0.0,0,logiqa,0.75
47,0.11767578125,0.8889842312518604,Qwen/Qwen2-1.5B-Instruct,1.0,0,logiqa,0.75
48,2.5,0.0820849986238988,Qwen/Qwen2-1.5B-Instruct,0.0,0,logiqa,0.75
49,1.125,0.32465246735834974,Qwen/Qwen2-1.5B-Instruct,0.0,0,logiqa,0.75
50,0.4765625,0.6209141198060958,Qwen/Qwen2-1.5B-Instruct,1.0,0,logiqa,0.75
51,1.375,0.25283959580474646,Qwen/Qwen2-1.5B-Instruct,0.0,0,logiqa,0.75
52,0.08251953125,0.9207934534340386,Qwen/Qwen2-1.5B-Instruct,1.0,0,logiqa,0.75
53,2.34375,0.09596708604499847,Qwen/Qwen2-1.5B-Instruct,0.0,0,logiqa,0.75
54,0.25390625,0.7757645265618263,Qwen/Qwen2-1.5B-Instruct,1.0,0,logiqa,0.75
55,0.023193359375,0.9770735391778969,Qwen/Qwen2-1.5B-Instruct,1.0,0,logiqa,0.75
56,1.03125,0.356560980663947,Qwen/Qwen2-1.5B-Instruct,1.0,0,logiqa,0.75
57,1.203125,0.30025444914408245,Qwen/Qwen2-1.5B-Instruct,0.0,0,logiqa,0.75
58,3.140625,0.043255754605187734,Qwen/Qwen2-1.5B-Instruct,0.0,0,logiqa,0.75
59,1.40625,0.2450605392455259,Qwen/Qwen2-1.5B-Instruct,0.0,0,logiqa,0.75
60,1.5625,0.2096113871510978,Qwen/Qwen2-1.5B-Instruct,0.0,0,logiqa,0.75
61,2.640625,0.07131668269775804,Qwen/Qwen2-1.5B-Instruct,0.0,0,logiqa,0.75
62,2.921875,0.053832656382752,Qwen/Qwen2-1.5B-Instruct,0.0,0,logiqa,0.75
63,1.734375,0.17651048487186194,Qwen/Qwen2-1.5B-Instruct,0.0,0,logiqa,0.75
64,2.53125,0.07955950871822769,Qwen/Qwen2-1.5B-Instruct,0.0,0,logiqa,0.75
65,4.21875,0.014717029298635137,Qwen/Qwen2-1.5B-Instruct,0.0,0,logiqa,0.75
66,2.484375,0.08337764926156645,Qwen/Qwen2-1.5B-Instruct,0.0,0,logiqa,0.75
67,5.90625,0.00272237668213834,Qwen/Qwen2-1.5B-Instruct,0.0,0,logiqa,0.75
68,1.671875,0.18789443308700168,Qwen/Qwen2-1.5B-Instruct,0.0,0,logiqa,0.75
69,0.30078125,0.7402396824677261,Qwen/Qwen2-1.5B-Instruct,1.0,0,logiqa,0.75
70,1.3515625,0.25883551402927246,Qwen/Qwen2-1.5B-Instruct,0.0,0,logiqa,0.75
71,0.65234375,0.5208236646937497,Qwen/Qwen2-1.5B-Instruct,1.0,0,logiqa,0.75
72,1.578125,0.20636166380601706,Qwen/Qwen2-1.5B-Instruct,0.0,0,logiqa,0.75
73,0.796875,0.4507353134063624,Qwen/Qwen2-1.5B-Instruct,1.0,0,logiqa,0.75
74,4.59375,0.010114856452604551,Qwen/Qwen2-1.5B-Instruct,0.0,0,logiqa,0.75
75,2.6875,0.0680508540250102,Qwen/Qwen2-1.5B-Instruct,0.0,0,logiqa,0.75
76,1.9765625,0.13854466699075552,Qwen/Qwen2-1.5B-Instruct,0.0,0,logiqa,0.75
1,1.0390625,0.353786201098432,Qwen/Qwen2-1.5B-Instruct,1.0,0,logiqa,0.75
2,2.046875,0.129137829405204,Qwen/Qwen2-1.5B-Instruct,0.0,0,logiqa,0.75
3,1.7734375,0.16974847438608623,Qwen/Qwen2-1.5B-Instruct,0.0,0,logiqa,0.75
4,1.390625,0.2489196812036605,Qwen/Qwen2-1.5B-Instruct,0.0,0,logiqa,0.75
5,2.65625,0.07021102001498804,Qwen/Qwen2-1.5B-Instruct,0.0,0,logiqa,0.75
6,1.5234375,0.21796135555570278,Qwen/Qwen2-1.5B-Instruct,0.0,0,logiqa,0.75
7,0.69140625,0.5008712234296745,Qwen/Qwen2-1.5B-Instruct,1.0,0,logiqa,0.75
8,1.609375,0.2000125828826258,Qwen/Qwen2-1.5B-Instruct,0.0,0,logiqa,0.75
9,0.330078125,0.7188675697091758,Qwen/Qwen2-1.5B-Instruct,1.0,0,logiqa,0.75
10,1.421875,0.2412612277378443,Qwen/Qwen2-1.5B-Instruct,0.0,0,logiqa,0.75
11,1.203125,0.30025444914408245,Qwen/Qwen2-1.5B-Instruct,0.0,0,logiqa,0.75
12,2.828125,0.059123606568473756,Qwen/Qwen2-1.5B-Instruct,0.0,0,logiqa,0.75
13,2.34375,0.09596708604499847,Qwen/Qwen2-1.5B-Instruct,0.0,0,logiqa,0.75
14,2.109375,0.1213137638466268,Qwen/Qwen2-1.5B-Instruct,0.0,0,logiqa,0.75
15,2.078125,0.1251646760876602,Qwen/Qwen2-1.5B-Instruct,0.0,0,logiqa,0.75
16,1.9921875,0.1363967310184996,Qwen/Qwen2-1.5B-Instruct,0.0,0,logiqa,0.75
17,1.671875,0.18789443308700168,Qwen/Qwen2-1.5B-Instruct,0.0,0,logiqa,0.75
18,1.828125,0.16071462536804407,Qwen/Qwen2-1.5B-Instruct,0.0,0,logiqa,0.75
19,0.796875,0.4507353134063624,Qwen/Qwen2-1.5B-Instruct,1.0,0,logiqa,0.75
20,1.9375,0.14406365910145327,Qwen/Qwen2-1.5B-Instruct,0.0,0,logiqa,0.75
21,1.1875,0.3049827687110593,Qwen/Qwen2-1.5B-Instruct,1.0,0,logiqa,0.75
22,1.25,0.2865047968601901,Qwen/Qwen2-1.5B-Instruct,0.0,0,logiqa,0.75
23,1.1328125,0.3221260018134028,Qwen/Qwen2-1.5B-Instruct,0.0,0,logiqa,0.75
24,3.640625,0.026235941377052294,Qwen/Qwen2-1.5B-Instruct,0.0,0,logiqa,0.75
25,1.734375,0.17651048487186194,Qwen/Qwen2-1.5B-Instruct,0.0,0,logiqa,0.75
26,1.875,0.15335496684492847,Qwen/Qwen2-1.5B-Instruct,0.0,0,logiqa,0.75
27,1.28125,0.27768997095378994,Qwen/Qwen2-1.5B-Instruct,0.0,0,logiqa,0.75
28,4.25,0.014264233908999256,Qwen/Qwen2-1.5B-Instruct,0.0,0,logiqa,0.75
29,1.5625,0.2096113871510978,Qwen/Qwen2-1.5B-Instruct,0.0,0,logiqa,0.75
30,2.0625,0.1271357329320356,Qwen/Qwen2-1.5B-Instruct,0.0,0,logiqa,0.75
31,4.15625,0.015666196140128895,Qwen/Qwen2-1.5B-Instruct,0.0,0,logiqa,0.75
32,1.2890625,0.2755289704553164,Qwen/Qwen2-1.5B-Instruct,0.0,0,logiqa,0.75
33,1.25,0.2865047968601901,Qwen/Qwen2-1.5B-Instruct,0.0,0,logiqa,0.75
34,2.578125,0.0759162135601666,Qwen/Qwen2-1.5B-Instruct,0.0,0,logiqa,0.75
35,5.25,0.005247518399181385,Qwen/Qwen2-1.5B-Instruct,0.0,0,logiqa,0.75
36,2.25,0.10539922456186433,Qwen/Qwen2-1.5B-Instruct,0.0,0,logiqa,0.75
37,2.84375,0.058206980009571974,Qwen/Qwen2-1.5B-Instruct,0.0,0,logiqa,0.75
38,4.65625,0.00950202828005989,Qwen/Qwen2-1.5B-Instruct,0.0,0,logiqa,0.75
39,1.3515625,0.25883551402927246,Qwen/Qwen2-1.5B-Instruct,0.0,0,logiqa,0.75
40,1.1640625,0.31221522664653706,Qwen/Qwen2-1.5B-Instruct,1.0,0,logiqa,0.75
41,1.71875,0.17929012055011864,Qwen/Qwen2-1.5B-Instruct,0.0,0,logiqa,0.75
42,4.09375,0.016676578983487567,Qwen/Qwen2-1.5B-Instruct,0.0,0,logiqa,0.75
43,4.3125,0.013400007665140828,Qwen/Qwen2-1.5B-Instruct,0.0,0,logiqa,0.75
44,1.3125,0.26914634872918386,Qwen/Qwen2-1.5B-Instruct,0.0,0,logiqa,0.75
45,2.1875,0.11219689052034373,Qwen/Qwen2-1.5B-Instruct,0.0,0,logiqa,0.75
46,1.40625,0.2450605392455259,Qwen/Qwen2-1.5B-Instruct,0.0,0,logiqa,0.75
47,0.87109375,0.4184935714928901,Qwen/Qwen2-1.5B-Instruct,0.0,0,logiqa,0.75
48,1.1015625,0.3323513787550223,Qwen/Qwen2-1.5B-Instruct,0.0,0,logiqa,0.75
49,1.6171875,0.19845607261390505,Qwen/Qwen2-1.5B-Instruct,0.0,0,logiqa,0.75
50,3.078125,0.04604551109353302,Qwen/Qwen2-1.5B-Instruct,0.0,0,logiqa,0.75
51,1.6875,0.18498139990730428,Qwen/Qwen2-1.5B-Instruct,0.0,0,logiqa,0.75
52,0.318359375,0.7273413531419732,Qwen/Qwen2-1.5B-Instruct,1.0,0,logiqa,0.75
53,1.09375,0.33495804292529496,Qwen/Qwen2-1.5B-Instruct,1.0,0,logiqa,0.75
54,1.375,0.25283959580474646,Qwen/Qwen2-1.5B-Instruct,0.0,0,logiqa,0.75
55,1.203125,0.30025444914408245,Qwen/Qwen2-1.5B-Instruct,0.0,0,logiqa,0.75
56,1.5625,0.2096113871510978,Qwen/Qwen2-1.5B-Instruct,0.0,0,logiqa,0.75
57,2.671875,0.06912249904327114,Qwen/Qwen2-1.5B-Instruct,0.0,0,logiqa,0.75
58,0.3515625,0.7035878743456275,Qwen/Qwen2-1.5B-Instruct,1.0,0,logiqa,0.75
59,1.78125,0.16842748127818424,Qwen/Qwen2-1.5B-Instruct,0.0,0,logiqa,0.75
60,3.65625,0.025829190807190754,Qwen/Qwen2-1.5B-Instruct,0.0,0,logiqa,0.75
61,0.369140625,0.6913281855882473,Qwen/Qwen2-1.5B-Instruct,1.0,0,logiqa,0.75
62,1.0234375,0.35935752309532076,Qwen/Qwen2-1.5B-Instruct,0.0,0,logiqa,0.75
63,4.1875,0.015184197956837946,Qwen/Qwen2-1.5B-Instruct,0.0,0,logiqa,0.75
64,0.54296875,0.5810207839794026,Qwen/Qwen2-1.5B-Instruct,1.0,0,logiqa,0.75
65,0.6015625,0.54795478749992,Qwen/Qwen2-1.5B-Instruct,1.0,0,logiqa,0.75
66,2.375,0.09301448921066349,Qwen/Qwen2-1.5B-Instruct,0.0,0,logiqa,0.75
67,0.2353515625,0.7902929634144612,Qwen/Qwen2-1.5B-Instruct,1.0,0,logiqa,0.75
68,2.375,0.09301448921066349,Qwen/Qwen2-1.5B-Instruct,0.0,0,logiqa,0.75
69,1.15625,0.314663961018459,Qwen/Qwen2-1.5B-Instruct,1.0,0,logiqa,0.75
70,1.3203125,0.26705183522634335,Qwen/Qwen2-1.5B-Instruct,0.0,0,logiqa,0.75
71,1.1328125,0.3221260018134028,Qwen/Qwen2-1.5B-Instruct,0.0,0,logiqa,0.75
72,1.2578125,0.2842751988422877,Qwen/Qwen2-1.5B-Instruct,0.0,0,logiqa,0.75
73,1.40625,0.2450605392455259,Qwen/Qwen2-1.5B-Instruct,0.0,0,logiqa,0.75
74,3.046875,0.04750715251567949,Qwen/Qwen2-1.5B-Instruct,0.0,0,logiqa,0.75
75,1.75,0.17377394345044514,Qwen/Qwen2-1.5B-Instruct,0.0,0,logiqa,0.75
76,2.03125,0.13117145431019428,Qwen/Qwen2-1.5B-Instruct,0.0,0,logiqa,0.75
77,2.4375,0.08737902619542039,Qwen/Qwen2-1.5B-Instruct,0.0,0,logiqa,0.75
1,2.5,0.0820849986238988,Qwen/Qwen2-1.5B-Instruct,0.0,0,logiqa,0.75
2,4.15625,0.015666196140128895,Qwen/Qwen2-1.5B-Instruct,0.0,0,logiqa,0.75
3,2.875,0.05641613950377735,Qwen/Qwen2-1.5B-Instruct,0.0,0,logiqa,0.75
4,0.08984375,0.9140739981758944,Qwen/Qwen2-1.5B-Instruct,1.0,0,logiqa,0.75
5,0.171875,0.8420844271433824,Qwen/Qwen2-1.5B-Instruct,1.0,0,logiqa,0.75
6,2.515625,0.08081238867682222,Qwen/Qwen2-1.5B-Instruct,0.0,0,logiqa,0.75
7,2.53125,0.07955950871822769,Qwen/Qwen2-1.5B-Instruct,0.0,0,logiqa,0.75
8,1.46875,0.23021307174736147,Qwen/Qwen2-1.5B-Instruct,0.0,0,logiqa,0.75
9,0.625,0.5352614285189903,Qwen/Qwen2-1.5B-Instruct,1.0,0,logiqa,0.75
10,1.8046875,0.16452586287665122,Qwen/Qwen2-1.5B-Instruct,0.0,0,logiqa,0.75
11,0.158203125,0.8536763613451477,Qwen/Qwen2-1.5B-Instruct,1.0,0,logiqa,0.75
12,0.416015625,0.6596699630606897,Qwen/Qwen2-1.5B-Instruct,1.0,0,logiqa,0.75
13,0.66015625,0.5167705827795767,Qwen/Qwen2-1.5B-Instruct,1.0,0,logiqa,0.75
14,0.640625,0.5269629692433709,Qwen/Qwen2-1.5B-Instruct,1.0,0,logiqa,0.75
15,2.421875,0.08875504563653425,Qwen/Qwen2-1.5B-Instruct,0.0,0,logiqa,0.75
16,2.3125,0.0990134083638263,Qwen/Qwen2-1.5B-Instruct,0.0,0,logiqa,0.75
17,2.265625,0.10376516104428837,Qwen/Qwen2-1.5B-Instruct,0.0,0,logiqa,0.75
18,2.546875,0.07832605286299588,Qwen/Qwen2-1.5B-Instruct,0.0,0,logiqa,0.75
19,3.703125,0.024646386044811498,Qwen/Qwen2-1.5B-Instruct,0.0,0,logiqa,0.75
20,3.515625,0.02972921638615875,Qwen/Qwen2-1.5B-Instruct,0.0,0,logiqa,0.75
21,2.5,0.0820849986238988,Qwen/Qwen2-1.5B-Instruct,0.0,0,logiqa,0.75
22,0.4609375,0.6306920944221607,Qwen/Qwen2-1.5B-Instruct,1.0,0,logiqa,0.75
23,1.4296875,0.23938371796817895,Qwen/Qwen2-1.5B-Instruct,0.0,0,logiqa,0.75
24,1.5078125,0.221393747466153,Qwen/Qwen2-1.5B-Instruct,0.0,0,logiqa,0.75
25,2.234375,0.10705902083552722,Qwen/Qwen2-1.5B-Instruct,0.0,0,logiqa,0.75
26,1.2578125,0.2842751988422877,Qwen/Qwen2-1.5B-Instruct,0.0,0,logiqa,0.75
27,2.265625,0.10376516104428837,Qwen/Qwen2-1.5B-Instruct,0.0,0,logiqa,0.75
28,1.46875,0.23021307174736147,Qwen/Qwen2-1.5B-Instruct,0.0,0,logiqa,0.75
29,2.828125,0.059123606568473756,Qwen/Qwen2-1.5B-Instruct,0.0,0,logiqa,0.75
30,2.5,0.0820849986238988,Qwen/Qwen2-1.5B-Instruct,0.0,0,logiqa,0.75
31,0.9765625,0.3766034507108804,Qwen/Qwen2-1.5B-Instruct,1.0,0,logiqa,0.75
32,2.453125,0.08602433995839362,Qwen/Qwen2-1.5B-Instruct,0.0,0,logiqa,0.75
33,1.25,0.2865047968601901,Qwen/Qwen2-1.5B-Instruct,0.0,0,logiqa,0.75
34,2.96875,0.05136747956725073,Qwen/Qwen2-1.5B-Instruct,0.0,0,logiqa,0.75
35,2.21875,0.10874495509722103,Qwen/Qwen2-1.5B-Instruct,0.0,0,logiqa,0.75
36,1.4921875,0.22488019168416426,Qwen/Qwen2-1.5B-Instruct,0.0,0,logiqa,0.75
37,4.15625,0.015666196140128895,Qwen/Qwen2-1.5B-Instruct,0.0,0,logiqa,0.75
38,4.0,0.01831563888873418,Qwen/Qwen2-1.5B-Instruct,0.0,0,logiqa,0.75
39,4.34375,0.012987732771292249,Qwen/Qwen2-1.5B-Instruct,0.0,0,logiqa,0.75
40,2.625,0.07243975703425146,Qwen/Qwen2-1.5B-Instruct,0.0,0,logiqa,0.75
41,0.71484375,0.48926855403569414,Qwen/Qwen2-1.5B-Instruct,1.0,0,logiqa,0.75
42,1.5546875,0.21125538963610227,Qwen/Qwen2-1.5B-Instruct,0.0,0,logiqa,0.75
43,2.1875,0.11219689052034373,Qwen/Qwen2-1.5B-Instruct,0.0,0,logiqa,0.75
44,1.765625,0.17107982817134254,Qwen/Qwen2-1.5B-Instruct,0.0,0,logiqa,0.75
45,1.578125,0.20636166380601706,Qwen/Qwen2-1.5B-Instruct,0.0,0,logiqa,0.75
46,1.765625,0.17107982817134254,Qwen/Qwen2-1.5B-Instruct,0.0,0,logiqa,0.75
47,1.390625,0.2489196812036605,Qwen/Qwen2-1.5B-Instruct,0.0,0,logiqa,0.75
48,2.234375,0.10705902083552722,Qwen/Qwen2-1.5B-Instruct,0.0,0,logiqa,0.75
49,2.359375,0.09447925428109244,Qwen/Qwen2-1.5B-Instruct,0.0,0,logiqa,0.75
50,1.2734375,0.27986792038923625,Qwen/Qwen2-1.5B-Instruct,0.0,0,logiqa,0.75
51,0.890625,0.41039917309637,Qwen/Qwen2-1.5B-Instruct,1.0,0,logiqa,0.75
52,3.375,0.03421811831166603,Qwen/Qwen2-1.5B-Instruct,0.0,0,logiqa,0.75
53,0.98828125,0.372215887611955,Qwen/Qwen2-1.5B-Instruct,0.0,0,logiqa,0.75
54,2.28125,0.1021564313333943,Qwen/Qwen2-1.5B-Instruct,0.0,0,logiqa,0.75
55,0.70703125,0.49310593486505433,Qwen/Qwen2-1.5B-Instruct,1.0,0,logiqa,0.75
56,1.9375,0.14406365910145327,Qwen/Qwen2-1.5B-Instruct,0.0,0,logiqa,0.75
57,2.984375,0.050571100611906464,Qwen/Qwen2-1.5B-Instruct,0.0,0,logiqa,0.75
58,0.61328125,0.5415709208598878,Qwen/Qwen2-1.5B-Instruct,1.0,0,logiqa,0.75
59,2.34375,0.09596708604499847,Qwen/Qwen2-1.5B-Instruct,0.0,0,logiqa,0.75
60,1.828125,0.16071462536804407,Qwen/Qwen2-1.5B-Instruct,0.0,0,logiqa,0.75
61,1.0625,0.3455907525769745,Qwen/Qwen2-1.5B-Instruct,1.0,0,logiqa,0.75
62,1.2578125,0.2842751988422877,Qwen/Qwen2-1.5B-Instruct,0.0,0,logiqa,0.75
63,3.78125,0.022794180883612344,Qwen/Qwen2-1.5B-Instruct,0.0,0,logiqa,0.75
64,3.59375,0.02749503049258667,Qwen/Qwen2-1.5B-Instruct,0.0,0,logiqa,0.75
65,2.5625,0.07711171996831671,Qwen/Qwen2-1.5B-Instruct,0.0,0,logiqa,0.75
66,1.75,0.17377394345044514,Qwen/Qwen2-1.5B-Instruct,0.0,0,logiqa,0.75
67,1.15625,0.314663961018459,Qwen/Qwen2-1.5B-Instruct,0.0,0,logiqa,0.75
68,0.4765625,0.6209141198060958,Qwen/Qwen2-1.5B-Instruct,1.0,0,logiqa,0.75
69,0.10400390625,0.9012217770167625,Qwen/Qwen2-1.5B-Instruct,1.0,0,logiqa,0.75
70,2.46875,0.0846906561847805,Qwen/Qwen2-1.5B-Instruct,0.0,0,logiqa,0.75
71,0.494140625,0.6100949824510565,Qwen/Qwen2-1.5B-Instruct,1.0,0,logiqa,0.75
72,2.015625,0.13323710414756298,Qwen/Qwen2-1.5B-Instruct,0.0,0,logiqa,0.75
73,4.625,0.009803655035821828,Qwen/Qwen2-1.5B-Instruct,0.0,0,logiqa,0.75
74,0.73828125,0.47793466018873804,Qwen/Qwen2-1.5B-Instruct,1.0,0,logiqa,0.75
75,2.640625,0.07131668269775804,Qwen/Qwen2-1.5B-Instruct,0.0,0,logiqa,0.75
76,0.1318359375,0.8764847815685415,Qwen/Qwen2-1.5B-Instruct,1.0,0,logiqa,0.75
1,1.890625,0.1509774184559146,Qwen/Qwen2-1.5B-Instruct,0.0,0,logiqa,0.75
2,4.0625,0.017205950425851383,Qwen/Qwen2-1.5B-Instruct,0.0,0,logiqa,0.75
3,5.875,0.0028087941945255128,Qwen/Qwen2-1.5B-Instruct,0.0,0,logiqa,0.75
4,3.609375,0.027068759555306635,Qwen/Qwen2-1.5B-Instruct,0.0,0,logiqa,0.75
5,4.75,0.008651695203120634,Qwen/Qwen2-1.5B-Instruct,0.0,0,logiqa,0.75
6,4.375,0.012588142242433998,Qwen/Qwen2-1.5B-Instruct,0.0,0,logiqa,0.75
7,1.09375,0.33495804292529496,Qwen/Qwen2-1.5B-Instruct,1.0,0,logiqa,0.75
8,1.421875,0.2412612277378443,Qwen/Qwen2-1.5B-Instruct,0.0,0,logiqa,0.75
9,0.1787109375,0.8363476211932502,Qwen/Qwen2-1.5B-Instruct,1.0,0,logiqa,0.75
10,2.5625,0.07711171996831671,Qwen/Qwen2-1.5B-Instruct,0.0,0,logiqa,0.75
11,2.78125,0.061961007690531984,Qwen/Qwen2-1.5B-Instruct,0.0,0,logiqa,0.75
12,5.375,0.004630918733533246,Qwen/Qwen2-1.5B-Instruct,0.0,0,logiqa,0.75
13,5.75,0.003182780796509667,Qwen/Qwen2-1.5B-Instruct,0.0,0,logiqa,0.75
14,0.2041015625,0.8153795549957998,Qwen/Qwen2-1.5B-Instruct,1.0,0,logiqa,0.75
15,0.0155029296875,0.9846166221284973,Qwen/Qwen2-1.5B-Instruct,1.0,0,logiqa,0.75
16,2.6875,0.0680508540250102,Qwen/Qwen2-1.5B-Instruct,0.0,0,logiqa,0.75
17,1.25,0.2865047968601901,Qwen/Qwen2-1.5B-Instruct,0.0,0,logiqa,0.75
18,1.359375,0.25682124007865503,Qwen/Qwen2-1.5B-Instruct,0.0,0,logiqa,0.75
19,1.96875,0.13963128628139898,Qwen/Qwen2-1.5B-Instruct,0.0,0,logiqa,0.75
20,3.421875,0.03265115658991408,Qwen/Qwen2-1.5B-Instruct,0.0,0,logiqa,0.75
21,3.03125,0.04825528130927965,Qwen/Qwen2-1.5B-Instruct,0.0,0,logiqa,0.75
22,1.8125,0.1632455124539584,Qwen/Qwen2-1.5B-Instruct,0.0,0,logiqa,0.75
23,2.46875,0.0846906561847805,Qwen/Qwen2-1.5B-Instruct,0.0,0,logiqa,0.75
24,4.625,0.009803655035821828,Qwen/Qwen2-1.5B-Instruct,0.0,0,logiqa,0.75
25,1.2265625,0.29329906232102687,Qwen/Qwen2-1.5B-Instruct,1.0,0,logiqa,0.75
26,1.2734375,0.27986792038923625,Qwen/Qwen2-1.5B-Instruct,1.0,0,logiqa,0.75
27,1.1484375,0.31713190105209277,Qwen/Qwen2-1.5B-Instruct,1.0,0,logiqa,0.75
28,4.0625,0.017205950425851383,Qwen/Qwen2-1.5B-Instruct,0.0,0,logiqa,0.75
29,1.375,0.25283959580474646,Qwen/Qwen2-1.5B-Instruct,0.0,0,logiqa,0.75
30,2.015625,0.13323710414756298,Qwen/Qwen2-1.5B-Instruct,0.0,0,logiqa,0.75
31,1.875,0.15335496684492847,Qwen/Qwen2-1.5B-Instruct,0.0,0,logiqa,0.75
32,1.296875,0.27338478699614155,Qwen/Qwen2-1.5B-Instruct,0.0,0,logiqa,0.75
33,1.90625,0.1486367305381225,Qwen/Qwen2-1.5B-Instruct,0.0,0,logiqa,0.75
34,2.0625,0.1271357329320356,Qwen/Qwen2-1.5B-Instruct,0.0,0,logiqa,0.75
35,1.484375,0.22664394888734782,Qwen/Qwen2-1.5B-Instruct,0.0,0,logiqa,0.75
36,1.3828125,0.25087198245993886,Qwen/Qwen2-1.5B-Instruct,0.0,0,logiqa,0.75
37,2.90625,0.05468039736791477,Qwen/Qwen2-1.5B-Instruct,0.0,0,logiqa,0.75
38,1.484375,0.22664394888734782,Qwen/Qwen2-1.5B-Instruct,0.0,0,logiqa,0.75
39,1.90625,0.1486367305381225,Qwen/Qwen2-1.5B-Instruct,0.0,0,logiqa,0.75
40,0.953125,0.3855343441745787,Qwen/Qwen2-1.5B-Instruct,1.0,0,logiqa,0.75
41,2.75,0.06392786120670757,Qwen/Qwen2-1.5B-Instruct,0.0,0,logiqa,0.75
42,3.671875,0.025428746320412147,Qwen/Qwen2-1.5B-Instruct,0.0,0,logiqa,0.75
43,0.67578125,0.5087587974957017,Qwen/Qwen2-1.5B-Instruct,1.0,0,logiqa,0.75
44,2.09375,0.12322417764723749,Qwen/Qwen2-1.5B-Instruct,0.0,0,logiqa,0.75
45,1.1328125,0.3221260018134028,Qwen/Qwen2-1.5B-Instruct,0.0,0,logiqa,0.75
46,0.390625,0.676633846161729,Qwen/Qwen2-1.5B-Instruct,1.0,0,logiqa,0.75
47,1.1796875,0.30737477821235176,Qwen/Qwen2-1.5B-Instruct,1.0,0,logiqa,0.75
48,0.259765625,0.7712323221982079,Qwen/Qwen2-1.5B-Instruct,1.0,0,logiqa,0.75
49,0.384765625,0.6806101355130432,Qwen/Qwen2-1.5B-Instruct,1.0,0,logiqa,0.75
50,0.90234375,0.40561787790561105,Qwen/Qwen2-1.5B-Instruct,1.0,0,logiqa,0.75
51,1.34375,0.26086558612628497,Qwen/Qwen2-1.5B-Instruct,0.0,0,logiqa,0.75
52,0.77734375,0.459625270884992,Qwen/Qwen2-1.5B-Instruct,1.0,0,logiqa,0.75
53,1.0,0.36787944117144233,Qwen/Qwen2-1.5B-Instruct,1.0,0,logiqa,0.75
54,1.09375,0.33495804292529496,Qwen/Qwen2-1.5B-Instruct,0.0,0,logiqa,0.75
55,1.6640625,0.18936810739025348,Qwen/Qwen2-1.5B-Instruct,0.0,0,logiqa,0.75
56,2.46875,0.0846906561847805,Qwen/Qwen2-1.5B-Instruct,0.0,0,logiqa,0.75
57,3.015625,0.049015191417106724,Qwen/Qwen2-1.5B-Instruct,0.0,0,logiqa,0.75
58,0.76953125,0.463230156563083,Qwen/Qwen2-1.5B-Instruct,1.0,0,logiqa,0.75
59,0.8046875,0.4472276633691456,Qwen/Qwen2-1.5B-Instruct,1.0,0,logiqa,0.75
60,1.2421875,0.2887518818320782,Qwen/Qwen2-1.5B-Instruct,0.0,0,logiqa,0.75
61,1.1953125,0.30260937397538795,Qwen/Qwen2-1.5B-Instruct,1.0,0,logiqa,0.75
62,1.6796875,0.18643222700816212,Qwen/Qwen2-1.5B-Instruct,0.0,0,logiqa,0.75
63,0.98828125,0.372215887611955,Qwen/Qwen2-1.5B-Instruct,1.0,0,logiqa,0.75
64,1.453125,0.23383840011408472,Qwen/Qwen2-1.5B-Instruct,0.0,0,logiqa,0.75
65,1.75,0.17377394345044514,Qwen/Qwen2-1.5B-Instruct,0.0,0,logiqa,0.75
66,3.75,0.023517745856009107,Qwen/Qwen2-1.5B-Instruct,0.0,0,logiqa,0.75
67,2.40625,0.09015273423081638,Qwen/Qwen2-1.5B-Instruct,0.0,0,logiqa,0.75
68,1.96875,0.13963128628139898,Qwen/Qwen2-1.5B-Instruct,0.0,0,logiqa,0.75
69,3.421875,0.03265115658991408,Qwen/Qwen2-1.5B-Instruct,0.0,0,logiqa,0.75
70,1.8671875,0.15455774475698483,Qwen/Qwen2-1.5B-Instruct,0.0,0,logiqa,0.75
71,3.015625,0.049015191417106724,Qwen/Qwen2-1.5B-Instruct,0.0,0,logiqa,0.75
72,1.75,0.17377394345044514,Qwen/Qwen2-1.5B-Instruct,0.0,0,logiqa,0.75
73,2.5625,0.07711171996831671,Qwen/Qwen2-1.5B-Instruct,0.0,0,logiqa,0.75
74,3.46875,0.031155951269699805,Qwen/Qwen2-1.5B-Instruct,0.0,0,logiqa,0.75
75,0.86328125,0.4217758572543825,Qwen/Qwen2-1.5B-Instruct,0.0,0,logiqa,0.75
76,0.90234375,0.40561787790561105,Qwen/Qwen2-1.5B-Instruct,1.0,0,logiqa,0.75
77,1.640625,0.19385884264329528,Qwen/Qwen2-1.5B-Instruct,0.0,0,logiqa,0.75
78,1.90625,0.1486367305381225,Qwen/Qwen2-1.5B-Instruct,0.0,0,logiqa,0.75
79,0.22265625,0.8003899360518268,Qwen/Qwen2-1.5B-Instruct,1.0,0,logiqa,0.75
80,2.3125,0.0990134083638263,Qwen/Qwen2-1.5B-Instruct,0.0,0,logiqa,0.75
1,2.5,0.0820849986238988,Qwen/Qwen2-1.5B-Instruct,0.0,0,logiqa,0.75
2,3.625,0.026649097336355485,Qwen/Qwen2-1.5B-Instruct,0.0,0,logiqa,0.75
3,2.4375,0.08737902619542039,Qwen/Qwen2-1.5B-Instruct,0.0,0,logiqa,0.75
4,3.109375,0.04462883965030139,Qwen/Qwen2-1.5B-Instruct,0.0,0,logiqa,0.75
5,1.34375,0.26086558612628497,Qwen/Qwen2-1.5B-Instruct,0.0,0,logiqa,0.75
6,0.345703125,0.7077225610574206,Qwen/Qwen2-1.5B-Instruct,1.0,0,logiqa,0.75
7,3.921875,0.019803927546861083,Qwen/Qwen2-1.5B-Instruct,0.0,0,logiqa,0.75
8,6.5,0.0015034391929775724,Qwen/Qwen2-1.5B-Instruct,0.0,0,logiqa,0.75
9,2.140625,0.11758133171956547,Qwen/Qwen2-1.5B-Instruct,0.0,0,logiqa,0.75
10,0.466796875,0.6270074383640806,Qwen/Qwen2-1.5B-Instruct,1.0,0,logiqa,0.75
11,4.09375,0.016676578983487567,Qwen/Qwen2-1.5B-Instruct,0.0,0,logiqa,0.75
12,3.984375,0.018604068232532935,Qwen/Qwen2-1.5B-Instruct,0.0,0,logiqa,0.75
13,3.0625,0.04677062238395898,Qwen/Qwen2-1.5B-Instruct,0.0,0,logiqa,0.75
14,1.703125,0.18211352912101367,Qwen/Qwen2-1.5B-Instruct,0.0,0,logiqa,0.75
15,0.30078125,0.7402396824677261,Qwen/Qwen2-1.5B-Instruct,1.0,0,logiqa,0.75
16,1.0078125,0.36501658064745907,Qwen/Qwen2-1.5B-Instruct,1.0,0,logiqa,0.75
17,2.984375,0.050571100611906464,Qwen/Qwen2-1.5B-Instruct,0.0,0,logiqa,0.75
18,2.765625,0.06293675158337987,Qwen/Qwen2-1.5B-Instruct,0.0,0,logiqa,0.75
19,1.4296875,0.23938371796817895,Qwen/Qwen2-1.5B-Instruct,0.0,0,logiqa,0.75
20,5.625,0.0036065631360157305,Qwen/Qwen2-1.5B-Instruct,0.0,0,logiqa,0.75
21,2.671875,0.06912249904327114,Qwen/Qwen2-1.5B-Instruct,0.0,0,logiqa,0.75
22,1.65625,0.19085333986431632,Qwen/Qwen2-1.5B-Instruct,0.0,0,logiqa,0.75
23,3.90625,0.02011579402674089,Qwen/Qwen2-1.5B-Instruct,0.0,0,logiqa,0.75
24,1.453125,0.23383840011408472,Qwen/Qwen2-1.5B-Instruct,0.0,0,logiqa,0.75
25,0.08251953125,0.9207934534340386,Qwen/Qwen2-1.5B-Instruct,1.0,0,logiqa,0.75
26,1.7265625,0.17789487376266921,Qwen/Qwen2-1.5B-Instruct,0.0,0,logiqa,0.75
27,2.421875,0.08875504563653425,Qwen/Qwen2-1.5B-Instruct,0.0,0,logiqa,0.75
28,0.87109375,0.4184935714928901,Qwen/Qwen2-1.5B-Instruct,1.0,0,logiqa,0.75
29,1.3125,0.26914634872918386,Qwen/Qwen2-1.5B-Instruct,0.0,0,logiqa,0.75
30,2.9375,0.0529980584033558,Qwen/Qwen2-1.5B-Instruct,0.0,0,logiqa,0.75
31,0.74609375,0.4742153431555798,Qwen/Qwen2-1.5B-Instruct,1.0,0,logiqa,0.75
32,1.046875,0.3510330150388101,Qwen/Qwen2-1.5B-Instruct,1.0,0,logiqa,0.75
33,2.609375,0.07358051721811718,Qwen/Qwen2-1.5B-Instruct,0.0,0,logiqa,0.75
34,1.7890625,0.16711676822020574,Qwen/Qwen2-1.5B-Instruct,0.0,0,logiqa,0.75
35,3.0625,0.04677062238395898,Qwen/Qwen2-1.5B-Instruct,0.0,0,logiqa,0.75
36,4.8125,0.008127515489292211,Qwen/Qwen2-1.5B-Instruct,0.0,0,logiqa,0.75
37,0.30078125,0.7402396824677261,Qwen/Qwen2-1.5B-Instruct,1.0,0,logiqa,0.75
38,1.4375,0.23752081909545814,Qwen/Qwen2-1.5B-Instruct,0.0,0,logiqa,0.75
39,5.3125,0.004929587331545052,Qwen/Qwen2-1.5B-Instruct,0.0,0,logiqa,0.75
40,3.96875,0.018897039677585683,Qwen/Qwen2-1.5B-Instruct,0.0,0,logiqa,0.75
41,2.484375,0.08337764926156645,Qwen/Qwen2-1.5B-Instruct,0.0,0,logiqa,0.75
42,1.8828125,0.1521615490248429,Qwen/Qwen2-1.5B-Instruct,0.0,0,logiqa,0.75
43,1.1796875,0.30737477821235176,Qwen/Qwen2-1.5B-Instruct,0.0,0,logiqa,0.75
44,1.2109375,0.2979178504832066,Qwen/Qwen2-1.5B-Instruct,1.0,0,logiqa,0.75
45,1.53125,0.2162651668298873,Qwen/Qwen2-1.5B-Instruct,0.0,0,logiqa,0.75
46,0.19140625,0.8257970399501007,Qwen/Qwen2-1.5B-Instruct,1.0,0,logiqa,0.75
47,1.6953125,0.18354186323251906,Qwen/Qwen2-1.5B-Instruct,0.0,0,logiqa,0.75
48,1.703125,0.18211352912101367,Qwen/Qwen2-1.5B-Instruct,0.0,0,logiqa,0.75
49,2.953125,0.05217639966630833,Qwen/Qwen2-1.5B-Instruct,0.0,0,logiqa,0.75
50,0.22265625,0.8003899360518268,Qwen/Qwen2-1.5B-Instruct,1.0,0,logiqa,0.75
51,1.59375,0.20316232275153173,Qwen/Qwen2-1.5B-Instruct,0.0,0,logiqa,0.75
52,2.796875,0.06100039130459344,Qwen/Qwen2-1.5B-Instruct,0.0,0,logiqa,0.75
53,1.0625,0.3455907525769745,Qwen/Qwen2-1.5B-Instruct,1.0,0,logiqa,0.75
54,1.703125,0.18211352912101367,Qwen/Qwen2-1.5B-Instruct,0.0,0,logiqa,0.75
55,0.466796875,0.6270074383640806,Qwen/Qwen2-1.5B-Instruct,1.0,0,logiqa,0.75
56,1.3515625,0.25883551402927246,Qwen/Qwen2-1.5B-Instruct,0.0,0,logiqa,0.75
57,1.0,0.36787944117144233,Qwen/Qwen2-1.5B-Instruct,0.0,0,logiqa,0.75
58,3.9375,0.019496896108597995,Qwen/Qwen2-1.5B-Instruct,0.0,0,logiqa,0.75
59,2.21875,0.10874495509722103,Qwen/Qwen2-1.5B-Instruct,0.0,0,logiqa,0.75
60,2.078125,0.1251646760876602,Qwen/Qwen2-1.5B-Instruct,0.0,0,logiqa,0.75
61,5.53125,0.003961034699868069,Qwen/Qwen2-1.5B-Instruct,0.0,0,logiqa,0.75
62,1.2109375,0.2979178504832066,Qwen/Qwen2-1.5B-Instruct,0.0,0,logiqa,0.75
63,5.78125,0.0030848569260302594,Qwen/Qwen2-1.5B-Instruct,0.0,0,logiqa,0.75
64,1.6484375,0.1923502211610474,Qwen/Qwen2-1.5B-Instruct,0.0,0,logiqa,0.75
65,3.296875,0.03699860758070385,Qwen/Qwen2-1.5B-Instruct,0.0,0,logiqa,0.75
66,1.0625,0.3455907525769745,Qwen/Qwen2-1.5B-Instruct,1.0,0,logiqa,0.75
67,1.703125,0.18211352912101367,Qwen/Qwen2-1.5B-Instruct,0.0,0,logiqa,0.75
68,2.78125,0.061961007690531984,Qwen/Qwen2-1.5B-Instruct,0.0,0,logiqa,0.75
69,1.9453125,0.14294254681187055,Qwen/Qwen2-1.5B-Instruct,0.0,0,logiqa,0.75
70,3.171875,0.04192491494570112,Qwen/Qwen2-1.5B-Instruct,0.0,0,logiqa,0.75
71,3.109375,0.04462883965030139,Qwen/Qwen2-1.5B-Instruct,0.0,0,logiqa,0.75
72,2.9375,0.0529980584033558,Qwen/Qwen2-1.5B-Instruct,0.0,0,logiqa,0.75
73,1.34375,0.26086558612628497,Qwen/Qwen2-1.5B-Instruct,0.0,0,logiqa,0.75
74,2.390625,0.09157243321777621,Qwen/Qwen2-1.5B-Instruct,0.0,0,logiqa,0.75
75,1.375,0.25283959580474646,Qwen/Qwen2-1.5B-Instruct,0.0,0,logiqa,0.75
76,3.15625,0.04258513628878761,Qwen/Qwen2-1.5B-Instruct,0.0,0,logiqa,0.75
77,1.34375,0.26086558612628497,Qwen/Qwen2-1.5B-Instruct,0.0,0,logiqa,0.75
1,0.490234375,0.612482826698251,Qwen/Qwen2-1.5B-Instruct,1.0,0,logiqa,0.75
2,1.046875,0.3510330150388101,Qwen/Qwen2-1.5B-Instruct,1.0,0,logiqa,0.75
3,2.03125,0.13117145431019428,Qwen/Qwen2-1.5B-Instruct,0.0,0,logiqa,0.75
4,0.671875,0.5107500231290107,Qwen/Qwen2-1.5B-Instruct,1.0,0,logiqa,0.75
5,1.9765625,0.13854466699075552,Qwen/Qwen2-1.5B-Instruct,0.0,0,logiqa,0.75
6,0.060546875,0.941249646907103,Qwen/Qwen2-1.5B-Instruct,1.0,0,logiqa,0.75
7,4.03125,0.01775212592162854,Qwen/Qwen2-1.5B-Instruct,0.0,0,logiqa,0.75
8,1.9375,0.14406365910145327,Qwen/Qwen2-1.5B-Instruct,0.0,0,logiqa,0.75
9,1.0390625,0.353786201098432,Qwen/Qwen2-1.5B-Instruct,1.0,0,logiqa,0.75
10,3.09375,0.045331641611676264,Qwen/Qwen2-1.5B-Instruct,0.0,0,logiqa,0.75
11,0.53515625,0.5855777864671197,Qwen/Qwen2-1.5B-Instruct,1.0,0,logiqa,0.75
12,3.421875,0.03265115658991408,Qwen/Qwen2-1.5B-Instruct,0.0,0,logiqa,0.75
13,1.3515625,0.25883551402927246,Qwen/Qwen2-1.5B-Instruct,0.0,0,logiqa,0.75
14,0.66015625,0.5167705827795767,Qwen/Qwen2-1.5B-Instruct,1.0,0,logiqa,0.75
15,3.21875,0.04000503331137926,Qwen/Qwen2-1.5B-Instruct,0.0,0,logiqa,0.75
16,1.625,0.19691167520419406,Qwen/Qwen2-1.5B-Instruct,0.0,0,logiqa,0.75
17,1.328125,0.26497362135689667,Qwen/Qwen2-1.5B-Instruct,0.0,0,logiqa,0.75
18,1.09375,0.33495804292529496,Qwen/Qwen2-1.5B-Instruct,0.0,0,logiqa,0.75
19,0.69140625,0.5008712234296745,Qwen/Qwen2-1.5B-Instruct,1.0,0,logiqa,0.75
20,0.138671875,0.870513618882206,Qwen/Qwen2-1.5B-Instruct,1.0,0,logiqa,0.75
21,4.09375,0.016676578983487567,Qwen/Qwen2-1.5B-Instruct,0.0,0,logiqa,0.75
22,1.484375,0.22664394888734782,Qwen/Qwen2-1.5B-Instruct,0.0,0,logiqa,0.75
23,1.2265625,0.29329906232102687,Qwen/Qwen2-1.5B-Instruct,1.0,0,logiqa,0.75
24,2.6875,0.0680508540250102,Qwen/Qwen2-1.5B-Instruct,0.0,0,logiqa,0.75
25,5.0625,0.006329715427485747,Qwen/Qwen2-1.5B-Instruct,0.0,0,logiqa,0.75
26,0.8125,0.44374731008107987,Qwen/Qwen2-1.5B-Instruct,1.0,0,logiqa,0.75
27,3.109375,0.04462883965030139,Qwen/Qwen2-1.5B-Instruct,0.0,0,logiqa,0.75
28,1.5234375,0.21796135555570278,Qwen/Qwen2-1.5B-Instruct,0.0,0,logiqa,0.75
29,0.76171875,0.46686331570996537,Qwen/Qwen2-1.5B-Instruct,1.0,0,logiqa,0.75
30,3.375,0.03421811831166603,Qwen/Qwen2-1.5B-Instruct,0.0,0,logiqa,0.75
31,1.7734375,0.16974847438608623,Qwen/Qwen2-1.5B-Instruct,0.0,0,logiqa,0.75
32,5.03125,0.006530642163653784,Qwen/Qwen2-1.5B-Instruct,0.0,0,logiqa,0.75
33,2.96875,0.05136747956725073,Qwen/Qwen2-1.5B-Instruct,0.0,0,logiqa,0.75
34,1.765625,0.17107982817134254,Qwen/Qwen2-1.5B-Instruct,0.0,0,logiqa,0.75
35,2.125,0.11943296826671962,Qwen/Qwen2-1.5B-Instruct,0.0,0,logiqa,0.75
36,1.0703125,0.34290134400373157,Qwen/Qwen2-1.5B-Instruct,1.0,0,logiqa,0.75
37,0.023193359375,0.9770735391778969,Qwen/Qwen2-1.5B-Instruct,1.0,0,logiqa,0.75
38,1.515625,0.21967084765457534,Qwen/Qwen2-1.5B-Instruct,0.0,0,logiqa,0.75
39,1.0078125,0.36501658064745907,Qwen/Qwen2-1.5B-Instruct,1.0,0,logiqa,0.75
40,3.28125,0.037581250870997916,Qwen/Qwen2-1.5B-Instruct,0.0,0,logiqa,0.75
41,1.6328125,0.19537929639047613,Qwen/Qwen2-1.5B-Instruct,0.0,0,logiqa,0.75
42,1.6015625,0.20158130101268698,Qwen/Qwen2-1.5B-Instruct,0.0,0,logiqa,0.75
43,2.203125,0.1104574389603643,Qwen/Qwen2-1.5B-Instruct,0.0,0,logiqa,0.75
44,1.578125,0.20636166380601706,Qwen/Qwen2-1.5B-Instruct,0.0,0,logiqa,0.75
45,1.6875,0.18498139990730428,Qwen/Qwen2-1.5B-Instruct,0.0,0,logiqa,0.75
46,1.765625,0.17107982817134254,Qwen/Qwen2-1.5B-Instruct,0.0,0,logiqa,0.75
47,0.9296875,0.3946770276734171,Qwen/Qwen2-1.5B-Instruct,1.0,0,logiqa,0.75
48,2.34375,0.09596708604499847,Qwen/Qwen2-1.5B-Instruct,0.0,0,logiqa,0.75
49,0.83203125,0.4351644601644917,Qwen/Qwen2-1.5B-Instruct,1.0,0,logiqa,0.75
50,0.27734375,0.7577939606593946,Qwen/Qwen2-1.5B-Instruct,1.0,0,logiqa,0.75
51,1.53125,0.2162651668298873,Qwen/Qwen2-1.5B-Instruct,0.0,0,logiqa,0.75
52,0.30078125,0.7402396824677261,Qwen/Qwen2-1.5B-Instruct,1.0,0,logiqa,0.75
53,2.53125,0.07955950871822769,Qwen/Qwen2-1.5B-Instruct,0.0,0,logiqa,0.75
54,1.796875,0.1658162552121675,Qwen/Qwen2-1.5B-Instruct,0.0,0,logiqa,0.75
55,2.734375,0.0649345785355609,Qwen/Qwen2-1.5B-Instruct,0.0,0,logiqa,0.75
56,1.8671875,0.15455774475698483,Qwen/Qwen2-1.5B-Instruct,0.0,0,logiqa,0.75
57,0.81640625,0.44201730327044453,Qwen/Qwen2-1.5B-Instruct,1.0,0,logiqa,0.75
58,1.984375,0.13746650383851944,Qwen/Qwen2-1.5B-Instruct,0.0,0,logiqa,0.75
59,0.1318359375,0.8764847815685415,Qwen/Qwen2-1.5B-Instruct,1.0,0,logiqa,0.75
60,1.71875,0.17929012055011864,Qwen/Qwen2-1.5B-Instruct,0.0,0,logiqa,0.75
61,2.78125,0.061961007690531984,Qwen/Qwen2-1.5B-Instruct,0.0,0,logiqa,0.75
62,4.53125,0.010767208646547101,Qwen/Qwen2-1.5B-Instruct,0.0,0,logiqa,0.75
63,2.03125,0.13117145431019428,Qwen/Qwen2-1.5B-Instruct,0.0,0,logiqa,0.75
64,0.171875,0.8420844271433824,Qwen/Qwen2-1.5B-Instruct,1.0,0,logiqa,0.75
65,1.15625,0.314663961018459,Qwen/Qwen2-1.5B-Instruct,0.0,0,logiqa,0.75
66,5.28125,0.005086069231012701,Qwen/Qwen2-1.5B-Instruct,0.0,0,logiqa,0.75
67,1.421875,0.2412612277378443,Qwen/Qwen2-1.5B-Instruct,0.0,0,logiqa,0.75
68,1.234375,0.29101659090983195,Qwen/Qwen2-1.5B-Instruct,0.0,0,logiqa,0.75
69,5.375,0.004630918733533246,Qwen/Qwen2-1.5B-Instruct,0.0,0,logiqa,0.75
70,3.53125,0.029268307607136092,Qwen/Qwen2-1.5B-Instruct,0.0,0,logiqa,0.75
71,1.78125,0.16842748127818424,Qwen/Qwen2-1.5B-Instruct,0.0,0,logiqa,0.75
72,2.078125,0.1251646760876602,Qwen/Qwen2-1.5B-Instruct,0.0,0,logiqa,0.75
73,3.203125,0.040635020917967515,Qwen/Qwen2-1.5B-Instruct,0.0,0,logiqa,0.75
74,1.71875,0.17929012055011864,Qwen/Qwen2-1.5B-Instruct,0.0,0,logiqa,0.75
75,0.8046875,0.4472276633691456,Qwen/Qwen2-1.5B-Instruct,1.0,0,logiqa,0.75
76,1.734375,0.17651048487186194,Qwen/Qwen2-1.5B-Instruct,0.0,0,logiqa,0.75
77,5.875,0.0028087941945255128,Qwen/Qwen2-1.5B-Instruct,0.0,0,logiqa,0.75
78,1.78125,0.16842748127818424,Qwen/Qwen2-1.5B-Instruct,0.0,0,logiqa,0.75
79,3.328125,0.035860280096566576,Qwen/Qwen2-1.5B-Instruct,0.0,0,logiqa,0.75
80,5.4375,0.004350345551108769,Qwen/Qwen2-1.5B-Instruct,0.0,0,logiqa,0.75
1,7.09375,0.0008302779779929784,Qwen/Qwen2-1.5B-Instruct,0.0,0,logiqa,0.75
2,3.5,0.0301973834223185,Qwen/Qwen2-1.5B-Instruct,0.0,0,logiqa,0.75
3,1.109375,0.3297649998062575,Qwen/Qwen2-1.5B-Instruct,0.0,0,logiqa,0.75
4,3.53125,0.029268307607136092,Qwen/Qwen2-1.5B-Instruct,0.0,0,logiqa,0.75
5,4.0,0.01831563888873418,Qwen/Qwen2-1.5B-Instruct,0.0,0,logiqa,0.75
6,2.328125,0.0974783477499485,Qwen/Qwen2-1.5B-Instruct,0.0,0,logiqa,0.75
7,1.4765625,0.2284215394097245,Qwen/Qwen2-1.5B-Instruct,0.0,0,logiqa,0.75
8,0.435546875,0.64691079098504,Qwen/Qwen2-1.5B-Instruct,1.0,0,logiqa,0.75
9,4.1875,0.015184197956837946,Qwen/Qwen2-1.5B-Instruct,0.0,0,logiqa,0.75
10,1.9296875,0.14519356438370257,Qwen/Qwen2-1.5B-Instruct,0.0,0,logiqa,0.75
11,1.546875,0.21291228619240427,Qwen/Qwen2-1.5B-Instruct,0.0,0,logiqa,0.75
12,1.90625,0.1486367305381225,Qwen/Qwen2-1.5B-Instruct,0.0,0,logiqa,0.75
13,2.3125,0.0990134083638263,Qwen/Qwen2-1.5B-Instruct,0.0,0,logiqa,0.75
14,1.625,0.19691167520419406,Qwen/Qwen2-1.5B-Instruct,0.0,0,logiqa,0.75
15,0.8515625,0.4267476175926629,Qwen/Qwen2-1.5B-Instruct,1.0,0,logiqa,0.75
16,1.90625,0.1486367305381225,Qwen/Qwen2-1.5B-Instruct,0.0,0,logiqa,0.75
17,3.53125,0.029268307607136092,Qwen/Qwen2-1.5B-Instruct,0.0,0,logiqa,0.75
18,1.3125,0.26914634872918386,Qwen/Qwen2-1.5B-Instruct,0.0,0,logiqa,0.75
19,0.357421875,0.6994773434756083,Qwen/Qwen2-1.5B-Instruct,1.0,0,logiqa,0.75
20,0.0155029296875,0.9846166221284973,Qwen/Qwen2-1.5B-Instruct,1.0,0,logiqa,0.75
21,4.5,0.011108996538242306,Qwen/Qwen2-1.5B-Instruct,0.0,0,logiqa,0.75
22,3.015625,0.049015191417106724,Qwen/Qwen2-1.5B-Instruct,0.0,0,logiqa,0.75
23,2.75,0.06392786120670757,Qwen/Qwen2-1.5B-Instruct,0.0,0,logiqa,0.75
24,0.84375,0.43009464064006225,Qwen/Qwen2-1.5B-Instruct,1.0,0,logiqa,0.75
25,1.90625,0.1486367305381225,Qwen/Qwen2-1.5B-Instruct,0.0,0,logiqa,0.75
26,1.359375,0.25682124007865503,Qwen/Qwen2-1.5B-Instruct,0.0,0,logiqa,0.75
27,1.53125,0.2162651668298873,Qwen/Qwen2-1.5B-Instruct,0.0,0,logiqa,0.75
28,2.015625,0.13323710414756298,Qwen/Qwen2-1.5B-Instruct,0.0,0,logiqa,0.75
29,1.4375,0.23752081909545814,Qwen/Qwen2-1.5B-Instruct,0.0,0,logiqa,0.75
30,2.3125,0.0990134083638263,Qwen/Qwen2-1.5B-Instruct,0.0,0,logiqa,0.75
31,2.734375,0.0649345785355609,Qwen/Qwen2-1.5B-Instruct,0.0,0,logiqa,0.75
32,0.494140625,0.6100949824510565,Qwen/Qwen2-1.5B-Instruct,1.0,0,logiqa,0.75
33,0.55859375,0.572012891653811,Qwen/Qwen2-1.5B-Instruct,1.0,0,logiqa,0.75
34,1.6953125,0.18354186323251906,Qwen/Qwen2-1.5B-Instruct,0.0,0,logiqa,0.75
35,4.09375,0.016676578983487567,Qwen/Qwen2-1.5B-Instruct,0.0,0,logiqa,0.75
36,0.66015625,0.5167705827795767,Qwen/Qwen2-1.5B-Instruct,1.0,0,logiqa,0.75
37,0.76171875,0.46686331570996537,Qwen/Qwen2-1.5B-Instruct,1.0,0,logiqa,0.75
38,0.451171875,0.6368813687851224,Qwen/Qwen2-1.5B-Instruct,1.0,0,logiqa,0.75
39,3.578125,0.027928014220365963,Qwen/Qwen2-1.5B-Instruct,0.0,0,logiqa,0.75
40,2.96875,0.05136747956725073,Qwen/Qwen2-1.5B-Instruct,0.0,0,logiqa,0.75
41,3.34375,0.03530431798508576,Qwen/Qwen2-1.5B-Instruct,0.0,0,logiqa,0.75
42,2.09375,0.12322417764723749,Qwen/Qwen2-1.5B-Instruct,0.0,0,logiqa,0.75
43,1.609375,0.2000125828826258,Qwen/Qwen2-1.5B-Instruct,0.0,0,logiqa,0.75
44,1.515625,0.21967084765457534,Qwen/Qwen2-1.5B-Instruct,0.0,0,logiqa,0.75
45,2.625,0.07243975703425146,Qwen/Qwen2-1.5B-Instruct,0.0,0,logiqa,0.75
46,1.78125,0.16842748127818424,Qwen/Qwen2-1.5B-Instruct,0.0,0,logiqa,0.75
47,2.28125,0.1021564313333943,Qwen/Qwen2-1.5B-Instruct,0.0,0,logiqa,0.75
48,4.1875,0.015184197956837946,Qwen/Qwen2-1.5B-Instruct,0.0,0,logiqa,0.75
49,2.421875,0.08875504563653425,Qwen/Qwen2-1.5B-Instruct,0.0,0,logiqa,0.75
50,1.21875,0.29559943537737077,Qwen/Qwen2-1.5B-Instruct,1.0,0,logiqa,0.75
51,0.11767578125,0.8889842312518604,Qwen/Qwen2-1.5B-Instruct,1.0,0,logiqa,0.75
52,2.09375,0.12322417764723749,Qwen/Qwen2-1.5B-Instruct,0.0,0,logiqa,0.75
53,0.023193359375,0.9770735391778969,Qwen/Qwen2-1.5B-Instruct,1.0,0,logiqa,0.75
54,5.28125,0.005086069231012701,Qwen/Qwen2-1.5B-Instruct,0.0,0,logiqa,0.75
55,1.109375,0.3297649998062575,Qwen/Qwen2-1.5B-Instruct,1.0,0,logiqa,0.75
56,1.609375,0.2000125828826258,Qwen/Qwen2-1.5B-Instruct,0.0,0,logiqa,0.75
57,0.12451171875,0.8829279144942641,Qwen/Qwen2-1.5B-Instruct,1.0,0,logiqa,0.75
58,1.921875,0.1463323316229146,Qwen/Qwen2-1.5B-Instruct,0.0,0,logiqa,0.75
59,3.0625,0.04677062238395898,Qwen/Qwen2-1.5B-Instruct,0.0,0,logiqa,0.75
60,1.03125,0.356560980663947,Qwen/Qwen2-1.5B-Instruct,1.0,0,logiqa,0.75
61,0.060546875,0.941249646907103,Qwen/Qwen2-1.5B-Instruct,1.0,0,logiqa,0.75
62,3.21875,0.04000503331137926,Qwen/Qwen2-1.5B-Instruct,0.0,0,logiqa,0.75
63,1.2265625,0.29329906232102687,Qwen/Qwen2-1.5B-Instruct,0.0,0,logiqa,0.75
64,2.640625,0.07131668269775804,Qwen/Qwen2-1.5B-Instruct,0.0,0,logiqa,0.75
65,0.69921875,0.49697341264527733,Qwen/Qwen2-1.5B-Instruct,1.0,0,logiqa,0.75
66,1.53125,0.2162651668298873,Qwen/Qwen2-1.5B-Instruct,0.0,0,logiqa,0.75
67,3.671875,0.025428746320412147,Qwen/Qwen2-1.5B-Instruct,0.0,0,logiqa,0.75
68,1.2890625,0.2755289704553164,Qwen/Qwen2-1.5B-Instruct,0.0,0,logiqa,0.75
69,2.84375,0.058206980009571974,Qwen/Qwen2-1.5B-Instruct,0.0,0,logiqa,0.75
70,1.1875,0.3049827687110593,Qwen/Qwen2-1.5B-Instruct,0.0,0,logiqa,0.75
71,2.671875,0.06912249904327114,Qwen/Qwen2-1.5B-Instruct,0.0,0,logiqa,0.75
72,0.796875,0.4507353134063624,Qwen/Qwen2-1.5B-Instruct,1.0,0,logiqa,0.75
73,1.6953125,0.18354186323251906,Qwen/Qwen2-1.5B-Instruct,0.0,0,logiqa,0.75
74,3.6875,0.025034510149960148,Qwen/Qwen2-1.5B-Instruct,0.0,0,logiqa,0.75
75,1.84375,0.15822297604949842,Qwen/Qwen2-1.5B-Instruct,0.0,0,logiqa,0.75
76,1.703125,0.18211352912101367,Qwen/Qwen2-1.5B-Instruct,0.0,0,logiqa,0.75
77,4.34375,0.012987732771292249,Qwen/Qwen2-1.5B-Instruct,0.0,0,logiqa,0.75
78,3.046875,0.04750715251567949,Qwen/Qwen2-1.5B-Instruct,0.0,0,logiqa,0.75
79,1.5625,0.2096113871510978,Qwen/Qwen2-1.5B-Instruct,0.0,0,logiqa,0.75
1,7.15625,0.0007799739782929635,Qwen/Qwen2-1.5B-Instruct,0.0,0,logiqa,0.75
2,2.84375,0.058206980009571974,Qwen/Qwen2-1.5B-Instruct,0.0,0,logiqa,0.75
3,0.94921875,0.3870432829338104,Qwen/Qwen2-1.5B-Instruct,0.0,0,logiqa,0.75
4,0.609375,0.5436905695130004,Qwen/Qwen2-1.5B-Instruct,1.0,0,logiqa,0.75
5,1.25,0.2865047968601901,Qwen/Qwen2-1.5B-Instruct,0.0,0,logiqa,0.75
6,0.66796875,0.5127490421990961,Qwen/Qwen2-1.5B-Instruct,1.0,0,logiqa,0.75
7,1.3515625,0.25883551402927246,Qwen/Qwen2-1.5B-Instruct,0.0,0,logiqa,0.75
8,1.40625,0.2450605392455259,Qwen/Qwen2-1.5B-Instruct,0.0,0,logiqa,0.75
9,1.3984375,0.24698257287629313,Qwen/Qwen2-1.5B-Instruct,0.0,0,logiqa,0.75
10,2.875,0.05641613950377735,Qwen/Qwen2-1.5B-Instruct,0.0,0,logiqa,0.75
11,2.46875,0.0846906561847805,Qwen/Qwen2-1.5B-Instruct,0.0,0,logiqa,0.75
12,0.0458984375,0.9551389635657673,Qwen/Qwen2-1.5B-Instruct,1.0,0,logiqa,0.75
13,3.609375,0.027068759555306635,Qwen/Qwen2-1.5B-Instruct,0.0,0,logiqa,0.75
14,2.34375,0.09596708604499847,Qwen/Qwen2-1.5B-Instruct,0.0,0,logiqa,0.75
15,1.515625,0.21967084765457534,Qwen/Qwen2-1.5B-Instruct,0.0,0,logiqa,0.75
16,1.8125,0.1632455124539584,Qwen/Qwen2-1.5B-Instruct,0.0,0,logiqa,0.75
17,1.015625,0.3621759990808257,Qwen/Qwen2-1.5B-Instruct,0.0,0,logiqa,0.75
18,0.12451171875,0.8829279144942641,Qwen/Qwen2-1.5B-Instruct,1.0,0,logiqa,0.75
19,2.5625,0.07711171996831671,Qwen/Qwen2-1.5B-Instruct,0.0,0,logiqa,0.75
20,2.640625,0.07131668269775804,Qwen/Qwen2-1.5B-Instruct,0.0,0,logiqa,0.75
21,0.8046875,0.4472276633691456,Qwen/Qwen2-1.5B-Instruct,1.0,0,logiqa,0.75
22,1.65625,0.19085333986431632,Qwen/Qwen2-1.5B-Instruct,0.0,0,logiqa,0.75
23,0.91796875,0.39932935558376886,Qwen/Qwen2-1.5B-Instruct,1.0,0,logiqa,0.75
24,1.03125,0.356560980663947,Qwen/Qwen2-1.5B-Instruct,1.0,0,logiqa,0.75
25,0.86328125,0.4217758572543825,Qwen/Qwen2-1.5B-Instruct,0.0,0,logiqa,0.75
26,5.15625,0.005763271481312824,Qwen/Qwen2-1.5B-Instruct,0.0,0,logiqa,0.75
27,1.4375,0.23752081909545814,Qwen/Qwen2-1.5B-Instruct,0.0,0,logiqa,0.75
28,0.76953125,0.463230156563083,Qwen/Qwen2-1.5B-Instruct,1.0,0,logiqa,0.75
29,0.76171875,0.46686331570996537,Qwen/Qwen2-1.5B-Instruct,1.0,0,logiqa,0.75
30,2.9375,0.0529980584033558,Qwen/Qwen2-1.5B-Instruct,0.0,0,logiqa,0.75
31,1.34375,0.26086558612628497,Qwen/Qwen2-1.5B-Instruct,0.0,0,logiqa,0.75
32,2.5625,0.07711171996831671,Qwen/Qwen2-1.5B-Instruct,0.0,0,logiqa,0.75
33,5.40625,0.004488440342699523,Qwen/Qwen2-1.5B-Instruct,0.0,0,logiqa,0.75
34,1.78125,0.16842748127818424,Qwen/Qwen2-1.5B-Instruct,0.0,0,logiqa,0.75
35,3.828125,0.021750359344450344,Qwen/Qwen2-1.5B-Instruct,0.0,0,logiqa,0.75
36,3.4375,0.03214494732687607,Qwen/Qwen2-1.5B-Instruct,0.0,0,logiqa,0.75
37,4.625,0.009803655035821828,Qwen/Qwen2-1.5B-Instruct,0.0,0,logiqa,0.75
38,2.109375,0.1213137638466268,Qwen/Qwen2-1.5B-Instruct,0.0,0,logiqa,0.75
39,1.625,0.19691167520419406,Qwen/Qwen2-1.5B-Instruct,0.0,0,logiqa,0.75
40,3.015625,0.049015191417106724,Qwen/Qwen2-1.5B-Instruct,0.0,0,logiqa,0.75
41,1.2578125,0.2842751988422877,Qwen/Qwen2-1.5B-Instruct,0.0,0,logiqa,0.75
42,2.609375,0.07358051721811718,Qwen/Qwen2-1.5B-Instruct,0.0,0,logiqa,0.75
43,1.5,0.22313016014842982,Qwen/Qwen2-1.5B-Instruct,0.0,0,logiqa,0.75
44,0.2353515625,0.7902929634144612,Qwen/Qwen2-1.5B-Instruct,1.0,0,logiqa,0.75
45,2.96875,0.05136747956725073,Qwen/Qwen2-1.5B-Instruct,0.0,0,logiqa,0.75
46,2.6875,0.0680508540250102,Qwen/Qwen2-1.5B-Instruct,0.0,0,logiqa,0.75
47,2.6875,0.0680508540250102,Qwen/Qwen2-1.5B-Instruct,0.0,0,logiqa,0.75
48,2.5,0.0820849986238988,Qwen/Qwen2-1.5B-Instruct,0.0,0,logiqa,0.75
49,1.3203125,0.26705183522634335,Qwen/Qwen2-1.5B-Instruct,0.0,0,logiqa,0.75
50,0.96484375,0.3810427330152126,Qwen/Qwen2-1.5B-Instruct,1.0,0,logiqa,0.75
51,1.328125,0.26497362135689667,Qwen/Qwen2-1.5B-Instruct,0.0,0,logiqa,0.75
52,1.015625,0.3621759990808257,Qwen/Qwen2-1.5B-Instruct,0.0,0,logiqa,0.75
53,2.84375,0.058206980009571974,Qwen/Qwen2-1.5B-Instruct,0.0,0,logiqa,0.75
54,4.90625,0.0074001870652772766,Qwen/Qwen2-1.5B-Instruct,0.0,0,logiqa,0.75
55,1.375,0.25283959580474646,Qwen/Qwen2-1.5B-Instruct,0.0,0,logiqa,0.75
56,2.765625,0.06293675158337987,Qwen/Qwen2-1.5B-Instruct,0.0,0,logiqa,0.75
57,0.283203125,0.7533667446967807,Qwen/Qwen2-1.5B-Instruct,1.0,0,logiqa,0.75
58,1.125,0.32465246735834974,Qwen/Qwen2-1.5B-Instruct,0.0,0,logiqa,0.75
59,1.0546875,0.34830125444308524,Qwen/Qwen2-1.5B-Instruct,0.0,0,logiqa,0.75
60,0.97265625,0.3780774349414026,Qwen/Qwen2-1.5B-Instruct,1.0,0,logiqa,0.75
61,1.8828125,0.1521615490248429,Qwen/Qwen2-1.5B-Instruct,0.0,0,logiqa,0.75
62,2.78125,0.061961007690531984,Qwen/Qwen2-1.5B-Instruct,0.0,0,logiqa,0.75
63,1.96875,0.13963128628139898,Qwen/Qwen2-1.5B-Instruct,0.0,0,logiqa,0.75
64,3.390625,0.03368761555886473,Qwen/Qwen2-1.5B-Instruct,0.0,0,logiqa,0.75
65,2.8125,0.060054667895307945,Qwen/Qwen2-1.5B-Instruct,0.0,0,logiqa,0.75
66,2.890625,0.05554148833106887,Qwen/Qwen2-1.5B-Instruct,0.0,0,logiqa,0.75
67,2.140625,0.11758133171956547,Qwen/Qwen2-1.5B-Instruct,0.0,0,logiqa,0.75
68,0.08251953125,0.9207934534340386,Qwen/Qwen2-1.5B-Instruct,1.0,0,logiqa,0.75
69,5.125,0.005946217356472094,Qwen/Qwen2-1.5B-Instruct,0.0,0,logiqa,0.75
70,1.0,0.36787944117144233,Qwen/Qwen2-1.5B-Instruct,1.0,0,logiqa,0.75
71,4.625,0.009803655035821828,Qwen/Qwen2-1.5B-Instruct,0.0,0,logiqa,0.75
72,1.140625,0.31961919737930994,Qwen/Qwen2-1.5B-Instruct,1.0,0,logiqa,0.75
73,1.8828125,0.1521615490248429,Qwen/Qwen2-1.5B-Instruct,0.0,0,logiqa,0.75
74,1.6015625,0.20158130101268698,Qwen/Qwen2-1.5B-Instruct,0.0,0,logiqa,0.75
75,1.9296875,0.14519356438370257,Qwen/Qwen2-1.5B-Instruct,0.0,0,logiqa,0.75
1,0.11767578125,0.8889842312518604,Qwen/Qwen2-1.5B-Instruct,1.0,0,logiqa,0.75
2,1.4375,0.23752081909545814,Qwen/Qwen2-1.5B-Instruct,0.0,0,logiqa,0.75
3,5.0625,0.006329715427485747,Qwen/Qwen2-1.5B-Instruct,0.0,0,logiqa,0.75
4,0.67578125,0.5087587974957017,Qwen/Qwen2-1.5B-Instruct,1.0,0,logiqa,0.75
5,1.109375,0.3297649998062575,Qwen/Qwen2-1.5B-Instruct,1.0,0,logiqa,0.75
6,2.015625,0.13323710414756298,Qwen/Qwen2-1.5B-Instruct,0.0,0,logiqa,0.75
7,0.91015625,0.4024613345370006,Qwen/Qwen2-1.5B-Instruct,1.0,0,logiqa,0.75
8,1.4765625,0.2284215394097245,Qwen/Qwen2-1.5B-Instruct,0.0,0,logiqa,0.75
9,1.8828125,0.1521615490248429,Qwen/Qwen2-1.5B-Instruct,0.0,0,logiqa,0.75
10,0.4453125,0.6406240497330474,Qwen/Qwen2-1.5B-Instruct,1.0,0,logiqa,0.75
11,0.8515625,0.4267476175926629,Qwen/Qwen2-1.5B-Instruct,1.0,0,logiqa,0.75
12,0.357421875,0.6994773434756083,Qwen/Qwen2-1.5B-Instruct,1.0,0,logiqa,0.75
13,1.5859375,0.20475574459755974,Qwen/Qwen2-1.5B-Instruct,0.0,0,logiqa,0.75
14,1.8046875,0.16452586287665122,Qwen/Qwen2-1.5B-Instruct,0.0,0,logiqa,0.75
15,2.71875,0.06595714935553817,Qwen/Qwen2-1.5B-Instruct,0.0,0,logiqa,0.75
16,2.90625,0.05468039736791477,Qwen/Qwen2-1.5B-Instruct,0.0,0,logiqa,0.75
17,0.6171875,0.5394595359337269,Qwen/Qwen2-1.5B-Instruct,1.0,0,logiqa,0.75
18,3.140625,0.043255754605187734,Qwen/Qwen2-1.5B-Instruct,0.0,0,logiqa,0.75
19,6.0,0.0024787521766663585,Qwen/Qwen2-1.5B-Instruct,0.0,0,logiqa,0.75
20,1.71875,0.17929012055011864,Qwen/Qwen2-1.5B-Instruct,0.0,0,logiqa,0.75
21,0.61328125,0.5415709208598878,Qwen/Qwen2-1.5B-Instruct,1.0,0,logiqa,0.75
22,2.453125,0.08602433995839362,Qwen/Qwen2-1.5B-Instruct,0.0,0,logiqa,0.75
23,2.25,0.10539922456186433,Qwen/Qwen2-1.5B-Instruct,0.0,0,logiqa,0.75
24,1.09375,0.33495804292529496,Qwen/Qwen2-1.5B-Instruct,0.0,0,logiqa,0.75
25,0.76171875,0.46686331570996537,Qwen/Qwen2-1.5B-Instruct,1.0,0,logiqa,0.75
26,0.451171875,0.6368813687851224,Qwen/Qwen2-1.5B-Instruct,1.0,0,logiqa,0.75
27,1.21875,0.29559943537737077,Qwen/Qwen2-1.5B-Instruct,0.0,0,logiqa,0.75
28,0.609375,0.5436905695130004,Qwen/Qwen2-1.5B-Instruct,1.0,0,logiqa,0.75
29,1.65625,0.19085333986431632,Qwen/Qwen2-1.5B-Instruct,0.0,0,logiqa,0.75
30,3.25,0.03877420783172201,Qwen/Qwen2-1.5B-Instruct,0.0,0,logiqa,0.75
31,4.8125,0.008127515489292211,Qwen/Qwen2-1.5B-Instruct,0.0,0,logiqa,0.75
32,1.484375,0.22664394888734782,Qwen/Qwen2-1.5B-Instruct,0.0,0,logiqa,0.75
33,1.34375,0.26086558612628497,Qwen/Qwen2-1.5B-Instruct,0.0,0,logiqa,0.75
34,0.84375,0.43009464064006225,Qwen/Qwen2-1.5B-Instruct,1.0,0,logiqa,0.75
35,0.91015625,0.4024613345370006,Qwen/Qwen2-1.5B-Instruct,1.0,0,logiqa,0.75
36,0.0751953125,0.9275623041230301,Qwen/Qwen2-1.5B-Instruct,1.0,0,logiqa,0.75
37,1.984375,0.13746650383851944,Qwen/Qwen2-1.5B-Instruct,0.0,0,logiqa,0.75
38,2.890625,0.05554148833106887,Qwen/Qwen2-1.5B-Instruct,0.0,0,logiqa,0.75
39,0.58203125,0.5587622272904076,Qwen/Qwen2-1.5B-Instruct,1.0,0,logiqa,0.75
40,2.609375,0.07358051721811718,Qwen/Qwen2-1.5B-Instruct,0.0,0,logiqa,0.75
41,2.015625,0.13323710414756298,Qwen/Qwen2-1.5B-Instruct,0.0,0,logiqa,0.75
42,2.609375,0.07358051721811718,Qwen/Qwen2-1.5B-Instruct,0.0,0,logiqa,0.75
43,0.318359375,0.7273413531419732,Qwen/Qwen2-1.5B-Instruct,1.0,0,logiqa,0.75
44,0.400390625,0.6700582534023591,Qwen/Qwen2-1.5B-Instruct,1.0,0,logiqa,0.75
45,0.294921875,0.7445897562683694,Qwen/Qwen2-1.5B-Instruct,1.0,0,logiqa,0.75
46,0.007781982421875,0.9922482188107336,Qwen/Qwen2-1.5B-Instruct,1.0,0,logiqa,0.75
47,4.0625,0.017205950425851383,Qwen/Qwen2-1.5B-Instruct,0.0,0,logiqa,0.75
48,0.12451171875,0.8829279144942641,Qwen/Qwen2-1.5B-Instruct,1.0,0,logiqa,0.75
49,4.875,0.007635094218859962,Qwen/Qwen2-1.5B-Instruct,0.0,0,logiqa,0.75
50,1.296875,0.27338478699614155,Qwen/Qwen2-1.5B-Instruct,0.0,0,logiqa,0.75
51,1.1171875,0.3271987482181544,Qwen/Qwen2-1.5B-Instruct,1.0,0,logiqa,0.75
52,0.038330078125,0.9623952228475297,Qwen/Qwen2-1.5B-Instruct,1.0,0,logiqa,0.75
53,1.8125,0.1632455124539584,Qwen/Qwen2-1.5B-Instruct,0.0,0,logiqa,0.75
54,0.15234375,0.8586930542645764,Qwen/Qwen2-1.5B-Instruct,1.0,0,logiqa,0.75
55,2.390625,0.09157243321777621,Qwen/Qwen2-1.5B-Instruct,0.0,0,logiqa,0.75
56,3.828125,0.021750359344450344,Qwen/Qwen2-1.5B-Instruct,0.0,0,logiqa,0.75
57,1.9375,0.14406365910145327,Qwen/Qwen2-1.5B-Instruct,0.0,0,logiqa,0.75
58,1.3203125,0.26705183522634335,Qwen/Qwen2-1.5B-Instruct,0.0,0,logiqa,0.75
59,1.296875,0.27338478699614155,Qwen/Qwen2-1.5B-Instruct,0.0,0,logiqa,0.75
60,1.703125,0.18211352912101367,Qwen/Qwen2-1.5B-Instruct,0.0,0,logiqa,0.75
61,3.375,0.03421811831166603,Qwen/Qwen2-1.5B-Instruct,0.0,0,logiqa,0.75
62,2.640625,0.07131668269775804,Qwen/Qwen2-1.5B-Instruct,0.0,0,logiqa,0.75
63,1.3359375,0.26291158027609046,Qwen/Qwen2-1.5B-Instruct,0.0,0,logiqa,0.75
64,5.0,0.006737946999085467,Qwen/Qwen2-1.5B-Instruct,0.0,0,logiqa,0.75
65,3.203125,0.040635020917967515,Qwen/Qwen2-1.5B-Instruct,0.0,0,logiqa,0.75
66,0.259765625,0.7712323221982079,Qwen/Qwen2-1.5B-Instruct,1.0,0,logiqa,0.75
67,1.890625,0.1509774184559146,Qwen/Qwen2-1.5B-Instruct,0.0,0,logiqa,0.75
68,1.9375,0.14406365910145327,Qwen/Qwen2-1.5B-Instruct,0.0,0,logiqa,0.75
69,1.234375,0.29101659090983195,Qwen/Qwen2-1.5B-Instruct,0.0,0,logiqa,0.75
70,4.5,0.011108996538242306,Qwen/Qwen2-1.5B-Instruct,0.0,0,logiqa,0.75
71,0.038330078125,0.9623952228475297,Qwen/Qwen2-1.5B-Instruct,1.0,0,logiqa,0.75
72,1.25,0.2865047968601901,Qwen/Qwen2-1.5B-Instruct,0.0,0,logiqa,0.75
73,3.296875,0.03699860758070385,Qwen/Qwen2-1.5B-Instruct,0.0,0,logiqa,0.75
74,1.3125,0.26914634872918386,Qwen/Qwen2-1.5B-Instruct,0.0,0,logiqa,0.75
75,2.171875,0.1139637344565904,Qwen/Qwen2-1.5B-Instruct,0.0,0,logiqa,0.75
76,2.53125,0.07955950871822769,Qwen/Qwen2-1.5B-Instruct,0.0,0,logiqa,0.75
77,0.73828125,0.47793466018873804,Qwen/Qwen2-1.5B-Instruct,1.0,0,logiqa,0.75
78,1.3125,0.26914634872918386,Qwen/Qwen2-1.5B-Instruct,0.0,0,logiqa,0.75
79,2.96875,0.05136747956725073,Qwen/Qwen2-1.5B-Instruct,0.0,0,logiqa,0.75
80,1.140625,0.31961919737930994,Qwen/Qwen2-1.5B-Instruct,0.0,0,logiqa,0.75
81,1.671875,0.18789443308700168,Qwen/Qwen2-1.5B-Instruct,0.0,0,logiqa,0.75
82,1.6875,0.18498139990730428,Qwen/Qwen2-1.5B-Instruct,0.0,0,logiqa,0.75
1,1.703125,0.18211352912101367,Qwen/Qwen2-1.5B-Instruct,0.0,0,logiqa,0.75
2,2.625,0.07243975703425146,Qwen/Qwen2-1.5B-Instruct,0.0,0,logiqa,0.75
3,1.5625,0.2096113871510978,Qwen/Qwen2-1.5B-Instruct,0.0,0,logiqa,0.75
4,2.140625,0.11758133171956547,Qwen/Qwen2-1.5B-Instruct,0.0,0,logiqa,0.75
5,2.03125,0.13117145431019428,Qwen/Qwen2-1.5B-Instruct,0.0,0,logiqa,0.75
6,1.4609375,0.23201865524727103,Qwen/Qwen2-1.5B-Instruct,0.0,0,logiqa,0.75
7,5.78125,0.0030848569260302594,Qwen/Qwen2-1.5B-Instruct,0.0,0,logiqa,0.75
8,4.15625,0.015666196140128895,Qwen/Qwen2-1.5B-Instruct,0.0,0,logiqa,0.75
9,1.1328125,0.3221260018134028,Qwen/Qwen2-1.5B-Instruct,1.0,0,logiqa,0.75
10,3.15625,0.04258513628878761,Qwen/Qwen2-1.5B-Instruct,0.0,0,logiqa,0.75
11,0.15234375,0.8586930542645764,Qwen/Qwen2-1.5B-Instruct,1.0,0,logiqa,0.75
12,0.65234375,0.5208236646937497,Qwen/Qwen2-1.5B-Instruct,1.0,0,logiqa,0.75
13,1.1953125,0.30260937397538795,Qwen/Qwen2-1.5B-Instruct,0.0,0,logiqa,0.75
14,0.466796875,0.6270074383640806,Qwen/Qwen2-1.5B-Instruct,1.0,0,logiqa,0.75
15,1.5,0.22313016014842982,Qwen/Qwen2-1.5B-Instruct,0.0,0,logiqa,0.75
16,1.765625,0.17107982817134254,Qwen/Qwen2-1.5B-Instruct,0.0,0,logiqa,0.75
17,1.375,0.25283959580474646,Qwen/Qwen2-1.5B-Instruct,0.0,0,logiqa,0.75
18,0.54296875,0.5810207839794026,Qwen/Qwen2-1.5B-Instruct,1.0,0,logiqa,0.75
19,0.5625,0.569782824730923,Qwen/Qwen2-1.5B-Instruct,1.0,0,logiqa,0.75
20,3.265625,0.03817306945803752,Qwen/Qwen2-1.5B-Instruct,0.0,0,logiqa,0.75
21,4.5,0.011108996538242306,Qwen/Qwen2-1.5B-Instruct,0.0,0,logiqa,0.75
22,2.375,0.09301448921066349,Qwen/Qwen2-1.5B-Instruct,0.0,0,logiqa,0.75
23,3.265625,0.03817306945803752,Qwen/Qwen2-1.5B-Instruct,0.0,0,logiqa,0.75
24,1.3671875,0.2548226413322821,Qwen/Qwen2-1.5B-Instruct,0.0,0,logiqa,0.75
25,1.09375,0.33495804292529496,Qwen/Qwen2-1.5B-Instruct,1.0,0,logiqa,0.75
26,0.9609375,0.3825340921054156,Qwen/Qwen2-1.5B-Instruct,0.0,0,logiqa,0.75
27,1.1953125,0.30260937397538795,Qwen/Qwen2-1.5B-Instruct,1.0,0,logiqa,0.75
28,2.578125,0.0759162135601666,Qwen/Qwen2-1.5B-Instruct,0.0,0,logiqa,0.75
29,5.53125,0.003961034699868069,Qwen/Qwen2-1.5B-Instruct,0.0,0,logiqa,0.75
30,0.58203125,0.5587622272904076,Qwen/Qwen2-1.5B-Instruct,1.0,0,logiqa,0.75
31,1.7109375,0.18069631039374898,Qwen/Qwen2-1.5B-Instruct,0.0,0,logiqa,0.75
32,0.70703125,0.49310593486505433,Qwen/Qwen2-1.5B-Instruct,1.0,0,logiqa,0.75
33,4.6875,0.00920968160396814,Qwen/Qwen2-1.5B-Instruct,0.0,0,logiqa,0.75
34,1.890625,0.1509774184559146,Qwen/Qwen2-1.5B-Instruct,0.0,0,logiqa,0.75
35,0.8515625,0.4267476175926629,Qwen/Qwen2-1.5B-Instruct,1.0,0,logiqa,0.75
36,1.5625,0.2096113871510978,Qwen/Qwen2-1.5B-Instruct,0.0,0,logiqa,0.75
37,1.5625,0.2096113871510978,Qwen/Qwen2-1.5B-Instruct,0.0,0,logiqa,0.75
38,2.921875,0.053832656382752,Qwen/Qwen2-1.5B-Instruct,0.0,0,logiqa,0.75
39,0.306640625,0.7359150228524268,Qwen/Qwen2-1.5B-Instruct,1.0,0,logiqa,0.75
40,1.5390625,0.21458217794945839,Qwen/Qwen2-1.5B-Instruct,0.0,0,logiqa,0.75
41,1.546875,0.21291228619240427,Qwen/Qwen2-1.5B-Instruct,0.0,0,logiqa,0.75
42,0.265625,0.76672659607082,Qwen/Qwen2-1.5B-Instruct,1.0,0,logiqa,0.75
43,2.828125,0.059123606568473756,Qwen/Qwen2-1.5B-Instruct,0.0,0,logiqa,0.75
44,0.30078125,0.7402396824677261,Qwen/Qwen2-1.5B-Instruct,1.0,0,logiqa,0.75
45,1.8671875,0.15455774475698483,Qwen/Qwen2-1.5B-Instruct,0.0,0,logiqa,0.75
46,4.875,0.007635094218859962,Qwen/Qwen2-1.5B-Instruct,0.0,0,logiqa,0.75
47,0.8515625,0.4267476175926629,Qwen/Qwen2-1.5B-Instruct,1.0,0,logiqa,0.75
48,2.515625,0.08081238867682222,Qwen/Qwen2-1.5B-Instruct,0.0,0,logiqa,0.75
49,2.28125,0.1021564313333943,Qwen/Qwen2-1.5B-Instruct,0.0,0,logiqa,0.75
50,2.875,0.05641613950377735,Qwen/Qwen2-1.5B-Instruct,0.0,0,logiqa,0.75
51,1.125,0.32465246735834974,Qwen/Qwen2-1.5B-Instruct,0.0,0,logiqa,0.75
52,3.234375,0.039384812757335554,Qwen/Qwen2-1.5B-Instruct,0.0,0,logiqa,0.75
53,2.0625,0.1271357329320356,Qwen/Qwen2-1.5B-Instruct,0.0,0,logiqa,0.75
54,1.421875,0.2412612277378443,Qwen/Qwen2-1.5B-Instruct,0.0,0,logiqa,0.75
55,0.9296875,0.3946770276734171,Qwen/Qwen2-1.5B-Instruct,1.0,0,logiqa,0.75
56,2.90625,0.05468039736791477,Qwen/Qwen2-1.5B-Instruct,0.0,0,logiqa,0.75
57,0.27734375,0.7577939606593946,Qwen/Qwen2-1.5B-Instruct,1.0,0,logiqa,0.75
58,1.8515625,0.1569916750812332,Qwen/Qwen2-1.5B-Instruct,0.0,0,logiqa,0.75
59,0.11083984375,0.8950820904412523,Qwen/Qwen2-1.5B-Instruct,1.0,0,logiqa,0.75
60,0.9609375,0.3825340921054156,Qwen/Qwen2-1.5B-Instruct,1.0,0,logiqa,0.75
61,1.5390625,0.21458217794945839,Qwen/Qwen2-1.5B-Instruct,0.0,0,logiqa,0.75
62,2.265625,0.10376516104428837,Qwen/Qwen2-1.5B-Instruct,0.0,0,logiqa,0.75
63,1.328125,0.26497362135689667,Qwen/Qwen2-1.5B-Instruct,0.0,0,logiqa,0.75
64,2.34375,0.09596708604499847,Qwen/Qwen2-1.5B-Instruct,0.0,0,logiqa,0.75
65,2.09375,0.12322417764723749,Qwen/Qwen2-1.5B-Instruct,0.0,0,logiqa,0.75
66,3.171875,0.04192491494570112,Qwen/Qwen2-1.5B-Instruct,0.0,0,logiqa,0.75
67,1.796875,0.1658162552121675,Qwen/Qwen2-1.5B-Instruct,0.0,0,logiqa,0.75
68,1.6484375,0.1923502211610474,Qwen/Qwen2-1.5B-Instruct,0.0,0,logiqa,0.75
69,1.3984375,0.24698257287629313,Qwen/Qwen2-1.5B-Instruct,0.0,0,logiqa,0.75
70,1.34375,0.26086558612628497,Qwen/Qwen2-1.5B-Instruct,0.0,0,logiqa,0.75
71,2.65625,0.07021102001498804,Qwen/Qwen2-1.5B-Instruct,0.0,0,logiqa,0.75
72,2.578125,0.0759162135601666,Qwen/Qwen2-1.5B-Instruct,0.0,0,logiqa,0.75
73,1.1796875,0.30737477821235176,Qwen/Qwen2-1.5B-Instruct,1.0,0,logiqa,0.75
74,0.68359375,0.5047996051229459,Qwen/Qwen2-1.5B-Instruct,1.0,0,logiqa,0.75
75,2.40625,0.09015273423081638,Qwen/Qwen2-1.5B-Instruct,0.0,0,logiqa,0.75
76,2.78125,0.061961007690531984,Qwen/Qwen2-1.5B-Instruct,0.0,0,logiqa,0.75
77,5.0,0.006737946999085467,Qwen/Qwen2-1.5B-Instruct,0.0,0,logiqa,0.75
78,3.25,0.03877420783172201,Qwen/Qwen2-1.5B-Instruct,0.0,0,logiqa,0.75
79,3.078125,0.04604551109353302,Qwen/Qwen2-1.5B-Instruct,0.0,0,logiqa,0.75
80,0.96484375,0.3810427330152126,Qwen/Qwen2-1.5B-Instruct,1.0,0,logiqa,0.75
81,5.53125,0.003961034699868069,Qwen/Qwen2-1.5B-Instruct,0.0,0,logiqa,0.75
1,2.25,0.10539922456186433,Qwen/Qwen2-1.5B-Instruct,0.0,0,logiqa,0.75
2,0.03076171875,0.9697066084520289,Qwen/Qwen2-1.5B-Instruct,1.0,0,logiqa,0.75
3,2.890625,0.05554148833106887,Qwen/Qwen2-1.5B-Instruct,0.0,0,logiqa,0.75
4,1.859375,0.15576995617312325,Qwen/Qwen2-1.5B-Instruct,0.0,0,logiqa,0.75
5,5.375,0.004630918733533246,Qwen/Qwen2-1.5B-Instruct,0.0,0,logiqa,0.75
6,2.09375,0.12322417764723749,Qwen/Qwen2-1.5B-Instruct,0.0,0,logiqa,0.75
7,0.78125,0.45783336177161427,Qwen/Qwen2-1.5B-Instruct,1.0,0,logiqa,0.75
8,2.375,0.09301448921066349,Qwen/Qwen2-1.5B-Instruct,0.0,0,logiqa,0.75
9,1.6953125,0.18354186323251906,Qwen/Qwen2-1.5B-Instruct,0.0,0,logiqa,0.75
10,0.91796875,0.39932935558376886,Qwen/Qwen2-1.5B-Instruct,1.0,0,logiqa,0.75
11,1.46875,0.23021307174736147,Qwen/Qwen2-1.5B-Instruct,0.0,0,logiqa,0.75
12,1.9296875,0.14519356438370257,Qwen/Qwen2-1.5B-Instruct,0.0,0,logiqa,0.75
13,4.625,0.009803655035821828,Qwen/Qwen2-1.5B-Instruct,0.0,0,logiqa,0.75
14,1.28125,0.27768997095378994,Qwen/Qwen2-1.5B-Instruct,0.0,0,logiqa,0.75
15,0.94140625,0.39007890102496307,Qwen/Qwen2-1.5B-Instruct,1.0,0,logiqa,0.75
16,5.5,0.004086771438464067,Qwen/Qwen2-1.5B-Instruct,0.0,0,logiqa,0.75
17,4.71875,0.008926329489511324,Qwen/Qwen2-1.5B-Instruct,0.0,0,logiqa,0.75
18,3.953125,0.019194624751579337,Qwen/Qwen2-1.5B-Instruct,0.0,0,logiqa,0.75
19,1.9296875,0.14519356438370257,Qwen/Qwen2-1.5B-Instruct,0.0,0,logiqa,0.75
20,2.078125,0.1251646760876602,Qwen/Qwen2-1.5B-Instruct,0.0,0,logiqa,0.75
21,1.65625,0.19085333986431632,Qwen/Qwen2-1.5B-Instruct,0.0,0,logiqa,0.75
22,3.984375,0.018604068232532935,Qwen/Qwen2-1.5B-Instruct,0.0,0,logiqa,0.75
23,1.265625,0.28206295169381546,Qwen/Qwen2-1.5B-Instruct,1.0,0,logiqa,0.75
24,2.234375,0.10705902083552722,Qwen/Qwen2-1.5B-Instruct,0.0,0,logiqa,0.75
25,1.8046875,0.16452586287665122,Qwen/Qwen2-1.5B-Instruct,0.0,0,logiqa,0.75
26,0.390625,0.676633846161729,Qwen/Qwen2-1.5B-Instruct,1.0,0,logiqa,0.75
27,4.59375,0.010114856452604551,Qwen/Qwen2-1.5B-Instruct,0.0,0,logiqa,0.75
28,2.625,0.07243975703425146,Qwen/Qwen2-1.5B-Instruct,0.0,0,logiqa,0.75
29,0.41015625,0.663546562885513,Qwen/Qwen2-1.5B-Instruct,1.0,0,logiqa,0.75
30,2.375,0.09301448921066349,Qwen/Qwen2-1.5B-Instruct,0.0,0,logiqa,0.75
31,0.66796875,0.5127490421990961,Qwen/Qwen2-1.5B-Instruct,1.0,0,logiqa,0.75
32,1.828125,0.16071462536804407,Qwen/Qwen2-1.5B-Instruct,0.0,0,logiqa,0.75
33,1.75,0.17377394345044514,Qwen/Qwen2-1.5B-Instruct,0.0,0,logiqa,0.75
34,1.65625,0.19085333986431632,Qwen/Qwen2-1.5B-Instruct,0.0,0,logiqa,0.75
35,1.484375,0.22664394888734782,Qwen/Qwen2-1.5B-Instruct,0.0,0,logiqa,0.75
36,3.0625,0.04677062238395898,Qwen/Qwen2-1.5B-Instruct,0.0,0,logiqa,0.75
37,0.2890625,0.7489653936027156,Qwen/Qwen2-1.5B-Instruct,1.0,0,logiqa,0.75
38,1.453125,0.23383840011408472,Qwen/Qwen2-1.5B-Instruct,0.0,0,logiqa,0.75
39,2.03125,0.13117145431019428,Qwen/Qwen2-1.5B-Instruct,0.0,0,logiqa,0.75
40,4.0625,0.017205950425851383,Qwen/Qwen2-1.5B-Instruct,0.0,0,logiqa,0.75
41,1.796875,0.1658162552121675,Qwen/Qwen2-1.5B-Instruct,0.0,0,logiqa,0.75
42,3.375,0.03421811831166603,Qwen/Qwen2-1.5B-Instruct,0.0,0,logiqa,0.75
43,1.125,0.32465246735834974,Qwen/Qwen2-1.5B-Instruct,0.0,0,logiqa,0.75
44,1.859375,0.15576995617312325,Qwen/Qwen2-1.5B-Instruct,0.0,0,logiqa,0.75
45,2.078125,0.1251646760876602,Qwen/Qwen2-1.5B-Instruct,0.0,0,logiqa,0.75
46,1.1640625,0.31221522664653706,Qwen/Qwen2-1.5B-Instruct,0.0,0,logiqa,0.75
47,1.5703125,0.207980178394932,Qwen/Qwen2-1.5B-Instruct,0.0,0,logiqa,0.75
48,2.296875,0.10057264266491435,Qwen/Qwen2-1.5B-Instruct,0.0,0,logiqa,0.75
49,2.8125,0.060054667895307945,Qwen/Qwen2-1.5B-Instruct,0.0,0,logiqa,0.75
50,1.375,0.25283959580474646,Qwen/Qwen2-1.5B-Instruct,0.0,0,logiqa,0.75
51,1.984375,0.13746650383851944,Qwen/Qwen2-1.5B-Instruct,0.0,0,logiqa,0.75
52,1.4296875,0.23938371796817895,Qwen/Qwen2-1.5B-Instruct,0.0,0,logiqa,0.75
53,1.890625,0.1509774184559146,Qwen/Qwen2-1.5B-Instruct,0.0,0,logiqa,0.75
54,1.0078125,0.36501658064745907,Qwen/Qwen2-1.5B-Instruct,1.0,0,logiqa,0.75
55,0.6015625,0.54795478749992,Qwen/Qwen2-1.5B-Instruct,1.0,0,logiqa,0.75
56,1.53125,0.2162651668298873,Qwen/Qwen2-1.5B-Instruct,0.0,0,logiqa,0.75
57,0.06787109375,0.9343809133539388,Qwen/Qwen2-1.5B-Instruct,1.0,0,logiqa,0.75
58,0.369140625,0.6913281855882473,Qwen/Qwen2-1.5B-Instruct,1.0,0,logiqa,0.75
59,1.109375,0.3297649998062575,Qwen/Qwen2-1.5B-Instruct,1.0,0,logiqa,0.75
60,3.0625,0.04677062238395898,Qwen/Qwen2-1.5B-Instruct,0.0,0,logiqa,0.75
61,2.21875,0.10874495509722103,Qwen/Qwen2-1.5B-Instruct,0.0,0,logiqa,0.75
62,2.640625,0.07131668269775804,Qwen/Qwen2-1.5B-Instruct,0.0,0,logiqa,0.75
63,0.2421875,0.7849089933174918,Qwen/Qwen2-1.5B-Instruct,1.0,0,logiqa,0.75
64,0.82421875,0.43857749732635326,Qwen/Qwen2-1.5B-Instruct,1.0,0,logiqa,0.75
65,0.90234375,0.40561787790561105,Qwen/Qwen2-1.5B-Instruct,0.0,0,logiqa,0.75
66,1.0546875,0.34830125444308524,Qwen/Qwen2-1.5B-Instruct,1.0,0,logiqa,0.75
67,0.97265625,0.3780774349414026,Qwen/Qwen2-1.5B-Instruct,1.0,0,logiqa,0.75
68,2.4375,0.08737902619542039,Qwen/Qwen2-1.5B-Instruct,0.0,0,logiqa,0.75
69,4.71875,0.008926329489511324,Qwen/Qwen2-1.5B-Instruct,0.0,0,logiqa,0.75
70,1.34375,0.26086558612628497,Qwen/Qwen2-1.5B-Instruct,0.0,0,logiqa,0.75
71,2.359375,0.09447925428109244,Qwen/Qwen2-1.5B-Instruct,0.0,0,logiqa,0.75
72,3.140625,0.043255754605187734,Qwen/Qwen2-1.5B-Instruct,0.0,0,logiqa,0.75
73,1.4609375,0.23201865524727103,Qwen/Qwen2-1.5B-Instruct,0.0,0,logiqa,0.75
74,2.765625,0.06293675158337987,Qwen/Qwen2-1.5B-Instruct,0.0,0,logiqa,0.75
75,1.453125,0.23383840011408472,Qwen/Qwen2-1.5B-Instruct,0.0,0,logiqa,0.75
76,2.171875,0.1139637344565904,Qwen/Qwen2-1.5B-Instruct,0.0,0,logiqa,0.75
77,5.1875,0.0055859542589981,Qwen/Qwen2-1.5B-Instruct,0.0,0,logiqa,0.75
78,3.453125,0.03164658611103602,Qwen/Qwen2-1.5B-Instruct,0.0,0,logiqa,0.75
79,1.828125,0.16071462536804407,Qwen/Qwen2-1.5B-Instruct,0.0,0,logiqa,0.75
80,0.265625,0.76672659607082,Qwen/Qwen2-1.5B-Instruct,1.0,0,logiqa,0.75
81,1.6015625,0.20158130101268698,Qwen/Qwen2-1.5B-Instruct,0.0,0,logiqa,0.75
1,7.96875,0.0003461113548007411,Qwen/Qwen2-1.5B-Instruct,0.0,0,logiqa,0.75
2,0.306640625,0.7359150228524268,Qwen/Qwen2-1.5B-Instruct,1.0,0,logiqa,0.75
3,1.875,0.15335496684492847,Qwen/Qwen2-1.5B-Instruct,0.0,0,logiqa,0.75
4,0.8515625,0.4267476175926629,Qwen/Qwen2-1.5B-Instruct,1.0,0,logiqa,0.75
5,1.890625,0.1509774184559146,Qwen/Qwen2-1.5B-Instruct,0.0,0,logiqa,0.75
6,0.9765625,0.3766034507108804,Qwen/Qwen2-1.5B-Instruct,1.0,0,logiqa,0.75
7,1.4453125,0.23567241741677974,Qwen/Qwen2-1.5B-Instruct,0.0,0,logiqa,0.75
8,1.0,0.36787944117144233,Qwen/Qwen2-1.5B-Instruct,0.0,0,logiqa,0.75
9,3.203125,0.040635020917967515,Qwen/Qwen2-1.5B-Instruct,0.0,0,logiqa,0.75
10,0.1455078125,0.8645831354918224,Qwen/Qwen2-1.5B-Instruct,1.0,0,logiqa,0.75
11,3.65625,0.025829190807190754,Qwen/Qwen2-1.5B-Instruct,0.0,0,logiqa,0.75
12,4.90625,0.0074001870652772766,Qwen/Qwen2-1.5B-Instruct,0.0,0,logiqa,0.75
13,0.73046875,0.48168314818692903,Qwen/Qwen2-1.5B-Instruct,1.0,0,logiqa,0.75
14,3.125,0.04393693362340742,Qwen/Qwen2-1.5B-Instruct,0.0,0,logiqa,0.75
15,1.7109375,0.18069631039374898,Qwen/Qwen2-1.5B-Instruct,0.0,0,logiqa,0.75
16,3.84375,0.021413151278198653,Qwen/Qwen2-1.5B-Instruct,0.0,0,logiqa,0.75
17,3.453125,0.03164658611103602,Qwen/Qwen2-1.5B-Instruct,0.0,0,logiqa,0.75
18,5.125,0.005946217356472094,Qwen/Qwen2-1.5B-Instruct,0.0,0,logiqa,0.75
19,3.0,0.049787068367863944,Qwen/Qwen2-1.5B-Instruct,0.0,0,logiqa,0.75
20,2.0625,0.1271357329320356,Qwen/Qwen2-1.5B-Instruct,0.0,0,logiqa,0.75
21,0.796875,0.4507353134063624,Qwen/Qwen2-1.5B-Instruct,1.0,0,logiqa,0.75
22,0.578125,0.5609491608144708,Qwen/Qwen2-1.5B-Instruct,1.0,0,logiqa,0.75
23,4.46875,0.011461633942261852,Qwen/Qwen2-1.5B-Instruct,0.0,0,logiqa,0.75
24,1.296875,0.27338478699614155,Qwen/Qwen2-1.5B-Instruct,0.0,0,logiqa,0.75
25,1.890625,0.1509774184559146,Qwen/Qwen2-1.5B-Instruct,0.0,0,logiqa,0.75
26,2.765625,0.06293675158337987,Qwen/Qwen2-1.5B-Instruct,0.0,0,logiqa,0.75
27,1.53125,0.2162651668298873,Qwen/Qwen2-1.5B-Instruct,0.0,0,logiqa,0.75
28,2.265625,0.10376516104428837,Qwen/Qwen2-1.5B-Instruct,0.0,0,logiqa,0.75
29,1.5078125,0.221393747466153,Qwen/Qwen2-1.5B-Instruct,0.0,0,logiqa,0.75
30,1.0546875,0.34830125444308524,Qwen/Qwen2-1.5B-Instruct,0.0,0,logiqa,0.75
31,1.5625,0.2096113871510978,Qwen/Qwen2-1.5B-Instruct,0.0,0,logiqa,0.75
32,0.55859375,0.572012891653811,Qwen/Qwen2-1.5B-Instruct,1.0,0,logiqa,0.75
33,1.515625,0.21967084765457534,Qwen/Qwen2-1.5B-Instruct,0.0,0,logiqa,0.75
34,3.15625,0.04258513628878761,Qwen/Qwen2-1.5B-Instruct,0.0,0,logiqa,0.75
35,3.75,0.023517745856009107,Qwen/Qwen2-1.5B-Instruct,0.0,0,logiqa,0.75
36,1.765625,0.17107982817134254,Qwen/Qwen2-1.5B-Instruct,0.0,0,logiqa,0.75
37,3.078125,0.04604551109353302,Qwen/Qwen2-1.5B-Instruct,0.0,0,logiqa,0.75
38,1.1875,0.3049827687110593,Qwen/Qwen2-1.5B-Instruct,0.0,0,logiqa,0.75
39,1.5234375,0.21796135555570278,Qwen/Qwen2-1.5B-Instruct,0.0,0,logiqa,0.75
40,1.96875,0.13963128628139898,Qwen/Qwen2-1.5B-Instruct,0.0,0,logiqa,0.75
41,1.28125,0.27768997095378994,Qwen/Qwen2-1.5B-Instruct,0.0,0,logiqa,0.75
42,0.41015625,0.663546562885513,Qwen/Qwen2-1.5B-Instruct,1.0,0,logiqa,0.75
43,6.25,0.0019304541362277093,Qwen/Qwen2-1.5B-Instruct,0.0,0,logiqa,0.75
44,1.828125,0.16071462536804407,Qwen/Qwen2-1.5B-Instruct,0.0,0,logiqa,0.75
45,1.1875,0.3049827687110593,Qwen/Qwen2-1.5B-Instruct,0.0,0,logiqa,0.75
46,0.294921875,0.7445897562683694,Qwen/Qwen2-1.5B-Instruct,1.0,0,logiqa,0.75
47,0.6875,0.5028315779709409,Qwen/Qwen2-1.5B-Instruct,1.0,0,logiqa,0.75
48,0.6640625,0.514755885208607,Qwen/Qwen2-1.5B-Instruct,1.0,0,logiqa,0.75
49,0.486328125,0.6148800167035864,Qwen/Qwen2-1.5B-Instruct,1.0,0,logiqa,0.75
50,1.1796875,0.30737477821235176,Qwen/Qwen2-1.5B-Instruct,1.0,0,logiqa,0.75
51,2.59375,0.0747392417609257,Qwen/Qwen2-1.5B-Instruct,0.0,0,logiqa,0.75
52,0.023193359375,0.9770735391778969,Qwen/Qwen2-1.5B-Instruct,1.0,0,logiqa,0.75
53,0.0751953125,0.9275623041230301,Qwen/Qwen2-1.5B-Instruct,1.0,0,logiqa,0.75
54,3.609375,0.027068759555306635,Qwen/Qwen2-1.5B-Instruct,0.0,0,logiqa,0.75
55,2.515625,0.08081238867682222,Qwen/Qwen2-1.5B-Instruct,0.0,0,logiqa,0.75
56,1.0234375,0.35935752309532076,Qwen/Qwen2-1.5B-Instruct,1.0,0,logiqa,0.75
57,4.1875,0.015184197956837946,Qwen/Qwen2-1.5B-Instruct,0.0,0,logiqa,0.75
58,0.62890625,0.5331746419722976,Qwen/Qwen2-1.5B-Instruct,1.0,0,logiqa,0.75
59,1.53125,0.2162651668298873,Qwen/Qwen2-1.5B-Instruct,0.0,0,logiqa,0.75
60,2.34375,0.09596708604499847,Qwen/Qwen2-1.5B-Instruct,0.0,0,logiqa,0.75
61,1.421875,0.2412612277378443,Qwen/Qwen2-1.5B-Instruct,0.0,0,logiqa,0.75
62,1.2109375,0.2979178504832066,Qwen/Qwen2-1.5B-Instruct,1.0,0,logiqa,0.75
63,1.3046875,0.27125728970502744,Qwen/Qwen2-1.5B-Instruct,0.0,0,logiqa,0.75
64,1.9375,0.14406365910145327,Qwen/Qwen2-1.5B-Instruct,0.0,0,logiqa,0.75
65,3.171875,0.04192491494570112,Qwen/Qwen2-1.5B-Instruct,0.0,0,logiqa,0.75
66,1.640625,0.19385884264329528,Qwen/Qwen2-1.5B-Instruct,0.0,0,logiqa,0.75
67,0.451171875,0.6368813687851224,Qwen/Qwen2-1.5B-Instruct,1.0,0,logiqa,0.75
68,1.2265625,0.29329906232102687,Qwen/Qwen2-1.5B-Instruct,0.0,0,logiqa,0.75
69,0.796875,0.4507353134063624,Qwen/Qwen2-1.5B-Instruct,1.0,0,logiqa,0.75
70,1.8203125,0.1619751257973035,Qwen/Qwen2-1.5B-Instruct,0.0,0,logiqa,0.75
71,2.03125,0.13117145431019428,Qwen/Qwen2-1.5B-Instruct,0.0,0,logiqa,0.75
72,1.8671875,0.15455774475698483,Qwen/Qwen2-1.5B-Instruct,0.0,0,logiqa,0.75
73,0.5625,0.569782824730923,Qwen/Qwen2-1.5B-Instruct,1.0,0,logiqa,0.75
74,1.0078125,0.36501658064745907,Qwen/Qwen2-1.5B-Instruct,1.0,0,logiqa,0.75
75,0.99609375,0.3693192805940405,Qwen/Qwen2-1.5B-Instruct,1.0,0,logiqa,0.75
76,2.578125,0.0759162135601666,Qwen/Qwen2-1.5B-Instruct,0.0,0,logiqa,0.75
77,1.609375,0.2000125828826258,Qwen/Qwen2-1.5B-Instruct,0.0,0,logiqa,0.75
78,4.53125,0.010767208646547101,Qwen/Qwen2-1.5B-Instruct,0.0,0,logiqa,0.75
79,1.734375,0.17651048487186194,Qwen/Qwen2-1.5B-Instruct,0.0,0,logiqa,0.75
1,1.6328125,0.19537929639047613,Qwen/Qwen2-1.5B-Instruct,1.0,0,logiqa,0.75
2,4.375,0.012588142242433998,Qwen/Qwen2-1.5B-Instruct,0.0,0,logiqa,0.75
3,2.578125,0.0759162135601666,Qwen/Qwen2-1.5B-Instruct,0.0,0,logiqa,0.75
4,3.375,0.03421811831166603,Qwen/Qwen2-1.5B-Instruct,0.0,0,logiqa,0.75
5,5.625,0.0036065631360157305,Qwen/Qwen2-1.5B-Instruct,0.0,0,logiqa,0.75
6,1.0078125,0.36501658064745907,Qwen/Qwen2-1.5B-Instruct,1.0,0,logiqa,0.75
7,4.90625,0.0074001870652772766,Qwen/Qwen2-1.5B-Instruct,0.0,0,logiqa,0.75
8,0.3125,0.7316156289466418,Qwen/Qwen2-1.5B-Instruct,1.0,0,logiqa,0.75
9,4.03125,0.01775212592162854,Qwen/Qwen2-1.5B-Instruct,0.0,0,logiqa,0.75
10,0.921875,0.39777251796661167,Qwen/Qwen2-1.5B-Instruct,1.0,0,logiqa,0.75
11,1.296875,0.27338478699614155,Qwen/Qwen2-1.5B-Instruct,0.0,0,logiqa,0.75
12,4.34375,0.012987732771292249,Qwen/Qwen2-1.5B-Instruct,0.0,0,logiqa,0.75
13,1.0625,0.3455907525769745,Qwen/Qwen2-1.5B-Instruct,0.0,0,logiqa,0.75
14,1.875,0.15335496684492847,Qwen/Qwen2-1.5B-Instruct,0.0,0,logiqa,0.75
15,1.78125,0.16842748127818424,Qwen/Qwen2-1.5B-Instruct,0.0,0,logiqa,0.75
16,1.46875,0.23021307174736147,Qwen/Qwen2-1.5B-Instruct,0.0,0,logiqa,0.75
17,4.03125,0.01775212592162854,Qwen/Qwen2-1.5B-Instruct,0.0,0,logiqa,0.75
18,3.1875,0.04127492938579755,Qwen/Qwen2-1.5B-Instruct,0.0,0,logiqa,0.75
19,1.40625,0.2450605392455259,Qwen/Qwen2-1.5B-Instruct,0.0,0,logiqa,0.75
20,0.25390625,0.7757645265618263,Qwen/Qwen2-1.5B-Instruct,1.0,0,logiqa,0.75
21,1.2890625,0.2755289704553164,Qwen/Qwen2-1.5B-Instruct,0.0,0,logiqa,0.75
22,2.953125,0.05217639966630833,Qwen/Qwen2-1.5B-Instruct,0.0,0,logiqa,0.75
23,4.53125,0.010767208646547101,Qwen/Qwen2-1.5B-Instruct,0.0,0,logiqa,0.75
24,1.9375,0.14406365910145327,Qwen/Qwen2-1.5B-Instruct,0.0,0,logiqa,0.75
25,0.22265625,0.8003899360518268,Qwen/Qwen2-1.5B-Instruct,1.0,0,logiqa,0.75
26,3.734375,0.023888096464365276,Qwen/Qwen2-1.5B-Instruct,0.0,0,logiqa,0.75
27,3.046875,0.04750715251567949,Qwen/Qwen2-1.5B-Instruct,0.0,0,logiqa,0.75
28,3.796875,0.022440789864373145,Qwen/Qwen2-1.5B-Instruct,0.0,0,logiqa,0.75
29,1.796875,0.1658162552121675,Qwen/Qwen2-1.5B-Instruct,0.0,0,logiqa,0.75
30,4.5,0.011108996538242306,Qwen/Qwen2-1.5B-Instruct,0.0,0,logiqa,0.75
31,1.09375,0.33495804292529496,Qwen/Qwen2-1.5B-Instruct,0.0,0,logiqa,0.75
32,3.84375,0.021413151278198653,Qwen/Qwen2-1.5B-Instruct,0.0,0,logiqa,0.75
33,0.494140625,0.6100949824510565,Qwen/Qwen2-1.5B-Instruct,1.0,0,logiqa,0.75
34,1.8359375,0.15946393423094812,Qwen/Qwen2-1.5B-Instruct,0.0,0,logiqa,0.75
35,6.375,0.001703619795802574,Qwen/Qwen2-1.5B-Instruct,0.0,0,logiqa,0.75
36,2.3125,0.0990134083638263,Qwen/Qwen2-1.5B-Instruct,0.0,0,logiqa,0.75
37,2.921875,0.053832656382752,Qwen/Qwen2-1.5B-Instruct,0.0,0,logiqa,0.75
38,1.125,0.32465246735834974,Qwen/Qwen2-1.5B-Instruct,0.0,0,logiqa,0.75
39,1.0078125,0.36501658064745907,Qwen/Qwen2-1.5B-Instruct,1.0,0,logiqa,0.75
40,1.421875,0.2412612277378443,Qwen/Qwen2-1.5B-Instruct,0.0,0,logiqa,0.75
41,1.8828125,0.1521615490248429,Qwen/Qwen2-1.5B-Instruct,0.0,0,logiqa,0.75
42,0.400390625,0.6700582534023591,Qwen/Qwen2-1.5B-Instruct,1.0,0,logiqa,0.75
43,0.91796875,0.39932935558376886,Qwen/Qwen2-1.5B-Instruct,1.0,0,logiqa,0.75
44,2.109375,0.1213137638466268,Qwen/Qwen2-1.5B-Instruct,0.0,0,logiqa,0.75
45,0.69140625,0.5008712234296745,Qwen/Qwen2-1.5B-Instruct,1.0,0,logiqa,0.75
46,3.390625,0.03368761555886473,Qwen/Qwen2-1.5B-Instruct,0.0,0,logiqa,0.75
47,0.671875,0.5107500231290107,Qwen/Qwen2-1.5B-Instruct,1.0,0,logiqa,0.75
48,1.0,0.36787944117144233,Qwen/Qwen2-1.5B-Instruct,1.0,0,logiqa,0.75
49,0.3515625,0.7035878743456275,Qwen/Qwen2-1.5B-Instruct,1.0,0,logiqa,0.75
50,1.59375,0.20316232275153173,Qwen/Qwen2-1.5B-Instruct,0.0,0,logiqa,0.75
51,1.5546875,0.21125538963610227,Qwen/Qwen2-1.5B-Instruct,0.0,0,logiqa,0.75
52,0.3359375,0.7146677711559482,Qwen/Qwen2-1.5B-Instruct,1.0,0,logiqa,0.75
53,5.28125,0.005086069231012701,Qwen/Qwen2-1.5B-Instruct,0.0,0,logiqa,0.75
54,1.8046875,0.16452586287665122,Qwen/Qwen2-1.5B-Instruct,0.0,0,logiqa,0.75
55,1.140625,0.31961919737930994,Qwen/Qwen2-1.5B-Instruct,0.0,0,logiqa,0.75
56,0.6328125,0.5310959910353452,Qwen/Qwen2-1.5B-Instruct,1.0,0,logiqa,0.75
57,3.390625,0.03368761555886473,Qwen/Qwen2-1.5B-Instruct,0.0,0,logiqa,0.75
58,1.1484375,0.31713190105209277,Qwen/Qwen2-1.5B-Instruct,0.0,0,logiqa,0.75
59,2.75,0.06392786120670757,Qwen/Qwen2-1.5B-Instruct,0.0,0,logiqa,0.75
60,1.3203125,0.26705183522634335,Qwen/Qwen2-1.5B-Instruct,0.0,0,logiqa,0.75
61,3.84375,0.021413151278198653,Qwen/Qwen2-1.5B-Instruct,0.0,0,logiqa,0.75
62,0.97265625,0.3780774349414026,Qwen/Qwen2-1.5B-Instruct,1.0,0,logiqa,0.75
63,4.125,0.016163494588165874,Qwen/Qwen2-1.5B-Instruct,0.0,0,logiqa,0.75
64,2.015625,0.13323710414756298,Qwen/Qwen2-1.5B-Instruct,0.0,0,logiqa,0.75
65,1.546875,0.21291228619240427,Qwen/Qwen2-1.5B-Instruct,0.0,0,logiqa,0.75
66,0.22265625,0.8003899360518268,Qwen/Qwen2-1.5B-Instruct,1.0,0,logiqa,0.75
67,3.40625,0.03316533748891029,Qwen/Qwen2-1.5B-Instruct,0.0,0,logiqa,0.75
68,1.375,0.25283959580474646,Qwen/Qwen2-1.5B-Instruct,0.0,0,logiqa,0.75
69,3.4375,0.03214494732687607,Qwen/Qwen2-1.5B-Instruct,0.0,0,logiqa,0.75
70,2.171875,0.1139637344565904,Qwen/Qwen2-1.5B-Instruct,0.0,0,logiqa,0.75
71,1.40625,0.2450605392455259,Qwen/Qwen2-1.5B-Instruct,0.0,0,logiqa,0.75
72,0.023193359375,0.9770735391778969,Qwen/Qwen2-1.5B-Instruct,1.0,0,logiqa,0.75
73,1.65625,0.19085333986431632,Qwen/Qwen2-1.5B-Instruct,0.0,0,logiqa,0.75
74,2.6875,0.0680508540250102,Qwen/Qwen2-1.5B-Instruct,0.0,0,logiqa,0.75
75,2.140625,0.11758133171956547,Qwen/Qwen2-1.5B-Instruct,0.0,0,logiqa,0.75
76,1.0859375,0.3375851514160396,Qwen/Qwen2-1.5B-Instruct,0.0,0,logiqa,0.75
77,2.90625,0.05468039736791477,Qwen/Qwen2-1.5B-Instruct,0.0,0,logiqa,0.75
78,3.21875,0.04000503331137926,Qwen/Qwen2-1.5B-Instruct,0.0,0,logiqa,0.75
79,1.4765625,0.2284215394097245,Qwen/Qwen2-1.5B-Instruct,0.0,0,logiqa,0.75
80,0.486328125,0.6148800167035864,Qwen/Qwen2-1.5B-Instruct,1.0,0,logiqa,0.75
81,1.8828125,0.1521615490248429,Qwen/Qwen2-1.5B-Instruct,0.0,0,logiqa,0.75
1,2.9375,0.0529980584033558,Qwen/Qwen2-1.5B-Instruct,0.0,0,logiqa,0.75
2,1.2578125,0.2842751988422877,Qwen/Qwen2-1.5B-Instruct,0.0,0,logiqa,0.75
3,3.671875,0.025428746320412147,Qwen/Qwen2-1.5B-Instruct,0.0,0,logiqa,0.75
4,1.0234375,0.35935752309532076,Qwen/Qwen2-1.5B-Instruct,1.0,0,logiqa,0.75
5,1.875,0.15335496684492847,Qwen/Qwen2-1.5B-Instruct,0.0,0,logiqa,0.75
6,1.546875,0.21291228619240427,Qwen/Qwen2-1.5B-Instruct,0.0,0,logiqa,0.75
7,1.46875,0.23021307174736147,Qwen/Qwen2-1.5B-Instruct,0.0,0,logiqa,0.75
8,1.1875,0.3049827687110593,Qwen/Qwen2-1.5B-Instruct,0.0,0,logiqa,0.75
9,1.734375,0.17651048487186194,Qwen/Qwen2-1.5B-Instruct,0.0,0,logiqa,0.75
10,4.40625,0.012200845821682604,Qwen/Qwen2-1.5B-Instruct,0.0,0,logiqa,0.75
11,3.171875,0.04192491494570112,Qwen/Qwen2-1.5B-Instruct,0.0,0,logiqa,0.75
12,4.03125,0.01775212592162854,Qwen/Qwen2-1.5B-Instruct,0.0,0,logiqa,0.75
13,1.546875,0.21291228619240427,Qwen/Qwen2-1.5B-Instruct,0.0,0,logiqa,0.75
14,1.734375,0.17651048487186194,Qwen/Qwen2-1.5B-Instruct,0.0,0,logiqa,0.75
15,1.96875,0.13963128628139898,Qwen/Qwen2-1.5B-Instruct,0.0,0,logiqa,0.75
16,3.1875,0.04127492938579755,Qwen/Qwen2-1.5B-Instruct,0.0,0,logiqa,0.75
17,1.71875,0.17929012055011864,Qwen/Qwen2-1.5B-Instruct,0.0,0,logiqa,0.75
18,3.125,0.04393693362340742,Qwen/Qwen2-1.5B-Instruct,0.0,0,logiqa,0.75
19,4.03125,0.01775212592162854,Qwen/Qwen2-1.5B-Instruct,0.0,0,logiqa,0.75
20,0.76953125,0.463230156563083,Qwen/Qwen2-1.5B-Instruct,1.0,0,logiqa,0.75
21,0.42578125,0.6532592269479727,Qwen/Qwen2-1.5B-Instruct,1.0,0,logiqa,0.75
22,5.40625,0.004488440342699523,Qwen/Qwen2-1.5B-Instruct,0.0,0,logiqa,0.75
23,1.71875,0.17929012055011864,Qwen/Qwen2-1.5B-Instruct,0.0,0,logiqa,0.75
24,3.9375,0.019496896108597995,Qwen/Qwen2-1.5B-Instruct,0.0,0,logiqa,0.75
25,0.58203125,0.5587622272904076,Qwen/Qwen2-1.5B-Instruct,1.0,0,logiqa,0.75
26,1.34375,0.26086558612628497,Qwen/Qwen2-1.5B-Instruct,0.0,0,logiqa,0.75
27,5.40625,0.004488440342699523,Qwen/Qwen2-1.5B-Instruct,0.0,0,logiqa,0.75
28,0.6640625,0.514755885208607,Qwen/Qwen2-1.5B-Instruct,1.0,0,logiqa,0.75
29,0.84375,0.43009464064006225,Qwen/Qwen2-1.5B-Instruct,1.0,0,logiqa,0.75
30,1.671875,0.18789443308700168,Qwen/Qwen2-1.5B-Instruct,0.0,0,logiqa,0.75
31,2.96875,0.05136747956725073,Qwen/Qwen2-1.5B-Instruct,0.0,0,logiqa,0.75
32,4.1875,0.015184197956837946,Qwen/Qwen2-1.5B-Instruct,0.0,0,logiqa,0.75
33,3.5,0.0301973834223185,Qwen/Qwen2-1.5B-Instruct,0.0,0,logiqa,0.75
34,3.140625,0.043255754605187734,Qwen/Qwen2-1.5B-Instruct,0.0,0,logiqa,0.75
35,0.22265625,0.8003899360518268,Qwen/Qwen2-1.5B-Instruct,1.0,0,logiqa,0.75
36,2.609375,0.07358051721811718,Qwen/Qwen2-1.5B-Instruct,0.0,0,logiqa,0.75
37,1.8046875,0.16452586287665122,Qwen/Qwen2-1.5B-Instruct,0.0,0,logiqa,0.75
38,0.69921875,0.49697341264527733,Qwen/Qwen2-1.5B-Instruct,1.0,0,logiqa,0.75
39,1.9765625,0.13854466699075552,Qwen/Qwen2-1.5B-Instruct,0.0,0,logiqa,0.75
40,2.25,0.10539922456186433,Qwen/Qwen2-1.5B-Instruct,0.0,0,logiqa,0.75
41,7.0,0.0009118819655545162,Qwen/Qwen2-1.5B-Instruct,0.0,0,logiqa,0.75
42,0.41015625,0.663546562885513,Qwen/Qwen2-1.5B-Instruct,1.0,0,logiqa,0.75
43,0.91796875,0.39932935558376886,Qwen/Qwen2-1.5B-Instruct,1.0,0,logiqa,0.75
44,1.6875,0.18498139990730428,Qwen/Qwen2-1.5B-Instruct,0.0,0,logiqa,0.75
45,1.2109375,0.2979178504832066,Qwen/Qwen2-1.5B-Instruct,0.0,0,logiqa,0.75
46,1.4375,0.23752081909545814,Qwen/Qwen2-1.5B-Instruct,0.0,0,logiqa,0.75
47,3.421875,0.03265115658991408,Qwen/Qwen2-1.5B-Instruct,0.0,0,logiqa,0.75
48,1.140625,0.31961919737930994,Qwen/Qwen2-1.5B-Instruct,1.0,0,logiqa,0.75
49,0.9453125,0.3885581275123641,Qwen/Qwen2-1.5B-Instruct,1.0,0,logiqa,0.75
50,0.08984375,0.9140739981758944,Qwen/Qwen2-1.5B-Instruct,1.0,0,logiqa,0.75
51,3.203125,0.040635020917967515,Qwen/Qwen2-1.5B-Instruct,0.0,0,logiqa,0.75
52,2.46875,0.0846906561847805,Qwen/Qwen2-1.5B-Instruct,0.0,0,logiqa,0.75
53,0.8984375,0.407205421393389,Qwen/Qwen2-1.5B-Instruct,1.0,0,logiqa,0.75
54,0.88671875,0.41200543004441853,Qwen/Qwen2-1.5B-Instruct,0.0,0,logiqa,0.75
55,1.6796875,0.18643222700816212,Qwen/Qwen2-1.5B-Instruct,0.0,0,logiqa,0.75
56,1.96875,0.13963128628139898,Qwen/Qwen2-1.5B-Instruct,0.0,0,logiqa,0.75
57,0.73046875,0.48168314818692903,Qwen/Qwen2-1.5B-Instruct,1.0,0,logiqa,0.75
58,2.21875,0.10874495509722103,Qwen/Qwen2-1.5B-Instruct,0.0,0,logiqa,0.75
59,2.1875,0.11219689052034373,Qwen/Qwen2-1.5B-Instruct,0.0,0,logiqa,0.75
60,0.9296875,0.3946770276734171,Qwen/Qwen2-1.5B-Instruct,1.0,0,logiqa,0.75
61,0.8046875,0.4472276633691456,Qwen/Qwen2-1.5B-Instruct,1.0,0,logiqa,0.75
62,2.109375,0.1213137638466268,Qwen/Qwen2-1.5B-Instruct,0.0,0,logiqa,0.75
63,0.99609375,0.3693192805940405,Qwen/Qwen2-1.5B-Instruct,0.0,0,logiqa,0.75
64,2.953125,0.05217639966630833,Qwen/Qwen2-1.5B-Instruct,0.0,0,logiqa,0.75
65,1.921875,0.1463323316229146,Qwen/Qwen2-1.5B-Instruct,0.0,0,logiqa,0.75
66,1.046875,0.3510330150388101,Qwen/Qwen2-1.5B-Instruct,1.0,0,logiqa,0.75
67,1.65625,0.19085333986431632,Qwen/Qwen2-1.5B-Instruct,0.0,0,logiqa,0.75
68,1.3984375,0.24698257287629313,Qwen/Qwen2-1.5B-Instruct,0.0,0,logiqa,0.75
69,0.8984375,0.407205421393389,Qwen/Qwen2-1.5B-Instruct,1.0,0,logiqa,0.75
70,3.015625,0.049015191417106724,Qwen/Qwen2-1.5B-Instruct,0.0,0,logiqa,0.75
71,1.4296875,0.23938371796817895,Qwen/Qwen2-1.5B-Instruct,0.0,0,logiqa,0.75
72,1.4453125,0.23567241741677974,Qwen/Qwen2-1.5B-Instruct,0.0,0,logiqa,0.75
73,1.125,0.32465246735834974,Qwen/Qwen2-1.5B-Instruct,1.0,0,logiqa,0.75
74,1.1640625,0.31221522664653706,Qwen/Qwen2-1.5B-Instruct,0.0,0,logiqa,0.75
75,2.3125,0.0990134083638263,Qwen/Qwen2-1.5B-Instruct,0.0,0,logiqa,0.75
76,1.0703125,0.34290134400373157,Qwen/Qwen2-1.5B-Instruct,1.0,0,logiqa,0.75
77,1.453125,0.23383840011408472,Qwen/Qwen2-1.5B-Instruct,0.0,0,logiqa,0.75
1,2.359375,0.09447925428109244,Qwen/Qwen2-1.5B-Instruct,0.0,0,logiqa,0.75
2,1.0703125,0.34290134400373157,Qwen/Qwen2-1.5B-Instruct,1.0,0,logiqa,0.75
3,2.40625,0.09015273423081638,Qwen/Qwen2-1.5B-Instruct,0.0,0,logiqa,0.75
4,4.25,0.014264233908999256,Qwen/Qwen2-1.5B-Instruct,0.0,0,logiqa,0.75
5,1.453125,0.23383840011408472,Qwen/Qwen2-1.5B-Instruct,0.0,0,logiqa,0.75
6,0.2353515625,0.7902929634144612,Qwen/Qwen2-1.5B-Instruct,1.0,0,logiqa,0.75
7,1.7890625,0.16711676822020574,Qwen/Qwen2-1.5B-Instruct,0.0,0,logiqa,0.75
8,3.046875,0.04750715251567949,Qwen/Qwen2-1.5B-Instruct,0.0,0,logiqa,0.75
9,4.96875,0.006951832396384793,Qwen/Qwen2-1.5B-Instruct,0.0,0,logiqa,0.75
10,1.0234375,0.35935752309532076,Qwen/Qwen2-1.5B-Instruct,0.0,0,logiqa,0.75
11,3.828125,0.021750359344450344,Qwen/Qwen2-1.5B-Instruct,0.0,0,logiqa,0.75
12,0.57421875,0.5631446537543375,Qwen/Qwen2-1.5B-Instruct,1.0,0,logiqa,0.75
13,2.84375,0.058206980009571974,Qwen/Qwen2-1.5B-Instruct,0.0,0,logiqa,0.75
14,2.53125,0.07955950871822769,Qwen/Qwen2-1.5B-Instruct,0.0,0,logiqa,0.75
15,1.34375,0.26086558612628497,Qwen/Qwen2-1.5B-Instruct,0.0,0,logiqa,0.75
16,0.77734375,0.459625270884992,Qwen/Qwen2-1.5B-Instruct,1.0,0,logiqa,0.75
17,1.4921875,0.22488019168416426,Qwen/Qwen2-1.5B-Instruct,0.0,0,logiqa,0.75
18,1.328125,0.26497362135689667,Qwen/Qwen2-1.5B-Instruct,0.0,0,logiqa,0.75
19,1.03125,0.356560980663947,Qwen/Qwen2-1.5B-Instruct,1.0,0,logiqa,0.75
20,2.640625,0.07131668269775804,Qwen/Qwen2-1.5B-Instruct,0.0,0,logiqa,0.75
21,1.265625,0.28206295169381546,Qwen/Qwen2-1.5B-Instruct,0.0,0,logiqa,0.75
22,1.8671875,0.15455774475698483,Qwen/Qwen2-1.5B-Instruct,0.0,0,logiqa,0.75
23,5.28125,0.005086069231012701,Qwen/Qwen2-1.5B-Instruct,0.0,0,logiqa,0.75
24,0.5078125,0.6018106006716945,Qwen/Qwen2-1.5B-Instruct,1.0,0,logiqa,0.75
25,0.55859375,0.572012891653811,Qwen/Qwen2-1.5B-Instruct,1.0,0,logiqa,0.75
26,0.70703125,0.49310593486505433,Qwen/Qwen2-1.5B-Instruct,1.0,0,logiqa,0.75
27,1.703125,0.18211352912101367,Qwen/Qwen2-1.5B-Instruct,0.0,0,logiqa,0.75
28,0.76953125,0.463230156563083,Qwen/Qwen2-1.5B-Instruct,1.0,0,logiqa,0.75
29,4.65625,0.00950202828005989,Qwen/Qwen2-1.5B-Instruct,0.0,0,logiqa,0.75
30,1.796875,0.1658162552121675,Qwen/Qwen2-1.5B-Instruct,0.0,0,logiqa,0.75
31,1.0078125,0.36501658064745907,Qwen/Qwen2-1.5B-Instruct,1.0,0,logiqa,0.75
32,1.46875,0.23021307174736147,Qwen/Qwen2-1.5B-Instruct,0.0,0,logiqa,0.75
33,2.359375,0.09447925428109244,Qwen/Qwen2-1.5B-Instruct,0.0,0,logiqa,0.75
34,1.109375,0.3297649998062575,Qwen/Qwen2-1.5B-Instruct,1.0,0,logiqa,0.75
35,1.390625,0.2489196812036605,Qwen/Qwen2-1.5B-Instruct,0.0,0,logiqa,0.75
36,1.6875,0.18498139990730428,Qwen/Qwen2-1.5B-Instruct,0.0,0,logiqa,0.75
37,4.875,0.007635094218859962,Qwen/Qwen2-1.5B-Instruct,0.0,0,logiqa,0.75
38,0.19140625,0.8257970399501007,Qwen/Qwen2-1.5B-Instruct,1.0,0,logiqa,0.75
39,4.65625,0.00950202828005989,Qwen/Qwen2-1.5B-Instruct,0.0,0,logiqa,0.75
40,1.59375,0.20316232275153173,Qwen/Qwen2-1.5B-Instruct,0.0,0,logiqa,0.75
41,1.2265625,0.29329906232102687,Qwen/Qwen2-1.5B-Instruct,0.0,0,logiqa,0.75
42,0.5234375,0.5924803921133679,Qwen/Qwen2-1.5B-Instruct,1.0,0,logiqa,0.75
43,2.4375,0.08737902619542039,Qwen/Qwen2-1.5B-Instruct,0.0,0,logiqa,0.75
44,1.734375,0.17651048487186194,Qwen/Qwen2-1.5B-Instruct,0.0,0,logiqa,0.75
45,0.023193359375,0.9770735391778969,Qwen/Qwen2-1.5B-Instruct,1.0,0,logiqa,0.75
46,0.22265625,0.8003899360518268,Qwen/Qwen2-1.5B-Instruct,1.0,0,logiqa,0.75
47,0.70703125,0.49310593486505433,Qwen/Qwen2-1.5B-Instruct,1.0,0,logiqa,0.75
48,2.1875,0.11219689052034373,Qwen/Qwen2-1.5B-Instruct,0.0,0,logiqa,0.75
49,1.46875,0.23021307174736147,Qwen/Qwen2-1.5B-Instruct,0.0,0,logiqa,0.75
50,2.234375,0.10705902083552722,Qwen/Qwen2-1.5B-Instruct,0.0,0,logiqa,0.75
51,1.703125,0.18211352912101367,Qwen/Qwen2-1.5B-Instruct,0.0,0,logiqa,0.75
52,0.2041015625,0.8153795549957998,Qwen/Qwen2-1.5B-Instruct,1.0,0,logiqa,0.75
53,1.875,0.15335496684492847,Qwen/Qwen2-1.5B-Instruct,0.0,0,logiqa,0.75
54,1.296875,0.27338478699614155,Qwen/Qwen2-1.5B-Instruct,0.0,0,logiqa,0.75
55,4.75,0.008651695203120634,Qwen/Qwen2-1.5B-Instruct,0.0,0,logiqa,0.75
56,0.83984375,0.43177798346854385,Qwen/Qwen2-1.5B-Instruct,1.0,0,logiqa,0.75
57,2.0,0.1353352832366127,Qwen/Qwen2-1.5B-Instruct,0.0,0,logiqa,0.75
58,0.953125,0.3855343441745787,Qwen/Qwen2-1.5B-Instruct,0.0,0,logiqa,0.75
59,1.125,0.32465246735834974,Qwen/Qwen2-1.5B-Instruct,1.0,0,logiqa,0.75
60,0.62890625,0.5331746419722976,Qwen/Qwen2-1.5B-Instruct,1.0,0,logiqa,0.75
61,0.83203125,0.4351644601644917,Qwen/Qwen2-1.5B-Instruct,1.0,0,logiqa,0.75
62,2.03125,0.13117145431019428,Qwen/Qwen2-1.5B-Instruct,0.0,0,logiqa,0.75
63,2.359375,0.09447925428109244,Qwen/Qwen2-1.5B-Instruct,0.0,0,logiqa,0.75
64,2.265625,0.10376516104428837,Qwen/Qwen2-1.5B-Instruct,0.0,0,logiqa,0.75
65,0.0458984375,0.9551389635657673,Qwen/Qwen2-1.5B-Instruct,1.0,0,logiqa,0.75
66,1.671875,0.18789443308700168,Qwen/Qwen2-1.5B-Instruct,0.0,0,logiqa,0.75
67,1.5234375,0.21796135555570278,Qwen/Qwen2-1.5B-Instruct,0.0,0,logiqa,0.75
68,1.9375,0.14406365910145327,Qwen/Qwen2-1.5B-Instruct,0.0,0,logiqa,0.75
69,2.3125,0.0990134083638263,Qwen/Qwen2-1.5B-Instruct,0.0,0,logiqa,0.75
70,0.8125,0.44374731008107987,Qwen/Qwen2-1.5B-Instruct,1.0,0,logiqa,0.75
71,1.6953125,0.18354186323251906,Qwen/Qwen2-1.5B-Instruct,0.0,0,logiqa,0.75
72,2.046875,0.129137829405204,Qwen/Qwen2-1.5B-Instruct,0.0,0,logiqa,0.75
73,1.1640625,0.31221522664653706,Qwen/Qwen2-1.5B-Instruct,1.0,0,logiqa,0.75
74,1.59375,0.20316232275153173,Qwen/Qwen2-1.5B-Instruct,0.0,0,logiqa,0.75
75,1.1015625,0.3323513787550223,Qwen/Qwen2-1.5B-Instruct,1.0,0,logiqa,0.75
76,1.5390625,0.21458217794945839,Qwen/Qwen2-1.5B-Instruct,0.0,0,logiqa,0.75
77,2.3125,0.0990134083638263,Qwen/Qwen2-1.5B-Instruct,0.0,0,logiqa,0.75
78,1.3671875,0.2548226413322821,Qwen/Qwen2-1.5B-Instruct,0.0,0,logiqa,0.75
79,5.0,0.006737946999085467,Qwen/Qwen2-1.5B-Instruct,0.0,0,logiqa,0.75
1,0.72265625,0.485461035940867,Qwen/Qwen2-1.5B-Instruct,1.0,0,logiqa,0.75
2,1.234375,0.29101659090983195,Qwen/Qwen2-1.5B-Instruct,0.0,0,logiqa,0.75
3,2.25,0.10539922456186433,Qwen/Qwen2-1.5B-Instruct,0.0,0,logiqa,0.75
4,2.46875,0.0846906561847805,Qwen/Qwen2-1.5B-Instruct,0.0,0,logiqa,0.75
5,3.53125,0.029268307607136092,Qwen/Qwen2-1.5B-Instruct,0.0,0,logiqa,0.75
6,4.25,0.014264233908999256,Qwen/Qwen2-1.5B-Instruct,0.0,0,logiqa,0.75
7,1.765625,0.17107982817134254,Qwen/Qwen2-1.5B-Instruct,0.0,0,logiqa,0.75
8,2.21875,0.10874495509722103,Qwen/Qwen2-1.5B-Instruct,0.0,0,logiqa,0.75
9,1.7265625,0.17789487376266921,Qwen/Qwen2-1.5B-Instruct,0.0,0,logiqa,0.75
10,2.40625,0.09015273423081638,Qwen/Qwen2-1.5B-Instruct,0.0,0,logiqa,0.75
11,4.21875,0.014717029298635137,Qwen/Qwen2-1.5B-Instruct,0.0,0,logiqa,0.75
12,0.73828125,0.47793466018873804,Qwen/Qwen2-1.5B-Instruct,1.0,0,logiqa,0.75
13,0.08984375,0.9140739981758944,Qwen/Qwen2-1.5B-Instruct,1.0,0,logiqa,0.75
14,1.6484375,0.1923502211610474,Qwen/Qwen2-1.5B-Instruct,0.0,0,logiqa,0.75
15,5.4375,0.004350345551108769,Qwen/Qwen2-1.5B-Instruct,0.0,0,logiqa,0.75
16,1.4375,0.23752081909545814,Qwen/Qwen2-1.5B-Instruct,0.0,0,logiqa,0.75
17,2.125,0.11943296826671962,Qwen/Qwen2-1.5B-Instruct,0.0,0,logiqa,0.75
18,0.22265625,0.8003899360518268,Qwen/Qwen2-1.5B-Instruct,1.0,0,logiqa,0.75
19,1.9375,0.14406365910145327,Qwen/Qwen2-1.5B-Instruct,0.0,0,logiqa,0.75
20,2.125,0.11943296826671962,Qwen/Qwen2-1.5B-Instruct,0.0,0,logiqa,0.75
21,1.3515625,0.25883551402927246,Qwen/Qwen2-1.5B-Instruct,0.0,0,logiqa,0.75
22,1.328125,0.26497362135689667,Qwen/Qwen2-1.5B-Instruct,0.0,0,logiqa,0.75
23,1.75,0.17377394345044514,Qwen/Qwen2-1.5B-Instruct,0.0,0,logiqa,0.75
24,5.78125,0.0030848569260302594,Qwen/Qwen2-1.5B-Instruct,0.0,0,logiqa,0.75
25,2.4375,0.08737902619542039,Qwen/Qwen2-1.5B-Instruct,0.0,0,logiqa,0.75
26,1.03125,0.356560980663947,Qwen/Qwen2-1.5B-Instruct,0.0,0,logiqa,0.75
27,1.8984375,0.14980250286418162,Qwen/Qwen2-1.5B-Instruct,0.0,0,logiqa,0.75
28,2.109375,0.1213137638466268,Qwen/Qwen2-1.5B-Instruct,0.0,0,logiqa,0.75
29,1.09375,0.33495804292529496,Qwen/Qwen2-1.5B-Instruct,1.0,0,logiqa,0.75
30,6.125,0.002187491118182885,Qwen/Qwen2-1.5B-Instruct,0.0,0,logiqa,0.75
31,1.734375,0.17651048487186194,Qwen/Qwen2-1.5B-Instruct,0.0,0,logiqa,0.75
32,0.84375,0.43009464064006225,Qwen/Qwen2-1.5B-Instruct,1.0,0,logiqa,0.75
33,1.046875,0.3510330150388101,Qwen/Qwen2-1.5B-Instruct,1.0,0,logiqa,0.75
34,1.359375,0.25682124007865503,Qwen/Qwen2-1.5B-Instruct,0.0,0,logiqa,0.75
35,2.5,0.0820849986238988,Qwen/Qwen2-1.5B-Instruct,0.0,0,logiqa,0.75
36,1.0,0.36787944117144233,Qwen/Qwen2-1.5B-Instruct,1.0,0,logiqa,0.75
37,0.023193359375,0.9770735391778969,Qwen/Qwen2-1.5B-Instruct,1.0,0,logiqa,0.75
38,6.375,0.001703619795802574,Qwen/Qwen2-1.5B-Instruct,0.0,0,logiqa,0.75
39,4.21875,0.014717029298635137,Qwen/Qwen2-1.5B-Instruct,0.0,0,logiqa,0.75
40,1.421875,0.2412612277378443,Qwen/Qwen2-1.5B-Instruct,0.0,0,logiqa,0.75
41,2.90625,0.05468039736791477,Qwen/Qwen2-1.5B-Instruct,0.0,0,logiqa,0.75
42,0.83984375,0.43177798346854385,Qwen/Qwen2-1.5B-Instruct,1.0,0,logiqa,0.75
43,1.96875,0.13963128628139898,Qwen/Qwen2-1.5B-Instruct,0.0,0,logiqa,0.75
44,1.046875,0.3510330150388101,Qwen/Qwen2-1.5B-Instruct,1.0,0,logiqa,0.75
45,0.984375,0.373672699406043,Qwen/Qwen2-1.5B-Instruct,1.0,0,logiqa,0.75
46,1.6328125,0.19537929639047613,Qwen/Qwen2-1.5B-Instruct,0.0,0,logiqa,0.75
47,2.953125,0.05217639966630833,Qwen/Qwen2-1.5B-Instruct,0.0,0,logiqa,0.75
48,1.6328125,0.19537929639047613,Qwen/Qwen2-1.5B-Instruct,0.0,0,logiqa,0.75
49,3.9375,0.019496896108597995,Qwen/Qwen2-1.5B-Instruct,0.0,0,logiqa,0.75
50,1.75,0.17377394345044514,Qwen/Qwen2-1.5B-Instruct,0.0,0,logiqa,0.75
51,1.6328125,0.19537929639047613,Qwen/Qwen2-1.5B-Instruct,0.0,0,logiqa,0.75
52,1.4609375,0.23201865524727103,Qwen/Qwen2-1.5B-Instruct,0.0,0,logiqa,0.75
53,1.5859375,0.20475574459755974,Qwen/Qwen2-1.5B-Instruct,0.0,0,logiqa,0.75
54,3.703125,0.024646386044811498,Qwen/Qwen2-1.5B-Instruct,0.0,0,logiqa,0.75
55,2.359375,0.09447925428109244,Qwen/Qwen2-1.5B-Instruct,0.0,0,logiqa,0.75
56,3.40625,0.03316533748891029,Qwen/Qwen2-1.5B-Instruct,0.0,0,logiqa,0.75
57,2.078125,0.1251646760876602,Qwen/Qwen2-1.5B-Instruct,0.0,0,logiqa,0.75
58,1.3515625,0.25883551402927246,Qwen/Qwen2-1.5B-Instruct,0.0,0,logiqa,0.75
59,2.0,0.1353352832366127,Qwen/Qwen2-1.5B-Instruct,0.0,0,logiqa,0.75
60,3.921875,0.019803927546861083,Qwen/Qwen2-1.5B-Instruct,0.0,0,logiqa,0.75
61,2.203125,0.1104574389603643,Qwen/Qwen2-1.5B-Instruct,0.0,0,logiqa,0.75
62,1.46875,0.23021307174736147,Qwen/Qwen2-1.5B-Instruct,0.0,0,logiqa,0.75
63,2.75,0.06392786120670757,Qwen/Qwen2-1.5B-Instruct,0.0,0,logiqa,0.75
64,1.890625,0.1509774184559146,Qwen/Qwen2-1.5B-Instruct,0.0,0,logiqa,0.75
65,2.71875,0.06595714935553817,Qwen/Qwen2-1.5B-Instruct,0.0,0,logiqa,0.75
66,0.306640625,0.7359150228524268,Qwen/Qwen2-1.5B-Instruct,1.0,0,logiqa,0.75
67,2.6875,0.0680508540250102,Qwen/Qwen2-1.5B-Instruct,0.0,0,logiqa,0.75
68,0.1845703125,0.8314614757090356,Qwen/Qwen2-1.5B-Instruct,1.0,0,logiqa,0.75
69,1.9375,0.14406365910145327,Qwen/Qwen2-1.5B-Instruct,0.0,0,logiqa,0.75
70,3.171875,0.04192491494570112,Qwen/Qwen2-1.5B-Instruct,0.0,0,logiqa,0.75
71,0.470703125,0.6245629680224108,Qwen/Qwen2-1.5B-Instruct,1.0,0,logiqa,0.75
72,0.5546875,0.5742516868118521,Qwen/Qwen2-1.5B-Instruct,1.0,0,logiqa,0.75
73,1.2109375,0.2979178504832066,Qwen/Qwen2-1.5B-Instruct,0.0,0,logiqa,0.75
74,1.7890625,0.16711676822020574,Qwen/Qwen2-1.5B-Instruct,0.0,0,logiqa,0.75
75,1.65625,0.19085333986431632,Qwen/Qwen2-1.5B-Instruct,0.0,0,logiqa,0.75
76,0.171875,0.8420844271433824,Qwen/Qwen2-1.5B-Instruct,1.0,0,logiqa,0.75
77,1.578125,0.20636166380601706,Qwen/Qwen2-1.5B-Instruct,0.0,0,logiqa,0.75
78,1.34375,0.26086558612628497,Qwen/Qwen2-1.5B-Instruct,0.0,0,logiqa,0.75
79,0.6171875,0.5394595359337269,Qwen/Qwen2-1.5B-Instruct,1.0,0,logiqa,0.75
80,1.34375,0.26086558612628497,Qwen/Qwen2-1.5B-Instruct,0.0,0,logiqa,0.75
1,2.25,0.10539922456186433,Qwen/Qwen2-1.5B-Instruct,0.0,0,logiqa,0.75
2,2.3125,0.0990134083638263,Qwen/Qwen2-1.5B-Instruct,0.0,0,logiqa,0.75
3,1.46875,0.23021307174736147,Qwen/Qwen2-1.5B-Instruct,0.0,0,logiqa,0.75
4,1.0625,0.3455907525769745,Qwen/Qwen2-1.5B-Instruct,0.0,0,logiqa,0.75
5,0.83984375,0.43177798346854385,Qwen/Qwen2-1.5B-Instruct,1.0,0,logiqa,0.75
6,1.375,0.25283959580474646,Qwen/Qwen2-1.5B-Instruct,0.0,0,logiqa,0.75
7,0.83203125,0.4351644601644917,Qwen/Qwen2-1.5B-Instruct,1.0,0,logiqa,0.75
8,3.515625,0.02972921638615875,Qwen/Qwen2-1.5B-Instruct,0.0,0,logiqa,0.75
9,0.08984375,0.9140739981758944,Qwen/Qwen2-1.5B-Instruct,1.0,0,logiqa,0.75
10,1.984375,0.13746650383851944,Qwen/Qwen2-1.5B-Instruct,0.0,0,logiqa,0.75
11,1.9453125,0.14294254681187055,Qwen/Qwen2-1.5B-Instruct,0.0,0,logiqa,0.75
12,1.53125,0.2162651668298873,Qwen/Qwen2-1.5B-Instruct,0.0,0,logiqa,0.75
13,2.0,0.1353352832366127,Qwen/Qwen2-1.5B-Instruct,0.0,0,logiqa,0.75
14,0.1650390625,0.847860583886983,Qwen/Qwen2-1.5B-Instruct,1.0,0,logiqa,0.75
15,1.9375,0.14406365910145327,Qwen/Qwen2-1.5B-Instruct,0.0,0,logiqa,0.75
16,2.0625,0.1271357329320356,Qwen/Qwen2-1.5B-Instruct,0.0,0,logiqa,0.75
17,1.625,0.19691167520419406,Qwen/Qwen2-1.5B-Instruct,0.0,0,logiqa,0.75
18,0.4609375,0.6306920944221607,Qwen/Qwen2-1.5B-Instruct,1.0,0,logiqa,0.75
19,1.6328125,0.19537929639047613,Qwen/Qwen2-1.5B-Instruct,0.0,0,logiqa,0.75
20,1.078125,0.34023286457404905,Qwen/Qwen2-1.5B-Instruct,0.0,0,logiqa,0.75
21,3.34375,0.03530431798508576,Qwen/Qwen2-1.5B-Instruct,0.0,0,logiqa,0.75
22,1.96875,0.13963128628139898,Qwen/Qwen2-1.5B-Instruct,0.0,0,logiqa,0.75
23,4.03125,0.01775212592162854,Qwen/Qwen2-1.5B-Instruct,0.0,0,logiqa,0.75
24,1.5234375,0.21796135555570278,Qwen/Qwen2-1.5B-Instruct,0.0,0,logiqa,0.75
25,0.83203125,0.4351644601644917,Qwen/Qwen2-1.5B-Instruct,1.0,0,logiqa,0.75
26,1.875,0.15335496684492847,Qwen/Qwen2-1.5B-Instruct,0.0,0,logiqa,0.75
27,1.7109375,0.18069631039374898,Qwen/Qwen2-1.5B-Instruct,0.0,0,logiqa,0.75
28,1.609375,0.2000125828826258,Qwen/Qwen2-1.5B-Instruct,0.0,0,logiqa,0.75
29,1.90625,0.1486367305381225,Qwen/Qwen2-1.5B-Instruct,0.0,0,logiqa,0.75
30,1.2578125,0.2842751988422877,Qwen/Qwen2-1.5B-Instruct,0.0,0,logiqa,0.75
31,0.41015625,0.663546562885513,Qwen/Qwen2-1.5B-Instruct,1.0,0,logiqa,0.75
32,2.3125,0.0990134083638263,Qwen/Qwen2-1.5B-Instruct,0.0,0,logiqa,0.75
33,2.140625,0.11758133171956547,Qwen/Qwen2-1.5B-Instruct,0.0,0,logiqa,0.75
34,1.9296875,0.14519356438370257,Qwen/Qwen2-1.5B-Instruct,0.0,0,logiqa,0.75
35,1.0625,0.3455907525769745,Qwen/Qwen2-1.5B-Instruct,0.0,0,logiqa,0.75
36,1.671875,0.18789443308700168,Qwen/Qwen2-1.5B-Instruct,0.0,0,logiqa,0.75
37,2.4375,0.08737902619542039,Qwen/Qwen2-1.5B-Instruct,0.0,0,logiqa,0.75
38,3.9375,0.019496896108597995,Qwen/Qwen2-1.5B-Instruct,0.0,0,logiqa,0.75
39,2.6875,0.0680508540250102,Qwen/Qwen2-1.5B-Instruct,0.0,0,logiqa,0.75
40,1.265625,0.28206295169381546,Qwen/Qwen2-1.5B-Instruct,1.0,0,logiqa,0.75
41,3.421875,0.03265115658991408,Qwen/Qwen2-1.5B-Instruct,0.0,0,logiqa,0.75
42,1.3125,0.26914634872918386,Qwen/Qwen2-1.5B-Instruct,0.0,0,logiqa,0.75
43,1.609375,0.2000125828826258,Qwen/Qwen2-1.5B-Instruct,0.0,0,logiqa,0.75
44,1.5546875,0.21125538963610227,Qwen/Qwen2-1.5B-Instruct,0.0,0,logiqa,0.75
45,1.40625,0.2450605392455259,Qwen/Qwen2-1.5B-Instruct,0.0,0,logiqa,0.75
46,1.9296875,0.14519356438370257,Qwen/Qwen2-1.5B-Instruct,0.0,0,logiqa,0.75
47,2.703125,0.06699582332279769,Qwen/Qwen2-1.5B-Instruct,0.0,0,logiqa,0.75
48,3.21875,0.04000503331137926,Qwen/Qwen2-1.5B-Instruct,0.0,0,logiqa,0.75
49,1.75,0.17377394345044514,Qwen/Qwen2-1.5B-Instruct,0.0,0,logiqa,0.75
50,0.306640625,0.7359150228524268,Qwen/Qwen2-1.5B-Instruct,1.0,0,logiqa,0.75
51,2.71875,0.06595714935553817,Qwen/Qwen2-1.5B-Instruct,0.0,0,logiqa,0.75
52,3.25,0.03877420783172201,Qwen/Qwen2-1.5B-Instruct,0.0,0,logiqa,0.75
53,3.203125,0.040635020917967515,Qwen/Qwen2-1.5B-Instruct,0.0,0,logiqa,0.75
54,3.140625,0.043255754605187734,Qwen/Qwen2-1.5B-Instruct,0.0,0,logiqa,0.75
55,1.0078125,0.36501658064745907,Qwen/Qwen2-1.5B-Instruct,1.0,0,logiqa,0.75
56,1.65625,0.19085333986431632,Qwen/Qwen2-1.5B-Instruct,0.0,0,logiqa,0.75
57,3.046875,0.04750715251567949,Qwen/Qwen2-1.5B-Instruct,0.0,0,logiqa,0.75
58,2.375,0.09301448921066349,Qwen/Qwen2-1.5B-Instruct,0.0,0,logiqa,0.75
59,1.546875,0.21291228619240427,Qwen/Qwen2-1.5B-Instruct,0.0,0,logiqa,0.75
60,2.03125,0.13117145431019428,Qwen/Qwen2-1.5B-Instruct,0.0,0,logiqa,0.75
61,1.7109375,0.18069631039374898,Qwen/Qwen2-1.5B-Instruct,0.0,0,logiqa,0.75
62,0.023193359375,0.9770735391778969,Qwen/Qwen2-1.5B-Instruct,1.0,0,logiqa,0.75
63,3.0,0.049787068367863944,Qwen/Qwen2-1.5B-Instruct,0.0,0,logiqa,0.75
64,0.390625,0.676633846161729,Qwen/Qwen2-1.5B-Instruct,1.0,0,logiqa,0.75
65,1.859375,0.15576995617312325,Qwen/Qwen2-1.5B-Instruct,0.0,0,logiqa,0.75
66,1.296875,0.27338478699614155,Qwen/Qwen2-1.5B-Instruct,1.0,0,logiqa,0.75
67,0.3359375,0.7146677711559482,Qwen/Qwen2-1.5B-Instruct,1.0,0,logiqa,0.75
68,1.171875,0.30978554847668166,Qwen/Qwen2-1.5B-Instruct,0.0,0,logiqa,0.75
69,1.609375,0.2000125828826258,Qwen/Qwen2-1.5B-Instruct,0.0,0,logiqa,0.75
70,5.0,0.006737946999085467,Qwen/Qwen2-1.5B-Instruct,0.0,0,logiqa,0.75
71,1.8671875,0.15455774475698483,Qwen/Qwen2-1.5B-Instruct,0.0,0,logiqa,0.75
72,0.70703125,0.49310593486505433,Qwen/Qwen2-1.5B-Instruct,1.0,0,logiqa,0.75
73,2.0625,0.1271357329320356,Qwen/Qwen2-1.5B-Instruct,0.0,0,logiqa,0.75
74,1.234375,0.29101659090983195,Qwen/Qwen2-1.5B-Instruct,0.0,0,logiqa,0.75
75,2.234375,0.10705902083552722,Qwen/Qwen2-1.5B-Instruct,0.0,0,logiqa,0.75
76,2.828125,0.059123606568473756,Qwen/Qwen2-1.5B-Instruct,0.0,0,logiqa,0.75
77,1.0,0.36787944117144233,Qwen/Qwen2-1.5B-Instruct,1.0,0,logiqa,0.75
78,1.140625,0.31961919737930994,Qwen/Qwen2-1.5B-Instruct,0.0,0,logiqa,0.75
79,1.078125,0.34023286457404905,Qwen/Qwen2-1.5B-Instruct,1.0,0,logiqa,0.75
80,1.2421875,0.2887518818320782,Qwen/Qwen2-1.5B-Instruct,0.0,0,logiqa,0.75
81,1.5234375,0.21796135555570278,Qwen/Qwen2-1.5B-Instruct,0.0,0,logiqa,0.75
1,3.71875,0.02426427924617674,Qwen/Qwen2-1.5B-Instruct,0.0,0,logiqa,0.75
2,3.46875,0.031155951269699805,Qwen/Qwen2-1.5B-Instruct,0.0,0,logiqa,0.75
3,0.52734375,0.5901705299683179,Qwen/Qwen2-1.5B-Instruct,1.0,0,logiqa,0.75
4,4.59375,0.010114856452604551,Qwen/Qwen2-1.5B-Instruct,0.0,0,logiqa,0.75
5,0.345703125,0.7077225610574206,Qwen/Qwen2-1.5B-Instruct,1.0,0,logiqa,0.75
6,1.921875,0.1463323316229146,Qwen/Qwen2-1.5B-Instruct,0.0,0,logiqa,0.75
7,5.125,0.005946217356472094,Qwen/Qwen2-1.5B-Instruct,0.0,0,logiqa,0.75
8,3.453125,0.03164658611103602,Qwen/Qwen2-1.5B-Instruct,0.0,0,logiqa,0.75
9,0.271484375,0.76224719348739,Qwen/Qwen2-1.5B-Instruct,1.0,0,logiqa,0.75
10,3.75,0.023517745856009107,Qwen/Qwen2-1.5B-Instruct,0.0,0,logiqa,0.75
11,2.796875,0.06100039130459344,Qwen/Qwen2-1.5B-Instruct,0.0,0,logiqa,0.75
12,1.7265625,0.17789487376266921,Qwen/Qwen2-1.5B-Instruct,0.0,0,logiqa,0.75
13,2.421875,0.08875504563653425,Qwen/Qwen2-1.5B-Instruct,0.0,0,logiqa,0.75
14,2.671875,0.06912249904327114,Qwen/Qwen2-1.5B-Instruct,0.0,0,logiqa,0.75
15,1.546875,0.21291228619240427,Qwen/Qwen2-1.5B-Instruct,0.0,0,logiqa,0.75
16,2.984375,0.050571100611906464,Qwen/Qwen2-1.5B-Instruct,0.0,0,logiqa,0.75
17,0.6328125,0.5310959910353452,Qwen/Qwen2-1.5B-Instruct,1.0,0,logiqa,0.75
18,2.125,0.11943296826671962,Qwen/Qwen2-1.5B-Instruct,0.0,0,logiqa,0.75
19,1.921875,0.1463323316229146,Qwen/Qwen2-1.5B-Instruct,0.0,0,logiqa,0.75
20,1.65625,0.19085333986431632,Qwen/Qwen2-1.5B-Instruct,0.0,0,logiqa,0.75
21,1.640625,0.19385884264329528,Qwen/Qwen2-1.5B-Instruct,0.0,0,logiqa,0.75
22,2.75,0.06392786120670757,Qwen/Qwen2-1.5B-Instruct,0.0,0,logiqa,0.75
23,4.03125,0.01775212592162854,Qwen/Qwen2-1.5B-Instruct,0.0,0,logiqa,0.75
24,5.34375,0.00477791987398702,Qwen/Qwen2-1.5B-Instruct,0.0,0,logiqa,0.75
25,1.5546875,0.21125538963610227,Qwen/Qwen2-1.5B-Instruct,0.0,0,logiqa,0.75
26,1.6875,0.18498139990730428,Qwen/Qwen2-1.5B-Instruct,0.0,0,logiqa,0.75
27,6.125,0.002187491118182885,Qwen/Qwen2-1.5B-Instruct,0.0,0,logiqa,0.75
28,1.40625,0.2450605392455259,Qwen/Qwen2-1.5B-Instruct,0.0,0,logiqa,0.75
29,1.1484375,0.31713190105209277,Qwen/Qwen2-1.5B-Instruct,0.0,0,logiqa,0.75
30,2.53125,0.07955950871822769,Qwen/Qwen2-1.5B-Instruct,0.0,0,logiqa,0.75
31,1.359375,0.25682124007865503,Qwen/Qwen2-1.5B-Instruct,0.0,0,logiqa,0.75
32,0.3125,0.7316156289466418,Qwen/Qwen2-1.5B-Instruct,1.0,0,logiqa,0.75
33,0.7890625,0.4542704742837873,Qwen/Qwen2-1.5B-Instruct,1.0,0,logiqa,0.75
34,2.40625,0.09015273423081638,Qwen/Qwen2-1.5B-Instruct,0.0,0,logiqa,0.75
35,5.03125,0.006530642163653784,Qwen/Qwen2-1.5B-Instruct,0.0,0,logiqa,0.75
36,0.59375,0.5522524501630204,Qwen/Qwen2-1.5B-Instruct,1.0,0,logiqa,0.75
37,3.765625,0.023153137001639675,Qwen/Qwen2-1.5B-Instruct,0.0,0,logiqa,0.75
38,1.0078125,0.36501658064745907,Qwen/Qwen2-1.5B-Instruct,1.0,0,logiqa,0.75
39,3.375,0.03421811831166603,Qwen/Qwen2-1.5B-Instruct,0.0,0,logiqa,0.75
40,6.15625,0.0021201890918646723,Qwen/Qwen2-1.5B-Instruct,0.0,0,logiqa,0.75
41,1.1796875,0.30737477821235176,Qwen/Qwen2-1.5B-Instruct,1.0,0,logiqa,0.75
42,1.875,0.15335496684492847,Qwen/Qwen2-1.5B-Instruct,0.0,0,logiqa,0.75
43,0.2421875,0.7849089933174918,Qwen/Qwen2-1.5B-Instruct,1.0,0,logiqa,0.75
44,5.875,0.0028087941945255128,Qwen/Qwen2-1.5B-Instruct,0.0,0,logiqa,0.75
45,1.4140625,0.2431534629991392,Qwen/Qwen2-1.5B-Instruct,0.0,0,logiqa,0.75
46,1.8671875,0.15455774475698483,Qwen/Qwen2-1.5B-Instruct,0.0,0,logiqa,0.75
47,3.09375,0.045331641611676264,Qwen/Qwen2-1.5B-Instruct,0.0,0,logiqa,0.75
48,3.0625,0.04677062238395898,Qwen/Qwen2-1.5B-Instruct,0.0,0,logiqa,0.75
49,3.90625,0.02011579402674089,Qwen/Qwen2-1.5B-Instruct,0.0,0,logiqa,0.75
50,5.375,0.004630918733533246,Qwen/Qwen2-1.5B-Instruct,0.0,0,logiqa,0.75
51,1.84375,0.15822297604949842,Qwen/Qwen2-1.5B-Instruct,0.0,0,logiqa,0.75
52,1.859375,0.15576995617312325,Qwen/Qwen2-1.5B-Instruct,0.0,0,logiqa,0.75
53,1.6796875,0.18643222700816212,Qwen/Qwen2-1.5B-Instruct,0.0,0,logiqa,0.75
54,1.3984375,0.24698257287629313,Qwen/Qwen2-1.5B-Instruct,0.0,0,logiqa,0.75
55,0.48046875,0.6184934050621846,Qwen/Qwen2-1.5B-Instruct,1.0,0,logiqa,0.75
56,0.68359375,0.5047996051229459,Qwen/Qwen2-1.5B-Instruct,1.0,0,logiqa,0.75
57,1.5625,0.2096113871510978,Qwen/Qwen2-1.5B-Instruct,0.0,0,logiqa,0.75
58,1.734375,0.17651048487186194,Qwen/Qwen2-1.5B-Instruct,0.0,0,logiqa,0.75
59,1.546875,0.21291228619240427,Qwen/Qwen2-1.5B-Instruct,0.0,0,logiqa,0.75
60,2.796875,0.06100039130459344,Qwen/Qwen2-1.5B-Instruct,0.0,0,logiqa,0.75
61,1.4765625,0.2284215394097245,Qwen/Qwen2-1.5B-Instruct,0.0,0,logiqa,0.75
62,2.09375,0.12322417764723749,Qwen/Qwen2-1.5B-Instruct,0.0,0,logiqa,0.75
63,2.453125,0.08602433995839362,Qwen/Qwen2-1.5B-Instruct,0.0,0,logiqa,0.75
64,3.359375,0.034756975267222885,Qwen/Qwen2-1.5B-Instruct,0.0,0,logiqa,0.75
65,1.6953125,0.18354186323251906,Qwen/Qwen2-1.5B-Instruct,0.0,0,logiqa,0.75
66,1.4296875,0.23938371796817895,Qwen/Qwen2-1.5B-Instruct,0.0,0,logiqa,0.75
67,2.546875,0.07832605286299588,Qwen/Qwen2-1.5B-Instruct,0.0,0,logiqa,0.75
68,0.15234375,0.8586930542645764,Qwen/Qwen2-1.5B-Instruct,1.0,0,logiqa,0.75
69,1.4921875,0.22488019168416426,Qwen/Qwen2-1.5B-Instruct,0.0,0,logiqa,0.75
70,1.8984375,0.14980250286418162,Qwen/Qwen2-1.5B-Instruct,0.0,0,logiqa,0.75
71,1.984375,0.13746650383851944,Qwen/Qwen2-1.5B-Instruct,0.0,0,logiqa,0.75
72,1.40625,0.2450605392455259,Qwen/Qwen2-1.5B-Instruct,0.0,0,logiqa,0.75
73,3.3125,0.036424997337364234,Qwen/Qwen2-1.5B-Instruct,0.0,0,logiqa,0.75
74,2.59375,0.0747392417609257,Qwen/Qwen2-1.5B-Instruct,0.0,0,logiqa,0.75
75,2.09375,0.12322417764723749,Qwen/Qwen2-1.5B-Instruct,0.0,0,logiqa,0.75
76,2.625,0.07243975703425146,Qwen/Qwen2-1.5B-Instruct,0.0,0,logiqa,0.75
77,1.6875,0.18498139990730428,Qwen/Qwen2-1.5B-Instruct,0.0,0,logiqa,0.75
78,1.5625,0.2096113871510978,Qwen/Qwen2-1.5B-Instruct,0.0,0,logiqa,0.75
79,1.71875,0.17929012055011864,Qwen/Qwen2-1.5B-Instruct,0.0,0,logiqa,0.75
80,1.953125,0.14183015908734253,Qwen/Qwen2-1.5B-Instruct,0.0,0,logiqa,0.75
81,0.5,0.6065306597126334,Qwen/Qwen2-1.5B-Instruct,1.0,0,logiqa,0.75
1,2.25,0.10539922456186433,Qwen/Qwen2-1.5B-Instruct,0.0,0,logiqa,0.75
2,1.875,0.15335496684492847,Qwen/Qwen2-1.5B-Instruct,0.0,0,logiqa,0.75
3,2.984375,0.050571100611906464,Qwen/Qwen2-1.5B-Instruct,0.0,0,logiqa,0.75
4,2.125,0.11943296826671962,Qwen/Qwen2-1.5B-Instruct,0.0,0,logiqa,0.75
5,3.546875,0.028814544556403775,Qwen/Qwen2-1.5B-Instruct,0.0,0,logiqa,0.75
6,0.70703125,0.49310593486505433,Qwen/Qwen2-1.5B-Instruct,0.0,0,logiqa,0.75
7,0.400390625,0.6700582534023591,Qwen/Qwen2-1.5B-Instruct,1.0,0,logiqa,0.75
8,2.375,0.09301448921066349,Qwen/Qwen2-1.5B-Instruct,0.0,0,logiqa,0.75
9,1.4375,0.23752081909545814,Qwen/Qwen2-1.5B-Instruct,0.0,0,logiqa,0.75
10,0.86328125,0.4217758572543825,Qwen/Qwen2-1.5B-Instruct,1.0,0,logiqa,0.75
11,1.1328125,0.3221260018134028,Qwen/Qwen2-1.5B-Instruct,1.0,0,logiqa,0.75
12,1.953125,0.14183015908734253,Qwen/Qwen2-1.5B-Instruct,0.0,0,logiqa,0.75
13,2.234375,0.10705902083552722,Qwen/Qwen2-1.5B-Instruct,0.0,0,logiqa,0.75
14,0.8046875,0.4472276633691456,Qwen/Qwen2-1.5B-Instruct,1.0,0,logiqa,0.75
15,2.75,0.06392786120670757,Qwen/Qwen2-1.5B-Instruct,0.0,0,logiqa,0.75
16,0.283203125,0.7533667446967807,Qwen/Qwen2-1.5B-Instruct,1.0,0,logiqa,0.75
17,0.87109375,0.4184935714928901,Qwen/Qwen2-1.5B-Instruct,1.0,0,logiqa,0.75
18,0.97265625,0.3780774349414026,Qwen/Qwen2-1.5B-Instruct,1.0,0,logiqa,0.75
19,0.796875,0.4507353134063624,Qwen/Qwen2-1.5B-Instruct,1.0,0,logiqa,0.75
20,1.625,0.19691167520419406,Qwen/Qwen2-1.5B-Instruct,0.0,0,logiqa,0.75
21,2.84375,0.058206980009571974,Qwen/Qwen2-1.5B-Instruct,0.0,0,logiqa,0.75
22,2.734375,0.0649345785355609,Qwen/Qwen2-1.5B-Instruct,0.0,0,logiqa,0.75
23,2.609375,0.07358051721811718,Qwen/Qwen2-1.5B-Instruct,0.0,0,logiqa,0.75
24,3.890625,0.0204325716890638,Qwen/Qwen2-1.5B-Instruct,0.0,0,logiqa,0.75
25,4.1875,0.015184197956837946,Qwen/Qwen2-1.5B-Instruct,0.0,0,logiqa,0.75
26,0.57421875,0.5631446537543375,Qwen/Qwen2-1.5B-Instruct,1.0,0,logiqa,0.75
27,0.10400390625,0.9012217770167625,Qwen/Qwen2-1.5B-Instruct,1.0,0,logiqa,0.75
28,1.1796875,0.30737477821235176,Qwen/Qwen2-1.5B-Instruct,0.0,0,logiqa,0.75
29,3.234375,0.039384812757335554,Qwen/Qwen2-1.5B-Instruct,0.0,0,logiqa,0.75
30,0.859375,0.4234266412852628,Qwen/Qwen2-1.5B-Instruct,1.0,0,logiqa,0.75
31,1.328125,0.26497362135689667,Qwen/Qwen2-1.5B-Instruct,0.0,0,logiqa,0.75
32,3.515625,0.02972921638615875,Qwen/Qwen2-1.5B-Instruct,0.0,0,logiqa,0.75
33,4.0625,0.017205950425851383,Qwen/Qwen2-1.5B-Instruct,0.0,0,logiqa,0.75
34,0.060546875,0.941249646907103,Qwen/Qwen2-1.5B-Instruct,1.0,0,logiqa,0.75
35,0.451171875,0.6368813687851224,Qwen/Qwen2-1.5B-Instruct,1.0,0,logiqa,0.75
36,1.296875,0.27338478699614155,Qwen/Qwen2-1.5B-Instruct,0.0,0,logiqa,0.75
37,5.1875,0.0055859542589981,Qwen/Qwen2-1.5B-Instruct,0.0,0,logiqa,0.75
38,2.390625,0.09157243321777621,Qwen/Qwen2-1.5B-Instruct,0.0,0,logiqa,0.75
39,1.875,0.15335496684492847,Qwen/Qwen2-1.5B-Instruct,0.0,0,logiqa,0.75
40,1.4296875,0.23938371796817895,Qwen/Qwen2-1.5B-Instruct,0.0,0,logiqa,0.75
41,1.390625,0.2489196812036605,Qwen/Qwen2-1.5B-Instruct,0.0,0,logiqa,0.75
42,1.609375,0.2000125828826258,Qwen/Qwen2-1.5B-Instruct,0.0,0,logiqa,0.75
43,1.6328125,0.19537929639047613,Qwen/Qwen2-1.5B-Instruct,0.0,0,logiqa,0.75
44,6.125,0.002187491118182885,Qwen/Qwen2-1.5B-Instruct,0.0,0,logiqa,0.75
45,0.1982421875,0.8201711938713908,Qwen/Qwen2-1.5B-Instruct,1.0,0,logiqa,0.75
46,2.5,0.0820849986238988,Qwen/Qwen2-1.5B-Instruct,0.0,0,logiqa,0.75
47,3.4375,0.03214494732687607,Qwen/Qwen2-1.5B-Instruct,0.0,0,logiqa,0.75
48,3.125,0.04393693362340742,Qwen/Qwen2-1.5B-Instruct,0.0,0,logiqa,0.75
49,2.359375,0.09447925428109244,Qwen/Qwen2-1.5B-Instruct,0.0,0,logiqa,0.75
50,0.06787109375,0.9343809133539388,Qwen/Qwen2-1.5B-Instruct,1.0,0,logiqa,0.75
51,3.171875,0.04192491494570112,Qwen/Qwen2-1.5B-Instruct,0.0,0,logiqa,0.75
52,1.890625,0.1509774184559146,Qwen/Qwen2-1.5B-Instruct,0.0,0,logiqa,0.75
53,2.65625,0.07021102001498804,Qwen/Qwen2-1.5B-Instruct,0.0,0,logiqa,0.75
54,2.03125,0.13117145431019428,Qwen/Qwen2-1.5B-Instruct,0.0,0,logiqa,0.75
55,2.421875,0.08875504563653425,Qwen/Qwen2-1.5B-Instruct,0.0,0,logiqa,0.75
56,0.8984375,0.407205421393389,Qwen/Qwen2-1.5B-Instruct,1.0,0,logiqa,0.75
57,0.345703125,0.7077225610574206,Qwen/Qwen2-1.5B-Instruct,1.0,0,logiqa,0.75
58,2.375,0.09301448921066349,Qwen/Qwen2-1.5B-Instruct,0.0,0,logiqa,0.75
59,3.171875,0.04192491494570112,Qwen/Qwen2-1.5B-Instruct,0.0,0,logiqa,0.75
60,2.65625,0.07021102001498804,Qwen/Qwen2-1.5B-Instruct,0.0,0,logiqa,0.75
61,3.90625,0.02011579402674089,Qwen/Qwen2-1.5B-Instruct,0.0,0,logiqa,0.75
62,1.8203125,0.1619751257973035,Qwen/Qwen2-1.5B-Instruct,0.0,0,logiqa,0.75
63,1.546875,0.21291228619240427,Qwen/Qwen2-1.5B-Instruct,0.0,0,logiqa,0.75
64,2.390625,0.09157243321777621,Qwen/Qwen2-1.5B-Instruct,0.0,0,logiqa,0.75
65,1.921875,0.1463323316229146,Qwen/Qwen2-1.5B-Instruct,0.0,0,logiqa,0.75
66,1.5859375,0.20475574459755974,Qwen/Qwen2-1.5B-Instruct,0.0,0,logiqa,0.75
67,6.25,0.0019304541362277093,Qwen/Qwen2-1.5B-Instruct,0.0,0,logiqa,0.75
68,3.4375,0.03214494732687607,Qwen/Qwen2-1.5B-Instruct,0.0,0,logiqa,0.75
69,1.609375,0.2000125828826258,Qwen/Qwen2-1.5B-Instruct,0.0,0,logiqa,0.75
70,1.6328125,0.19537929639047613,Qwen/Qwen2-1.5B-Instruct,0.0,0,logiqa,0.75
71,1.21875,0.29559943537737077,Qwen/Qwen2-1.5B-Instruct,1.0,0,logiqa,0.75
72,0.86328125,0.4217758572543825,Qwen/Qwen2-1.5B-Instruct,0.0,0,logiqa,0.75
73,1.3046875,0.27125728970502744,Qwen/Qwen2-1.5B-Instruct,0.0,0,logiqa,0.75
74,0.259765625,0.7712323221982079,Qwen/Qwen2-1.5B-Instruct,1.0,0,logiqa,0.75
75,1.84375,0.15822297604949842,Qwen/Qwen2-1.5B-Instruct,0.0,0,logiqa,0.75
76,0.4765625,0.6209141198060958,Qwen/Qwen2-1.5B-Instruct,1.0,0,logiqa,0.75
77,3.375,0.03421811831166603,Qwen/Qwen2-1.5B-Instruct,0.0,0,logiqa,0.75
78,2.59375,0.0747392417609257,Qwen/Qwen2-1.5B-Instruct,0.0,0,logiqa,0.75
79,0.0155029296875,0.9846166221284973,Qwen/Qwen2-1.5B-Instruct,1.0,0,logiqa,0.75
80,0.84375,0.43009464064006225,Qwen/Qwen2-1.5B-Instruct,1.0,0,logiqa,0.75
81,1.46875,0.23021307174736147,Qwen/Qwen2-1.5B-Instruct,0.0,0,logiqa,0.75
82,2.171875,0.1139637344565904,Qwen/Qwen2-1.5B-Instruct,0.0,0,logiqa,0.75
83,0.48046875,0.6184934050621846,Qwen/Qwen2-1.5B-Instruct,1.0,0,logiqa,0.75
84,2.46875,0.0846906561847805,Qwen/Qwen2-1.5B-Instruct,0.0,0,logiqa,0.75
85,1.6953125,0.18354186323251906,Qwen/Qwen2-1.5B-Instruct,0.0,0,logiqa,0.75
1,1.0546875,0.34830125444308524,Qwen/Qwen2-1.5B-Instruct,1.0,0,logiqa,0.75
2,1.5078125,0.221393747466153,Qwen/Qwen2-1.5B-Instruct,0.0,0,logiqa,0.75
3,0.4765625,0.6209141198060958,Qwen/Qwen2-1.5B-Instruct,1.0,0,logiqa,0.75
4,0.0458984375,0.9551389635657673,Qwen/Qwen2-1.5B-Instruct,1.0,0,logiqa,0.75
5,1.53125,0.2162651668298873,Qwen/Qwen2-1.5B-Instruct,0.0,0,logiqa,0.75
6,3.65625,0.025829190807190754,Qwen/Qwen2-1.5B-Instruct,0.0,0,logiqa,0.75
7,0.75390625,0.47052497007720323,Qwen/Qwen2-1.5B-Instruct,1.0,0,logiqa,0.75
8,3.453125,0.03164658611103602,Qwen/Qwen2-1.5B-Instruct,0.0,0,logiqa,0.75
9,3.109375,0.04462883965030139,Qwen/Qwen2-1.5B-Instruct,0.0,0,logiqa,0.75
10,2.71875,0.06595714935553817,Qwen/Qwen2-1.5B-Instruct,0.0,0,logiqa,0.75
11,5.78125,0.0030848569260302594,Qwen/Qwen2-1.5B-Instruct,0.0,0,logiqa,0.75
12,2.828125,0.059123606568473756,Qwen/Qwen2-1.5B-Instruct,0.0,0,logiqa,0.75
13,0.890625,0.41039917309637,Qwen/Qwen2-1.5B-Instruct,1.0,0,logiqa,0.75
14,1.59375,0.20316232275153173,Qwen/Qwen2-1.5B-Instruct,0.0,0,logiqa,0.75
15,3.359375,0.034756975267222885,Qwen/Qwen2-1.5B-Instruct,0.0,0,logiqa,0.75
16,2.21875,0.10874495509722103,Qwen/Qwen2-1.5B-Instruct,0.0,0,logiqa,0.75
17,1.6796875,0.18643222700816212,Qwen/Qwen2-1.5B-Instruct,0.0,0,logiqa,0.75
18,2.671875,0.06912249904327114,Qwen/Qwen2-1.5B-Instruct,0.0,0,logiqa,0.75
19,2.53125,0.07955950871822769,Qwen/Qwen2-1.5B-Instruct,0.0,0,logiqa,0.75
20,2.21875,0.10874495509722103,Qwen/Qwen2-1.5B-Instruct,0.0,0,logiqa,0.75
21,3.90625,0.02011579402674089,Qwen/Qwen2-1.5B-Instruct,0.0,0,logiqa,0.75
22,2.34375,0.09596708604499847,Qwen/Qwen2-1.5B-Instruct,0.0,0,logiqa,0.75
23,1.15625,0.314663961018459,Qwen/Qwen2-1.5B-Instruct,0.0,0,logiqa,0.75
24,1.5234375,0.21796135555570278,Qwen/Qwen2-1.5B-Instruct,0.0,0,logiqa,0.75
25,1.15625,0.314663961018459,Qwen/Qwen2-1.5B-Instruct,1.0,0,logiqa,0.75
26,1.4609375,0.23201865524727103,Qwen/Qwen2-1.5B-Instruct,0.0,0,logiqa,0.75
27,3.71875,0.02426427924617674,Qwen/Qwen2-1.5B-Instruct,0.0,0,logiqa,0.75
28,1.3671875,0.2548226413322821,Qwen/Qwen2-1.5B-Instruct,0.0,0,logiqa,0.75
29,1.546875,0.21291228619240427,Qwen/Qwen2-1.5B-Instruct,0.0,0,logiqa,0.75
30,4.6875,0.00920968160396814,Qwen/Qwen2-1.5B-Instruct,0.0,0,logiqa,0.75
31,3.296875,0.03699860758070385,Qwen/Qwen2-1.5B-Instruct,0.0,0,logiqa,0.75
32,1.4296875,0.23938371796817895,Qwen/Qwen2-1.5B-Instruct,0.0,0,logiqa,0.75
33,0.625,0.5352614285189903,Qwen/Qwen2-1.5B-Instruct,1.0,0,logiqa,0.75
34,2.59375,0.0747392417609257,Qwen/Qwen2-1.5B-Instruct,0.0,0,logiqa,0.75
35,0.9765625,0.3766034507108804,Qwen/Qwen2-1.5B-Instruct,1.0,0,logiqa,0.75
36,4.03125,0.01775212592162854,Qwen/Qwen2-1.5B-Instruct,0.0,0,logiqa,0.75
37,1.6875,0.18498139990730428,Qwen/Qwen2-1.5B-Instruct,0.0,0,logiqa,0.75
38,1.609375,0.2000125828826258,Qwen/Qwen2-1.5B-Instruct,0.0,0,logiqa,0.75
39,3.0,0.049787068367863944,Qwen/Qwen2-1.5B-Instruct,0.0,0,logiqa,0.75
40,1.4921875,0.22488019168416426,Qwen/Qwen2-1.5B-Instruct,0.0,0,logiqa,0.75
41,2.59375,0.0747392417609257,Qwen/Qwen2-1.5B-Instruct,0.0,0,logiqa,0.75
42,3.890625,0.0204325716890638,Qwen/Qwen2-1.5B-Instruct,0.0,0,logiqa,0.75
43,2.28125,0.1021564313333943,Qwen/Qwen2-1.5B-Instruct,0.0,0,logiqa,0.75
44,2.25,0.10539922456186433,Qwen/Qwen2-1.5B-Instruct,0.0,0,logiqa,0.75
45,1.421875,0.2412612277378443,Qwen/Qwen2-1.5B-Instruct,0.0,0,logiqa,0.75
46,2.4375,0.08737902619542039,Qwen/Qwen2-1.5B-Instruct,0.0,0,logiqa,0.75
47,1.734375,0.17651048487186194,Qwen/Qwen2-1.5B-Instruct,0.0,0,logiqa,0.75
48,0.466796875,0.6270074383640806,Qwen/Qwen2-1.5B-Instruct,1.0,0,logiqa,0.75
49,1.4140625,0.2431534629991392,Qwen/Qwen2-1.5B-Instruct,0.0,0,logiqa,0.75
50,4.3125,0.013400007665140828,Qwen/Qwen2-1.5B-Instruct,0.0,0,logiqa,0.75
51,1.1484375,0.31713190105209277,Qwen/Qwen2-1.5B-Instruct,1.0,0,logiqa,0.75
52,2.25,0.10539922456186433,Qwen/Qwen2-1.5B-Instruct,0.0,0,logiqa,0.75
53,4.21875,0.014717029298635137,Qwen/Qwen2-1.5B-Instruct,0.0,0,logiqa,0.75
54,2.0625,0.1271357329320356,Qwen/Qwen2-1.5B-Instruct,0.0,0,logiqa,0.75
55,1.6328125,0.19537929639047613,Qwen/Qwen2-1.5B-Instruct,0.0,0,logiqa,0.75
56,1.4609375,0.23201865524727103,Qwen/Qwen2-1.5B-Instruct,0.0,0,logiqa,0.75
57,1.796875,0.1658162552121675,Qwen/Qwen2-1.5B-Instruct,0.0,0,logiqa,0.75
58,1.2578125,0.2842751988422877,Qwen/Qwen2-1.5B-Instruct,0.0,0,logiqa,0.75
59,2.453125,0.08602433995839362,Qwen/Qwen2-1.5B-Instruct,0.0,0,logiqa,0.75
60,2.953125,0.05217639966630833,Qwen/Qwen2-1.5B-Instruct,0.0,0,logiqa,0.75
61,1.96875,0.13963128628139898,Qwen/Qwen2-1.5B-Instruct,0.0,0,logiqa,0.75
62,1.765625,0.17107982817134254,Qwen/Qwen2-1.5B-Instruct,0.0,0,logiqa,0.75
63,6.375,0.001703619795802574,Qwen/Qwen2-1.5B-Instruct,0.0,0,logiqa,0.75
64,2.75,0.06392786120670757,Qwen/Qwen2-1.5B-Instruct,0.0,0,logiqa,0.75
65,1.46875,0.23021307174736147,Qwen/Qwen2-1.5B-Instruct,0.0,0,logiqa,0.75
66,2.15625,0.11575840213626322,Qwen/Qwen2-1.5B-Instruct,0.0,0,logiqa,0.75
67,1.515625,0.21967084765457534,Qwen/Qwen2-1.5B-Instruct,0.0,0,logiqa,0.75
68,1.234375,0.29101659090983195,Qwen/Qwen2-1.5B-Instruct,0.0,0,logiqa,0.75
69,1.0703125,0.34290134400373157,Qwen/Qwen2-1.5B-Instruct,1.0,0,logiqa,0.75
70,1.671875,0.18789443308700168,Qwen/Qwen2-1.5B-Instruct,0.0,0,logiqa,0.75
71,0.25390625,0.7757645265618263,Qwen/Qwen2-1.5B-Instruct,1.0,0,logiqa,0.75
72,2.5625,0.07711171996831671,Qwen/Qwen2-1.5B-Instruct,0.0,0,logiqa,0.75
73,1.53125,0.2162651668298873,Qwen/Qwen2-1.5B-Instruct,0.0,0,logiqa,0.75
74,2.65625,0.07021102001498804,Qwen/Qwen2-1.5B-Instruct,0.0,0,logiqa,0.75
75,1.3203125,0.26705183522634335,Qwen/Qwen2-1.5B-Instruct,0.0,0,logiqa,0.75
76,0.8515625,0.4267476175926629,Qwen/Qwen2-1.5B-Instruct,1.0,0,logiqa,0.75
77,3.546875,0.028814544556403775,Qwen/Qwen2-1.5B-Instruct,0.0,0,logiqa,0.75
78,4.375,0.012588142242433998,Qwen/Qwen2-1.5B-Instruct,0.0,0,logiqa,0.75
79,2.421875,0.08875504563653425,Qwen/Qwen2-1.5B-Instruct,0.0,0,logiqa,0.75
80,2.859375,0.057304564428268645,Qwen/Qwen2-1.5B-Instruct,0.0,0,logiqa,0.75
1,0.11767578125,0.8889842312518604,Qwen/Qwen2-1.5B-Instruct,1.0,0,logiqa,0.75
2,0.6328125,0.5310959910353452,Qwen/Qwen2-1.5B-Instruct,1.0,0,logiqa,0.75
3,0.76953125,0.463230156563083,Qwen/Qwen2-1.5B-Instruct,1.0,0,logiqa,0.75
4,1.9375,0.14406365910145327,Qwen/Qwen2-1.5B-Instruct,0.0,0,logiqa,0.75
5,0.007781982421875,0.9922482188107336,Qwen/Qwen2-1.5B-Instruct,1.0,0,logiqa,0.75
6,1.53125,0.2162651668298873,Qwen/Qwen2-1.5B-Instruct,0.0,0,logiqa,0.75
7,5.625,0.0036065631360157305,Qwen/Qwen2-1.5B-Instruct,0.0,0,logiqa,0.75
8,1.078125,0.34023286457404905,Qwen/Qwen2-1.5B-Instruct,1.0,0,logiqa,0.75
9,1.3671875,0.2548226413322821,Qwen/Qwen2-1.5B-Instruct,0.0,0,logiqa,0.75
10,1.703125,0.18211352912101367,Qwen/Qwen2-1.5B-Instruct,0.0,0,logiqa,0.75
11,2.28125,0.1021564313333943,Qwen/Qwen2-1.5B-Instruct,0.0,0,logiqa,0.75
12,2.09375,0.12322417764723749,Qwen/Qwen2-1.5B-Instruct,0.0,0,logiqa,0.75
13,1.453125,0.23383840011408472,Qwen/Qwen2-1.5B-Instruct,0.0,0,logiqa,0.75
14,1.9375,0.14406365910145327,Qwen/Qwen2-1.5B-Instruct,0.0,0,logiqa,0.75
15,0.451171875,0.6368813687851224,Qwen/Qwen2-1.5B-Instruct,1.0,0,logiqa,0.75
16,2.8125,0.060054667895307945,Qwen/Qwen2-1.5B-Instruct,0.0,0,logiqa,0.75
17,0.89453125,0.4087991783506979,Qwen/Qwen2-1.5B-Instruct,0.0,0,logiqa,0.75
18,1.484375,0.22664394888734782,Qwen/Qwen2-1.5B-Instruct,0.0,0,logiqa,0.75
19,1.1640625,0.31221522664653706,Qwen/Qwen2-1.5B-Instruct,1.0,0,logiqa,0.75
20,2.125,0.11943296826671962,Qwen/Qwen2-1.5B-Instruct,0.0,0,logiqa,0.75
21,1.46875,0.23021307174736147,Qwen/Qwen2-1.5B-Instruct,0.0,0,logiqa,0.75
22,1.53125,0.2162651668298873,Qwen/Qwen2-1.5B-Instruct,0.0,0,logiqa,0.75
23,2.46875,0.0846906561847805,Qwen/Qwen2-1.5B-Instruct,0.0,0,logiqa,0.75
24,1.0703125,0.34290134400373157,Qwen/Qwen2-1.5B-Instruct,1.0,0,logiqa,0.75
25,3.625,0.026649097336355485,Qwen/Qwen2-1.5B-Instruct,0.0,0,logiqa,0.75
26,1.0625,0.3455907525769745,Qwen/Qwen2-1.5B-Instruct,0.0,0,logiqa,0.75
27,1.5390625,0.21458217794945839,Qwen/Qwen2-1.5B-Instruct,0.0,0,logiqa,0.75
28,3.375,0.03421811831166603,Qwen/Qwen2-1.5B-Instruct,0.0,0,logiqa,0.75
29,1.578125,0.20636166380601706,Qwen/Qwen2-1.5B-Instruct,0.0,0,logiqa,0.75
30,0.1650390625,0.847860583886983,Qwen/Qwen2-1.5B-Instruct,1.0,0,logiqa,0.75
31,2.734375,0.0649345785355609,Qwen/Qwen2-1.5B-Instruct,0.0,0,logiqa,0.75
32,1.140625,0.31961919737930994,Qwen/Qwen2-1.5B-Instruct,0.0,0,logiqa,0.75
33,1.5,0.22313016014842982,Qwen/Qwen2-1.5B-Instruct,0.0,0,logiqa,0.75
34,5.0,0.006737946999085467,Qwen/Qwen2-1.5B-Instruct,0.0,0,logiqa,0.75
35,1.6015625,0.20158130101268698,Qwen/Qwen2-1.5B-Instruct,0.0,0,logiqa,0.75
36,0.96484375,0.3810427330152126,Qwen/Qwen2-1.5B-Instruct,0.0,0,logiqa,0.75
37,1.875,0.15335496684492847,Qwen/Qwen2-1.5B-Instruct,0.0,0,logiqa,0.75
38,1.609375,0.2000125828826258,Qwen/Qwen2-1.5B-Instruct,0.0,0,logiqa,0.75
39,1.3828125,0.25087198245993886,Qwen/Qwen2-1.5B-Instruct,0.0,0,logiqa,0.75
40,0.609375,0.5436905695130004,Qwen/Qwen2-1.5B-Instruct,1.0,0,logiqa,0.75
41,3.828125,0.021750359344450344,Qwen/Qwen2-1.5B-Instruct,0.0,0,logiqa,0.75
42,1.28125,0.27768997095378994,Qwen/Qwen2-1.5B-Instruct,0.0,0,logiqa,0.75
43,1.59375,0.20316232275153173,Qwen/Qwen2-1.5B-Instruct,0.0,0,logiqa,0.75
44,0.038330078125,0.9623952228475297,Qwen/Qwen2-1.5B-Instruct,1.0,0,logiqa,0.75
45,1.3046875,0.27125728970502744,Qwen/Qwen2-1.5B-Instruct,0.0,0,logiqa,0.75
46,1.59375,0.20316232275153173,Qwen/Qwen2-1.5B-Instruct,0.0,0,logiqa,0.75
47,0.2041015625,0.8153795549957998,Qwen/Qwen2-1.5B-Instruct,1.0,0,logiqa,0.75
48,0.42578125,0.6532592269479727,Qwen/Qwen2-1.5B-Instruct,1.0,0,logiqa,0.75
49,1.3203125,0.26705183522634335,Qwen/Qwen2-1.5B-Instruct,0.0,0,logiqa,0.75
50,2.890625,0.05554148833106887,Qwen/Qwen2-1.5B-Instruct,0.0,0,logiqa,0.75
51,2.59375,0.0747392417609257,Qwen/Qwen2-1.5B-Instruct,0.0,0,logiqa,0.75
52,1.03125,0.356560980663947,Qwen/Qwen2-1.5B-Instruct,0.0,0,logiqa,0.75
53,1.6953125,0.18354186323251906,Qwen/Qwen2-1.5B-Instruct,0.0,0,logiqa,0.75
54,0.283203125,0.7533667446967807,Qwen/Qwen2-1.5B-Instruct,1.0,0,logiqa,0.75
55,5.40625,0.004488440342699523,Qwen/Qwen2-1.5B-Instruct,0.0,0,logiqa,0.75
56,1.6328125,0.19537929639047613,Qwen/Qwen2-1.5B-Instruct,0.0,0,logiqa,0.75
57,1.21875,0.29559943537737077,Qwen/Qwen2-1.5B-Instruct,0.0,0,logiqa,0.75
58,3.390625,0.03368761555886473,Qwen/Qwen2-1.5B-Instruct,0.0,0,logiqa,0.75
59,1.0703125,0.34290134400373157,Qwen/Qwen2-1.5B-Instruct,1.0,0,logiqa,0.75
60,1.71875,0.17929012055011864,Qwen/Qwen2-1.5B-Instruct,0.0,0,logiqa,0.75
61,1.6875,0.18498139990730428,Qwen/Qwen2-1.5B-Instruct,0.0,0,logiqa,0.75
62,3.1875,0.04127492938579755,Qwen/Qwen2-1.5B-Instruct,0.0,0,logiqa,0.75
63,2.46875,0.0846906561847805,Qwen/Qwen2-1.5B-Instruct,0.0,0,logiqa,0.75
64,3.1875,0.04127492938579755,Qwen/Qwen2-1.5B-Instruct,0.0,0,logiqa,0.75
65,3.46875,0.031155951269699805,Qwen/Qwen2-1.5B-Instruct,0.0,0,logiqa,0.75
66,0.82421875,0.43857749732635326,Qwen/Qwen2-1.5B-Instruct,1.0,0,logiqa,0.75
67,1.6484375,0.1923502211610474,Qwen/Qwen2-1.5B-Instruct,0.0,0,logiqa,0.75
68,3.484375,0.030672923016533588,Qwen/Qwen2-1.5B-Instruct,0.0,0,logiqa,0.75
69,4.46875,0.011461633942261852,Qwen/Qwen2-1.5B-Instruct,0.0,0,logiqa,0.75
70,1.359375,0.25682124007865503,Qwen/Qwen2-1.5B-Instruct,0.0,0,logiqa,0.75
71,1.796875,0.1658162552121675,Qwen/Qwen2-1.5B-Instruct,0.0,0,logiqa,0.75
72,0.76953125,0.463230156563083,Qwen/Qwen2-1.5B-Instruct,1.0,0,logiqa,0.75
73,1.234375,0.29101659090983195,Qwen/Qwen2-1.5B-Instruct,0.0,0,logiqa,0.75
74,1.109375,0.3297649998062575,Qwen/Qwen2-1.5B-Instruct,1.0,0,logiqa,0.75
75,0.69140625,0.5008712234296745,Qwen/Qwen2-1.5B-Instruct,1.0,0,logiqa,0.75
76,0.10400390625,0.9012217770167625,Qwen/Qwen2-1.5B-Instruct,1.0,0,logiqa,0.75
77,1.71875,0.17929012055011864,Qwen/Qwen2-1.5B-Instruct,0.0,0,logiqa,0.75
78,0.2294921875,0.7949371790602927,Qwen/Qwen2-1.5B-Instruct,1.0,0,logiqa,0.75
1,0.4765625,0.6209141198060958,Qwen/Qwen2-1.5B-Instruct,1.0,0,logiqa,0.75
2,1.125,0.32465246735834974,Qwen/Qwen2-1.5B-Instruct,0.0,0,logiqa,0.75
3,6.375,0.001703619795802574,Qwen/Qwen2-1.5B-Instruct,0.0,0,logiqa,0.75
4,4.65625,0.00950202828005989,Qwen/Qwen2-1.5B-Instruct,0.0,0,logiqa,0.75
5,0.83203125,0.4351644601644917,Qwen/Qwen2-1.5B-Instruct,1.0,0,logiqa,0.75
6,0.55859375,0.572012891653811,Qwen/Qwen2-1.5B-Instruct,1.0,0,logiqa,0.75
7,0.984375,0.373672699406043,Qwen/Qwen2-1.5B-Instruct,1.0,0,logiqa,0.75
8,2.78125,0.061961007690531984,Qwen/Qwen2-1.5B-Instruct,0.0,0,logiqa,0.75
9,4.03125,0.01775212592162854,Qwen/Qwen2-1.5B-Instruct,0.0,0,logiqa,0.75
10,1.671875,0.18789443308700168,Qwen/Qwen2-1.5B-Instruct,0.0,0,logiqa,0.75
11,3.40625,0.03316533748891029,Qwen/Qwen2-1.5B-Instruct,0.0,0,logiqa,0.75
12,1.4140625,0.2431534629991392,Qwen/Qwen2-1.5B-Instruct,0.0,0,logiqa,0.75
13,0.921875,0.39777251796661167,Qwen/Qwen2-1.5B-Instruct,1.0,0,logiqa,0.75
14,2.21875,0.10874495509722103,Qwen/Qwen2-1.5B-Instruct,0.0,0,logiqa,0.75
15,0.060546875,0.941249646907103,Qwen/Qwen2-1.5B-Instruct,1.0,0,logiqa,0.75
16,2.265625,0.10376516104428837,Qwen/Qwen2-1.5B-Instruct,0.0,0,logiqa,0.75
17,2.4375,0.08737902619542039,Qwen/Qwen2-1.5B-Instruct,0.0,0,logiqa,0.75
18,2.671875,0.06912249904327114,Qwen/Qwen2-1.5B-Instruct,0.0,0,logiqa,0.75
19,2.53125,0.07955950871822769,Qwen/Qwen2-1.5B-Instruct,0.0,0,logiqa,0.75
20,1.359375,0.25682124007865503,Qwen/Qwen2-1.5B-Instruct,0.0,0,logiqa,0.75
21,1.3125,0.26914634872918386,Qwen/Qwen2-1.5B-Instruct,0.0,0,logiqa,0.75
22,2.984375,0.050571100611906464,Qwen/Qwen2-1.5B-Instruct,0.0,0,logiqa,0.75
23,0.470703125,0.6245629680224108,Qwen/Qwen2-1.5B-Instruct,1.0,0,logiqa,0.75
24,2.546875,0.07832605286299588,Qwen/Qwen2-1.5B-Instruct,0.0,0,logiqa,0.75
25,1.546875,0.21291228619240427,Qwen/Qwen2-1.5B-Instruct,0.0,0,logiqa,0.75
26,1.7890625,0.16711676822020574,Qwen/Qwen2-1.5B-Instruct,0.0,0,logiqa,0.75
27,1.5703125,0.207980178394932,Qwen/Qwen2-1.5B-Instruct,0.0,0,logiqa,0.75
28,0.59765625,0.5500994219006123,Qwen/Qwen2-1.5B-Instruct,1.0,0,logiqa,0.75
29,4.5625,0.010435936462774504,Qwen/Qwen2-1.5B-Instruct,0.0,0,logiqa,0.75
30,1.03125,0.356560980663947,Qwen/Qwen2-1.5B-Instruct,0.0,0,logiqa,0.75
31,3.546875,0.028814544556403775,Qwen/Qwen2-1.5B-Instruct,0.0,0,logiqa,0.75
32,2.1875,0.11219689052034373,Qwen/Qwen2-1.5B-Instruct,0.0,0,logiqa,0.75
33,4.53125,0.010767208646547101,Qwen/Qwen2-1.5B-Instruct,0.0,0,logiqa,0.75
34,1.6328125,0.19537929639047613,Qwen/Qwen2-1.5B-Instruct,0.0,0,logiqa,0.75
35,4.53125,0.010767208646547101,Qwen/Qwen2-1.5B-Instruct,0.0,0,logiqa,0.75
36,1.6953125,0.18354186323251906,Qwen/Qwen2-1.5B-Instruct,0.0,0,logiqa,0.75
37,3.609375,0.027068759555306635,Qwen/Qwen2-1.5B-Instruct,0.0,0,logiqa,0.75
38,1.125,0.32465246735834974,Qwen/Qwen2-1.5B-Instruct,1.0,0,logiqa,0.75
39,1.71875,0.17929012055011864,Qwen/Qwen2-1.5B-Instruct,0.0,0,logiqa,0.75
40,0.57421875,0.5631446537543375,Qwen/Qwen2-1.5B-Instruct,1.0,0,logiqa,0.75
41,2.953125,0.05217639966630833,Qwen/Qwen2-1.5B-Instruct,0.0,0,logiqa,0.75
42,2.40625,0.09015273423081638,Qwen/Qwen2-1.5B-Instruct,0.0,0,logiqa,0.75
43,1.203125,0.30025444914408245,Qwen/Qwen2-1.5B-Instruct,0.0,0,logiqa,0.75
44,1.484375,0.22664394888734782,Qwen/Qwen2-1.5B-Instruct,0.0,0,logiqa,0.75
45,1.1015625,0.3323513787550223,Qwen/Qwen2-1.5B-Instruct,0.0,0,logiqa,0.75
46,1.34375,0.26086558612628497,Qwen/Qwen2-1.5B-Instruct,0.0,0,logiqa,0.75
47,3.296875,0.03699860758070385,Qwen/Qwen2-1.5B-Instruct,0.0,0,logiqa,0.75
48,3.90625,0.02011579402674089,Qwen/Qwen2-1.5B-Instruct,0.0,0,logiqa,0.75
49,4.8125,0.008127515489292211,Qwen/Qwen2-1.5B-Instruct,0.0,0,logiqa,0.75
50,3.015625,0.049015191417106724,Qwen/Qwen2-1.5B-Instruct,0.0,0,logiqa,0.75
51,2.34375,0.09596708604499847,Qwen/Qwen2-1.5B-Instruct,0.0,0,logiqa,0.75
52,1.5546875,0.21125538963610227,Qwen/Qwen2-1.5B-Instruct,0.0,0,logiqa,0.75
53,2.015625,0.13323710414756298,Qwen/Qwen2-1.5B-Instruct,0.0,0,logiqa,0.75
54,1.34375,0.26086558612628497,Qwen/Qwen2-1.5B-Instruct,0.0,0,logiqa,0.75
55,0.294921875,0.7445897562683694,Qwen/Qwen2-1.5B-Instruct,1.0,0,logiqa,0.75
56,1.953125,0.14183015908734253,Qwen/Qwen2-1.5B-Instruct,0.0,0,logiqa,0.75
57,1.96875,0.13963128628139898,Qwen/Qwen2-1.5B-Instruct,0.0,0,logiqa,0.75
58,1.5390625,0.21458217794945839,Qwen/Qwen2-1.5B-Instruct,0.0,0,logiqa,0.75
59,2.09375,0.12322417764723749,Qwen/Qwen2-1.5B-Instruct,0.0,0,logiqa,0.75
60,2.5,0.0820849986238988,Qwen/Qwen2-1.5B-Instruct,0.0,0,logiqa,0.75
61,0.76953125,0.463230156563083,Qwen/Qwen2-1.5B-Instruct,1.0,0,logiqa,0.75
62,0.98828125,0.372215887611955,Qwen/Qwen2-1.5B-Instruct,1.0,0,logiqa,0.75
63,0.97265625,0.3780774349414026,Qwen/Qwen2-1.5B-Instruct,1.0,0,logiqa,0.75
64,1.03125,0.356560980663947,Qwen/Qwen2-1.5B-Instruct,1.0,0,logiqa,0.75
65,1.3125,0.26914634872918386,Qwen/Qwen2-1.5B-Instruct,0.0,0,logiqa,0.75
66,3.75,0.023517745856009107,Qwen/Qwen2-1.5B-Instruct,0.0,0,logiqa,0.75
67,0.82421875,0.43857749732635326,Qwen/Qwen2-1.5B-Instruct,0.0,0,logiqa,0.75
68,0.08251953125,0.9207934534340386,Qwen/Qwen2-1.5B-Instruct,1.0,0,logiqa,0.75
69,1.953125,0.14183015908734253,Qwen/Qwen2-1.5B-Instruct,0.0,0,logiqa,0.75
70,0.4453125,0.6406240497330474,Qwen/Qwen2-1.5B-Instruct,1.0,0,logiqa,0.75
71,1.8125,0.1632455124539584,Qwen/Qwen2-1.5B-Instruct,0.0,0,logiqa,0.75
72,1.640625,0.19385884264329528,Qwen/Qwen2-1.5B-Instruct,0.0,0,logiqa,0.75
73,1.3828125,0.25087198245993886,Qwen/Qwen2-1.5B-Instruct,0.0,0,logiqa,0.75
74,1.8671875,0.15455774475698483,Qwen/Qwen2-1.5B-Instruct,0.0,0,logiqa,0.75
75,0.609375,0.5436905695130004,Qwen/Qwen2-1.5B-Instruct,1.0,0,logiqa,0.75
76,0.99609375,0.3693192805940405,Qwen/Qwen2-1.5B-Instruct,1.0,0,logiqa,0.75
77,2.71875,0.06595714935553817,Qwen/Qwen2-1.5B-Instruct,0.0,0,logiqa,0.75
78,2.578125,0.0759162135601666,Qwen/Qwen2-1.5B-Instruct,0.0,0,logiqa,0.75
79,1.1328125,0.3221260018134028,Qwen/Qwen2-1.5B-Instruct,1.0,0,logiqa,0.75
80,4.53125,0.010767208646547101,Qwen/Qwen2-1.5B-Instruct,0.0,0,logiqa,0.75
1,1.5,0.22313016014842982,Qwen/Qwen2-1.5B-Instruct,0.0,0,logiqa,0.75
2,0.40625,0.6661436107034878,Qwen/Qwen2-1.5B-Instruct,1.0,0,logiqa,0.75
3,0.2041015625,0.8153795549957998,Qwen/Qwen2-1.5B-Instruct,1.0,0,logiqa,0.75
4,3.875,0.020754337873699742,Qwen/Qwen2-1.5B-Instruct,0.0,0,logiqa,0.75
5,5.3125,0.004929587331545052,Qwen/Qwen2-1.5B-Instruct,0.0,0,logiqa,0.75
6,1.2421875,0.2887518818320782,Qwen/Qwen2-1.5B-Instruct,0.0,0,logiqa,0.75
7,0.1318359375,0.8764847815685415,Qwen/Qwen2-1.5B-Instruct,1.0,0,logiqa,0.75
8,1.25,0.2865047968601901,Qwen/Qwen2-1.5B-Instruct,0.0,0,logiqa,0.75
9,0.82421875,0.43857749732635326,Qwen/Qwen2-1.5B-Instruct,1.0,0,logiqa,0.75
10,1.2421875,0.2887518818320782,Qwen/Qwen2-1.5B-Instruct,0.0,0,logiqa,0.75
11,1.96875,0.13963128628139898,Qwen/Qwen2-1.5B-Instruct,0.0,0,logiqa,0.75
12,1.9140625,0.1474800303242793,Qwen/Qwen2-1.5B-Instruct,0.0,0,logiqa,0.75
13,1.65625,0.19085333986431632,Qwen/Qwen2-1.5B-Instruct,0.0,0,logiqa,0.75
14,1.46875,0.23021307174736147,Qwen/Qwen2-1.5B-Instruct,0.0,0,logiqa,0.75
15,1.046875,0.3510330150388101,Qwen/Qwen2-1.5B-Instruct,1.0,0,logiqa,0.75
16,2.046875,0.129137829405204,Qwen/Qwen2-1.5B-Instruct,0.0,0,logiqa,0.75
17,1.96875,0.13963128628139898,Qwen/Qwen2-1.5B-Instruct,0.0,0,logiqa,0.75
18,1.109375,0.3297649998062575,Qwen/Qwen2-1.5B-Instruct,1.0,0,logiqa,0.75
19,2.75,0.06392786120670757,Qwen/Qwen2-1.5B-Instruct,0.0,0,logiqa,0.75
20,1.53125,0.2162651668298873,Qwen/Qwen2-1.5B-Instruct,0.0,0,logiqa,0.75
21,1.734375,0.17651048487186194,Qwen/Qwen2-1.5B-Instruct,0.0,0,logiqa,0.75
22,3.703125,0.024646386044811498,Qwen/Qwen2-1.5B-Instruct,0.0,0,logiqa,0.75
23,0.7890625,0.4542704742837873,Qwen/Qwen2-1.5B-Instruct,1.0,0,logiqa,0.75
24,2.515625,0.08081238867682222,Qwen/Qwen2-1.5B-Instruct,0.0,0,logiqa,0.75
25,0.3515625,0.7035878743456275,Qwen/Qwen2-1.5B-Instruct,1.0,0,logiqa,0.75
26,1.890625,0.1509774184559146,Qwen/Qwen2-1.5B-Instruct,0.0,0,logiqa,0.75
27,1.5,0.22313016014842982,Qwen/Qwen2-1.5B-Instruct,0.0,0,logiqa,0.75
28,0.369140625,0.6913281855882473,Qwen/Qwen2-1.5B-Instruct,1.0,0,logiqa,0.75
29,1.546875,0.21291228619240427,Qwen/Qwen2-1.5B-Instruct,0.0,0,logiqa,0.75
30,4.875,0.007635094218859962,Qwen/Qwen2-1.5B-Instruct,0.0,0,logiqa,0.75
31,0.11083984375,0.8950820904412523,Qwen/Qwen2-1.5B-Instruct,1.0,0,logiqa,0.75
32,2.53125,0.07955950871822769,Qwen/Qwen2-1.5B-Instruct,0.0,0,logiqa,0.75
33,1.296875,0.27338478699614155,Qwen/Qwen2-1.5B-Instruct,0.0,0,logiqa,0.75
34,1.0078125,0.36501658064745907,Qwen/Qwen2-1.5B-Instruct,1.0,0,logiqa,0.75
35,0.1650390625,0.847860583886983,Qwen/Qwen2-1.5B-Instruct,1.0,0,logiqa,0.75
36,3.125,0.04393693362340742,Qwen/Qwen2-1.5B-Instruct,0.0,0,logiqa,0.75
37,2.4375,0.08737902619542039,Qwen/Qwen2-1.5B-Instruct,0.0,0,logiqa,0.75
38,1.1015625,0.3323513787550223,Qwen/Qwen2-1.5B-Instruct,1.0,0,logiqa,0.75
39,1.2578125,0.2842751988422877,Qwen/Qwen2-1.5B-Instruct,0.0,0,logiqa,0.75
40,1.375,0.25283959580474646,Qwen/Qwen2-1.5B-Instruct,0.0,0,logiqa,0.75
41,1.578125,0.20636166380601706,Qwen/Qwen2-1.5B-Instruct,0.0,0,logiqa,0.75
42,1.71875,0.17929012055011864,Qwen/Qwen2-1.5B-Instruct,0.0,0,logiqa,0.75
43,1.5703125,0.207980178394932,Qwen/Qwen2-1.5B-Instruct,0.0,0,logiqa,0.75
44,0.490234375,0.612482826698251,Qwen/Qwen2-1.5B-Instruct,1.0,0,logiqa,0.75
45,3.21875,0.04000503331137926,Qwen/Qwen2-1.5B-Instruct,0.0,0,logiqa,0.75
46,2.265625,0.10376516104428837,Qwen/Qwen2-1.5B-Instruct,0.0,0,logiqa,0.75
47,0.1650390625,0.847860583886983,Qwen/Qwen2-1.5B-Instruct,1.0,0,logiqa,0.75
48,0.19140625,0.8257970399501007,Qwen/Qwen2-1.5B-Instruct,1.0,0,logiqa,0.75
49,1.359375,0.25682124007865503,Qwen/Qwen2-1.5B-Instruct,0.0,0,logiqa,0.75
50,4.65625,0.00950202828005989,Qwen/Qwen2-1.5B-Instruct,0.0,0,logiqa,0.75
51,0.59765625,0.5500994219006123,Qwen/Qwen2-1.5B-Instruct,1.0,0,logiqa,0.75
52,2.359375,0.09447925428109244,Qwen/Qwen2-1.5B-Instruct,0.0,0,logiqa,0.75
53,4.25,0.014264233908999256,Qwen/Qwen2-1.5B-Instruct,0.0,0,logiqa,0.75
54,2.875,0.05641613950377735,Qwen/Qwen2-1.5B-Instruct,0.0,0,logiqa,0.75
55,0.87890625,0.4152368286818413,Qwen/Qwen2-1.5B-Instruct,1.0,0,logiqa,0.75
56,3.078125,0.04604551109353302,Qwen/Qwen2-1.5B-Instruct,0.0,0,logiqa,0.75
57,1.8203125,0.1619751257973035,Qwen/Qwen2-1.5B-Instruct,0.0,0,logiqa,0.75
58,1.859375,0.15576995617312325,Qwen/Qwen2-1.5B-Instruct,0.0,0,logiqa,0.75
59,2.984375,0.050571100611906464,Qwen/Qwen2-1.5B-Instruct,0.0,0,logiqa,0.75
60,1.921875,0.1463323316229146,Qwen/Qwen2-1.5B-Instruct,0.0,0,logiqa,0.75
61,1.046875,0.3510330150388101,Qwen/Qwen2-1.5B-Instruct,1.0,0,logiqa,0.75
62,5.25,0.005247518399181385,Qwen/Qwen2-1.5B-Instruct,0.0,0,logiqa,0.75
63,4.3125,0.013400007665140828,Qwen/Qwen2-1.5B-Instruct,0.0,0,logiqa,0.75
64,4.40625,0.012200845821682604,Qwen/Qwen2-1.5B-Instruct,0.0,0,logiqa,0.75
65,1.6015625,0.20158130101268698,Qwen/Qwen2-1.5B-Instruct,0.0,0,logiqa,0.75
66,1.265625,0.28206295169381546,Qwen/Qwen2-1.5B-Instruct,0.0,0,logiqa,0.75
67,1.75,0.17377394345044514,Qwen/Qwen2-1.5B-Instruct,0.0,0,logiqa,0.75
68,0.0155029296875,0.9846166221284973,Qwen/Qwen2-1.5B-Instruct,1.0,0,logiqa,0.75
69,3.546875,0.028814544556403775,Qwen/Qwen2-1.5B-Instruct,0.0,0,logiqa,0.75
70,2.3125,0.0990134083638263,Qwen/Qwen2-1.5B-Instruct,0.0,0,logiqa,0.75
71,6.125,0.002187491118182885,Qwen/Qwen2-1.5B-Instruct,0.0,0,logiqa,0.75
72,1.5703125,0.207980178394932,Qwen/Qwen2-1.5B-Instruct,0.0,0,logiqa,0.75
73,5.375,0.004630918733533246,Qwen/Qwen2-1.5B-Instruct,0.0,0,logiqa,0.75
74,1.71875,0.17929012055011864,Qwen/Qwen2-1.5B-Instruct,0.0,0,logiqa,0.75
75,1.734375,0.17651048487186194,Qwen/Qwen2-1.5B-Instruct,0.0,0,logiqa,0.75
76,3.578125,0.027928014220365963,Qwen/Qwen2-1.5B-Instruct,0.0,0,logiqa,0.75
77,1.984375,0.13746650383851944,Qwen/Qwen2-1.5B-Instruct,0.0,0,logiqa,0.75
78,1.46875,0.23021307174736147,Qwen/Qwen2-1.5B-Instruct,0.0,0,logiqa,0.75
79,4.90625,0.0074001870652772766,Qwen/Qwen2-1.5B-Instruct,0.0,0,logiqa,0.75
1,3.25,0.03877420783172201,Qwen/Qwen2-1.5B-Instruct,0.0,0,logiqa,0.75
2,0.4453125,0.6406240497330474,Qwen/Qwen2-1.5B-Instruct,1.0,0,logiqa,0.75
3,1.21875,0.29559943537737077,Qwen/Qwen2-1.5B-Instruct,0.0,0,logiqa,0.75
4,1.765625,0.17107982817134254,Qwen/Qwen2-1.5B-Instruct,0.0,0,logiqa,0.75
5,1.8125,0.1632455124539584,Qwen/Qwen2-1.5B-Instruct,0.0,0,logiqa,0.75
6,1.171875,0.30978554847668166,Qwen/Qwen2-1.5B-Instruct,1.0,0,logiqa,0.75
7,1.484375,0.22664394888734782,Qwen/Qwen2-1.5B-Instruct,0.0,0,logiqa,0.75
8,3.46875,0.031155951269699805,Qwen/Qwen2-1.5B-Instruct,0.0,0,logiqa,0.75
9,1.625,0.19691167520419406,Qwen/Qwen2-1.5B-Instruct,0.0,0,logiqa,0.75
10,2.859375,0.057304564428268645,Qwen/Qwen2-1.5B-Instruct,0.0,0,logiqa,0.75
11,4.40625,0.012200845821682604,Qwen/Qwen2-1.5B-Instruct,0.0,0,logiqa,0.75
12,0.90234375,0.40561787790561105,Qwen/Qwen2-1.5B-Instruct,1.0,0,logiqa,0.75
13,0.11083984375,0.8950820904412523,Qwen/Qwen2-1.5B-Instruct,1.0,0,logiqa,0.75
14,3.921875,0.019803927546861083,Qwen/Qwen2-1.5B-Instruct,0.0,0,logiqa,0.75
15,1.9375,0.14406365910145327,Qwen/Qwen2-1.5B-Instruct,0.0,0,logiqa,0.75
16,3.3125,0.036424997337364234,Qwen/Qwen2-1.5B-Instruct,0.0,0,logiqa,0.75
17,0.060546875,0.941249646907103,Qwen/Qwen2-1.5B-Instruct,1.0,0,logiqa,0.75
18,1.046875,0.3510330150388101,Qwen/Qwen2-1.5B-Instruct,1.0,0,logiqa,0.75
19,3.59375,0.02749503049258667,Qwen/Qwen2-1.5B-Instruct,0.0,0,logiqa,0.75
20,1.390625,0.2489196812036605,Qwen/Qwen2-1.5B-Instruct,0.0,0,logiqa,0.75
21,0.12451171875,0.8829279144942641,Qwen/Qwen2-1.5B-Instruct,1.0,0,logiqa,0.75
22,0.53515625,0.5855777864671197,Qwen/Qwen2-1.5B-Instruct,1.0,0,logiqa,0.75
23,2.390625,0.09157243321777621,Qwen/Qwen2-1.5B-Instruct,0.0,0,logiqa,0.75
24,3.109375,0.04462883965030139,Qwen/Qwen2-1.5B-Instruct,0.0,0,logiqa,0.75
25,0.3515625,0.7035878743456275,Qwen/Qwen2-1.5B-Instruct,1.0,0,logiqa,0.75
26,1.890625,0.1509774184559146,Qwen/Qwen2-1.5B-Instruct,0.0,0,logiqa,0.75
27,0.12451171875,0.8829279144942641,Qwen/Qwen2-1.5B-Instruct,1.0,0,logiqa,0.75
28,1.2265625,0.29329906232102687,Qwen/Qwen2-1.5B-Instruct,1.0,0,logiqa,0.75
29,1.65625,0.19085333986431632,Qwen/Qwen2-1.5B-Instruct,0.0,0,logiqa,0.75
30,3.546875,0.028814544556403775,Qwen/Qwen2-1.5B-Instruct,0.0,0,logiqa,0.75
31,0.84375,0.43009464064006225,Qwen/Qwen2-1.5B-Instruct,1.0,0,logiqa,0.75
32,1.0546875,0.34830125444308524,Qwen/Qwen2-1.5B-Instruct,0.0,0,logiqa,0.75
33,2.203125,0.1104574389603643,Qwen/Qwen2-1.5B-Instruct,0.0,0,logiqa,0.75
34,1.2421875,0.2887518818320782,Qwen/Qwen2-1.5B-Instruct,1.0,0,logiqa,0.75
35,1.7890625,0.16711676822020574,Qwen/Qwen2-1.5B-Instruct,0.0,0,logiqa,0.75
36,2.65625,0.07021102001498804,Qwen/Qwen2-1.5B-Instruct,0.0,0,logiqa,0.75
37,5.1875,0.0055859542589981,Qwen/Qwen2-1.5B-Instruct,0.0,0,logiqa,0.75
38,4.1875,0.015184197956837946,Qwen/Qwen2-1.5B-Instruct,0.0,0,logiqa,0.75
39,1.15625,0.314663961018459,Qwen/Qwen2-1.5B-Instruct,0.0,0,logiqa,0.75
40,0.625,0.5352614285189903,Qwen/Qwen2-1.5B-Instruct,1.0,0,logiqa,0.75
41,3.265625,0.03817306945803752,Qwen/Qwen2-1.5B-Instruct,0.0,0,logiqa,0.75
42,1.46875,0.23021307174736147,Qwen/Qwen2-1.5B-Instruct,0.0,0,logiqa,0.75
43,1.4921875,0.22488019168416426,Qwen/Qwen2-1.5B-Instruct,0.0,0,logiqa,0.75
44,1.5625,0.2096113871510978,Qwen/Qwen2-1.5B-Instruct,0.0,0,logiqa,0.75
45,1.5390625,0.21458217794945839,Qwen/Qwen2-1.5B-Instruct,0.0,0,logiqa,0.75
46,1.0234375,0.35935752309532076,Qwen/Qwen2-1.5B-Instruct,1.0,0,logiqa,0.75
47,0.69921875,0.49697341264527733,Qwen/Qwen2-1.5B-Instruct,1.0,0,logiqa,0.75
48,2.296875,0.10057264266491435,Qwen/Qwen2-1.5B-Instruct,0.0,0,logiqa,0.75
49,1.640625,0.19385884264329528,Qwen/Qwen2-1.5B-Instruct,0.0,0,logiqa,0.75
50,1.1875,0.3049827687110593,Qwen/Qwen2-1.5B-Instruct,0.0,0,logiqa,0.75
51,5.90625,0.00272237668213834,Qwen/Qwen2-1.5B-Instruct,0.0,0,logiqa,0.75
52,2.140625,0.11758133171956547,Qwen/Qwen2-1.5B-Instruct,0.0,0,logiqa,0.75
53,2.234375,0.10705902083552722,Qwen/Qwen2-1.5B-Instruct,0.0,0,logiqa,0.75
54,2.75,0.06392786120670757,Qwen/Qwen2-1.5B-Instruct,0.0,0,logiqa,0.75
55,2.6875,0.0680508540250102,Qwen/Qwen2-1.5B-Instruct,0.0,0,logiqa,0.75
56,1.6328125,0.19537929639047613,Qwen/Qwen2-1.5B-Instruct,0.0,0,logiqa,0.75
57,2.0625,0.1271357329320356,Qwen/Qwen2-1.5B-Instruct,0.0,0,logiqa,0.75
58,4.71875,0.008926329489511324,Qwen/Qwen2-1.5B-Instruct,0.0,0,logiqa,0.75
59,1.390625,0.2489196812036605,Qwen/Qwen2-1.5B-Instruct,0.0,0,logiqa,0.75
60,0.96484375,0.3810427330152126,Qwen/Qwen2-1.5B-Instruct,1.0,0,logiqa,0.75
61,3.671875,0.025428746320412147,Qwen/Qwen2-1.5B-Instruct,0.0,0,logiqa,0.75
62,2.09375,0.12322417764723749,Qwen/Qwen2-1.5B-Instruct,0.0,0,logiqa,0.75
63,1.375,0.25283959580474646,Qwen/Qwen2-1.5B-Instruct,0.0,0,logiqa,0.75
64,0.69921875,0.49697341264527733,Qwen/Qwen2-1.5B-Instruct,1.0,0,logiqa,0.75
65,0.97265625,0.3780774349414026,Qwen/Qwen2-1.5B-Instruct,0.0,0,logiqa,0.75
66,1.5546875,0.21125538963610227,Qwen/Qwen2-1.5B-Instruct,0.0,0,logiqa,0.75
67,1.1875,0.3049827687110593,Qwen/Qwen2-1.5B-Instruct,1.0,0,logiqa,0.75
68,0.0458984375,0.9551389635657673,Qwen/Qwen2-1.5B-Instruct,1.0,0,logiqa,0.75
69,1.03125,0.356560980663947,Qwen/Qwen2-1.5B-Instruct,1.0,0,logiqa,0.75
70,3.5625,0.0283678164497131,Qwen/Qwen2-1.5B-Instruct,0.0,0,logiqa,0.75
71,0.171875,0.8420844271433824,Qwen/Qwen2-1.5B-Instruct,1.0,0,logiqa,0.75
72,2.046875,0.129137829405204,Qwen/Qwen2-1.5B-Instruct,0.0,0,logiqa,0.75
73,3.5625,0.0283678164497131,Qwen/Qwen2-1.5B-Instruct,0.0,0,logiqa,0.75
74,0.3125,0.7316156289466418,Qwen/Qwen2-1.5B-Instruct,1.0,0,logiqa,0.75
75,2.0,0.1353352832366127,Qwen/Qwen2-1.5B-Instruct,0.0,0,logiqa,0.75
76,3.125,0.04393693362340742,Qwen/Qwen2-1.5B-Instruct,0.0,0,logiqa,0.75
77,2.578125,0.0759162135601666,Qwen/Qwen2-1.5B-Instruct,0.0,0,logiqa,0.75
78,1.8046875,0.16452586287665122,Qwen/Qwen2-1.5B-Instruct,0.0,0,logiqa,0.75
79,6.75,0.0011708796207911744,Qwen/Qwen2-1.5B-Instruct,0.0,0,logiqa,0.75
1,0.08984375,0.9140739981758944,Qwen/Qwen2-1.5B-Instruct,1.0,0,logiqa,0.75
2,0.007781982421875,0.9922482188107336,Qwen/Qwen2-1.5B-Instruct,1.0,0,logiqa,0.75
3,1.2578125,0.2842751988422877,Qwen/Qwen2-1.5B-Instruct,0.0,0,logiqa,0.75
4,2.515625,0.08081238867682222,Qwen/Qwen2-1.5B-Instruct,0.0,0,logiqa,0.75
5,2.0625,0.1271357329320356,Qwen/Qwen2-1.5B-Instruct,0.0,0,logiqa,0.75
6,2.25,0.10539922456186433,Qwen/Qwen2-1.5B-Instruct,0.0,0,logiqa,0.75
7,0.640625,0.5269629692433709,Qwen/Qwen2-1.5B-Instruct,1.0,0,logiqa,0.75
8,1.4296875,0.23938371796817895,Qwen/Qwen2-1.5B-Instruct,0.0,0,logiqa,0.75
9,1.25,0.2865047968601901,Qwen/Qwen2-1.5B-Instruct,0.0,0,logiqa,0.75
10,5.5,0.004086771438464067,Qwen/Qwen2-1.5B-Instruct,0.0,0,logiqa,0.75
11,4.5625,0.010435936462774504,Qwen/Qwen2-1.5B-Instruct,0.0,0,logiqa,0.75
12,1.75,0.17377394345044514,Qwen/Qwen2-1.5B-Instruct,0.0,0,logiqa,0.75
13,3.28125,0.037581250870997916,Qwen/Qwen2-1.5B-Instruct,0.0,0,logiqa,0.75
14,2.84375,0.058206980009571974,Qwen/Qwen2-1.5B-Instruct,0.0,0,logiqa,0.75
15,1.359375,0.25682124007865503,Qwen/Qwen2-1.5B-Instruct,0.0,0,logiqa,0.75
16,1.609375,0.2000125828826258,Qwen/Qwen2-1.5B-Instruct,0.0,0,logiqa,0.75
17,0.93359375,0.39313832776388624,Qwen/Qwen2-1.5B-Instruct,1.0,0,logiqa,0.75
18,2.671875,0.06912249904327114,Qwen/Qwen2-1.5B-Instruct,0.0,0,logiqa,0.75
19,0.6171875,0.5394595359337269,Qwen/Qwen2-1.5B-Instruct,1.0,0,logiqa,0.75
20,0.984375,0.373672699406043,Qwen/Qwen2-1.5B-Instruct,1.0,0,logiqa,0.75
21,2.765625,0.06293675158337987,Qwen/Qwen2-1.5B-Instruct,0.0,0,logiqa,0.75
22,1.03125,0.356560980663947,Qwen/Qwen2-1.5B-Instruct,0.0,0,logiqa,0.75
23,1.0078125,0.36501658064745907,Qwen/Qwen2-1.5B-Instruct,1.0,0,logiqa,0.75
24,1.3984375,0.24698257287629313,Qwen/Qwen2-1.5B-Instruct,0.0,0,logiqa,0.75
25,1.609375,0.2000125828826258,Qwen/Qwen2-1.5B-Instruct,0.0,0,logiqa,0.75
26,0.76953125,0.463230156563083,Qwen/Qwen2-1.5B-Instruct,1.0,0,logiqa,0.75
27,0.373046875,0.6886329524177447,Qwen/Qwen2-1.5B-Instruct,1.0,0,logiqa,0.75
28,1.71875,0.17929012055011864,Qwen/Qwen2-1.5B-Instruct,0.0,0,logiqa,0.75
29,4.03125,0.01775212592162854,Qwen/Qwen2-1.5B-Instruct,0.0,0,logiqa,0.75
30,2.078125,0.1251646760876602,Qwen/Qwen2-1.5B-Instruct,0.0,0,logiqa,0.75
31,1.578125,0.20636166380601706,Qwen/Qwen2-1.5B-Instruct,0.0,0,logiqa,0.75
32,0.5546875,0.5742516868118521,Qwen/Qwen2-1.5B-Instruct,1.0,0,logiqa,0.75
33,3.9375,0.019496896108597995,Qwen/Qwen2-1.5B-Instruct,0.0,0,logiqa,0.75
34,1.171875,0.30978554847668166,Qwen/Qwen2-1.5B-Instruct,0.0,0,logiqa,0.75
35,1.828125,0.16071462536804407,Qwen/Qwen2-1.5B-Instruct,0.0,0,logiqa,0.75
36,1.1875,0.3049827687110593,Qwen/Qwen2-1.5B-Instruct,0.0,0,logiqa,0.75
37,2.046875,0.129137829405204,Qwen/Qwen2-1.5B-Instruct,0.0,0,logiqa,0.75
38,2.609375,0.07358051721811718,Qwen/Qwen2-1.5B-Instruct,0.0,0,logiqa,0.75
39,0.39453125,0.673995900791531,Qwen/Qwen2-1.5B-Instruct,1.0,0,logiqa,0.75
40,0.25390625,0.7757645265618263,Qwen/Qwen2-1.5B-Instruct,1.0,0,logiqa,0.75
41,1.25,0.2865047968601901,Qwen/Qwen2-1.5B-Instruct,0.0,0,logiqa,0.75
42,0.796875,0.4507353134063624,Qwen/Qwen2-1.5B-Instruct,1.0,0,logiqa,0.75
43,4.25,0.014264233908999256,Qwen/Qwen2-1.5B-Instruct,0.0,0,logiqa,0.75
44,1.4140625,0.2431534629991392,Qwen/Qwen2-1.5B-Instruct,0.0,0,logiqa,0.75
45,1.09375,0.33495804292529496,Qwen/Qwen2-1.5B-Instruct,1.0,0,logiqa,0.75
46,1.390625,0.2489196812036605,Qwen/Qwen2-1.5B-Instruct,0.0,0,logiqa,0.75
47,0.3359375,0.7146677711559482,Qwen/Qwen2-1.5B-Instruct,1.0,0,logiqa,0.75
48,4.40625,0.012200845821682604,Qwen/Qwen2-1.5B-Instruct,0.0,0,logiqa,0.75
49,0.25390625,0.7757645265618263,Qwen/Qwen2-1.5B-Instruct,1.0,0,logiqa,0.75
50,1.125,0.32465246735834974,Qwen/Qwen2-1.5B-Instruct,0.0,0,logiqa,0.75
51,0.038330078125,0.9623952228475297,Qwen/Qwen2-1.5B-Instruct,1.0,0,logiqa,0.75
52,1.6640625,0.18936810739025348,Qwen/Qwen2-1.5B-Instruct,0.0,0,logiqa,0.75
53,2.8125,0.060054667895307945,Qwen/Qwen2-1.5B-Instruct,0.0,0,logiqa,0.75
54,3.21875,0.04000503331137926,Qwen/Qwen2-1.5B-Instruct,0.0,0,logiqa,0.75
55,2.53125,0.07955950871822769,Qwen/Qwen2-1.5B-Instruct,0.0,0,logiqa,0.75
56,2.671875,0.06912249904327114,Qwen/Qwen2-1.5B-Instruct,0.0,0,logiqa,0.75
57,1.046875,0.3510330150388101,Qwen/Qwen2-1.5B-Instruct,1.0,0,logiqa,0.75
58,1.796875,0.1658162552121675,Qwen/Qwen2-1.5B-Instruct,0.0,0,logiqa,0.75
59,0.3515625,0.7035878743456275,Qwen/Qwen2-1.5B-Instruct,1.0,0,logiqa,0.75
60,4.9375,0.007172507245008699,Qwen/Qwen2-1.5B-Instruct,0.0,0,logiqa,0.75
61,2.40625,0.09015273423081638,Qwen/Qwen2-1.5B-Instruct,0.0,0,logiqa,0.75
62,0.984375,0.373672699406043,Qwen/Qwen2-1.5B-Instruct,1.0,0,logiqa,0.75
63,0.921875,0.39777251796661167,Qwen/Qwen2-1.5B-Instruct,1.0,0,logiqa,0.75
64,1.4609375,0.23201865524727103,Qwen/Qwen2-1.5B-Instruct,0.0,0,logiqa,0.75
65,0.77734375,0.459625270884992,Qwen/Qwen2-1.5B-Instruct,1.0,0,logiqa,0.75
66,2.25,0.10539922456186433,Qwen/Qwen2-1.5B-Instruct,0.0,0,logiqa,0.75
67,1.1484375,0.31713190105209277,Qwen/Qwen2-1.5B-Instruct,1.0,0,logiqa,0.75
68,1.8828125,0.1521615490248429,Qwen/Qwen2-1.5B-Instruct,0.0,0,logiqa,0.75
69,2.1875,0.11219689052034373,Qwen/Qwen2-1.5B-Instruct,0.0,0,logiqa,0.75
70,4.4375,0.011825465259096618,Qwen/Qwen2-1.5B-Instruct,0.0,0,logiqa,0.75
71,4.15625,0.015666196140128895,Qwen/Qwen2-1.5B-Instruct,0.0,0,logiqa,0.75
72,4.5,0.011108996538242306,Qwen/Qwen2-1.5B-Instruct,0.0,0,logiqa,0.75
73,1.84375,0.15822297604949842,Qwen/Qwen2-1.5B-Instruct,0.0,0,logiqa,0.75
74,1.8984375,0.14980250286418162,Qwen/Qwen2-1.5B-Instruct,0.0,0,logiqa,0.75
75,0.45703125,0.6331605534862997,Qwen/Qwen2-1.5B-Instruct,1.0,0,logiqa,0.75
76,1.15625,0.314663961018459,Qwen/Qwen2-1.5B-Instruct,0.0,0,logiqa,0.75
77,0.64453125,0.5249085353233612,Qwen/Qwen2-1.5B-Instruct,1.0,0,logiqa,0.75
78,2.96875,0.05136747956725073,Qwen/Qwen2-1.5B-Instruct,0.0,0,logiqa,0.75
79,1.8671875,0.15455774475698483,Qwen/Qwen2-1.5B-Instruct,0.0,0,logiqa,0.75
80,1.953125,0.14183015908734253,Qwen/Qwen2-1.5B-Instruct,0.0,0,logiqa,0.75
1,2.3125,0.0990134083638263,Qwen/Qwen2-1.5B-Instruct,0.0,0,logiqa,0.75
2,0.890625,0.41039917309637,Qwen/Qwen2-1.5B-Instruct,1.0,0,logiqa,0.75
3,0.171875,0.8420844271433824,Qwen/Qwen2-1.5B-Instruct,1.0,0,logiqa,0.75
4,5.5625,0.0038391664740261636,Qwen/Qwen2-1.5B-Instruct,0.0,0,logiqa,0.75
5,5.0625,0.006329715427485747,Qwen/Qwen2-1.5B-Instruct,0.0,0,logiqa,0.75
6,0.8984375,0.407205421393389,Qwen/Qwen2-1.5B-Instruct,0.0,0,logiqa,0.75
7,0.921875,0.39777251796661167,Qwen/Qwen2-1.5B-Instruct,0.0,0,logiqa,0.75
8,5.8125,0.0029899458563130603,Qwen/Qwen2-1.5B-Instruct,0.0,0,logiqa,0.75
9,2.53125,0.07955950871822769,Qwen/Qwen2-1.5B-Instruct,0.0,0,logiqa,0.75
10,0.66015625,0.5167705827795767,Qwen/Qwen2-1.5B-Instruct,1.0,0,logiqa,0.75
11,3.328125,0.035860280096566576,Qwen/Qwen2-1.5B-Instruct,0.0,0,logiqa,0.75
12,2.78125,0.061961007690531984,Qwen/Qwen2-1.5B-Instruct,0.0,0,logiqa,0.75
13,3.015625,0.049015191417106724,Qwen/Qwen2-1.5B-Instruct,0.0,0,logiqa,0.75
14,0.83984375,0.43177798346854385,Qwen/Qwen2-1.5B-Instruct,1.0,0,logiqa,0.75
15,0.400390625,0.6700582534023591,Qwen/Qwen2-1.5B-Instruct,1.0,0,logiqa,0.75
16,1.71875,0.17929012055011864,Qwen/Qwen2-1.5B-Instruct,0.0,0,logiqa,0.75
17,1.171875,0.30978554847668166,Qwen/Qwen2-1.5B-Instruct,0.0,0,logiqa,0.75
18,2.28125,0.1021564313333943,Qwen/Qwen2-1.5B-Instruct,0.0,0,logiqa,0.75
19,1.5546875,0.21125538963610227,Qwen/Qwen2-1.5B-Instruct,0.0,0,logiqa,0.75
20,1.9375,0.14406365910145327,Qwen/Qwen2-1.5B-Instruct,0.0,0,logiqa,0.75
21,1.890625,0.1509774184559146,Qwen/Qwen2-1.5B-Instruct,0.0,0,logiqa,0.75
22,4.625,0.009803655035821828,Qwen/Qwen2-1.5B-Instruct,0.0,0,logiqa,0.75
23,4.78125,0.008385510525424083,Qwen/Qwen2-1.5B-Instruct,0.0,0,logiqa,0.75
24,2.09375,0.12322417764723749,Qwen/Qwen2-1.5B-Instruct,0.0,0,logiqa,0.75
25,0.2421875,0.7849089933174918,Qwen/Qwen2-1.5B-Instruct,1.0,0,logiqa,0.75
26,1.40625,0.2450605392455259,Qwen/Qwen2-1.5B-Instruct,0.0,0,logiqa,0.75
27,2.0625,0.1271357329320356,Qwen/Qwen2-1.5B-Instruct,0.0,0,logiqa,0.75
28,1.3359375,0.26291158027609046,Qwen/Qwen2-1.5B-Instruct,0.0,0,logiqa,0.75
29,2.25,0.10539922456186433,Qwen/Qwen2-1.5B-Instruct,0.0,0,logiqa,0.75
30,2.15625,0.11575840213626322,Qwen/Qwen2-1.5B-Instruct,0.0,0,logiqa,0.75
31,1.65625,0.19085333986431632,Qwen/Qwen2-1.5B-Instruct,0.0,0,logiqa,0.75
32,3.453125,0.03164658611103602,Qwen/Qwen2-1.5B-Instruct,0.0,0,logiqa,0.75
33,1.390625,0.2489196812036605,Qwen/Qwen2-1.5B-Instruct,0.0,0,logiqa,0.75
34,0.61328125,0.5415709208598878,Qwen/Qwen2-1.5B-Instruct,1.0,0,logiqa,0.75
35,1.6328125,0.19537929639047613,Qwen/Qwen2-1.5B-Instruct,0.0,0,logiqa,0.75
36,0.953125,0.3855343441745787,Qwen/Qwen2-1.5B-Instruct,1.0,0,logiqa,0.75
37,6.28125,0.0018710603064642196,Qwen/Qwen2-1.5B-Instruct,0.0,0,logiqa,0.75
38,0.89453125,0.4087991783506979,Qwen/Qwen2-1.5B-Instruct,0.0,0,logiqa,0.75
39,1.3828125,0.25087198245993886,Qwen/Qwen2-1.5B-Instruct,0.0,0,logiqa,0.75
40,2.1875,0.11219689052034373,Qwen/Qwen2-1.5B-Instruct,0.0,0,logiqa,0.75
41,3.28125,0.037581250870997916,Qwen/Qwen2-1.5B-Instruct,0.0,0,logiqa,0.75
42,1.6875,0.18498139990730428,Qwen/Qwen2-1.5B-Instruct,0.0,0,logiqa,0.75
43,1.4453125,0.23567241741677974,Qwen/Qwen2-1.5B-Instruct,0.0,0,logiqa,0.75
44,2.1875,0.11219689052034373,Qwen/Qwen2-1.5B-Instruct,0.0,0,logiqa,0.75
45,2.046875,0.129137829405204,Qwen/Qwen2-1.5B-Instruct,0.0,0,logiqa,0.75
46,2.875,0.05641613950377735,Qwen/Qwen2-1.5B-Instruct,0.0,0,logiqa,0.75
47,1.3671875,0.2548226413322821,Qwen/Qwen2-1.5B-Instruct,0.0,0,logiqa,0.75
48,2.109375,0.1213137638466268,Qwen/Qwen2-1.5B-Instruct,0.0,0,logiqa,0.75
49,1.5546875,0.21125538963610227,Qwen/Qwen2-1.5B-Instruct,0.0,0,logiqa,0.75
50,2.78125,0.061961007690531984,Qwen/Qwen2-1.5B-Instruct,0.0,0,logiqa,0.75
51,1.1875,0.3049827687110593,Qwen/Qwen2-1.5B-Instruct,0.0,0,logiqa,0.75
52,1.3125,0.26914634872918386,Qwen/Qwen2-1.5B-Instruct,0.0,0,logiqa,0.75
53,0.87890625,0.4152368286818413,Qwen/Qwen2-1.5B-Instruct,0.0,0,logiqa,0.75
54,1.265625,0.28206295169381546,Qwen/Qwen2-1.5B-Instruct,0.0,0,logiqa,0.75
55,1.625,0.19691167520419406,Qwen/Qwen2-1.5B-Instruct,0.0,0,logiqa,0.75
56,0.890625,0.41039917309637,Qwen/Qwen2-1.5B-Instruct,1.0,0,logiqa,0.75
57,0.038330078125,0.9623952228475297,Qwen/Qwen2-1.5B-Instruct,1.0,0,logiqa,0.75
58,1.78125,0.16842748127818424,Qwen/Qwen2-1.5B-Instruct,0.0,0,logiqa,0.75
59,2.359375,0.09447925428109244,Qwen/Qwen2-1.5B-Instruct,0.0,0,logiqa,0.75
60,2.078125,0.1251646760876602,Qwen/Qwen2-1.5B-Instruct,0.0,0,logiqa,0.75
61,0.859375,0.4234266412852628,Qwen/Qwen2-1.5B-Instruct,1.0,0,logiqa,0.75
62,6.28125,0.0018710603064642196,Qwen/Qwen2-1.5B-Instruct,0.0,0,logiqa,0.75
63,1.890625,0.1509774184559146,Qwen/Qwen2-1.5B-Instruct,0.0,0,logiqa,0.75
64,1.46875,0.23021307174736147,Qwen/Qwen2-1.5B-Instruct,0.0,0,logiqa,0.75
65,2.84375,0.058206980009571974,Qwen/Qwen2-1.5B-Instruct,0.0,0,logiqa,0.75
66,1.3203125,0.26705183522634335,Qwen/Qwen2-1.5B-Instruct,0.0,0,logiqa,0.75
67,5.0625,0.006329715427485747,Qwen/Qwen2-1.5B-Instruct,0.0,0,logiqa,0.75
68,1.34375,0.26086558612628497,Qwen/Qwen2-1.5B-Instruct,0.0,0,logiqa,0.75
69,1.2265625,0.29329906232102687,Qwen/Qwen2-1.5B-Instruct,0.0,0,logiqa,0.75
70,0.10400390625,0.9012217770167625,Qwen/Qwen2-1.5B-Instruct,1.0,0,logiqa,0.75
71,1.2421875,0.2887518818320782,Qwen/Qwen2-1.5B-Instruct,0.0,0,logiqa,0.75
72,2.28125,0.1021564313333943,Qwen/Qwen2-1.5B-Instruct,0.0,0,logiqa,0.75
73,2.6875,0.0680508540250102,Qwen/Qwen2-1.5B-Instruct,0.0,0,logiqa,0.75
74,3.90625,0.02011579402674089,Qwen/Qwen2-1.5B-Instruct,0.0,0,logiqa,0.75
75,0.55859375,0.572012891653811,Qwen/Qwen2-1.5B-Instruct,1.0,0,logiqa,0.75
76,1.6328125,0.19537929639047613,Qwen/Qwen2-1.5B-Instruct,0.0,0,logiqa,0.75
77,1.484375,0.22664394888734782,Qwen/Qwen2-1.5B-Instruct,0.0,0,logiqa,0.75
78,1.9296875,0.14519356438370257,Qwen/Qwen2-1.5B-Instruct,0.0,0,logiqa,0.75
1,5.5625,0.0038391664740261636,Qwen/Qwen2-1.5B-Instruct,0.0,0,logiqa,0.75
2,5.90625,0.00272237668213834,Qwen/Qwen2-1.5B-Instruct,0.0,0,logiqa,0.75
3,2.796875,0.06100039130459344,Qwen/Qwen2-1.5B-Instruct,0.0,0,logiqa,0.75
4,0.2294921875,0.7949371790602927,Qwen/Qwen2-1.5B-Instruct,1.0,0,logiqa,0.75
5,2.03125,0.13117145431019428,Qwen/Qwen2-1.5B-Instruct,0.0,0,logiqa,0.75
6,0.2294921875,0.7949371790602927,Qwen/Qwen2-1.5B-Instruct,1.0,0,logiqa,0.75
7,2.4375,0.08737902619542039,Qwen/Qwen2-1.5B-Instruct,0.0,0,logiqa,0.75
8,3.25,0.03877420783172201,Qwen/Qwen2-1.5B-Instruct,0.0,0,logiqa,0.75
9,3.796875,0.022440789864373145,Qwen/Qwen2-1.5B-Instruct,0.0,0,logiqa,0.75
10,0.466796875,0.6270074383640806,Qwen/Qwen2-1.5B-Instruct,1.0,0,logiqa,0.75
11,1.453125,0.23383840011408472,Qwen/Qwen2-1.5B-Instruct,0.0,0,logiqa,0.75
12,1.9296875,0.14519356438370257,Qwen/Qwen2-1.5B-Instruct,0.0,0,logiqa,0.75
13,2.21875,0.10874495509722103,Qwen/Qwen2-1.5B-Instruct,0.0,0,logiqa,0.75
14,0.10400390625,0.9012217770167625,Qwen/Qwen2-1.5B-Instruct,1.0,0,logiqa,0.75
15,3.390625,0.03368761555886473,Qwen/Qwen2-1.5B-Instruct,0.0,0,logiqa,0.75
16,1.734375,0.17651048487186194,Qwen/Qwen2-1.5B-Instruct,0.0,0,logiqa,0.75
17,1.6875,0.18498139990730428,Qwen/Qwen2-1.5B-Instruct,0.0,0,logiqa,0.75
18,1.953125,0.14183015908734253,Qwen/Qwen2-1.5B-Instruct,0.0,0,logiqa,0.75
19,2.578125,0.0759162135601666,Qwen/Qwen2-1.5B-Instruct,0.0,0,logiqa,0.75
20,4.96875,0.006951832396384793,Qwen/Qwen2-1.5B-Instruct,0.0,0,logiqa,0.75
21,1.5703125,0.207980178394932,Qwen/Qwen2-1.5B-Instruct,0.0,0,logiqa,0.75
22,3.171875,0.04192491494570112,Qwen/Qwen2-1.5B-Instruct,0.0,0,logiqa,0.75
23,1.546875,0.21291228619240427,Qwen/Qwen2-1.5B-Instruct,0.0,0,logiqa,0.75
24,1.8359375,0.15946393423094812,Qwen/Qwen2-1.5B-Instruct,0.0,0,logiqa,0.75
25,1.4453125,0.23567241741677974,Qwen/Qwen2-1.5B-Instruct,0.0,0,logiqa,0.75
26,0.83984375,0.43177798346854385,Qwen/Qwen2-1.5B-Instruct,1.0,0,logiqa,0.75
27,3.234375,0.039384812757335554,Qwen/Qwen2-1.5B-Instruct,0.0,0,logiqa,0.75
28,2.75,0.06392786120670757,Qwen/Qwen2-1.5B-Instruct,0.0,0,logiqa,0.75
29,4.5625,0.010435936462774504,Qwen/Qwen2-1.5B-Instruct,0.0,0,logiqa,0.75
30,1.6328125,0.19537929639047613,Qwen/Qwen2-1.5B-Instruct,0.0,0,logiqa,0.75
31,0.19140625,0.8257970399501007,Qwen/Qwen2-1.5B-Instruct,1.0,0,logiqa,0.75
32,1.015625,0.3621759990808257,Qwen/Qwen2-1.5B-Instruct,1.0,0,logiqa,0.75
33,6.125,0.002187491118182885,Qwen/Qwen2-1.5B-Instruct,0.0,0,logiqa,0.75
34,2.34375,0.09596708604499847,Qwen/Qwen2-1.5B-Instruct,0.0,0,logiqa,0.75
35,2.03125,0.13117145431019428,Qwen/Qwen2-1.5B-Instruct,0.0,0,logiqa,0.75
36,4.5625,0.010435936462774504,Qwen/Qwen2-1.5B-Instruct,0.0,0,logiqa,0.75
37,2.40625,0.09015273423081638,Qwen/Qwen2-1.5B-Instruct,0.0,0,logiqa,0.75
38,0.2041015625,0.8153795549957998,Qwen/Qwen2-1.5B-Instruct,1.0,0,logiqa,0.75
39,1.515625,0.21967084765457534,Qwen/Qwen2-1.5B-Instruct,0.0,0,logiqa,0.75
40,3.59375,0.02749503049258667,Qwen/Qwen2-1.5B-Instruct,0.0,0,logiqa,0.75
41,3.046875,0.04750715251567949,Qwen/Qwen2-1.5B-Instruct,0.0,0,logiqa,0.75
42,3.375,0.03421811831166603,Qwen/Qwen2-1.5B-Instruct,0.0,0,logiqa,0.75
43,0.0155029296875,0.9846166221284973,Qwen/Qwen2-1.5B-Instruct,1.0,0,logiqa,0.75
44,4.0625,0.017205950425851383,Qwen/Qwen2-1.5B-Instruct,0.0,0,logiqa,0.75
45,1.96875,0.13963128628139898,Qwen/Qwen2-1.5B-Instruct,0.0,0,logiqa,0.75
46,1.8125,0.1632455124539584,Qwen/Qwen2-1.5B-Instruct,0.0,0,logiqa,0.75
47,1.1015625,0.3323513787550223,Qwen/Qwen2-1.5B-Instruct,1.0,0,logiqa,0.75
48,2.015625,0.13323710414756298,Qwen/Qwen2-1.5B-Instruct,0.0,0,logiqa,0.75
49,1.6796875,0.18643222700816212,Qwen/Qwen2-1.5B-Instruct,0.0,0,logiqa,0.75
50,4.6875,0.00920968160396814,Qwen/Qwen2-1.5B-Instruct,0.0,0,logiqa,0.75
51,1.84375,0.15822297604949842,Qwen/Qwen2-1.5B-Instruct,0.0,0,logiqa,0.75
52,2.40625,0.09015273423081638,Qwen/Qwen2-1.5B-Instruct,0.0,0,logiqa,0.75
53,3.4375,0.03214494732687607,Qwen/Qwen2-1.5B-Instruct,0.0,0,logiqa,0.75
54,0.3125,0.7316156289466418,Qwen/Qwen2-1.5B-Instruct,1.0,0,logiqa,0.75
55,1.1328125,0.3221260018134028,Qwen/Qwen2-1.5B-Instruct,1.0,0,logiqa,0.75
56,1.5,0.22313016014842982,Qwen/Qwen2-1.5B-Instruct,0.0,0,logiqa,0.75
57,2.1875,0.11219689052034373,Qwen/Qwen2-1.5B-Instruct,0.0,0,logiqa,0.75
58,3.015625,0.049015191417106724,Qwen/Qwen2-1.5B-Instruct,0.0,0,logiqa,0.75
59,6.0,0.0024787521766663585,Qwen/Qwen2-1.5B-Instruct,0.0,0,logiqa,0.75
60,1.3359375,0.26291158027609046,Qwen/Qwen2-1.5B-Instruct,0.0,0,logiqa,0.75
61,1.296875,0.27338478699614155,Qwen/Qwen2-1.5B-Instruct,1.0,0,logiqa,0.75
62,1.5234375,0.21796135555570278,Qwen/Qwen2-1.5B-Instruct,0.0,0,logiqa,0.75
63,1.859375,0.15576995617312325,Qwen/Qwen2-1.5B-Instruct,0.0,0,logiqa,0.75
64,3.421875,0.03265115658991408,Qwen/Qwen2-1.5B-Instruct,0.0,0,logiqa,0.75
65,0.248046875,0.7803233647630088,Qwen/Qwen2-1.5B-Instruct,1.0,0,logiqa,0.75
66,0.796875,0.4507353134063624,Qwen/Qwen2-1.5B-Instruct,0.0,0,logiqa,0.75
67,2.265625,0.10376516104428837,Qwen/Qwen2-1.5B-Instruct,0.0,0,logiqa,0.75
68,0.6328125,0.5310959910353452,Qwen/Qwen2-1.5B-Instruct,1.0,0,logiqa,0.75
69,2.328125,0.0974783477499485,Qwen/Qwen2-1.5B-Instruct,0.0,0,logiqa,0.75
70,2.71875,0.06595714935553817,Qwen/Qwen2-1.5B-Instruct,0.0,0,logiqa,0.75
71,1.6875,0.18498139990730428,Qwen/Qwen2-1.5B-Instruct,0.0,0,logiqa,0.75
72,1.390625,0.2489196812036605,Qwen/Qwen2-1.5B-Instruct,0.0,0,logiqa,0.75
73,1.4140625,0.2431534629991392,Qwen/Qwen2-1.5B-Instruct,0.0,0,logiqa,0.75
74,2.515625,0.08081238867682222,Qwen/Qwen2-1.5B-Instruct,0.0,0,logiqa,0.75
75,2.140625,0.11758133171956547,Qwen/Qwen2-1.5B-Instruct,0.0,0,logiqa,0.75
76,3.90625,0.02011579402674089,Qwen/Qwen2-1.5B-Instruct,0.0,0,logiqa,0.75
77,1.34375,0.26086558612628497,Qwen/Qwen2-1.5B-Instruct,0.0,0,logiqa,0.75
78,2.5625,0.07711171996831671,Qwen/Qwen2-1.5B-Instruct,0.0,0,logiqa,0.75
1,0.609375,0.5436905695130004,Qwen/Qwen2-1.5B-Instruct,1.0,0,logiqa,0.75
2,1.734375,0.17651048487186194,Qwen/Qwen2-1.5B-Instruct,0.0,0,logiqa,0.75
3,3.9375,0.019496896108597995,Qwen/Qwen2-1.5B-Instruct,0.0,0,logiqa,0.75
4,2.3125,0.0990134083638263,Qwen/Qwen2-1.5B-Instruct,0.0,0,logiqa,0.75
5,3.0625,0.04677062238395898,Qwen/Qwen2-1.5B-Instruct,0.0,0,logiqa,0.75
6,2.71875,0.06595714935553817,Qwen/Qwen2-1.5B-Instruct,0.0,0,logiqa,0.75
7,1.375,0.25283959580474646,Qwen/Qwen2-1.5B-Instruct,0.0,0,logiqa,0.75
8,0.36328125,0.6953908273230813,Qwen/Qwen2-1.5B-Instruct,1.0,0,logiqa,0.75
9,2.03125,0.13117145431019428,Qwen/Qwen2-1.5B-Instruct,0.0,0,logiqa,0.75
10,1.625,0.19691167520419406,Qwen/Qwen2-1.5B-Instruct,0.0,0,logiqa,0.75
11,3.71875,0.02426427924617674,Qwen/Qwen2-1.5B-Instruct,0.0,0,logiqa,0.75
12,1.375,0.25283959580474646,Qwen/Qwen2-1.5B-Instruct,0.0,0,logiqa,0.75
13,0.265625,0.76672659607082,Qwen/Qwen2-1.5B-Instruct,1.0,0,logiqa,0.75
14,1.53125,0.2162651668298873,Qwen/Qwen2-1.5B-Instruct,0.0,0,logiqa,0.75
15,2.59375,0.0747392417609257,Qwen/Qwen2-1.5B-Instruct,0.0,0,logiqa,0.75
16,0.97265625,0.3780774349414026,Qwen/Qwen2-1.5B-Instruct,1.0,0,logiqa,0.75
17,2.703125,0.06699582332279769,Qwen/Qwen2-1.5B-Instruct,0.0,0,logiqa,0.75
18,1.53125,0.2162651668298873,Qwen/Qwen2-1.5B-Instruct,0.0,0,logiqa,0.75
19,0.9296875,0.3946770276734171,Qwen/Qwen2-1.5B-Instruct,0.0,0,logiqa,0.75
20,2.3125,0.0990134083638263,Qwen/Qwen2-1.5B-Instruct,0.0,0,logiqa,0.75
21,1.421875,0.2412612277378443,Qwen/Qwen2-1.5B-Instruct,0.0,0,logiqa,0.75
22,2.140625,0.11758133171956547,Qwen/Qwen2-1.5B-Instruct,0.0,0,logiqa,0.75
23,2.15625,0.11575840213626322,Qwen/Qwen2-1.5B-Instruct,0.0,0,logiqa,0.75
24,0.5703125,0.5653487396106142,Qwen/Qwen2-1.5B-Instruct,1.0,0,logiqa,0.75
25,0.96484375,0.3810427330152126,Qwen/Qwen2-1.5B-Instruct,1.0,0,logiqa,0.75
26,0.96484375,0.3810427330152126,Qwen/Qwen2-1.5B-Instruct,1.0,0,logiqa,0.75
27,0.62890625,0.5331746419722976,Qwen/Qwen2-1.5B-Instruct,1.0,0,logiqa,0.75
28,2.234375,0.10705902083552722,Qwen/Qwen2-1.5B-Instruct,0.0,0,logiqa,0.75
29,0.640625,0.5269629692433709,Qwen/Qwen2-1.5B-Instruct,1.0,0,logiqa,0.75
30,3.34375,0.03530431798508576,Qwen/Qwen2-1.5B-Instruct,0.0,0,logiqa,0.75
31,1.921875,0.1463323316229146,Qwen/Qwen2-1.5B-Instruct,0.0,0,logiqa,0.75
32,1.1328125,0.3221260018134028,Qwen/Qwen2-1.5B-Instruct,0.0,0,logiqa,0.75
33,3.375,0.03421811831166603,Qwen/Qwen2-1.5B-Instruct,0.0,0,logiqa,0.75
34,0.70703125,0.49310593486505433,Qwen/Qwen2-1.5B-Instruct,1.0,0,logiqa,0.75
35,1.125,0.32465246735834974,Qwen/Qwen2-1.5B-Instruct,1.0,0,logiqa,0.75
36,0.1318359375,0.8764847815685415,Qwen/Qwen2-1.5B-Instruct,1.0,0,logiqa,0.75
37,2.875,0.05641613950377735,Qwen/Qwen2-1.5B-Instruct,0.0,0,logiqa,0.75
38,1.1328125,0.3221260018134028,Qwen/Qwen2-1.5B-Instruct,1.0,0,logiqa,0.75
39,3.625,0.026649097336355485,Qwen/Qwen2-1.5B-Instruct,0.0,0,logiqa,0.75
40,3.609375,0.027068759555306635,Qwen/Qwen2-1.5B-Instruct,0.0,0,logiqa,0.75
41,0.86328125,0.4217758572543825,Qwen/Qwen2-1.5B-Instruct,1.0,0,logiqa,0.75
42,1.390625,0.2489196812036605,Qwen/Qwen2-1.5B-Instruct,0.0,0,logiqa,0.75
43,0.03076171875,0.9697066084520289,Qwen/Qwen2-1.5B-Instruct,1.0,0,logiqa,0.75
44,2.03125,0.13117145431019428,Qwen/Qwen2-1.5B-Instruct,0.0,0,logiqa,0.75
45,1.1484375,0.31713190105209277,Qwen/Qwen2-1.5B-Instruct,0.0,0,logiqa,0.75
46,1.578125,0.20636166380601706,Qwen/Qwen2-1.5B-Instruct,0.0,0,logiqa,0.75
47,0.54296875,0.5810207839794026,Qwen/Qwen2-1.5B-Instruct,1.0,0,logiqa,0.75
48,1.0703125,0.34290134400373157,Qwen/Qwen2-1.5B-Instruct,1.0,0,logiqa,0.75
49,2.46875,0.0846906561847805,Qwen/Qwen2-1.5B-Instruct,0.0,0,logiqa,0.75
50,1.1328125,0.3221260018134028,Qwen/Qwen2-1.5B-Instruct,1.0,0,logiqa,0.75
51,2.25,0.10539922456186433,Qwen/Qwen2-1.5B-Instruct,0.0,0,logiqa,0.75
52,1.96875,0.13963128628139898,Qwen/Qwen2-1.5B-Instruct,0.0,0,logiqa,0.75
53,0.81640625,0.44201730327044453,Qwen/Qwen2-1.5B-Instruct,1.0,0,logiqa,0.75
54,2.890625,0.05554148833106887,Qwen/Qwen2-1.5B-Instruct,0.0,0,logiqa,0.75
55,1.5859375,0.20475574459755974,Qwen/Qwen2-1.5B-Instruct,0.0,0,logiqa,0.75
56,2.21875,0.10874495509722103,Qwen/Qwen2-1.5B-Instruct,0.0,0,logiqa,0.75
57,4.09375,0.016676578983487567,Qwen/Qwen2-1.5B-Instruct,0.0,0,logiqa,0.75
58,2.375,0.09301448921066349,Qwen/Qwen2-1.5B-Instruct,0.0,0,logiqa,0.75
59,1.5625,0.2096113871510978,Qwen/Qwen2-1.5B-Instruct,0.0,0,logiqa,0.75
60,1.453125,0.23383840011408472,Qwen/Qwen2-1.5B-Instruct,0.0,0,logiqa,0.75
61,1.359375,0.25682124007865503,Qwen/Qwen2-1.5B-Instruct,0.0,0,logiqa,0.75
62,1.2109375,0.2979178504832066,Qwen/Qwen2-1.5B-Instruct,0.0,0,logiqa,0.75
63,0.171875,0.8420844271433824,Qwen/Qwen2-1.5B-Instruct,1.0,0,logiqa,0.75
64,1.09375,0.33495804292529496,Qwen/Qwen2-1.5B-Instruct,0.0,0,logiqa,0.75
65,0.39453125,0.673995900791531,Qwen/Qwen2-1.5B-Instruct,1.0,0,logiqa,0.75
66,0.341796875,0.7104925088436513,Qwen/Qwen2-1.5B-Instruct,1.0,0,logiqa,0.75
67,2.640625,0.07131668269775804,Qwen/Qwen2-1.5B-Instruct,0.0,0,logiqa,0.75
68,2.234375,0.10705902083552722,Qwen/Qwen2-1.5B-Instruct,0.0,0,logiqa,0.75
69,1.515625,0.21967084765457534,Qwen/Qwen2-1.5B-Instruct,0.0,0,logiqa,0.75
70,1.5078125,0.221393747466153,Qwen/Qwen2-1.5B-Instruct,0.0,0,logiqa,0.75
71,2.9375,0.0529980584033558,Qwen/Qwen2-1.5B-Instruct,0.0,0,logiqa,0.75
72,1.71875,0.17929012055011864,Qwen/Qwen2-1.5B-Instruct,0.0,0,logiqa,0.75
73,3.140625,0.043255754605187734,Qwen/Qwen2-1.5B-Instruct,0.0,0,logiqa,0.75
74,1.8046875,0.16452586287665122,Qwen/Qwen2-1.5B-Instruct,0.0,0,logiqa,0.75
75,2.296875,0.10057264266491435,Qwen/Qwen2-1.5B-Instruct,0.0,0,logiqa,0.75
76,2.890625,0.05554148833106887,Qwen/Qwen2-1.5B-Instruct,0.0,0,logiqa,0.75
77,2.125,0.11943296826671962,Qwen/Qwen2-1.5B-Instruct,0.0,0,logiqa,0.75
78,4.15625,0.015666196140128895,Qwen/Qwen2-1.5B-Instruct,0.0,0,logiqa,0.75
79,3.484375,0.030672923016533588,Qwen/Qwen2-1.5B-Instruct,0.0,0,logiqa,0.75
80,1.46875,0.23021307174736147,Qwen/Qwen2-1.5B-Instruct,0.0,0,logiqa,0.75
81,0.007781982421875,0.9922482188107336,Qwen/Qwen2-1.5B-Instruct,1.0,0,logiqa,0.75
1,4.21875,0.014717029298635137,Qwen/Qwen2-1.5B-Instruct,0.0,0,logiqa,0.75
2,3.21875,0.04000503331137926,Qwen/Qwen2-1.5B-Instruct,0.0,0,logiqa,0.75
3,5.40625,0.004488440342699523,Qwen/Qwen2-1.5B-Instruct,0.0,0,logiqa,0.75
4,1.3984375,0.24698257287629313,Qwen/Qwen2-1.5B-Instruct,0.0,0,logiqa,0.75
5,3.0625,0.04677062238395898,Qwen/Qwen2-1.5B-Instruct,0.0,0,logiqa,0.75
6,1.4765625,0.2284215394097245,Qwen/Qwen2-1.5B-Instruct,0.0,0,logiqa,0.75
7,0.83203125,0.4351644601644917,Qwen/Qwen2-1.5B-Instruct,1.0,0,logiqa,0.75
8,1.84375,0.15822297604949842,Qwen/Qwen2-1.5B-Instruct,0.0,0,logiqa,0.75
9,1.3359375,0.26291158027609046,Qwen/Qwen2-1.5B-Instruct,0.0,0,logiqa,0.75
10,4.84375,0.007877458125943277,Qwen/Qwen2-1.5B-Instruct,0.0,0,logiqa,0.75
11,2.09375,0.12322417764723749,Qwen/Qwen2-1.5B-Instruct,0.0,0,logiqa,0.75
12,0.1787109375,0.8363476211932502,Qwen/Qwen2-1.5B-Instruct,1.0,0,logiqa,0.75
13,0.99609375,0.3693192805940405,Qwen/Qwen2-1.5B-Instruct,1.0,0,logiqa,0.75
14,1.328125,0.26497362135689667,Qwen/Qwen2-1.5B-Instruct,0.0,0,logiqa,0.75
15,0.89453125,0.4087991783506979,Qwen/Qwen2-1.5B-Instruct,0.0,0,logiqa,0.75
16,1.578125,0.20636166380601706,Qwen/Qwen2-1.5B-Instruct,0.0,0,logiqa,0.75
17,5.03125,0.006530642163653784,Qwen/Qwen2-1.5B-Instruct,0.0,0,logiqa,0.75
18,1.59375,0.20316232275153173,Qwen/Qwen2-1.5B-Instruct,0.0,0,logiqa,0.75
19,2.84375,0.058206980009571974,Qwen/Qwen2-1.5B-Instruct,0.0,0,logiqa,0.75
20,1.7578125,0.17242162389375282,Qwen/Qwen2-1.5B-Instruct,0.0,0,logiqa,0.75
21,1.0390625,0.353786201098432,Qwen/Qwen2-1.5B-Instruct,1.0,0,logiqa,0.75
22,0.5546875,0.5742516868118521,Qwen/Qwen2-1.5B-Instruct,1.0,0,logiqa,0.75
23,2.875,0.05641613950377735,Qwen/Qwen2-1.5B-Instruct,0.0,0,logiqa,0.75
24,1.9765625,0.13854466699075552,Qwen/Qwen2-1.5B-Instruct,0.0,0,logiqa,0.75
25,0.578125,0.5609491608144708,Qwen/Qwen2-1.5B-Instruct,1.0,0,logiqa,0.75
26,1.1953125,0.30260937397538795,Qwen/Qwen2-1.5B-Instruct,0.0,0,logiqa,0.75
27,3.375,0.03421811831166603,Qwen/Qwen2-1.5B-Instruct,0.0,0,logiqa,0.75
28,1.234375,0.29101659090983195,Qwen/Qwen2-1.5B-Instruct,0.0,0,logiqa,0.75
29,1.6875,0.18498139990730428,Qwen/Qwen2-1.5B-Instruct,0.0,0,logiqa,0.75
30,1.4453125,0.23567241741677974,Qwen/Qwen2-1.5B-Instruct,0.0,0,logiqa,0.75
31,1.3203125,0.26705183522634335,Qwen/Qwen2-1.5B-Instruct,0.0,0,logiqa,0.75
32,2.671875,0.06912249904327114,Qwen/Qwen2-1.5B-Instruct,0.0,0,logiqa,0.75
33,4.03125,0.01775212592162854,Qwen/Qwen2-1.5B-Instruct,0.0,0,logiqa,0.75
34,3.859375,0.02108117113844438,Qwen/Qwen2-1.5B-Instruct,0.0,0,logiqa,0.75
35,1.03125,0.356560980663947,Qwen/Qwen2-1.5B-Instruct,0.0,0,logiqa,0.75
36,1.453125,0.23383840011408472,Qwen/Qwen2-1.5B-Instruct,0.0,0,logiqa,0.75
37,2.453125,0.08602433995839362,Qwen/Qwen2-1.5B-Instruct,0.0,0,logiqa,0.75
38,0.05322265625,0.9481688732517508,Qwen/Qwen2-1.5B-Instruct,1.0,0,logiqa,0.75
39,0.9765625,0.3766034507108804,Qwen/Qwen2-1.5B-Instruct,0.0,0,logiqa,0.75
40,0.36328125,0.6953908273230813,Qwen/Qwen2-1.5B-Instruct,1.0,0,logiqa,0.75
41,4.09375,0.016676578983487567,Qwen/Qwen2-1.5B-Instruct,0.0,0,logiqa,0.75
42,0.7890625,0.4542704742837873,Qwen/Qwen2-1.5B-Instruct,1.0,0,logiqa,0.75
43,1.125,0.32465246735834974,Qwen/Qwen2-1.5B-Instruct,0.0,0,logiqa,0.75
44,1.78125,0.16842748127818424,Qwen/Qwen2-1.5B-Instruct,0.0,0,logiqa,0.75
45,2.1875,0.11219689052034373,Qwen/Qwen2-1.5B-Instruct,0.0,0,logiqa,0.75
46,1.0703125,0.34290134400373157,Qwen/Qwen2-1.5B-Instruct,1.0,0,logiqa,0.75
47,1.4609375,0.23201865524727103,Qwen/Qwen2-1.5B-Instruct,0.0,0,logiqa,0.75
48,3.25,0.03877420783172201,Qwen/Qwen2-1.5B-Instruct,0.0,0,logiqa,0.75
49,1.0625,0.3455907525769745,Qwen/Qwen2-1.5B-Instruct,1.0,0,logiqa,0.75
50,1.25,0.2865047968601901,Qwen/Qwen2-1.5B-Instruct,1.0,0,logiqa,0.75
51,2.859375,0.057304564428268645,Qwen/Qwen2-1.5B-Instruct,0.0,0,logiqa,0.75
52,0.94140625,0.39007890102496307,Qwen/Qwen2-1.5B-Instruct,1.0,0,logiqa,0.75
53,4.8125,0.008127515489292211,Qwen/Qwen2-1.5B-Instruct,0.0,0,logiqa,0.75
54,4.03125,0.01775212592162854,Qwen/Qwen2-1.5B-Instruct,0.0,0,logiqa,0.75
55,0.69140625,0.5008712234296745,Qwen/Qwen2-1.5B-Instruct,1.0,0,logiqa,0.75
56,4.90625,0.0074001870652772766,Qwen/Qwen2-1.5B-Instruct,0.0,0,logiqa,0.75
57,1.15625,0.314663961018459,Qwen/Qwen2-1.5B-Instruct,0.0,0,logiqa,0.75
58,1.3828125,0.25087198245993886,Qwen/Qwen2-1.5B-Instruct,0.0,0,logiqa,0.75
59,2.953125,0.05217639966630833,Qwen/Qwen2-1.5B-Instruct,0.0,0,logiqa,0.75
60,3.875,0.020754337873699742,Qwen/Qwen2-1.5B-Instruct,0.0,0,logiqa,0.75
61,1.5234375,0.21796135555570278,Qwen/Qwen2-1.5B-Instruct,0.0,0,logiqa,0.75
62,1.0625,0.3455907525769745,Qwen/Qwen2-1.5B-Instruct,1.0,0,logiqa,0.75
63,2.40625,0.09015273423081638,Qwen/Qwen2-1.5B-Instruct,0.0,0,logiqa,0.75
64,1.8046875,0.16452586287665122,Qwen/Qwen2-1.5B-Instruct,0.0,0,logiqa,0.75
65,0.2109375,0.8098246793420792,Qwen/Qwen2-1.5B-Instruct,1.0,0,logiqa,0.75
66,2.0,0.1353352832366127,Qwen/Qwen2-1.5B-Instruct,0.0,0,logiqa,0.75
67,0.1982421875,0.8201711938713908,Qwen/Qwen2-1.5B-Instruct,1.0,0,logiqa,0.75
68,1.984375,0.13746650383851944,Qwen/Qwen2-1.5B-Instruct,0.0,0,logiqa,0.75
69,0.84375,0.43009464064006225,Qwen/Qwen2-1.5B-Instruct,1.0,0,logiqa,0.75
70,2.03125,0.13117145431019428,Qwen/Qwen2-1.5B-Instruct,0.0,0,logiqa,0.75
71,1.296875,0.27338478699614155,Qwen/Qwen2-1.5B-Instruct,1.0,0,logiqa,0.75
72,1.765625,0.17107982817134254,Qwen/Qwen2-1.5B-Instruct,0.0,0,logiqa,0.75
73,0.66015625,0.5167705827795767,Qwen/Qwen2-1.5B-Instruct,1.0,0,logiqa,0.75
74,5.75,0.003182780796509667,Qwen/Qwen2-1.5B-Instruct,0.0,0,logiqa,0.75
75,1.265625,0.28206295169381546,Qwen/Qwen2-1.5B-Instruct,0.0,0,logiqa,0.75
76,1.8515625,0.1569916750812332,Qwen/Qwen2-1.5B-Instruct,0.0,0,logiqa,0.75
77,1.3125,0.26914634872918386,Qwen/Qwen2-1.5B-Instruct,0.0,0,logiqa,0.75
78,0.796875,0.4507353134063624,Qwen/Qwen2-1.5B-Instruct,1.0,0,logiqa,0.75
79,2.21875,0.10874495509722103,Qwen/Qwen2-1.5B-Instruct,0.0,0,logiqa,0.75
80,1.640625,0.19385884264329528,Qwen/Qwen2-1.5B-Instruct,0.0,0,logiqa,0.75
81,2.46875,0.0846906561847805,Qwen/Qwen2-1.5B-Instruct,0.0,0,logiqa,0.75
82,0.023193359375,0.9770735391778969,Qwen/Qwen2-1.5B-Instruct,1.0,0,logiqa,0.75
83,1.375,0.25283959580474646,Qwen/Qwen2-1.5B-Instruct,0.0,0,logiqa,0.75
1,1.9375,0.14406365910145327,Qwen/Qwen2-1.5B-Instruct,0.0,0,logiqa,0.75
2,2.28125,0.1021564313333943,Qwen/Qwen2-1.5B-Instruct,0.0,0,logiqa,0.75
3,1.59375,0.20316232275153173,Qwen/Qwen2-1.5B-Instruct,0.0,0,logiqa,0.75
4,1.9375,0.14406365910145327,Qwen/Qwen2-1.5B-Instruct,0.0,0,logiqa,0.75
5,0.294921875,0.7445897562683694,Qwen/Qwen2-1.5B-Instruct,1.0,0,logiqa,0.75
6,2.6875,0.0680508540250102,Qwen/Qwen2-1.5B-Instruct,0.0,0,logiqa,0.75
7,1.390625,0.2489196812036605,Qwen/Qwen2-1.5B-Instruct,0.0,0,logiqa,0.75
8,1.0703125,0.34290134400373157,Qwen/Qwen2-1.5B-Instruct,1.0,0,logiqa,0.75
9,1.546875,0.21291228619240427,Qwen/Qwen2-1.5B-Instruct,0.0,0,logiqa,0.75
10,1.171875,0.30978554847668166,Qwen/Qwen2-1.5B-Instruct,0.0,0,logiqa,0.75
11,0.369140625,0.6913281855882473,Qwen/Qwen2-1.5B-Instruct,1.0,0,logiqa,0.75
12,2.515625,0.08081238867682222,Qwen/Qwen2-1.5B-Instruct,0.0,0,logiqa,0.75
13,0.06787109375,0.9343809133539388,Qwen/Qwen2-1.5B-Instruct,1.0,0,logiqa,0.75
14,2.4375,0.08737902619542039,Qwen/Qwen2-1.5B-Instruct,0.0,0,logiqa,0.75
15,0.68359375,0.5047996051229459,Qwen/Qwen2-1.5B-Instruct,1.0,0,logiqa,0.75
16,2.921875,0.053832656382752,Qwen/Qwen2-1.5B-Instruct,0.0,0,logiqa,0.75
17,4.75,0.008651695203120634,Qwen/Qwen2-1.5B-Instruct,0.0,0,logiqa,0.75
18,1.2578125,0.2842751988422877,Qwen/Qwen2-1.5B-Instruct,0.0,0,logiqa,0.75
19,2.03125,0.13117145431019428,Qwen/Qwen2-1.5B-Instruct,0.0,0,logiqa,0.75
20,1.7109375,0.18069631039374898,Qwen/Qwen2-1.5B-Instruct,0.0,0,logiqa,0.75
21,1.484375,0.22664394888734782,Qwen/Qwen2-1.5B-Instruct,0.0,0,logiqa,0.75
22,2.484375,0.08337764926156645,Qwen/Qwen2-1.5B-Instruct,0.0,0,logiqa,0.75
23,3.65625,0.025829190807190754,Qwen/Qwen2-1.5B-Instruct,0.0,0,logiqa,0.75
24,2.3125,0.0990134083638263,Qwen/Qwen2-1.5B-Instruct,0.0,0,logiqa,0.75
25,2.71875,0.06595714935553817,Qwen/Qwen2-1.5B-Instruct,0.0,0,logiqa,0.75
26,1.5703125,0.207980178394932,Qwen/Qwen2-1.5B-Instruct,0.0,0,logiqa,0.75
27,2.046875,0.129137829405204,Qwen/Qwen2-1.5B-Instruct,0.0,0,logiqa,0.75
28,0.384765625,0.6806101355130432,Qwen/Qwen2-1.5B-Instruct,1.0,0,logiqa,0.75
29,0.91796875,0.39932935558376886,Qwen/Qwen2-1.5B-Instruct,1.0,0,logiqa,0.75
30,3.78125,0.022794180883612344,Qwen/Qwen2-1.5B-Instruct,0.0,0,logiqa,0.75
31,1.796875,0.1658162552121675,Qwen/Qwen2-1.5B-Instruct,0.0,0,logiqa,0.75
32,1.296875,0.27338478699614155,Qwen/Qwen2-1.5B-Instruct,1.0,0,logiqa,0.75
33,2.671875,0.06912249904327114,Qwen/Qwen2-1.5B-Instruct,0.0,0,logiqa,0.75
34,1.4140625,0.2431534629991392,Qwen/Qwen2-1.5B-Instruct,0.0,0,logiqa,0.75
35,0.50390625,0.604166020765368,Qwen/Qwen2-1.5B-Instruct,1.0,0,logiqa,0.75
36,1.328125,0.26497362135689667,Qwen/Qwen2-1.5B-Instruct,0.0,0,logiqa,0.75
37,1.1328125,0.3221260018134028,Qwen/Qwen2-1.5B-Instruct,1.0,0,logiqa,0.75
38,2.09375,0.12322417764723749,Qwen/Qwen2-1.5B-Instruct,0.0,0,logiqa,0.75
39,1.484375,0.22664394888734782,Qwen/Qwen2-1.5B-Instruct,0.0,0,logiqa,0.75
40,1.7890625,0.16711676822020574,Qwen/Qwen2-1.5B-Instruct,0.0,0,logiqa,0.75
41,2.6875,0.0680508540250102,Qwen/Qwen2-1.5B-Instruct,0.0,0,logiqa,0.75
42,1.734375,0.17651048487186194,Qwen/Qwen2-1.5B-Instruct,0.0,0,logiqa,0.75
43,1.515625,0.21967084765457534,Qwen/Qwen2-1.5B-Instruct,0.0,0,logiqa,0.75
44,1.75,0.17377394345044514,Qwen/Qwen2-1.5B-Instruct,0.0,0,logiqa,0.75
45,2.015625,0.13323710414756298,Qwen/Qwen2-1.5B-Instruct,0.0,0,logiqa,0.75
46,2.5625,0.07711171996831671,Qwen/Qwen2-1.5B-Instruct,0.0,0,logiqa,0.75
47,2.109375,0.1213137638466268,Qwen/Qwen2-1.5B-Instruct,0.0,0,logiqa,0.75
48,1.5,0.22313016014842982,Qwen/Qwen2-1.5B-Instruct,0.0,0,logiqa,0.75
49,2.3125,0.0990134083638263,Qwen/Qwen2-1.5B-Instruct,0.0,0,logiqa,0.75
50,3.078125,0.04604551109353302,Qwen/Qwen2-1.5B-Instruct,0.0,0,logiqa,0.75
51,1.3125,0.26914634872918386,Qwen/Qwen2-1.5B-Instruct,1.0,0,logiqa,0.75
52,1.78125,0.16842748127818424,Qwen/Qwen2-1.5B-Instruct,0.0,0,logiqa,0.75
53,5.5,0.004086771438464067,Qwen/Qwen2-1.5B-Instruct,0.0,0,logiqa,0.75
54,1.578125,0.20636166380601706,Qwen/Qwen2-1.5B-Instruct,0.0,0,logiqa,0.75
55,1.484375,0.22664394888734782,Qwen/Qwen2-1.5B-Instruct,0.0,0,logiqa,0.75
56,0.84375,0.43009464064006225,Qwen/Qwen2-1.5B-Instruct,1.0,0,logiqa,0.75
57,0.87890625,0.4152368286818413,Qwen/Qwen2-1.5B-Instruct,1.0,0,logiqa,0.75
58,1.625,0.19691167520419406,Qwen/Qwen2-1.5B-Instruct,0.0,0,logiqa,0.75
59,1.3203125,0.26705183522634335,Qwen/Qwen2-1.5B-Instruct,0.0,0,logiqa,0.75
60,2.1875,0.11219689052034373,Qwen/Qwen2-1.5B-Instruct,0.0,0,logiqa,0.75
61,1.78125,0.16842748127818424,Qwen/Qwen2-1.5B-Instruct,0.0,0,logiqa,0.75
62,1.453125,0.23383840011408472,Qwen/Qwen2-1.5B-Instruct,0.0,0,logiqa,0.75
63,1.65625,0.19085333986431632,Qwen/Qwen2-1.5B-Instruct,0.0,0,logiqa,0.75
64,1.8125,0.1632455124539584,Qwen/Qwen2-1.5B-Instruct,0.0,0,logiqa,0.75
65,1.375,0.25283959580474646,Qwen/Qwen2-1.5B-Instruct,0.0,0,logiqa,0.75
66,3.953125,0.019194624751579337,Qwen/Qwen2-1.5B-Instruct,0.0,0,logiqa,0.75
67,0.138671875,0.870513618882206,Qwen/Qwen2-1.5B-Instruct,1.0,0,logiqa,0.75
68,0.6484375,0.5228621108821537,Qwen/Qwen2-1.5B-Instruct,1.0,0,logiqa,0.75
69,2.0,0.1353352832366127,Qwen/Qwen2-1.5B-Instruct,0.0,0,logiqa,0.75
70,1.109375,0.3297649998062575,Qwen/Qwen2-1.5B-Instruct,1.0,0,logiqa,0.75
71,2.125,0.11943296826671962,Qwen/Qwen2-1.5B-Instruct,0.0,0,logiqa,0.75
72,2.765625,0.06293675158337987,Qwen/Qwen2-1.5B-Instruct,0.0,0,logiqa,0.75
73,2.5625,0.07711171996831671,Qwen/Qwen2-1.5B-Instruct,0.0,0,logiqa,0.75
74,3.765625,0.023153137001639675,Qwen/Qwen2-1.5B-Instruct,0.0,0,logiqa,0.75
75,1.5390625,0.21458217794945839,Qwen/Qwen2-1.5B-Instruct,0.0,0,logiqa,0.75
76,2.671875,0.06912249904327114,Qwen/Qwen2-1.5B-Instruct,0.0,0,logiqa,0.75
77,0.8828125,0.41361797370441067,Qwen/Qwen2-1.5B-Instruct,1.0,0,logiqa,0.75
1,0.283203125,0.7533667446967807,Qwen/Qwen2-1.5B-Instruct,1.0,0,logiqa,0.75
2,2.828125,0.059123606568473756,Qwen/Qwen2-1.5B-Instruct,0.0,0,logiqa,0.75
3,2.21875,0.10874495509722103,Qwen/Qwen2-1.5B-Instruct,0.0,0,logiqa,0.75
4,1.546875,0.21291228619240427,Qwen/Qwen2-1.5B-Instruct,0.0,0,logiqa,0.75
5,0.859375,0.4234266412852628,Qwen/Qwen2-1.5B-Instruct,1.0,0,logiqa,0.75
6,1.125,0.32465246735834974,Qwen/Qwen2-1.5B-Instruct,0.0,0,logiqa,0.75
7,0.9609375,0.3825340921054156,Qwen/Qwen2-1.5B-Instruct,1.0,0,logiqa,0.75
8,0.73828125,0.47793466018873804,Qwen/Qwen2-1.5B-Instruct,1.0,0,logiqa,0.75
9,2.390625,0.09157243321777621,Qwen/Qwen2-1.5B-Instruct,0.0,0,logiqa,0.75
10,2.765625,0.06293675158337987,Qwen/Qwen2-1.5B-Instruct,0.0,0,logiqa,0.75
11,1.1328125,0.3221260018134028,Qwen/Qwen2-1.5B-Instruct,0.0,0,logiqa,0.75
12,0.890625,0.41039917309637,Qwen/Qwen2-1.5B-Instruct,1.0,0,logiqa,0.75
13,0.37890625,0.6846097918258168,Qwen/Qwen2-1.5B-Instruct,1.0,0,logiqa,0.75
14,6.125,0.002187491118182885,Qwen/Qwen2-1.5B-Instruct,0.0,0,logiqa,0.75
15,1.5859375,0.20475574459755974,Qwen/Qwen2-1.5B-Instruct,0.0,0,logiqa,0.75
16,2.515625,0.08081238867682222,Qwen/Qwen2-1.5B-Instruct,0.0,0,logiqa,0.75
17,0.05322265625,0.9481688732517508,Qwen/Qwen2-1.5B-Instruct,1.0,0,logiqa,0.75
18,0.15234375,0.8586930542645764,Qwen/Qwen2-1.5B-Instruct,1.0,0,logiqa,0.75
19,2.0,0.1353352832366127,Qwen/Qwen2-1.5B-Instruct,0.0,0,logiqa,0.75
20,2.53125,0.07955950871822769,Qwen/Qwen2-1.5B-Instruct,0.0,0,logiqa,0.75
21,0.9765625,0.3766034507108804,Qwen/Qwen2-1.5B-Instruct,0.0,0,logiqa,0.75
22,0.0458984375,0.9551389635657673,Qwen/Qwen2-1.5B-Instruct,1.0,0,logiqa,0.75
23,2.453125,0.08602433995839362,Qwen/Qwen2-1.5B-Instruct,0.0,0,logiqa,0.75
24,1.390625,0.2489196812036605,Qwen/Qwen2-1.5B-Instruct,0.0,0,logiqa,0.75
25,0.19140625,0.8257970399501007,Qwen/Qwen2-1.5B-Instruct,1.0,0,logiqa,0.75
26,1.5234375,0.21796135555570278,Qwen/Qwen2-1.5B-Instruct,0.0,0,logiqa,0.75
27,1.3515625,0.25883551402927246,Qwen/Qwen2-1.5B-Instruct,0.0,0,logiqa,0.75
28,1.328125,0.26497362135689667,Qwen/Qwen2-1.5B-Instruct,0.0,0,logiqa,0.75
29,0.50390625,0.604166020765368,Qwen/Qwen2-1.5B-Instruct,1.0,0,logiqa,0.75
30,1.2734375,0.27986792038923625,Qwen/Qwen2-1.5B-Instruct,0.0,0,logiqa,0.75
31,0.78125,0.45783336177161427,Qwen/Qwen2-1.5B-Instruct,1.0,0,logiqa,0.75
32,4.4375,0.011825465259096618,Qwen/Qwen2-1.5B-Instruct,0.0,0,logiqa,0.75
33,0.1845703125,0.8314614757090356,Qwen/Qwen2-1.5B-Instruct,1.0,0,logiqa,0.75
34,3.34375,0.03530431798508576,Qwen/Qwen2-1.5B-Instruct,0.0,0,logiqa,0.75
35,0.330078125,0.7188675697091758,Qwen/Qwen2-1.5B-Instruct,1.0,0,logiqa,0.75
36,4.78125,0.008385510525424083,Qwen/Qwen2-1.5B-Instruct,0.0,0,logiqa,0.75
37,1.78125,0.16842748127818424,Qwen/Qwen2-1.5B-Instruct,0.0,0,logiqa,0.75
38,1.328125,0.26497362135689667,Qwen/Qwen2-1.5B-Instruct,0.0,0,logiqa,0.75
39,2.875,0.05641613950377735,Qwen/Qwen2-1.5B-Instruct,0.0,0,logiqa,0.75
40,0.83203125,0.4351644601644917,Qwen/Qwen2-1.5B-Instruct,1.0,0,logiqa,0.75
41,0.53515625,0.5855777864671197,Qwen/Qwen2-1.5B-Instruct,1.0,0,logiqa,0.75
42,2.671875,0.06912249904327114,Qwen/Qwen2-1.5B-Instruct,0.0,0,logiqa,0.75
43,1.3125,0.26914634872918386,Qwen/Qwen2-1.5B-Instruct,0.0,0,logiqa,0.75
44,1.7421875,0.17513686938087475,Qwen/Qwen2-1.5B-Instruct,0.0,0,logiqa,0.75
45,1.03125,0.356560980663947,Qwen/Qwen2-1.5B-Instruct,1.0,0,logiqa,0.75
46,1.90625,0.1486367305381225,Qwen/Qwen2-1.5B-Instruct,0.0,0,logiqa,0.75
47,1.5390625,0.21458217794945839,Qwen/Qwen2-1.5B-Instruct,0.0,0,logiqa,0.75
48,3.84375,0.021413151278198653,Qwen/Qwen2-1.5B-Instruct,0.0,0,logiqa,0.75
49,2.03125,0.13117145431019428,Qwen/Qwen2-1.5B-Instruct,0.0,0,logiqa,0.75
50,0.76953125,0.463230156563083,Qwen/Qwen2-1.5B-Instruct,1.0,0,logiqa,0.75
51,2.8125,0.060054667895307945,Qwen/Qwen2-1.5B-Instruct,0.0,0,logiqa,0.75
52,2.390625,0.09157243321777621,Qwen/Qwen2-1.5B-Instruct,0.0,0,logiqa,0.75
53,1.5,0.22313016014842982,Qwen/Qwen2-1.5B-Instruct,0.0,0,logiqa,0.75
54,1.53125,0.2162651668298873,Qwen/Qwen2-1.5B-Instruct,0.0,0,logiqa,0.75
55,5.0,0.006737946999085467,Qwen/Qwen2-1.5B-Instruct,0.0,0,logiqa,0.75
56,2.796875,0.06100039130459344,Qwen/Qwen2-1.5B-Instruct,0.0,0,logiqa,0.75
57,0.41015625,0.663546562885513,Qwen/Qwen2-1.5B-Instruct,1.0,0,logiqa,0.75
58,1.78125,0.16842748127818424,Qwen/Qwen2-1.5B-Instruct,0.0,0,logiqa,0.75
59,0.640625,0.5269629692433709,Qwen/Qwen2-1.5B-Instruct,1.0,0,logiqa,0.75
60,1.1328125,0.3221260018134028,Qwen/Qwen2-1.5B-Instruct,1.0,0,logiqa,0.75
61,2.75,0.06392786120670757,Qwen/Qwen2-1.5B-Instruct,0.0,0,logiqa,0.75
62,1.2421875,0.2887518818320782,Qwen/Qwen2-1.5B-Instruct,0.0,0,logiqa,0.75
63,0.546875,0.5787555986124843,Qwen/Qwen2-1.5B-Instruct,1.0,0,logiqa,0.75
64,1.8125,0.1632455124539584,Qwen/Qwen2-1.5B-Instruct,0.0,0,logiqa,0.75
65,0.87890625,0.4152368286818413,Qwen/Qwen2-1.5B-Instruct,1.0,0,logiqa,0.75
66,4.875,0.007635094218859962,Qwen/Qwen2-1.5B-Instruct,0.0,0,logiqa,0.75
67,1.21875,0.29559943537737077,Qwen/Qwen2-1.5B-Instruct,0.0,0,logiqa,0.75
68,0.435546875,0.64691079098504,Qwen/Qwen2-1.5B-Instruct,1.0,0,logiqa,0.75
69,1.65625,0.19085333986431632,Qwen/Qwen2-1.5B-Instruct,0.0,0,logiqa,0.75
70,2.390625,0.09157243321777621,Qwen/Qwen2-1.5B-Instruct,0.0,0,logiqa,0.75
71,3.078125,0.04604551109353302,Qwen/Qwen2-1.5B-Instruct,0.0,0,logiqa,0.75
72,1.9296875,0.14519356438370257,Qwen/Qwen2-1.5B-Instruct,0.0,0,logiqa,0.75
73,0.259765625,0.7712323221982079,Qwen/Qwen2-1.5B-Instruct,1.0,0,logiqa,0.75
74,2.953125,0.05217639966630833,Qwen/Qwen2-1.5B-Instruct,0.0,0,logiqa,0.75
75,1.3515625,0.25883551402927246,Qwen/Qwen2-1.5B-Instruct,0.0,0,logiqa,0.75
76,3.921875,0.019803927546861083,Qwen/Qwen2-1.5B-Instruct,0.0,0,logiqa,0.75
77,1.1015625,0.3323513787550223,Qwen/Qwen2-1.5B-Instruct,0.0,0,logiqa,0.75
78,2.359375,0.09447925428109244,Qwen/Qwen2-1.5B-Instruct,0.0,0,logiqa,0.75
1,6.4375,0.0016004026902445643,Qwen/Qwen2-1.5B-Instruct,0.0,0,logiqa,0.75
2,2.375,0.09301448921066349,Qwen/Qwen2-1.5B-Instruct,0.0,0,logiqa,0.75
3,2.078125,0.1251646760876602,Qwen/Qwen2-1.5B-Instruct,0.0,0,logiqa,0.75
4,2.1875,0.11219689052034373,Qwen/Qwen2-1.5B-Instruct,0.0,0,logiqa,0.75
5,1.21875,0.29559943537737077,Qwen/Qwen2-1.5B-Instruct,0.0,0,logiqa,0.75
6,2.171875,0.1139637344565904,Qwen/Qwen2-1.5B-Instruct,0.0,0,logiqa,0.75
7,1.53125,0.2162651668298873,Qwen/Qwen2-1.5B-Instruct,0.0,0,logiqa,0.75
8,1.84375,0.15822297604949842,Qwen/Qwen2-1.5B-Instruct,0.0,0,logiqa,0.75
9,5.5,0.004086771438464067,Qwen/Qwen2-1.5B-Instruct,0.0,0,logiqa,0.75
10,4.40625,0.012200845821682604,Qwen/Qwen2-1.5B-Instruct,0.0,0,logiqa,0.75
11,1.765625,0.17107982817134254,Qwen/Qwen2-1.5B-Instruct,0.0,0,logiqa,0.75
12,1.5390625,0.21458217794945839,Qwen/Qwen2-1.5B-Instruct,0.0,0,logiqa,0.75
13,0.0966796875,0.9078467542291261,Qwen/Qwen2-1.5B-Instruct,1.0,0,logiqa,0.75
14,1.390625,0.2489196812036605,Qwen/Qwen2-1.5B-Instruct,0.0,0,logiqa,0.75
15,0.11767578125,0.8889842312518604,Qwen/Qwen2-1.5B-Instruct,1.0,0,logiqa,0.75
16,4.5625,0.010435936462774504,Qwen/Qwen2-1.5B-Instruct,0.0,0,logiqa,0.75
17,2.46875,0.0846906561847805,Qwen/Qwen2-1.5B-Instruct,0.0,0,logiqa,0.75
18,1.3515625,0.25883551402927246,Qwen/Qwen2-1.5B-Instruct,0.0,0,logiqa,0.75
19,2.671875,0.06912249904327114,Qwen/Qwen2-1.5B-Instruct,0.0,0,logiqa,0.75
20,1.625,0.19691167520419406,Qwen/Qwen2-1.5B-Instruct,0.0,0,logiqa,0.75
21,1.9609375,0.14072642803276533,Qwen/Qwen2-1.5B-Instruct,0.0,0,logiqa,0.75
22,1.078125,0.34023286457404905,Qwen/Qwen2-1.5B-Instruct,1.0,0,logiqa,0.75
23,2.640625,0.07131668269775804,Qwen/Qwen2-1.5B-Instruct,0.0,0,logiqa,0.75
24,0.44140625,0.6431313813711866,Qwen/Qwen2-1.5B-Instruct,1.0,0,logiqa,0.75
25,2.25,0.10539922456186433,Qwen/Qwen2-1.5B-Instruct,0.0,0,logiqa,0.75
26,1.484375,0.22664394888734782,Qwen/Qwen2-1.5B-Instruct,0.0,0,logiqa,0.75
27,1.765625,0.17107982817134254,Qwen/Qwen2-1.5B-Instruct,0.0,0,logiqa,0.75
28,3.171875,0.04192491494570112,Qwen/Qwen2-1.5B-Instruct,0.0,0,logiqa,0.75
29,2.609375,0.07358051721811718,Qwen/Qwen2-1.5B-Instruct,0.0,0,logiqa,0.75
30,5.15625,0.005763271481312824,Qwen/Qwen2-1.5B-Instruct,0.0,0,logiqa,0.75
31,0.248046875,0.7803233647630088,Qwen/Qwen2-1.5B-Instruct,1.0,0,logiqa,0.75
32,4.53125,0.010767208646547101,Qwen/Qwen2-1.5B-Instruct,0.0,0,logiqa,0.75
33,1.6015625,0.20158130101268698,Qwen/Qwen2-1.5B-Instruct,0.0,0,logiqa,0.75
34,1.109375,0.3297649998062575,Qwen/Qwen2-1.5B-Instruct,1.0,0,logiqa,0.75
35,1.4375,0.23752081909545814,Qwen/Qwen2-1.5B-Instruct,0.0,0,logiqa,0.75
36,1.625,0.19691167520419406,Qwen/Qwen2-1.5B-Instruct,0.0,0,logiqa,0.75
37,3.828125,0.021750359344450344,Qwen/Qwen2-1.5B-Instruct,0.0,0,logiqa,0.75
38,3.1875,0.04127492938579755,Qwen/Qwen2-1.5B-Instruct,0.0,0,logiqa,0.75
39,1.4609375,0.23201865524727103,Qwen/Qwen2-1.5B-Instruct,0.0,0,logiqa,0.75
40,4.15625,0.015666196140128895,Qwen/Qwen2-1.5B-Instruct,0.0,0,logiqa,0.75
41,1.125,0.32465246735834974,Qwen/Qwen2-1.5B-Instruct,1.0,0,logiqa,0.75
42,0.37890625,0.6846097918258168,Qwen/Qwen2-1.5B-Instruct,1.0,0,logiqa,0.75
43,3.921875,0.019803927546861083,Qwen/Qwen2-1.5B-Instruct,0.0,0,logiqa,0.75
44,1.828125,0.16071462536804407,Qwen/Qwen2-1.5B-Instruct,0.0,0,logiqa,0.75
45,1.984375,0.13746650383851944,Qwen/Qwen2-1.5B-Instruct,0.0,0,logiqa,0.75
46,0.7890625,0.4542704742837873,Qwen/Qwen2-1.5B-Instruct,1.0,0,logiqa,0.75
47,2.328125,0.0974783477499485,Qwen/Qwen2-1.5B-Instruct,0.0,0,logiqa,0.75
48,2.96875,0.05136747956725073,Qwen/Qwen2-1.5B-Instruct,0.0,0,logiqa,0.75
49,2.203125,0.1104574389603643,Qwen/Qwen2-1.5B-Instruct,0.0,0,logiqa,0.75
50,0.416015625,0.6596699630606897,Qwen/Qwen2-1.5B-Instruct,1.0,0,logiqa,0.75
51,2.59375,0.0747392417609257,Qwen/Qwen2-1.5B-Instruct,0.0,0,logiqa,0.75
52,2.4375,0.08737902619542039,Qwen/Qwen2-1.5B-Instruct,0.0,0,logiqa,0.75
53,0.023193359375,0.9770735391778969,Qwen/Qwen2-1.5B-Instruct,1.0,0,logiqa,0.75
54,3.296875,0.03699860758070385,Qwen/Qwen2-1.5B-Instruct,0.0,0,logiqa,0.75
55,1.328125,0.26497362135689667,Qwen/Qwen2-1.5B-Instruct,1.0,0,logiqa,0.75
56,1.421875,0.2412612277378443,Qwen/Qwen2-1.5B-Instruct,0.0,0,logiqa,0.75
57,0.1318359375,0.8764847815685415,Qwen/Qwen2-1.5B-Instruct,1.0,0,logiqa,0.75
58,4.0,0.01831563888873418,Qwen/Qwen2-1.5B-Instruct,0.0,0,logiqa,0.75
59,1.1484375,0.31713190105209277,Qwen/Qwen2-1.5B-Instruct,0.0,0,logiqa,0.75
60,3.75,0.023517745856009107,Qwen/Qwen2-1.5B-Instruct,0.0,0,logiqa,0.75
61,1.34375,0.26086558612628497,Qwen/Qwen2-1.5B-Instruct,0.0,0,logiqa,0.75
62,2.5625,0.07711171996831671,Qwen/Qwen2-1.5B-Instruct,0.0,0,logiqa,0.75
63,4.25,0.014264233908999256,Qwen/Qwen2-1.5B-Instruct,0.0,0,logiqa,0.75
64,0.54296875,0.5810207839794026,Qwen/Qwen2-1.5B-Instruct,1.0,0,logiqa,0.75
65,2.390625,0.09157243321777621,Qwen/Qwen2-1.5B-Instruct,0.0,0,logiqa,0.75
66,1.5703125,0.207980178394932,Qwen/Qwen2-1.5B-Instruct,0.0,0,logiqa,0.75
67,0.22265625,0.8003899360518268,Qwen/Qwen2-1.5B-Instruct,1.0,0,logiqa,0.75
68,1.3359375,0.26291158027609046,Qwen/Qwen2-1.5B-Instruct,0.0,0,logiqa,0.75
69,0.038330078125,0.9623952228475297,Qwen/Qwen2-1.5B-Instruct,1.0,0,logiqa,0.75
70,3.546875,0.028814544556403775,Qwen/Qwen2-1.5B-Instruct,0.0,0,logiqa,0.75
71,1.75,0.17377394345044514,Qwen/Qwen2-1.5B-Instruct,0.0,0,logiqa,0.75
72,1.671875,0.18789443308700168,Qwen/Qwen2-1.5B-Instruct,0.0,0,logiqa,0.75
73,1.609375,0.2000125828826258,Qwen/Qwen2-1.5B-Instruct,0.0,0,logiqa,0.75
74,1.625,0.19691167520419406,Qwen/Qwen2-1.5B-Instruct,0.0,0,logiqa,0.75
75,1.2265625,0.29329906232102687,Qwen/Qwen2-1.5B-Instruct,0.0,0,logiqa,0.75
76,2.40625,0.09015273423081638,Qwen/Qwen2-1.5B-Instruct,0.0,0,logiqa,0.75
77,1.890625,0.1509774184559146,Qwen/Qwen2-1.5B-Instruct,0.0,0,logiqa,0.75
78,1.046875,0.3510330150388101,Qwen/Qwen2-1.5B-Instruct,1.0,0,logiqa,0.75
79,3.078125,0.04604551109353302,Qwen/Qwen2-1.5B-Instruct,0.0,0,logiqa,0.75
1,5.1875,0.0055859542589981,Qwen/Qwen2-1.5B-Instruct,0.0,0,logiqa,0.75
2,4.71875,0.008926329489511324,Qwen/Qwen2-1.5B-Instruct,0.0,0,logiqa,0.75
3,2.09375,0.12322417764723749,Qwen/Qwen2-1.5B-Instruct,0.0,0,logiqa,0.75
4,4.3125,0.013400007665140828,Qwen/Qwen2-1.5B-Instruct,0.0,0,logiqa,0.75
5,4.28125,0.013825369568946493,Qwen/Qwen2-1.5B-Instruct,0.0,0,logiqa,0.75
6,0.578125,0.5609491608144708,Qwen/Qwen2-1.5B-Instruct,1.0,0,logiqa,0.75
7,0.51953125,0.5947992948032403,Qwen/Qwen2-1.5B-Instruct,1.0,0,logiqa,0.75
8,3.359375,0.034756975267222885,Qwen/Qwen2-1.5B-Instruct,0.0,0,logiqa,0.75
9,2.3125,0.0990134083638263,Qwen/Qwen2-1.5B-Instruct,0.0,0,logiqa,0.75
10,5.75,0.003182780796509667,Qwen/Qwen2-1.5B-Instruct,0.0,0,logiqa,0.75
11,1.515625,0.21967084765457534,Qwen/Qwen2-1.5B-Instruct,0.0,0,logiqa,0.75
12,0.99609375,0.3693192805940405,Qwen/Qwen2-1.5B-Instruct,0.0,0,logiqa,0.75
13,1.0625,0.3455907525769745,Qwen/Qwen2-1.5B-Instruct,0.0,0,logiqa,0.75
14,1.40625,0.2450605392455259,Qwen/Qwen2-1.5B-Instruct,0.0,0,logiqa,0.75
15,0.69140625,0.5008712234296745,Qwen/Qwen2-1.5B-Instruct,1.0,0,logiqa,0.75
16,2.0,0.1353352832366127,Qwen/Qwen2-1.5B-Instruct,0.0,0,logiqa,0.75
17,0.91015625,0.4024613345370006,Qwen/Qwen2-1.5B-Instruct,1.0,0,logiqa,0.75
18,2.890625,0.05554148833106887,Qwen/Qwen2-1.5B-Instruct,0.0,0,logiqa,0.75
19,1.3203125,0.26705183522634335,Qwen/Qwen2-1.5B-Instruct,0.0,0,logiqa,0.75
20,1.421875,0.2412612277378443,Qwen/Qwen2-1.5B-Instruct,0.0,0,logiqa,0.75
21,1.703125,0.18211352912101367,Qwen/Qwen2-1.5B-Instruct,0.0,0,logiqa,0.75
22,0.341796875,0.7104925088436513,Qwen/Qwen2-1.5B-Instruct,1.0,0,logiqa,0.75
23,3.5625,0.0283678164497131,Qwen/Qwen2-1.5B-Instruct,0.0,0,logiqa,0.75
24,0.2294921875,0.7949371790602927,Qwen/Qwen2-1.5B-Instruct,1.0,0,logiqa,0.75
25,1.265625,0.28206295169381546,Qwen/Qwen2-1.5B-Instruct,0.0,0,logiqa,0.75
26,1.9375,0.14406365910145327,Qwen/Qwen2-1.5B-Instruct,0.0,0,logiqa,0.75
27,3.0625,0.04677062238395898,Qwen/Qwen2-1.5B-Instruct,0.0,0,logiqa,0.75
28,1.484375,0.22664394888734782,Qwen/Qwen2-1.5B-Instruct,0.0,0,logiqa,0.75
29,2.3125,0.0990134083638263,Qwen/Qwen2-1.5B-Instruct,0.0,0,logiqa,0.75
30,1.03125,0.356560980663947,Qwen/Qwen2-1.5B-Instruct,1.0,0,logiqa,0.75
31,2.03125,0.13117145431019428,Qwen/Qwen2-1.5B-Instruct,0.0,0,logiqa,0.75
32,0.6796875,0.5067753349154387,Qwen/Qwen2-1.5B-Instruct,1.0,0,logiqa,0.75
33,1.0859375,0.3375851514160396,Qwen/Qwen2-1.5B-Instruct,1.0,0,logiqa,0.75
34,1.46875,0.23021307174736147,Qwen/Qwen2-1.5B-Instruct,0.0,0,logiqa,0.75
35,2.625,0.07243975703425146,Qwen/Qwen2-1.5B-Instruct,0.0,0,logiqa,0.75
36,2.640625,0.07131668269775804,Qwen/Qwen2-1.5B-Instruct,0.0,0,logiqa,0.75
37,2.265625,0.10376516104428837,Qwen/Qwen2-1.5B-Instruct,0.0,0,logiqa,0.75
38,2.21875,0.10874495509722103,Qwen/Qwen2-1.5B-Instruct,0.0,0,logiqa,0.75
39,1.2109375,0.2979178504832066,Qwen/Qwen2-1.5B-Instruct,1.0,0,logiqa,0.75
40,1.1875,0.3049827687110593,Qwen/Qwen2-1.5B-Instruct,0.0,0,logiqa,0.75
41,3.09375,0.045331641611676264,Qwen/Qwen2-1.5B-Instruct,0.0,0,logiqa,0.75
42,3.40625,0.03316533748891029,Qwen/Qwen2-1.5B-Instruct,0.0,0,logiqa,0.75
43,0.22265625,0.8003899360518268,Qwen/Qwen2-1.5B-Instruct,1.0,0,logiqa,0.75
44,4.40625,0.012200845821682604,Qwen/Qwen2-1.5B-Instruct,0.0,0,logiqa,0.75
45,1.875,0.15335496684492847,Qwen/Qwen2-1.5B-Instruct,0.0,0,logiqa,0.75
46,1.7734375,0.16974847438608623,Qwen/Qwen2-1.5B-Instruct,0.0,0,logiqa,0.75
47,1.4375,0.23752081909545814,Qwen/Qwen2-1.5B-Instruct,0.0,0,logiqa,0.75
48,0.330078125,0.7188675697091758,Qwen/Qwen2-1.5B-Instruct,1.0,0,logiqa,0.75
49,1.640625,0.19385884264329528,Qwen/Qwen2-1.5B-Instruct,0.0,0,logiqa,0.75
50,2.796875,0.06100039130459344,Qwen/Qwen2-1.5B-Instruct,0.0,0,logiqa,0.75
51,3.703125,0.024646386044811498,Qwen/Qwen2-1.5B-Instruct,0.0,0,logiqa,0.75
52,4.03125,0.01775212592162854,Qwen/Qwen2-1.5B-Instruct,0.0,0,logiqa,0.75
53,1.84375,0.15822297604949842,Qwen/Qwen2-1.5B-Instruct,0.0,0,logiqa,0.75
54,0.8125,0.44374731008107987,Qwen/Qwen2-1.5B-Instruct,1.0,0,logiqa,0.75
55,0.546875,0.5787555986124843,Qwen/Qwen2-1.5B-Instruct,1.0,0,logiqa,0.75
56,2.28125,0.1021564313333943,Qwen/Qwen2-1.5B-Instruct,0.0,0,logiqa,0.75
57,0.8515625,0.4267476175926629,Qwen/Qwen2-1.5B-Instruct,1.0,0,logiqa,0.75
58,3.484375,0.030672923016533588,Qwen/Qwen2-1.5B-Instruct,0.0,0,logiqa,0.75
59,1.6015625,0.20158130101268698,Qwen/Qwen2-1.5B-Instruct,0.0,0,logiqa,0.75
60,3.375,0.03421811831166603,Qwen/Qwen2-1.5B-Instruct,0.0,0,logiqa,0.75
61,0.97265625,0.3780774349414026,Qwen/Qwen2-1.5B-Instruct,1.0,0,logiqa,0.75
62,1.3125,0.26914634872918386,Qwen/Qwen2-1.5B-Instruct,0.0,0,logiqa,0.75
63,1.609375,0.2000125828826258,Qwen/Qwen2-1.5B-Instruct,0.0,0,logiqa,0.75
64,1.265625,0.28206295169381546,Qwen/Qwen2-1.5B-Instruct,0.0,0,logiqa,0.75
65,2.859375,0.057304564428268645,Qwen/Qwen2-1.5B-Instruct,0.0,0,logiqa,0.75
66,4.3125,0.013400007665140828,Qwen/Qwen2-1.5B-Instruct,0.0,0,logiqa,0.75
67,0.05322265625,0.9481688732517508,Qwen/Qwen2-1.5B-Instruct,1.0,0,logiqa,0.75
68,1.5,0.22313016014842982,Qwen/Qwen2-1.5B-Instruct,0.0,0,logiqa,0.75
69,1.09375,0.33495804292529496,Qwen/Qwen2-1.5B-Instruct,0.0,0,logiqa,0.75
70,3.25,0.03877420783172201,Qwen/Qwen2-1.5B-Instruct,0.0,0,logiqa,0.75
71,5.625,0.0036065631360157305,Qwen/Qwen2-1.5B-Instruct,0.0,0,logiqa,0.75
72,1.609375,0.2000125828826258,Qwen/Qwen2-1.5B-Instruct,0.0,0,logiqa,0.75
73,2.96875,0.05136747956725073,Qwen/Qwen2-1.5B-Instruct,0.0,0,logiqa,0.75
74,2.796875,0.06100039130459344,Qwen/Qwen2-1.5B-Instruct,0.0,0,logiqa,0.75
75,1.8828125,0.1521615490248429,Qwen/Qwen2-1.5B-Instruct,0.0,0,logiqa,0.75
76,1.9375,0.14406365910145327,Qwen/Qwen2-1.5B-Instruct,0.0,0,logiqa,0.75
77,1.4921875,0.22488019168416426,Qwen/Qwen2-1.5B-Instruct,0.0,0,logiqa,0.75
78,1.5859375,0.20475574459755974,Qwen/Qwen2-1.5B-Instruct,0.0,0,logiqa,0.75
1,5.25,0.005247518399181385,Qwen/Qwen2-1.5B-Instruct,0.0,0,logiqa,0.75
2,1.671875,0.18789443308700168,Qwen/Qwen2-1.5B-Instruct,0.0,0,logiqa,0.75
3,1.7734375,0.16974847438608623,Qwen/Qwen2-1.5B-Instruct,0.0,0,logiqa,0.75
4,3.5625,0.0283678164497131,Qwen/Qwen2-1.5B-Instruct,0.0,0,logiqa,0.75
5,2.484375,0.08337764926156645,Qwen/Qwen2-1.5B-Instruct,0.0,0,logiqa,0.75
6,1.421875,0.2412612277378443,Qwen/Qwen2-1.5B-Instruct,0.0,0,logiqa,0.75
7,0.90234375,0.40561787790561105,Qwen/Qwen2-1.5B-Instruct,1.0,0,logiqa,0.75
8,1.21875,0.29559943537737077,Qwen/Qwen2-1.5B-Instruct,0.0,0,logiqa,0.75
9,0.69140625,0.5008712234296745,Qwen/Qwen2-1.5B-Instruct,1.0,0,logiqa,0.75
10,0.63671875,0.5290254439903966,Qwen/Qwen2-1.5B-Instruct,1.0,0,logiqa,0.75
11,1.984375,0.13746650383851944,Qwen/Qwen2-1.5B-Instruct,0.0,0,logiqa,0.75
12,1.2421875,0.2887518818320782,Qwen/Qwen2-1.5B-Instruct,0.0,0,logiqa,0.75
13,1.625,0.19691167520419406,Qwen/Qwen2-1.5B-Instruct,0.0,0,logiqa,0.75
14,0.77734375,0.459625270884992,Qwen/Qwen2-1.5B-Instruct,1.0,0,logiqa,0.75
15,4.0625,0.017205950425851383,Qwen/Qwen2-1.5B-Instruct,0.0,0,logiqa,0.75
16,2.859375,0.057304564428268645,Qwen/Qwen2-1.5B-Instruct,0.0,0,logiqa,0.75
17,4.75,0.008651695203120634,Qwen/Qwen2-1.5B-Instruct,0.0,0,logiqa,0.75
18,4.65625,0.00950202828005989,Qwen/Qwen2-1.5B-Instruct,0.0,0,logiqa,0.75
19,1.5078125,0.221393747466153,Qwen/Qwen2-1.5B-Instruct,0.0,0,logiqa,0.75
20,1.9453125,0.14294254681187055,Qwen/Qwen2-1.5B-Instruct,0.0,0,logiqa,0.75
21,1.328125,0.26497362135689667,Qwen/Qwen2-1.5B-Instruct,0.0,0,logiqa,0.75
22,1.5625,0.2096113871510978,Qwen/Qwen2-1.5B-Instruct,0.0,0,logiqa,0.75
23,0.73828125,0.47793466018873804,Qwen/Qwen2-1.5B-Instruct,1.0,0,logiqa,0.75
24,1.921875,0.1463323316229146,Qwen/Qwen2-1.5B-Instruct,0.0,0,logiqa,0.75
25,1.5,0.22313016014842982,Qwen/Qwen2-1.5B-Instruct,0.0,0,logiqa,0.75
26,1.34375,0.26086558612628497,Qwen/Qwen2-1.5B-Instruct,0.0,0,logiqa,0.75
27,0.83984375,0.43177798346854385,Qwen/Qwen2-1.5B-Instruct,1.0,0,logiqa,0.75
28,1.8984375,0.14980250286418162,Qwen/Qwen2-1.5B-Instruct,0.0,0,logiqa,0.75
29,3.078125,0.04604551109353302,Qwen/Qwen2-1.5B-Instruct,0.0,0,logiqa,0.75
30,1.484375,0.22664394888734782,Qwen/Qwen2-1.5B-Instruct,0.0,0,logiqa,0.75
31,0.390625,0.676633846161729,Qwen/Qwen2-1.5B-Instruct,1.0,0,logiqa,0.75
32,1.5546875,0.21125538963610227,Qwen/Qwen2-1.5B-Instruct,0.0,0,logiqa,0.75
33,1.046875,0.3510330150388101,Qwen/Qwen2-1.5B-Instruct,0.0,0,logiqa,0.75
34,0.5546875,0.5742516868118521,Qwen/Qwen2-1.5B-Instruct,1.0,0,logiqa,0.75
35,1.6015625,0.20158130101268698,Qwen/Qwen2-1.5B-Instruct,0.0,0,logiqa,0.75
36,1.7265625,0.17789487376266921,Qwen/Qwen2-1.5B-Instruct,0.0,0,logiqa,0.75
37,1.6640625,0.18936810739025348,Qwen/Qwen2-1.5B-Instruct,0.0,0,logiqa,0.75
38,1.28125,0.27768997095378994,Qwen/Qwen2-1.5B-Instruct,0.0,0,logiqa,0.75
39,1.8984375,0.14980250286418162,Qwen/Qwen2-1.5B-Instruct,0.0,0,logiqa,0.75
40,3.59375,0.02749503049258667,Qwen/Qwen2-1.5B-Instruct,0.0,0,logiqa,0.75
41,1.28125,0.27768997095378994,Qwen/Qwen2-1.5B-Instruct,0.0,0,logiqa,0.75
42,3.21875,0.04000503331137926,Qwen/Qwen2-1.5B-Instruct,0.0,0,logiqa,0.75
43,1.9765625,0.13854466699075552,Qwen/Qwen2-1.5B-Instruct,0.0,0,logiqa,0.75
44,1.59375,0.20316232275153173,Qwen/Qwen2-1.5B-Instruct,0.0,0,logiqa,0.75
45,2.046875,0.129137829405204,Qwen/Qwen2-1.5B-Instruct,0.0,0,logiqa,0.75
46,1.0625,0.3455907525769745,Qwen/Qwen2-1.5B-Instruct,0.0,0,logiqa,0.75
47,0.99609375,0.3693192805940405,Qwen/Qwen2-1.5B-Instruct,1.0,0,logiqa,0.75
48,2.3125,0.0990134083638263,Qwen/Qwen2-1.5B-Instruct,0.0,0,logiqa,0.75
49,1.2734375,0.27986792038923625,Qwen/Qwen2-1.5B-Instruct,0.0,0,logiqa,0.75
50,0.060546875,0.941249646907103,Qwen/Qwen2-1.5B-Instruct,1.0,0,logiqa,0.75
51,3.03125,0.04825528130927965,Qwen/Qwen2-1.5B-Instruct,0.0,0,logiqa,0.75
52,0.9765625,0.3766034507108804,Qwen/Qwen2-1.5B-Instruct,1.0,0,logiqa,0.75
53,2.1875,0.11219689052034373,Qwen/Qwen2-1.5B-Instruct,0.0,0,logiqa,0.75
54,1.65625,0.19085333986431632,Qwen/Qwen2-1.5B-Instruct,0.0,0,logiqa,0.75
55,1.6328125,0.19537929639047613,Qwen/Qwen2-1.5B-Instruct,0.0,0,logiqa,0.75
56,2.71875,0.06595714935553817,Qwen/Qwen2-1.5B-Instruct,0.0,0,logiqa,0.75
57,5.28125,0.005086069231012701,Qwen/Qwen2-1.5B-Instruct,0.0,0,logiqa,0.75
58,1.53125,0.2162651668298873,Qwen/Qwen2-1.5B-Instruct,0.0,0,logiqa,0.75
59,0.060546875,0.941249646907103,Qwen/Qwen2-1.5B-Instruct,1.0,0,logiqa,0.75
60,1.4609375,0.23201865524727103,Qwen/Qwen2-1.5B-Instruct,0.0,0,logiqa,0.75
61,1.828125,0.16071462536804407,Qwen/Qwen2-1.5B-Instruct,0.0,0,logiqa,0.75
62,0.2109375,0.8098246793420792,Qwen/Qwen2-1.5B-Instruct,1.0,0,logiqa,0.75
63,1.7890625,0.16711676822020574,Qwen/Qwen2-1.5B-Instruct,0.0,0,logiqa,0.75
64,2.234375,0.10705902083552722,Qwen/Qwen2-1.5B-Instruct,0.0,0,logiqa,0.75
65,0.97265625,0.3780774349414026,Qwen/Qwen2-1.5B-Instruct,1.0,0,logiqa,0.75
66,4.375,0.012588142242433998,Qwen/Qwen2-1.5B-Instruct,0.0,0,logiqa,0.75
67,1.1875,0.3049827687110593,Qwen/Qwen2-1.5B-Instruct,0.0,0,logiqa,0.75
68,1.6875,0.18498139990730428,Qwen/Qwen2-1.5B-Instruct,0.0,0,logiqa,0.75
69,1.2421875,0.2887518818320782,Qwen/Qwen2-1.5B-Instruct,0.0,0,logiqa,0.75
70,2.59375,0.0747392417609257,Qwen/Qwen2-1.5B-Instruct,0.0,0,logiqa,0.75
71,4.0625,0.017205950425851383,Qwen/Qwen2-1.5B-Instruct,0.0,0,logiqa,0.75
72,1.9375,0.14406365910145327,Qwen/Qwen2-1.5B-Instruct,0.0,0,logiqa,0.75
73,1.390625,0.2489196812036605,Qwen/Qwen2-1.5B-Instruct,0.0,0,logiqa,0.75
74,1.6875,0.18498139990730428,Qwen/Qwen2-1.5B-Instruct,0.0,0,logiqa,0.75
75,0.81640625,0.44201730327044453,Qwen/Qwen2-1.5B-Instruct,1.0,0,logiqa,0.75
76,1.2578125,0.2842751988422877,Qwen/Qwen2-1.5B-Instruct,0.0,0,logiqa,0.75
77,1.15625,0.314663961018459,Qwen/Qwen2-1.5B-Instruct,0.0,0,logiqa,0.75
78,1.46875,0.23021307174736147,Qwen/Qwen2-1.5B-Instruct,0.0,0,logiqa,0.75
1,8.5,0.00020346836901064417,Qwen/Qwen2-1.5B-Instruct,0.0,0,logiqa,0.75
2,1.78125,0.16842748127818424,Qwen/Qwen2-1.5B-Instruct,0.0,0,logiqa,0.75
3,1.7578125,0.17242162389375282,Qwen/Qwen2-1.5B-Instruct,0.0,0,logiqa,0.75
4,3.828125,0.021750359344450344,Qwen/Qwen2-1.5B-Instruct,0.0,0,logiqa,0.75
5,0.44140625,0.6431313813711866,Qwen/Qwen2-1.5B-Instruct,1.0,0,logiqa,0.75
6,0.1318359375,0.8764847815685415,Qwen/Qwen2-1.5B-Instruct,1.0,0,logiqa,0.75
7,3.03125,0.04825528130927965,Qwen/Qwen2-1.5B-Instruct,0.0,0,logiqa,0.75
8,1.59375,0.20316232275153173,Qwen/Qwen2-1.5B-Instruct,0.0,0,logiqa,0.75
9,0.63671875,0.5290254439903966,Qwen/Qwen2-1.5B-Instruct,1.0,0,logiqa,0.75
10,2.40625,0.09015273423081638,Qwen/Qwen2-1.5B-Instruct,0.0,0,logiqa,0.75
11,1.0625,0.3455907525769745,Qwen/Qwen2-1.5B-Instruct,0.0,0,logiqa,0.75
12,1.921875,0.1463323316229146,Qwen/Qwen2-1.5B-Instruct,0.0,0,logiqa,0.75
13,1.234375,0.29101659090983195,Qwen/Qwen2-1.5B-Instruct,0.0,0,logiqa,0.75
14,1.1953125,0.30260937397538795,Qwen/Qwen2-1.5B-Instruct,1.0,0,logiqa,0.75
15,3.453125,0.03164658611103602,Qwen/Qwen2-1.5B-Instruct,0.0,0,logiqa,0.75
16,0.11083984375,0.8950820904412523,Qwen/Qwen2-1.5B-Instruct,1.0,0,logiqa,0.75
17,0.74609375,0.4742153431555798,Qwen/Qwen2-1.5B-Instruct,1.0,0,logiqa,0.75
18,2.40625,0.09015273423081638,Qwen/Qwen2-1.5B-Instruct,0.0,0,logiqa,0.75
19,2.25,0.10539922456186433,Qwen/Qwen2-1.5B-Instruct,0.0,0,logiqa,0.75
20,4.40625,0.012200845821682604,Qwen/Qwen2-1.5B-Instruct,0.0,0,logiqa,0.75
21,4.25,0.014264233908999256,Qwen/Qwen2-1.5B-Instruct,0.0,0,logiqa,0.75
22,2.640625,0.07131668269775804,Qwen/Qwen2-1.5B-Instruct,0.0,0,logiqa,0.75
23,3.84375,0.021413151278198653,Qwen/Qwen2-1.5B-Instruct,0.0,0,logiqa,0.75
24,1.5,0.22313016014842982,Qwen/Qwen2-1.5B-Instruct,0.0,0,logiqa,0.75
25,2.078125,0.1251646760876602,Qwen/Qwen2-1.5B-Instruct,0.0,0,logiqa,0.75
26,3.0,0.049787068367863944,Qwen/Qwen2-1.5B-Instruct,0.0,0,logiqa,0.75
27,1.09375,0.33495804292529496,Qwen/Qwen2-1.5B-Instruct,0.0,0,logiqa,0.75
28,1.015625,0.3621759990808257,Qwen/Qwen2-1.5B-Instruct,0.0,0,logiqa,0.75
29,2.875,0.05641613950377735,Qwen/Qwen2-1.5B-Instruct,0.0,0,logiqa,0.75
30,1.65625,0.19085333986431632,Qwen/Qwen2-1.5B-Instruct,0.0,0,logiqa,0.75
31,2.984375,0.050571100611906464,Qwen/Qwen2-1.5B-Instruct,0.0,0,logiqa,0.75
32,1.5625,0.2096113871510978,Qwen/Qwen2-1.5B-Instruct,0.0,0,logiqa,0.75
33,4.46875,0.011461633942261852,Qwen/Qwen2-1.5B-Instruct,0.0,0,logiqa,0.75
34,2.234375,0.10705902083552722,Qwen/Qwen2-1.5B-Instruct,0.0,0,logiqa,0.75
35,1.453125,0.23383840011408472,Qwen/Qwen2-1.5B-Instruct,0.0,0,logiqa,0.75
36,0.8515625,0.4267476175926629,Qwen/Qwen2-1.5B-Instruct,1.0,0,logiqa,0.75
37,1.90625,0.1486367305381225,Qwen/Qwen2-1.5B-Instruct,0.0,0,logiqa,0.75
38,0.5234375,0.5924803921133679,Qwen/Qwen2-1.5B-Instruct,1.0,0,logiqa,0.75
39,3.015625,0.049015191417106724,Qwen/Qwen2-1.5B-Instruct,0.0,0,logiqa,0.75
40,1.75,0.17377394345044514,Qwen/Qwen2-1.5B-Instruct,0.0,0,logiqa,0.75
41,1.3671875,0.2548226413322821,Qwen/Qwen2-1.5B-Instruct,0.0,0,logiqa,0.75
42,2.21875,0.10874495509722103,Qwen/Qwen2-1.5B-Instruct,0.0,0,logiqa,0.75
43,4.25,0.014264233908999256,Qwen/Qwen2-1.5B-Instruct,0.0,0,logiqa,0.75
44,2.78125,0.061961007690531984,Qwen/Qwen2-1.5B-Instruct,0.0,0,logiqa,0.75
45,0.87890625,0.4152368286818413,Qwen/Qwen2-1.5B-Instruct,1.0,0,logiqa,0.75
46,1.2109375,0.2979178504832066,Qwen/Qwen2-1.5B-Instruct,1.0,0,logiqa,0.75
47,1.3828125,0.25087198245993886,Qwen/Qwen2-1.5B-Instruct,1.0,0,logiqa,0.75
48,0.59375,0.5522524501630204,Qwen/Qwen2-1.5B-Instruct,1.0,0,logiqa,0.75
49,0.271484375,0.76224719348739,Qwen/Qwen2-1.5B-Instruct,1.0,0,logiqa,0.75
50,0.8046875,0.4472276633691456,Qwen/Qwen2-1.5B-Instruct,1.0,0,logiqa,0.75
51,1.625,0.19691167520419406,Qwen/Qwen2-1.5B-Instruct,0.0,0,logiqa,0.75
52,1.140625,0.31961919737930994,Qwen/Qwen2-1.5B-Instruct,0.0,0,logiqa,0.75
53,1.15625,0.314663961018459,Qwen/Qwen2-1.5B-Instruct,1.0,0,logiqa,0.75
54,1.953125,0.14183015908734253,Qwen/Qwen2-1.5B-Instruct,0.0,0,logiqa,0.75
55,2.703125,0.06699582332279769,Qwen/Qwen2-1.5B-Instruct,0.0,0,logiqa,0.75
56,3.515625,0.02972921638615875,Qwen/Qwen2-1.5B-Instruct,0.0,0,logiqa,0.75
57,1.5078125,0.221393747466153,Qwen/Qwen2-1.5B-Instruct,0.0,0,logiqa,0.75
58,1.03125,0.356560980663947,Qwen/Qwen2-1.5B-Instruct,1.0,0,logiqa,0.75
59,1.5078125,0.221393747466153,Qwen/Qwen2-1.5B-Instruct,0.0,0,logiqa,0.75
60,1.421875,0.2412612277378443,Qwen/Qwen2-1.5B-Instruct,0.0,0,logiqa,0.75
61,1.2265625,0.29329906232102687,Qwen/Qwen2-1.5B-Instruct,1.0,0,logiqa,0.75
62,0.91015625,0.4024613345370006,Qwen/Qwen2-1.5B-Instruct,1.0,0,logiqa,0.75
63,2.1875,0.11219689052034373,Qwen/Qwen2-1.5B-Instruct,0.0,0,logiqa,0.75
64,1.8125,0.1632455124539584,Qwen/Qwen2-1.5B-Instruct,0.0,0,logiqa,0.75
65,1.0703125,0.34290134400373157,Qwen/Qwen2-1.5B-Instruct,0.0,0,logiqa,0.75
66,1.75,0.17377394345044514,Qwen/Qwen2-1.5B-Instruct,0.0,0,logiqa,0.75
67,2.046875,0.129137829405204,Qwen/Qwen2-1.5B-Instruct,0.0,0,logiqa,0.75
68,0.61328125,0.5415709208598878,Qwen/Qwen2-1.5B-Instruct,1.0,0,logiqa,0.75
69,0.06787109375,0.9343809133539388,Qwen/Qwen2-1.5B-Instruct,1.0,0,logiqa,0.75
70,1.03125,0.356560980663947,Qwen/Qwen2-1.5B-Instruct,1.0,0,logiqa,0.75
71,2.53125,0.07955950871822769,Qwen/Qwen2-1.5B-Instruct,0.0,0,logiqa,0.75
72,4.0,0.01831563888873418,Qwen/Qwen2-1.5B-Instruct,0.0,0,logiqa,0.75
73,1.4140625,0.2431534629991392,Qwen/Qwen2-1.5B-Instruct,0.0,0,logiqa,0.75
74,1.8046875,0.16452586287665122,Qwen/Qwen2-1.5B-Instruct,0.0,0,logiqa,0.75
75,0.8125,0.44374731008107987,Qwen/Qwen2-1.5B-Instruct,1.0,0,logiqa,0.75
76,1.34375,0.26086558612628497,Qwen/Qwen2-1.5B-Instruct,0.0,0,logiqa,0.75
77,0.890625,0.41039917309637,Qwen/Qwen2-1.5B-Instruct,1.0,0,logiqa,0.75
78,4.5625,0.010435936462774504,Qwen/Qwen2-1.5B-Instruct,0.0,0,logiqa,0.75
79,1.0703125,0.34290134400373157,Qwen/Qwen2-1.5B-Instruct,1.0,0,logiqa,0.75
80,1.671875,0.18789443308700168,Qwen/Qwen2-1.5B-Instruct,0.0,0,logiqa,0.75
81,0.96484375,0.3810427330152126,Qwen/Qwen2-1.5B-Instruct,1.0,0,logiqa,0.75
82,2.453125,0.08602433995839362,Qwen/Qwen2-1.5B-Instruct,0.0,0,logiqa,0.75
1,6.75,0.0011708796207911744,Qwen/Qwen2-1.5B-Instruct,0.0,0,logiqa,0.75
2,3.59375,0.02749503049258667,Qwen/Qwen2-1.5B-Instruct,0.0,0,logiqa,0.75
3,1.5,0.22313016014842982,Qwen/Qwen2-1.5B-Instruct,0.0,0,logiqa,0.75
4,1.1484375,0.31713190105209277,Qwen/Qwen2-1.5B-Instruct,0.0,0,logiqa,0.75
5,2.359375,0.09447925428109244,Qwen/Qwen2-1.5B-Instruct,0.0,0,logiqa,0.75
6,2.84375,0.058206980009571974,Qwen/Qwen2-1.5B-Instruct,0.0,0,logiqa,0.75
7,2.6875,0.0680508540250102,Qwen/Qwen2-1.5B-Instruct,0.0,0,logiqa,0.75
8,2.765625,0.06293675158337987,Qwen/Qwen2-1.5B-Instruct,0.0,0,logiqa,0.75
9,1.3515625,0.25883551402927246,Qwen/Qwen2-1.5B-Instruct,0.0,0,logiqa,0.75
10,1.71875,0.17929012055011864,Qwen/Qwen2-1.5B-Instruct,0.0,0,logiqa,0.75
11,2.9375,0.0529980584033558,Qwen/Qwen2-1.5B-Instruct,0.0,0,logiqa,0.75
12,1.5546875,0.21125538963610227,Qwen/Qwen2-1.5B-Instruct,0.0,0,logiqa,0.75
13,4.1875,0.015184197956837946,Qwen/Qwen2-1.5B-Instruct,0.0,0,logiqa,0.75
14,0.41015625,0.663546562885513,Qwen/Qwen2-1.5B-Instruct,1.0,0,logiqa,0.75
15,1.2734375,0.27986792038923625,Qwen/Qwen2-1.5B-Instruct,0.0,0,logiqa,0.75
16,4.5625,0.010435936462774504,Qwen/Qwen2-1.5B-Instruct,0.0,0,logiqa,0.75
17,1.875,0.15335496684492847,Qwen/Qwen2-1.5B-Instruct,0.0,0,logiqa,0.75
18,2.671875,0.06912249904327114,Qwen/Qwen2-1.5B-Instruct,0.0,0,logiqa,0.75
19,0.6171875,0.5394595359337269,Qwen/Qwen2-1.5B-Instruct,1.0,0,logiqa,0.75
20,1.75,0.17377394345044514,Qwen/Qwen2-1.5B-Instruct,0.0,0,logiqa,0.75
21,4.25,0.014264233908999256,Qwen/Qwen2-1.5B-Instruct,0.0,0,logiqa,0.75
22,1.4453125,0.23567241741677974,Qwen/Qwen2-1.5B-Instruct,0.0,0,logiqa,0.75
23,1.859375,0.15576995617312325,Qwen/Qwen2-1.5B-Instruct,0.0,0,logiqa,0.75
24,1.875,0.15335496684492847,Qwen/Qwen2-1.5B-Instruct,0.0,0,logiqa,0.75
25,2.84375,0.058206980009571974,Qwen/Qwen2-1.5B-Instruct,0.0,0,logiqa,0.75
26,0.9453125,0.3885581275123641,Qwen/Qwen2-1.5B-Instruct,1.0,0,logiqa,0.75
27,1.484375,0.22664394888734782,Qwen/Qwen2-1.5B-Instruct,0.0,0,logiqa,0.75
28,1.4140625,0.2431534629991392,Qwen/Qwen2-1.5B-Instruct,0.0,0,logiqa,0.75
29,1.5703125,0.207980178394932,Qwen/Qwen2-1.5B-Instruct,0.0,0,logiqa,0.75
30,0.2041015625,0.8153795549957998,Qwen/Qwen2-1.5B-Instruct,1.0,0,logiqa,0.75
31,0.03076171875,0.9697066084520289,Qwen/Qwen2-1.5B-Instruct,1.0,0,logiqa,0.75
32,2.609375,0.07358051721811718,Qwen/Qwen2-1.5B-Instruct,0.0,0,logiqa,0.75
33,2.046875,0.129137829405204,Qwen/Qwen2-1.5B-Instruct,0.0,0,logiqa,0.75
34,0.265625,0.76672659607082,Qwen/Qwen2-1.5B-Instruct,1.0,0,logiqa,0.75
35,2.09375,0.12322417764723749,Qwen/Qwen2-1.5B-Instruct,0.0,0,logiqa,0.75
36,3.015625,0.049015191417106724,Qwen/Qwen2-1.5B-Instruct,0.0,0,logiqa,0.75
37,0.87109375,0.4184935714928901,Qwen/Qwen2-1.5B-Instruct,1.0,0,logiqa,0.75
38,1.5546875,0.21125538963610227,Qwen/Qwen2-1.5B-Instruct,0.0,0,logiqa,0.75
39,1.875,0.15335496684492847,Qwen/Qwen2-1.5B-Instruct,0.0,0,logiqa,0.75
40,1.484375,0.22664394888734782,Qwen/Qwen2-1.5B-Instruct,0.0,0,logiqa,0.75
41,2.28125,0.1021564313333943,Qwen/Qwen2-1.5B-Instruct,0.0,0,logiqa,0.75
42,1.2734375,0.27986792038923625,Qwen/Qwen2-1.5B-Instruct,0.0,0,logiqa,0.75
43,1.875,0.15335496684492847,Qwen/Qwen2-1.5B-Instruct,0.0,0,logiqa,0.75
44,0.99609375,0.3693192805940405,Qwen/Qwen2-1.5B-Instruct,0.0,0,logiqa,0.75
45,1.5859375,0.20475574459755974,Qwen/Qwen2-1.5B-Instruct,0.0,0,logiqa,0.75
46,1.171875,0.30978554847668166,Qwen/Qwen2-1.5B-Instruct,0.0,0,logiqa,0.75
47,2.3125,0.0990134083638263,Qwen/Qwen2-1.5B-Instruct,0.0,0,logiqa,0.75
48,0.96484375,0.3810427330152126,Qwen/Qwen2-1.5B-Instruct,0.0,0,logiqa,0.75
49,1.9609375,0.14072642803276533,Qwen/Qwen2-1.5B-Instruct,0.0,0,logiqa,0.75
50,1.4453125,0.23567241741677974,Qwen/Qwen2-1.5B-Instruct,0.0,0,logiqa,0.75
51,2.0625,0.1271357329320356,Qwen/Qwen2-1.5B-Instruct,0.0,0,logiqa,0.75
52,0.69921875,0.49697341264527733,Qwen/Qwen2-1.5B-Instruct,1.0,0,logiqa,0.75
53,2.703125,0.06699582332279769,Qwen/Qwen2-1.5B-Instruct,0.0,0,logiqa,0.75
54,1.546875,0.21291228619240427,Qwen/Qwen2-1.5B-Instruct,0.0,0,logiqa,0.75
55,2.96875,0.05136747956725073,Qwen/Qwen2-1.5B-Instruct,0.0,0,logiqa,0.75
56,2.71875,0.06595714935553817,Qwen/Qwen2-1.5B-Instruct,0.0,0,logiqa,0.75
57,1.6328125,0.19537929639047613,Qwen/Qwen2-1.5B-Instruct,0.0,0,logiqa,0.75
58,2.484375,0.08337764926156645,Qwen/Qwen2-1.5B-Instruct,0.0,0,logiqa,0.75
59,0.97265625,0.3780774349414026,Qwen/Qwen2-1.5B-Instruct,1.0,0,logiqa,0.75
60,1.5,0.22313016014842982,Qwen/Qwen2-1.5B-Instruct,0.0,0,logiqa,0.75
61,1.4296875,0.23938371796817895,Qwen/Qwen2-1.5B-Instruct,0.0,0,logiqa,0.75
62,1.0078125,0.36501658064745907,Qwen/Qwen2-1.5B-Instruct,1.0,0,logiqa,0.75
63,1.8203125,0.1619751257973035,Qwen/Qwen2-1.5B-Instruct,0.0,0,logiqa,0.75
64,0.5,0.6065306597126334,Qwen/Qwen2-1.5B-Instruct,1.0,0,logiqa,0.75
65,1.8046875,0.16452586287665122,Qwen/Qwen2-1.5B-Instruct,0.0,0,logiqa,0.75
66,0.0751953125,0.9275623041230301,Qwen/Qwen2-1.5B-Instruct,1.0,0,logiqa,0.75
67,0.76953125,0.463230156563083,Qwen/Qwen2-1.5B-Instruct,1.0,0,logiqa,0.75
68,3.21875,0.04000503331137926,Qwen/Qwen2-1.5B-Instruct,0.0,0,logiqa,0.75
69,1.5,0.22313016014842982,Qwen/Qwen2-1.5B-Instruct,0.0,0,logiqa,0.75
70,2.96875,0.05136747956725073,Qwen/Qwen2-1.5B-Instruct,0.0,0,logiqa,0.75
71,1.6171875,0.19845607261390505,Qwen/Qwen2-1.5B-Instruct,0.0,0,logiqa,0.75
72,0.36328125,0.6953908273230813,Qwen/Qwen2-1.5B-Instruct,1.0,0,logiqa,0.75
73,1.8125,0.1632455124539584,Qwen/Qwen2-1.5B-Instruct,0.0,0,logiqa,0.75
74,2.125,0.11943296826671962,Qwen/Qwen2-1.5B-Instruct,0.0,0,logiqa,0.75
75,0.62109375,0.5373563825172994,Qwen/Qwen2-1.5B-Instruct,1.0,0,logiqa,0.75
76,2.609375,0.07358051721811718,Qwen/Qwen2-1.5B-Instruct,0.0,0,logiqa,0.75
77,2.265625,0.10376516104428837,Qwen/Qwen2-1.5B-Instruct,0.0,0,logiqa,0.75
78,1.46875,0.23021307174736147,Qwen/Qwen2-1.5B-Instruct,0.0,0,logiqa,0.75
1,1.2265625,0.29329906232102687,Qwen/Qwen2-1.5B-Instruct,1.0,0,logiqa,0.75
2,0.83203125,0.4351644601644917,Qwen/Qwen2-1.5B-Instruct,1.0,0,logiqa,0.75
3,0.416015625,0.6596699630606897,Qwen/Qwen2-1.5B-Instruct,1.0,0,logiqa,0.75
4,1.078125,0.34023286457404905,Qwen/Qwen2-1.5B-Instruct,0.0,0,logiqa,0.75
5,1.09375,0.33495804292529496,Qwen/Qwen2-1.5B-Instruct,0.0,0,logiqa,0.75
6,0.1845703125,0.8314614757090356,Qwen/Qwen2-1.5B-Instruct,1.0,0,logiqa,0.75
7,1.0703125,0.34290134400373157,Qwen/Qwen2-1.5B-Instruct,1.0,0,logiqa,0.75
8,5.0,0.006737946999085467,Qwen/Qwen2-1.5B-Instruct,0.0,0,logiqa,0.75
9,1.3046875,0.27125728970502744,Qwen/Qwen2-1.5B-Instruct,0.0,0,logiqa,0.75
10,1.40625,0.2450605392455259,Qwen/Qwen2-1.5B-Instruct,0.0,0,logiqa,0.75
11,2.0625,0.1271357329320356,Qwen/Qwen2-1.5B-Instruct,0.0,0,logiqa,0.75
12,1.5,0.22313016014842982,Qwen/Qwen2-1.5B-Instruct,0.0,0,logiqa,0.75
13,1.171875,0.30978554847668166,Qwen/Qwen2-1.5B-Instruct,0.0,0,logiqa,0.75
14,0.69921875,0.49697341264527733,Qwen/Qwen2-1.5B-Instruct,1.0,0,logiqa,0.75
15,1.546875,0.21291228619240427,Qwen/Qwen2-1.5B-Instruct,0.0,0,logiqa,0.75
16,1.625,0.19691167520419406,Qwen/Qwen2-1.5B-Instruct,0.0,0,logiqa,0.75
17,2.984375,0.050571100611906464,Qwen/Qwen2-1.5B-Instruct,0.0,0,logiqa,0.75
18,1.296875,0.27338478699614155,Qwen/Qwen2-1.5B-Instruct,0.0,0,logiqa,0.75
19,3.34375,0.03530431798508576,Qwen/Qwen2-1.5B-Instruct,0.0,0,logiqa,0.75
20,2.65625,0.07021102001498804,Qwen/Qwen2-1.5B-Instruct,0.0,0,logiqa,0.75
21,1.8359375,0.15946393423094812,Qwen/Qwen2-1.5B-Instruct,0.0,0,logiqa,0.75
22,1.1953125,0.30260937397538795,Qwen/Qwen2-1.5B-Instruct,0.0,0,logiqa,0.75
23,1.109375,0.3297649998062575,Qwen/Qwen2-1.5B-Instruct,1.0,0,logiqa,0.75
24,2.46875,0.0846906561847805,Qwen/Qwen2-1.5B-Instruct,0.0,0,logiqa,0.75
25,2.46875,0.0846906561847805,Qwen/Qwen2-1.5B-Instruct,0.0,0,logiqa,0.75
26,0.98828125,0.372215887611955,Qwen/Qwen2-1.5B-Instruct,1.0,0,logiqa,0.75
27,0.58984375,0.5544139051397897,Qwen/Qwen2-1.5B-Instruct,1.0,0,logiqa,0.75
28,3.765625,0.023153137001639675,Qwen/Qwen2-1.5B-Instruct,0.0,0,logiqa,0.75
29,0.0966796875,0.9078467542291261,Qwen/Qwen2-1.5B-Instruct,1.0,0,logiqa,0.75
30,2.53125,0.07955950871822769,Qwen/Qwen2-1.5B-Instruct,0.0,0,logiqa,0.75
31,2.453125,0.08602433995839362,Qwen/Qwen2-1.5B-Instruct,0.0,0,logiqa,0.75
32,3.0,0.049787068367863944,Qwen/Qwen2-1.5B-Instruct,0.0,0,logiqa,0.75
33,4.03125,0.01775212592162854,Qwen/Qwen2-1.5B-Instruct,0.0,0,logiqa,0.75
34,3.625,0.026649097336355485,Qwen/Qwen2-1.5B-Instruct,0.0,0,logiqa,0.75
35,2.140625,0.11758133171956547,Qwen/Qwen2-1.5B-Instruct,0.0,0,logiqa,0.75
36,1.59375,0.20316232275153173,Qwen/Qwen2-1.5B-Instruct,0.0,0,logiqa,0.75
37,0.5234375,0.5924803921133679,Qwen/Qwen2-1.5B-Instruct,1.0,0,logiqa,0.75
38,0.158203125,0.8536763613451477,Qwen/Qwen2-1.5B-Instruct,1.0,0,logiqa,0.75
39,1.2578125,0.2842751988422877,Qwen/Qwen2-1.5B-Instruct,0.0,0,logiqa,0.75
40,0.06787109375,0.9343809133539388,Qwen/Qwen2-1.5B-Instruct,1.0,0,logiqa,0.75
41,1.46875,0.23021307174736147,Qwen/Qwen2-1.5B-Instruct,0.0,0,logiqa,0.75
42,1.0546875,0.34830125444308524,Qwen/Qwen2-1.5B-Instruct,1.0,0,logiqa,0.75
43,1.2421875,0.2887518818320782,Qwen/Qwen2-1.5B-Instruct,1.0,0,logiqa,0.75
44,2.640625,0.07131668269775804,Qwen/Qwen2-1.5B-Instruct,0.0,0,logiqa,0.75
45,1.53125,0.2162651668298873,Qwen/Qwen2-1.5B-Instruct,0.0,0,logiqa,0.75
46,1.53125,0.2162651668298873,Qwen/Qwen2-1.5B-Instruct,0.0,0,logiqa,0.75
47,3.328125,0.035860280096566576,Qwen/Qwen2-1.5B-Instruct,0.0,0,logiqa,0.75
48,1.9375,0.14406365910145327,Qwen/Qwen2-1.5B-Instruct,0.0,0,logiqa,0.75
49,0.55859375,0.572012891653811,Qwen/Qwen2-1.5B-Instruct,1.0,0,logiqa,0.75
50,2.875,0.05641613950377735,Qwen/Qwen2-1.5B-Instruct,0.0,0,logiqa,0.75
51,0.8984375,0.407205421393389,Qwen/Qwen2-1.5B-Instruct,1.0,0,logiqa,0.75
52,2.125,0.11943296826671962,Qwen/Qwen2-1.5B-Instruct,0.0,0,logiqa,0.75
53,0.9453125,0.3885581275123641,Qwen/Qwen2-1.5B-Instruct,1.0,0,logiqa,0.75
54,1.671875,0.18789443308700168,Qwen/Qwen2-1.5B-Instruct,0.0,0,logiqa,0.75
55,0.37890625,0.6846097918258168,Qwen/Qwen2-1.5B-Instruct,1.0,0,logiqa,0.75
56,4.125,0.016163494588165874,Qwen/Qwen2-1.5B-Instruct,0.0,0,logiqa,0.75
57,0.55859375,0.572012891653811,Qwen/Qwen2-1.5B-Instruct,1.0,0,logiqa,0.75
58,2.0625,0.1271357329320356,Qwen/Qwen2-1.5B-Instruct,0.0,0,logiqa,0.75
59,0.22265625,0.8003899360518268,Qwen/Qwen2-1.5B-Instruct,1.0,0,logiqa,0.75
60,1.734375,0.17651048487186194,Qwen/Qwen2-1.5B-Instruct,0.0,0,logiqa,0.75
61,0.2421875,0.7849089933174918,Qwen/Qwen2-1.5B-Instruct,1.0,0,logiqa,0.75
62,2.078125,0.1251646760876602,Qwen/Qwen2-1.5B-Instruct,0.0,0,logiqa,0.75
63,1.7578125,0.17242162389375282,Qwen/Qwen2-1.5B-Instruct,0.0,0,logiqa,0.75
64,3.0625,0.04677062238395898,Qwen/Qwen2-1.5B-Instruct,0.0,0,logiqa,0.75
65,4.5,0.011108996538242306,Qwen/Qwen2-1.5B-Instruct,0.0,0,logiqa,0.75
66,3.671875,0.025428746320412147,Qwen/Qwen2-1.5B-Instruct,0.0,0,logiqa,0.75
67,2.21875,0.10874495509722103,Qwen/Qwen2-1.5B-Instruct,0.0,0,logiqa,0.75
68,0.859375,0.4234266412852628,Qwen/Qwen2-1.5B-Instruct,1.0,0,logiqa,0.75
69,1.46875,0.23021307174736147,Qwen/Qwen2-1.5B-Instruct,0.0,0,logiqa,0.75
70,6.78125,0.0011348554420418653,Qwen/Qwen2-1.5B-Instruct,0.0,0,logiqa,0.75
71,1.6484375,0.1923502211610474,Qwen/Qwen2-1.5B-Instruct,0.0,0,logiqa,0.75
72,1.3203125,0.26705183522634335,Qwen/Qwen2-1.5B-Instruct,0.0,0,logiqa,0.75
73,1.328125,0.26497362135689667,Qwen/Qwen2-1.5B-Instruct,0.0,0,logiqa,0.75
74,1.921875,0.1463323316229146,Qwen/Qwen2-1.5B-Instruct,0.0,0,logiqa,0.75
75,0.73828125,0.47793466018873804,Qwen/Qwen2-1.5B-Instruct,1.0,0,logiqa,0.75
76,4.75,0.008651695203120634,Qwen/Qwen2-1.5B-Instruct,0.0,0,logiqa,0.75
77,0.1650390625,0.847860583886983,Qwen/Qwen2-1.5B-Instruct,1.0,0,logiqa,0.75
78,2.21875,0.10874495509722103,Qwen/Qwen2-1.5B-Instruct,0.0,0,logiqa,0.75
79,0.671875,0.5107500231290107,Qwen/Qwen2-1.5B-Instruct,1.0,0,logiqa,0.75
80,1.8828125,0.1521615490248429,Qwen/Qwen2-1.5B-Instruct,0.0,0,logiqa,0.75
81,3.359375,0.034756975267222885,Qwen/Qwen2-1.5B-Instruct,0.0,0,logiqa,0.75
82,1.796875,0.1658162552121675,Qwen/Qwen2-1.5B-Instruct,0.0,0,logiqa,0.75
1,1.8671875,0.15455774475698483,Qwen/Qwen2-1.5B-Instruct,0.0,0,logiqa,0.75
2,3.0625,0.04677062238395898,Qwen/Qwen2-1.5B-Instruct,0.0,0,logiqa,0.75
3,2.109375,0.1213137638466268,Qwen/Qwen2-1.5B-Instruct,0.0,0,logiqa,0.75
4,4.40625,0.012200845821682604,Qwen/Qwen2-1.5B-Instruct,0.0,0,logiqa,0.75
5,1.2265625,0.29329906232102687,Qwen/Qwen2-1.5B-Instruct,0.0,0,logiqa,0.75
6,5.03125,0.006530642163653784,Qwen/Qwen2-1.5B-Instruct,0.0,0,logiqa,0.75
7,1.5625,0.2096113871510978,Qwen/Qwen2-1.5B-Instruct,0.0,0,logiqa,0.75
8,4.03125,0.01775212592162854,Qwen/Qwen2-1.5B-Instruct,0.0,0,logiqa,0.75
9,4.5,0.011108996538242306,Qwen/Qwen2-1.5B-Instruct,0.0,0,logiqa,0.75
10,2.59375,0.0747392417609257,Qwen/Qwen2-1.5B-Instruct,0.0,0,logiqa,0.75
11,2.8125,0.060054667895307945,Qwen/Qwen2-1.5B-Instruct,0.0,0,logiqa,0.75
12,1.8671875,0.15455774475698483,Qwen/Qwen2-1.5B-Instruct,0.0,0,logiqa,0.75
13,5.53125,0.003961034699868069,Qwen/Qwen2-1.5B-Instruct,0.0,0,logiqa,0.75
14,3.453125,0.03164658611103602,Qwen/Qwen2-1.5B-Instruct,0.0,0,logiqa,0.75
15,3.734375,0.023888096464365276,Qwen/Qwen2-1.5B-Instruct,0.0,0,logiqa,0.75
16,2.6875,0.0680508540250102,Qwen/Qwen2-1.5B-Instruct,0.0,0,logiqa,0.75
17,4.1875,0.015184197956837946,Qwen/Qwen2-1.5B-Instruct,0.0,0,logiqa,0.75
18,0.953125,0.3855343441745787,Qwen/Qwen2-1.5B-Instruct,1.0,0,logiqa,0.75
19,2.640625,0.07131668269775804,Qwen/Qwen2-1.5B-Instruct,0.0,0,logiqa,0.75
20,0.007781982421875,0.9922482188107336,Qwen/Qwen2-1.5B-Instruct,1.0,0,logiqa,0.75
21,2.0,0.1353352832366127,Qwen/Qwen2-1.5B-Instruct,0.0,0,logiqa,0.75
22,0.86328125,0.4217758572543825,Qwen/Qwen2-1.5B-Instruct,1.0,0,logiqa,0.75
23,3.421875,0.03265115658991408,Qwen/Qwen2-1.5B-Instruct,0.0,0,logiqa,0.75
24,1.65625,0.19085333986431632,Qwen/Qwen2-1.5B-Instruct,0.0,0,logiqa,0.75
25,1.953125,0.14183015908734253,Qwen/Qwen2-1.5B-Instruct,0.0,0,logiqa,0.75
26,1.421875,0.2412612277378443,Qwen/Qwen2-1.5B-Instruct,0.0,0,logiqa,0.75
27,2.453125,0.08602433995839362,Qwen/Qwen2-1.5B-Instruct,0.0,0,logiqa,0.75
28,1.1953125,0.30260937397538795,Qwen/Qwen2-1.5B-Instruct,1.0,0,logiqa,0.75
29,4.0625,0.017205950425851383,Qwen/Qwen2-1.5B-Instruct,0.0,0,logiqa,0.75
30,0.69921875,0.49697341264527733,Qwen/Qwen2-1.5B-Instruct,1.0,0,logiqa,0.75
31,2.3125,0.0990134083638263,Qwen/Qwen2-1.5B-Instruct,0.0,0,logiqa,0.75
32,1.859375,0.15576995617312325,Qwen/Qwen2-1.5B-Instruct,0.0,0,logiqa,0.75
33,4.9375,0.007172507245008699,Qwen/Qwen2-1.5B-Instruct,0.0,0,logiqa,0.75
34,1.2890625,0.2755289704553164,Qwen/Qwen2-1.5B-Instruct,0.0,0,logiqa,0.75
35,2.90625,0.05468039736791477,Qwen/Qwen2-1.5B-Instruct,0.0,0,logiqa,0.75
36,1.640625,0.19385884264329528,Qwen/Qwen2-1.5B-Instruct,0.0,0,logiqa,0.75
37,1.765625,0.17107982817134254,Qwen/Qwen2-1.5B-Instruct,0.0,0,logiqa,0.75
38,0.83984375,0.43177798346854385,Qwen/Qwen2-1.5B-Instruct,1.0,0,logiqa,0.75
39,5.40625,0.004488440342699523,Qwen/Qwen2-1.5B-Instruct,0.0,0,logiqa,0.75
40,1.59375,0.20316232275153173,Qwen/Qwen2-1.5B-Instruct,0.0,0,logiqa,0.75
41,0.06787109375,0.9343809133539388,Qwen/Qwen2-1.5B-Instruct,1.0,0,logiqa,0.75
42,1.8203125,0.1619751257973035,Qwen/Qwen2-1.5B-Instruct,0.0,0,logiqa,0.75
43,1.71875,0.17929012055011864,Qwen/Qwen2-1.5B-Instruct,0.0,0,logiqa,0.75
44,1.4375,0.23752081909545814,Qwen/Qwen2-1.5B-Instruct,0.0,0,logiqa,0.75
45,1.03125,0.356560980663947,Qwen/Qwen2-1.5B-Instruct,1.0,0,logiqa,0.75
46,0.6875,0.5028315779709409,Qwen/Qwen2-1.5B-Instruct,1.0,0,logiqa,0.75
47,3.0625,0.04677062238395898,Qwen/Qwen2-1.5B-Instruct,0.0,0,logiqa,0.75
48,2.359375,0.09447925428109244,Qwen/Qwen2-1.5B-Instruct,0.0,0,logiqa,0.75
49,1.4921875,0.22488019168416426,Qwen/Qwen2-1.5B-Instruct,0.0,0,logiqa,0.75
50,1.109375,0.3297649998062575,Qwen/Qwen2-1.5B-Instruct,1.0,0,logiqa,0.75
51,3.375,0.03421811831166603,Qwen/Qwen2-1.5B-Instruct,0.0,0,logiqa,0.75
52,0.0155029296875,0.9846166221284973,Qwen/Qwen2-1.5B-Instruct,1.0,0,logiqa,0.75
53,3.875,0.020754337873699742,Qwen/Qwen2-1.5B-Instruct,0.0,0,logiqa,0.75
54,4.71875,0.008926329489511324,Qwen/Qwen2-1.5B-Instruct,0.0,0,logiqa,0.75
55,1.59375,0.20316232275153173,Qwen/Qwen2-1.5B-Instruct,0.0,0,logiqa,0.75
56,0.08251953125,0.9207934534340386,Qwen/Qwen2-1.5B-Instruct,1.0,0,logiqa,0.75
57,0.73046875,0.48168314818692903,Qwen/Qwen2-1.5B-Instruct,1.0,0,logiqa,0.75
58,1.2578125,0.2842751988422877,Qwen/Qwen2-1.5B-Instruct,0.0,0,logiqa,0.75
59,1.90625,0.1486367305381225,Qwen/Qwen2-1.5B-Instruct,0.0,0,logiqa,0.75
60,1.90625,0.1486367305381225,Qwen/Qwen2-1.5B-Instruct,0.0,0,logiqa,0.75
61,0.71484375,0.48926855403569414,Qwen/Qwen2-1.5B-Instruct,1.0,0,logiqa,0.75
62,1.859375,0.15576995617312325,Qwen/Qwen2-1.5B-Instruct,0.0,0,logiqa,0.75
63,1.4765625,0.2284215394097245,Qwen/Qwen2-1.5B-Instruct,0.0,0,logiqa,0.75
64,0.61328125,0.5415709208598878,Qwen/Qwen2-1.5B-Instruct,1.0,0,logiqa,0.75
65,0.007781982421875,0.9922482188107336,Qwen/Qwen2-1.5B-Instruct,1.0,0,logiqa,0.75
66,2.625,0.07243975703425146,Qwen/Qwen2-1.5B-Instruct,0.0,0,logiqa,0.75
67,1.5234375,0.21796135555570278,Qwen/Qwen2-1.5B-Instruct,0.0,0,logiqa,0.75
68,1.3984375,0.24698257287629313,Qwen/Qwen2-1.5B-Instruct,0.0,0,logiqa,0.75
69,1.5546875,0.21125538963610227,Qwen/Qwen2-1.5B-Instruct,0.0,0,logiqa,0.75
70,0.2421875,0.7849089933174918,Qwen/Qwen2-1.5B-Instruct,1.0,0,logiqa,0.75
71,3.75,0.023517745856009107,Qwen/Qwen2-1.5B-Instruct,0.0,0,logiqa,0.75
72,5.09375,0.006134970557096825,Qwen/Qwen2-1.5B-Instruct,0.0,0,logiqa,0.75
73,1.6484375,0.1923502211610474,Qwen/Qwen2-1.5B-Instruct,0.0,0,logiqa,0.75
74,2.65625,0.07021102001498804,Qwen/Qwen2-1.5B-Instruct,0.0,0,logiqa,0.75
75,1.265625,0.28206295169381546,Qwen/Qwen2-1.5B-Instruct,0.0,0,logiqa,0.75
76,1.125,0.32465246735834974,Qwen/Qwen2-1.5B-Instruct,1.0,0,logiqa,0.75
77,1.5,0.22313016014842982,Qwen/Qwen2-1.5B-Instruct,0.0,0,logiqa,0.75
78,0.27734375,0.7577939606593946,Qwen/Qwen2-1.5B-Instruct,1.0,0,logiqa,0.75
79,1.21875,0.29559943537737077,Qwen/Qwen2-1.5B-Instruct,0.0,0,logiqa,0.75
80,1.21875,0.29559943537737077,Qwen/Qwen2-1.5B-Instruct,0.0,0,logiqa,0.75
81,0.27734375,0.7577939606593946,Qwen/Qwen2-1.5B-Instruct,1.0,0,logiqa,0.75
1,2.25,0.10539922456186433,Qwen/Qwen2-1.5B-Instruct,0.0,0,logiqa,0.75
2,1.6875,0.18498139990730428,Qwen/Qwen2-1.5B-Instruct,0.0,0,logiqa,0.75
3,1.171875,0.30978554847668166,Qwen/Qwen2-1.5B-Instruct,1.0,0,logiqa,0.75
4,2.84375,0.058206980009571974,Qwen/Qwen2-1.5B-Instruct,0.0,0,logiqa,0.75
5,1.515625,0.21967084765457534,Qwen/Qwen2-1.5B-Instruct,0.0,0,logiqa,0.75
6,0.55078125,0.5764992443663932,Qwen/Qwen2-1.5B-Instruct,1.0,0,logiqa,0.75
7,1.5625,0.2096113871510978,Qwen/Qwen2-1.5B-Instruct,0.0,0,logiqa,0.75
8,2.671875,0.06912249904327114,Qwen/Qwen2-1.5B-Instruct,0.0,0,logiqa,0.75
9,1.5546875,0.21125538963610227,Qwen/Qwen2-1.5B-Instruct,0.0,0,logiqa,0.75
10,1.5390625,0.21458217794945839,Qwen/Qwen2-1.5B-Instruct,0.0,0,logiqa,0.75
11,1.8828125,0.1521615490248429,Qwen/Qwen2-1.5B-Instruct,0.0,0,logiqa,0.75
12,5.40625,0.004488440342699523,Qwen/Qwen2-1.5B-Instruct,0.0,0,logiqa,0.75
13,3.140625,0.043255754605187734,Qwen/Qwen2-1.5B-Instruct,0.0,0,logiqa,0.75
14,4.5625,0.010435936462774504,Qwen/Qwen2-1.5B-Instruct,0.0,0,logiqa,0.75
15,3.15625,0.04258513628878761,Qwen/Qwen2-1.5B-Instruct,0.0,0,logiqa,0.75
16,2.109375,0.1213137638466268,Qwen/Qwen2-1.5B-Instruct,0.0,0,logiqa,0.75
17,3.0625,0.04677062238395898,Qwen/Qwen2-1.5B-Instruct,0.0,0,logiqa,0.75
18,1.1953125,0.30260937397538795,Qwen/Qwen2-1.5B-Instruct,0.0,0,logiqa,0.75
19,0.94140625,0.39007890102496307,Qwen/Qwen2-1.5B-Instruct,1.0,0,logiqa,0.75
20,1.421875,0.2412612277378443,Qwen/Qwen2-1.5B-Instruct,0.0,0,logiqa,0.75
21,2.34375,0.09596708604499847,Qwen/Qwen2-1.5B-Instruct,0.0,0,logiqa,0.75
22,2.0625,0.1271357329320356,Qwen/Qwen2-1.5B-Instruct,0.0,0,logiqa,0.75
23,1.0078125,0.36501658064745907,Qwen/Qwen2-1.5B-Instruct,1.0,0,logiqa,0.75
24,2.734375,0.0649345785355609,Qwen/Qwen2-1.5B-Instruct,0.0,0,logiqa,0.75
25,0.91796875,0.39932935558376886,Qwen/Qwen2-1.5B-Instruct,1.0,0,logiqa,0.75
26,1.046875,0.3510330150388101,Qwen/Qwen2-1.5B-Instruct,0.0,0,logiqa,0.75
27,1.765625,0.17107982817134254,Qwen/Qwen2-1.5B-Instruct,0.0,0,logiqa,0.75
28,2.609375,0.07358051721811718,Qwen/Qwen2-1.5B-Instruct,0.0,0,logiqa,0.75
29,4.9375,0.007172507245008699,Qwen/Qwen2-1.5B-Instruct,0.0,0,logiqa,0.75
30,1.703125,0.18211352912101367,Qwen/Qwen2-1.5B-Instruct,0.0,0,logiqa,0.75
31,2.40625,0.09015273423081638,Qwen/Qwen2-1.5B-Instruct,0.0,0,logiqa,0.75
32,0.91015625,0.4024613345370006,Qwen/Qwen2-1.5B-Instruct,1.0,0,logiqa,0.75
33,1.609375,0.2000125828826258,Qwen/Qwen2-1.5B-Instruct,0.0,0,logiqa,0.75
34,1.015625,0.3621759990808257,Qwen/Qwen2-1.5B-Instruct,0.0,0,logiqa,0.75
35,1.5625,0.2096113871510978,Qwen/Qwen2-1.5B-Instruct,0.0,0,logiqa,0.75
36,1.859375,0.15576995617312325,Qwen/Qwen2-1.5B-Instruct,0.0,0,logiqa,0.75
37,1.140625,0.31961919737930994,Qwen/Qwen2-1.5B-Instruct,1.0,0,logiqa,0.75
38,0.400390625,0.6700582534023591,Qwen/Qwen2-1.5B-Instruct,1.0,0,logiqa,0.75
39,1.6171875,0.19845607261390505,Qwen/Qwen2-1.5B-Instruct,0.0,0,logiqa,0.75
40,1.53125,0.2162651668298873,Qwen/Qwen2-1.5B-Instruct,0.0,0,logiqa,0.75
41,1.375,0.25283959580474646,Qwen/Qwen2-1.5B-Instruct,0.0,0,logiqa,0.75
42,1.625,0.19691167520419406,Qwen/Qwen2-1.5B-Instruct,0.0,0,logiqa,0.75
43,2.609375,0.07358051721811718,Qwen/Qwen2-1.5B-Instruct,0.0,0,logiqa,0.75
44,3.09375,0.045331641611676264,Qwen/Qwen2-1.5B-Instruct,0.0,0,logiqa,0.75
45,2.140625,0.11758133171956547,Qwen/Qwen2-1.5B-Instruct,0.0,0,logiqa,0.75
46,1.84375,0.15822297604949842,Qwen/Qwen2-1.5B-Instruct,0.0,0,logiqa,0.75
47,1.5,0.22313016014842982,Qwen/Qwen2-1.5B-Instruct,0.0,0,logiqa,0.75
48,1.6015625,0.20158130101268698,Qwen/Qwen2-1.5B-Instruct,0.0,0,logiqa,0.75
49,2.171875,0.1139637344565904,Qwen/Qwen2-1.5B-Instruct,0.0,0,logiqa,0.75
50,4.28125,0.013825369568946493,Qwen/Qwen2-1.5B-Instruct,0.0,0,logiqa,0.75
51,3.671875,0.025428746320412147,Qwen/Qwen2-1.5B-Instruct,0.0,0,logiqa,0.75
52,1.640625,0.19385884264329528,Qwen/Qwen2-1.5B-Instruct,0.0,0,logiqa,0.75
53,5.375,0.004630918733533246,Qwen/Qwen2-1.5B-Instruct,0.0,0,logiqa,0.75
54,1.28125,0.27768997095378994,Qwen/Qwen2-1.5B-Instruct,0.0,0,logiqa,0.75
55,3.4375,0.03214494732687607,Qwen/Qwen2-1.5B-Instruct,0.0,0,logiqa,0.75
56,1.5625,0.2096113871510978,Qwen/Qwen2-1.5B-Instruct,0.0,0,logiqa,0.75
57,0.36328125,0.6953908273230813,Qwen/Qwen2-1.5B-Instruct,1.0,0,logiqa,0.75
58,2.328125,0.0974783477499485,Qwen/Qwen2-1.5B-Instruct,0.0,0,logiqa,0.75
59,1.3984375,0.24698257287629313,Qwen/Qwen2-1.5B-Instruct,0.0,0,logiqa,0.75
60,0.8515625,0.4267476175926629,Qwen/Qwen2-1.5B-Instruct,1.0,0,logiqa,0.75
61,1.484375,0.22664394888734782,Qwen/Qwen2-1.5B-Instruct,0.0,0,logiqa,0.75
62,0.1845703125,0.8314614757090356,Qwen/Qwen2-1.5B-Instruct,1.0,0,logiqa,0.75
63,0.357421875,0.6994773434756083,Qwen/Qwen2-1.5B-Instruct,1.0,0,logiqa,0.75
64,5.0,0.006737946999085467,Qwen/Qwen2-1.5B-Instruct,0.0,0,logiqa,0.75
65,1.921875,0.1463323316229146,Qwen/Qwen2-1.5B-Instruct,0.0,0,logiqa,0.75
66,1.5625,0.2096113871510978,Qwen/Qwen2-1.5B-Instruct,0.0,0,logiqa,0.75
67,1.546875,0.21291228619240427,Qwen/Qwen2-1.5B-Instruct,0.0,0,logiqa,0.75
68,1.4296875,0.23938371796817895,Qwen/Qwen2-1.5B-Instruct,0.0,0,logiqa,0.75
69,2.640625,0.07131668269775804,Qwen/Qwen2-1.5B-Instruct,0.0,0,logiqa,0.75
70,1.21875,0.29559943537737077,Qwen/Qwen2-1.5B-Instruct,0.0,0,logiqa,0.75
71,1.46875,0.23021307174736147,Qwen/Qwen2-1.5B-Instruct,0.0,0,logiqa,0.75
72,4.1875,0.015184197956837946,Qwen/Qwen2-1.5B-Instruct,0.0,0,logiqa,0.75
73,3.796875,0.022440789864373145,Qwen/Qwen2-1.5B-Instruct,0.0,0,logiqa,0.75
74,1.875,0.15335496684492847,Qwen/Qwen2-1.5B-Instruct,0.0,0,logiqa,0.75
75,1.125,0.32465246735834974,Qwen/Qwen2-1.5B-Instruct,0.0,0,logiqa,0.75
76,1.5625,0.2096113871510978,Qwen/Qwen2-1.5B-Instruct,0.0,0,logiqa,0.75
77,1.28125,0.27768997095378994,Qwen/Qwen2-1.5B-Instruct,0.0,0,logiqa,0.75
78,1.71875,0.17929012055011864,Qwen/Qwen2-1.5B-Instruct,0.0,0,logiqa,0.75
1,1.6171875,0.19845607261390505,Qwen/Qwen2-1.5B-Instruct,0.0,0,logiqa,0.75
2,2.96875,0.05136747956725073,Qwen/Qwen2-1.5B-Instruct,0.0,0,logiqa,0.75
3,2.875,0.05641613950377735,Qwen/Qwen2-1.5B-Instruct,0.0,0,logiqa,0.75
4,2.609375,0.07358051721811718,Qwen/Qwen2-1.5B-Instruct,0.0,0,logiqa,0.75
5,1.0234375,0.35935752309532076,Qwen/Qwen2-1.5B-Instruct,1.0,0,logiqa,0.75
6,6.875,0.001033297638647637,Qwen/Qwen2-1.5B-Instruct,0.0,0,logiqa,0.75
7,1.03125,0.356560980663947,Qwen/Qwen2-1.5B-Instruct,0.0,0,logiqa,0.75
8,2.03125,0.13117145431019428,Qwen/Qwen2-1.5B-Instruct,0.0,0,logiqa,0.75
9,1.4453125,0.23567241741677974,Qwen/Qwen2-1.5B-Instruct,0.0,0,logiqa,0.75
10,1.5234375,0.21796135555570278,Qwen/Qwen2-1.5B-Instruct,0.0,0,logiqa,0.75
11,1.734375,0.17651048487186194,Qwen/Qwen2-1.5B-Instruct,0.0,0,logiqa,0.75
12,1.875,0.15335496684492847,Qwen/Qwen2-1.5B-Instruct,0.0,0,logiqa,0.75
13,4.5,0.011108996538242306,Qwen/Qwen2-1.5B-Instruct,0.0,0,logiqa,0.75
14,0.8984375,0.407205421393389,Qwen/Qwen2-1.5B-Instruct,1.0,0,logiqa,0.75
15,0.66015625,0.5167705827795767,Qwen/Qwen2-1.5B-Instruct,1.0,0,logiqa,0.75
16,3.75,0.023517745856009107,Qwen/Qwen2-1.5B-Instruct,0.0,0,logiqa,0.75
17,0.58984375,0.5544139051397897,Qwen/Qwen2-1.5B-Instruct,1.0,0,logiqa,0.75
18,1.3125,0.26914634872918386,Qwen/Qwen2-1.5B-Instruct,0.0,0,logiqa,0.75
19,0.4765625,0.6209141198060958,Qwen/Qwen2-1.5B-Instruct,1.0,0,logiqa,0.75
20,1.7109375,0.18069631039374898,Qwen/Qwen2-1.5B-Instruct,0.0,0,logiqa,0.75
21,3.15625,0.04258513628878761,Qwen/Qwen2-1.5B-Instruct,0.0,0,logiqa,0.75
22,1.28125,0.27768997095378994,Qwen/Qwen2-1.5B-Instruct,0.0,0,logiqa,0.75
23,0.1982421875,0.8201711938713908,Qwen/Qwen2-1.5B-Instruct,1.0,0,logiqa,0.75
24,0.625,0.5352614285189903,Qwen/Qwen2-1.5B-Instruct,1.0,0,logiqa,0.75
25,3.609375,0.027068759555306635,Qwen/Qwen2-1.5B-Instruct,0.0,0,logiqa,0.75
26,1.171875,0.30978554847668166,Qwen/Qwen2-1.5B-Instruct,0.0,0,logiqa,0.75
27,3.046875,0.04750715251567949,Qwen/Qwen2-1.5B-Instruct,0.0,0,logiqa,0.75
28,5.125,0.005946217356472094,Qwen/Qwen2-1.5B-Instruct,0.0,0,logiqa,0.75
29,2.875,0.05641613950377735,Qwen/Qwen2-1.5B-Instruct,0.0,0,logiqa,0.75
30,2.6875,0.0680508540250102,Qwen/Qwen2-1.5B-Instruct,0.0,0,logiqa,0.75
31,4.3125,0.013400007665140828,Qwen/Qwen2-1.5B-Instruct,0.0,0,logiqa,0.75
32,0.90234375,0.40561787790561105,Qwen/Qwen2-1.5B-Instruct,1.0,0,logiqa,0.75
33,1.296875,0.27338478699614155,Qwen/Qwen2-1.5B-Instruct,0.0,0,logiqa,0.75
34,0.5078125,0.6018106006716945,Qwen/Qwen2-1.5B-Instruct,1.0,0,logiqa,0.75
35,0.98828125,0.372215887611955,Qwen/Qwen2-1.5B-Instruct,1.0,0,logiqa,0.75
36,1.59375,0.20316232275153173,Qwen/Qwen2-1.5B-Instruct,0.0,0,logiqa,0.75
37,2.484375,0.08337764926156645,Qwen/Qwen2-1.5B-Instruct,0.0,0,logiqa,0.75
38,0.22265625,0.8003899360518268,Qwen/Qwen2-1.5B-Instruct,1.0,0,logiqa,0.75
39,5.375,0.004630918733533246,Qwen/Qwen2-1.5B-Instruct,0.0,0,logiqa,0.75
40,1.640625,0.19385884264329528,Qwen/Qwen2-1.5B-Instruct,0.0,0,logiqa,0.75
41,0.9453125,0.3885581275123641,Qwen/Qwen2-1.5B-Instruct,1.0,0,logiqa,0.75
42,1.4296875,0.23938371796817895,Qwen/Qwen2-1.5B-Instruct,0.0,0,logiqa,0.75
43,0.98828125,0.372215887611955,Qwen/Qwen2-1.5B-Instruct,1.0,0,logiqa,0.75
44,1.7578125,0.17242162389375282,Qwen/Qwen2-1.5B-Instruct,0.0,0,logiqa,0.75
45,1.4140625,0.2431534629991392,Qwen/Qwen2-1.5B-Instruct,0.0,0,logiqa,0.75
46,1.09375,0.33495804292529496,Qwen/Qwen2-1.5B-Instruct,0.0,0,logiqa,0.75
47,0.171875,0.8420844271433824,Qwen/Qwen2-1.5B-Instruct,1.0,0,logiqa,0.75
48,1.3359375,0.26291158027609046,Qwen/Qwen2-1.5B-Instruct,0.0,0,logiqa,0.75
49,2.34375,0.09596708604499847,Qwen/Qwen2-1.5B-Instruct,0.0,0,logiqa,0.75
50,2.3125,0.0990134083638263,Qwen/Qwen2-1.5B-Instruct,0.0,0,logiqa,0.75
51,6.125,0.002187491118182885,Qwen/Qwen2-1.5B-Instruct,0.0,0,logiqa,0.75
52,0.98828125,0.372215887611955,Qwen/Qwen2-1.5B-Instruct,0.0,0,logiqa,0.75
53,2.453125,0.08602433995839362,Qwen/Qwen2-1.5B-Instruct,0.0,0,logiqa,0.75
54,1.796875,0.1658162552121675,Qwen/Qwen2-1.5B-Instruct,0.0,0,logiqa,0.75
55,1.0546875,0.34830125444308524,Qwen/Qwen2-1.5B-Instruct,0.0,0,logiqa,0.75
56,1.75,0.17377394345044514,Qwen/Qwen2-1.5B-Instruct,0.0,0,logiqa,0.75
57,4.21875,0.014717029298635137,Qwen/Qwen2-1.5B-Instruct,0.0,0,logiqa,0.75
58,1.5234375,0.21796135555570278,Qwen/Qwen2-1.5B-Instruct,0.0,0,logiqa,0.75
59,1.9375,0.14406365910145327,Qwen/Qwen2-1.5B-Instruct,0.0,0,logiqa,0.75
60,3.609375,0.027068759555306635,Qwen/Qwen2-1.5B-Instruct,0.0,0,logiqa,0.75
61,0.76171875,0.46686331570996537,Qwen/Qwen2-1.5B-Instruct,1.0,0,logiqa,0.75
62,1.2421875,0.2887518818320782,Qwen/Qwen2-1.5B-Instruct,1.0,0,logiqa,0.75
63,0.87890625,0.4152368286818413,Qwen/Qwen2-1.5B-Instruct,1.0,0,logiqa,0.75
64,1.6875,0.18498139990730428,Qwen/Qwen2-1.5B-Instruct,0.0,0,logiqa,0.75
65,3.609375,0.027068759555306635,Qwen/Qwen2-1.5B-Instruct,0.0,0,logiqa,0.75
66,0.25390625,0.7757645265618263,Qwen/Qwen2-1.5B-Instruct,1.0,0,logiqa,0.75
67,2.5625,0.07711171996831671,Qwen/Qwen2-1.5B-Instruct,0.0,0,logiqa,0.75
68,3.71875,0.02426427924617674,Qwen/Qwen2-1.5B-Instruct,0.0,0,logiqa,0.75
69,4.90625,0.0074001870652772766,Qwen/Qwen2-1.5B-Instruct,0.0,0,logiqa,0.75
70,0.486328125,0.6148800167035864,Qwen/Qwen2-1.5B-Instruct,1.0,0,logiqa,0.75
71,1.546875,0.21291228619240427,Qwen/Qwen2-1.5B-Instruct,0.0,0,logiqa,0.75
72,2.28125,0.1021564313333943,Qwen/Qwen2-1.5B-Instruct,0.0,0,logiqa,0.75
73,1.234375,0.29101659090983195,Qwen/Qwen2-1.5B-Instruct,0.0,0,logiqa,0.75
74,1.5078125,0.221393747466153,Qwen/Qwen2-1.5B-Instruct,0.0,0,logiqa,0.75
75,2.125,0.11943296826671962,Qwen/Qwen2-1.5B-Instruct,0.0,0,logiqa,0.75
76,0.99609375,0.3693192805940405,Qwen/Qwen2-1.5B-Instruct,1.0,0,logiqa,0.75
77,3.046875,0.04750715251567949,Qwen/Qwen2-1.5B-Instruct,0.0,0,logiqa,0.75
78,2.53125,0.07955950871822769,Qwen/Qwen2-1.5B-Instruct,0.0,0,logiqa,0.75
79,3.09375,0.045331641611676264,Qwen/Qwen2-1.5B-Instruct,0.0,0,logiqa,0.75
1,3.59375,0.02749503049258667,Qwen/Qwen2-1.5B-Instruct,0.0,0,logiqa,0.75
2,1.5625,0.2096113871510978,Qwen/Qwen2-1.5B-Instruct,0.0,0,logiqa,0.75
3,3.3125,0.036424997337364234,Qwen/Qwen2-1.5B-Instruct,0.0,0,logiqa,0.75
4,0.76953125,0.463230156563083,Qwen/Qwen2-1.5B-Instruct,1.0,0,logiqa,0.75
5,1.5,0.22313016014842982,Qwen/Qwen2-1.5B-Instruct,0.0,0,logiqa,0.75
6,2.53125,0.07955950871822769,Qwen/Qwen2-1.5B-Instruct,0.0,0,logiqa,0.75
7,1.2265625,0.29329906232102687,Qwen/Qwen2-1.5B-Instruct,0.0,0,logiqa,0.75
8,0.345703125,0.7077225610574206,Qwen/Qwen2-1.5B-Instruct,1.0,0,logiqa,0.75
9,0.08984375,0.9140739981758944,Qwen/Qwen2-1.5B-Instruct,1.0,0,logiqa,0.75
10,1.1171875,0.3271987482181544,Qwen/Qwen2-1.5B-Instruct,1.0,0,logiqa,0.75
11,5.375,0.004630918733533246,Qwen/Qwen2-1.5B-Instruct,0.0,0,logiqa,0.75
12,2.9375,0.0529980584033558,Qwen/Qwen2-1.5B-Instruct,0.0,0,logiqa,0.75
13,0.51953125,0.5947992948032403,Qwen/Qwen2-1.5B-Instruct,1.0,0,logiqa,0.75
14,2.3125,0.0990134083638263,Qwen/Qwen2-1.5B-Instruct,0.0,0,logiqa,0.75
15,1.90625,0.1486367305381225,Qwen/Qwen2-1.5B-Instruct,0.0,0,logiqa,0.75
16,2.28125,0.1021564313333943,Qwen/Qwen2-1.5B-Instruct,0.0,0,logiqa,0.75
17,2.8125,0.060054667895307945,Qwen/Qwen2-1.5B-Instruct,0.0,0,logiqa,0.75
18,1.4296875,0.23938371796817895,Qwen/Qwen2-1.5B-Instruct,0.0,0,logiqa,0.75
19,2.96875,0.05136747956725073,Qwen/Qwen2-1.5B-Instruct,0.0,0,logiqa,0.75
20,0.39453125,0.673995900791531,Qwen/Qwen2-1.5B-Instruct,1.0,0,logiqa,0.75
21,2.796875,0.06100039130459344,Qwen/Qwen2-1.5B-Instruct,0.0,0,logiqa,0.75
22,1.296875,0.27338478699614155,Qwen/Qwen2-1.5B-Instruct,0.0,0,logiqa,0.75
23,1.4375,0.23752081909545814,Qwen/Qwen2-1.5B-Instruct,0.0,0,logiqa,0.75
24,0.1845703125,0.8314614757090356,Qwen/Qwen2-1.5B-Instruct,1.0,0,logiqa,0.75
25,0.87109375,0.4184935714928901,Qwen/Qwen2-1.5B-Instruct,1.0,0,logiqa,0.75
26,3.015625,0.049015191417106724,Qwen/Qwen2-1.5B-Instruct,0.0,0,logiqa,0.75
27,2.09375,0.12322417764723749,Qwen/Qwen2-1.5B-Instruct,0.0,0,logiqa,0.75
28,1.625,0.19691167520419406,Qwen/Qwen2-1.5B-Instruct,0.0,0,logiqa,0.75
29,2.0625,0.1271357329320356,Qwen/Qwen2-1.5B-Instruct,0.0,0,logiqa,0.75
30,4.3125,0.013400007665140828,Qwen/Qwen2-1.5B-Instruct,0.0,0,logiqa,0.75
31,0.32421875,0.7230920486923872,Qwen/Qwen2-1.5B-Instruct,1.0,0,logiqa,0.75
32,1.15625,0.314663961018459,Qwen/Qwen2-1.5B-Instruct,1.0,0,logiqa,0.75
33,1.7734375,0.16974847438608623,Qwen/Qwen2-1.5B-Instruct,0.0,0,logiqa,0.75
34,3.5,0.0301973834223185,Qwen/Qwen2-1.5B-Instruct,0.0,0,logiqa,0.75
35,1.03125,0.356560980663947,Qwen/Qwen2-1.5B-Instruct,1.0,0,logiqa,0.75
36,4.6875,0.00920968160396814,Qwen/Qwen2-1.5B-Instruct,0.0,0,logiqa,0.75
37,1.375,0.25283959580474646,Qwen/Qwen2-1.5B-Instruct,0.0,0,logiqa,0.75
38,1.328125,0.26497362135689667,Qwen/Qwen2-1.5B-Instruct,0.0,0,logiqa,0.75
39,1.71875,0.17929012055011864,Qwen/Qwen2-1.5B-Instruct,0.0,0,logiqa,0.75
40,3.4375,0.03214494732687607,Qwen/Qwen2-1.5B-Instruct,0.0,0,logiqa,0.75
41,0.038330078125,0.9623952228475297,Qwen/Qwen2-1.5B-Instruct,1.0,0,logiqa,0.75
42,1.8515625,0.1569916750812332,Qwen/Qwen2-1.5B-Instruct,0.0,0,logiqa,0.75
43,0.431640625,0.6494427282327384,Qwen/Qwen2-1.5B-Instruct,1.0,0,logiqa,0.75
44,2.359375,0.09447925428109244,Qwen/Qwen2-1.5B-Instruct,0.0,0,logiqa,0.75
45,1.640625,0.19385884264329528,Qwen/Qwen2-1.5B-Instruct,0.0,0,logiqa,0.75
46,1.4453125,0.23567241741677974,Qwen/Qwen2-1.5B-Instruct,0.0,0,logiqa,0.75
47,5.53125,0.003961034699868069,Qwen/Qwen2-1.5B-Instruct,0.0,0,logiqa,0.75
48,0.66796875,0.5127490421990961,Qwen/Qwen2-1.5B-Instruct,1.0,0,logiqa,0.75
49,2.1875,0.11219689052034373,Qwen/Qwen2-1.5B-Instruct,0.0,0,logiqa,0.75
50,4.875,0.007635094218859962,Qwen/Qwen2-1.5B-Instruct,0.0,0,logiqa,0.75
51,0.55859375,0.572012891653811,Qwen/Qwen2-1.5B-Instruct,1.0,0,logiqa,0.75
52,0.431640625,0.6494427282327384,Qwen/Qwen2-1.5B-Instruct,1.0,0,logiqa,0.75
53,3.625,0.026649097336355485,Qwen/Qwen2-1.5B-Instruct,0.0,0,logiqa,0.75
54,2.421875,0.08875504563653425,Qwen/Qwen2-1.5B-Instruct,0.0,0,logiqa,0.75
55,0.94140625,0.39007890102496307,Qwen/Qwen2-1.5B-Instruct,0.0,0,logiqa,0.75
56,1.953125,0.14183015908734253,Qwen/Qwen2-1.5B-Instruct,0.0,0,logiqa,0.75
57,5.90625,0.00272237668213834,Qwen/Qwen2-1.5B-Instruct,0.0,0,logiqa,0.75
58,2.21875,0.10874495509722103,Qwen/Qwen2-1.5B-Instruct,0.0,0,logiqa,0.75
59,4.8125,0.008127515489292211,Qwen/Qwen2-1.5B-Instruct,0.0,0,logiqa,0.75
60,1.3359375,0.26291158027609046,Qwen/Qwen2-1.5B-Instruct,0.0,0,logiqa,0.75
61,0.271484375,0.76224719348739,Qwen/Qwen2-1.5B-Instruct,1.0,0,logiqa,0.75
62,3.796875,0.022440789864373145,Qwen/Qwen2-1.5B-Instruct,0.0,0,logiqa,0.75
63,0.48046875,0.6184934050621846,Qwen/Qwen2-1.5B-Instruct,1.0,0,logiqa,0.75
64,2.796875,0.06100039130459344,Qwen/Qwen2-1.5B-Instruct,0.0,0,logiqa,0.75
65,2.171875,0.1139637344565904,Qwen/Qwen2-1.5B-Instruct,0.0,0,logiqa,0.75
66,1.2421875,0.2887518818320782,Qwen/Qwen2-1.5B-Instruct,1.0,0,logiqa,0.75
67,0.8125,0.44374731008107987,Qwen/Qwen2-1.5B-Instruct,1.0,0,logiqa,0.75
68,1.484375,0.22664394888734782,Qwen/Qwen2-1.5B-Instruct,0.0,0,logiqa,0.75
69,1.3828125,0.25087198245993886,Qwen/Qwen2-1.5B-Instruct,0.0,0,logiqa,0.75
70,4.6875,0.00920968160396814,Qwen/Qwen2-1.5B-Instruct,0.0,0,logiqa,0.75
71,0.74609375,0.4742153431555798,Qwen/Qwen2-1.5B-Instruct,1.0,0,logiqa,0.75
72,2.890625,0.05554148833106887,Qwen/Qwen2-1.5B-Instruct,0.0,0,logiqa,0.75
73,1.796875,0.1658162552121675,Qwen/Qwen2-1.5B-Instruct,0.0,0,logiqa,0.75
74,1.9296875,0.14519356438370257,Qwen/Qwen2-1.5B-Instruct,0.0,0,logiqa,0.75
75,0.87890625,0.4152368286818413,Qwen/Qwen2-1.5B-Instruct,1.0,0,logiqa,0.75
76,1.53125,0.2162651668298873,Qwen/Qwen2-1.5B-Instruct,0.0,0,logiqa,0.75
77,2.984375,0.050571100611906464,Qwen/Qwen2-1.5B-Instruct,0.0,0,logiqa,0.75
1,1.140625,0.31961919737930994,Qwen/Qwen2-1.5B-Instruct,1.0,0,logiqa,0.75
2,1.7578125,0.17242162389375282,Qwen/Qwen2-1.5B-Instruct,0.0,0,logiqa,0.75
3,1.390625,0.2489196812036605,Qwen/Qwen2-1.5B-Instruct,0.0,0,logiqa,0.75
4,1.8125,0.1632455124539584,Qwen/Qwen2-1.5B-Instruct,0.0,0,logiqa,0.75
5,1.0625,0.3455907525769745,Qwen/Qwen2-1.5B-Instruct,1.0,0,logiqa,0.75
6,1.9609375,0.14072642803276533,Qwen/Qwen2-1.5B-Instruct,0.0,0,logiqa,0.75
7,3.5,0.0301973834223185,Qwen/Qwen2-1.5B-Instruct,0.0,0,logiqa,0.75
8,1.84375,0.15822297604949842,Qwen/Qwen2-1.5B-Instruct,0.0,0,logiqa,0.75
9,3.515625,0.02972921638615875,Qwen/Qwen2-1.5B-Instruct,0.0,0,logiqa,0.75
10,1.921875,0.1463323316229146,Qwen/Qwen2-1.5B-Instruct,0.0,0,logiqa,0.75
11,2.390625,0.09157243321777621,Qwen/Qwen2-1.5B-Instruct,0.0,0,logiqa,0.75
12,1.0703125,0.34290134400373157,Qwen/Qwen2-1.5B-Instruct,1.0,0,logiqa,0.75
13,0.8515625,0.4267476175926629,Qwen/Qwen2-1.5B-Instruct,1.0,0,logiqa,0.75
14,1.421875,0.2412612277378443,Qwen/Qwen2-1.5B-Instruct,0.0,0,logiqa,0.75
15,1.25,0.2865047968601901,Qwen/Qwen2-1.5B-Instruct,0.0,0,logiqa,0.75
16,1.796875,0.1658162552121675,Qwen/Qwen2-1.5B-Instruct,0.0,0,logiqa,0.75
17,1.8515625,0.1569916750812332,Qwen/Qwen2-1.5B-Instruct,0.0,0,logiqa,0.75
18,1.7265625,0.17789487376266921,Qwen/Qwen2-1.5B-Instruct,0.0,0,logiqa,0.75
19,4.15625,0.015666196140128895,Qwen/Qwen2-1.5B-Instruct,0.0,0,logiqa,0.75
20,2.796875,0.06100039130459344,Qwen/Qwen2-1.5B-Instruct,0.0,0,logiqa,0.75
21,3.328125,0.035860280096566576,Qwen/Qwen2-1.5B-Instruct,0.0,0,logiqa,0.75
22,0.87890625,0.4152368286818413,Qwen/Qwen2-1.5B-Instruct,0.0,0,logiqa,0.75
23,2.171875,0.1139637344565904,Qwen/Qwen2-1.5B-Instruct,0.0,0,logiqa,0.75
24,0.2353515625,0.7902929634144612,Qwen/Qwen2-1.5B-Instruct,1.0,0,logiqa,0.75
25,0.94140625,0.39007890102496307,Qwen/Qwen2-1.5B-Instruct,1.0,0,logiqa,0.75
26,0.05322265625,0.9481688732517508,Qwen/Qwen2-1.5B-Instruct,1.0,0,logiqa,0.75
27,1.1953125,0.30260937397538795,Qwen/Qwen2-1.5B-Instruct,0.0,0,logiqa,0.75
28,2.046875,0.129137829405204,Qwen/Qwen2-1.5B-Instruct,0.0,0,logiqa,0.75
29,4.625,0.009803655035821828,Qwen/Qwen2-1.5B-Instruct,0.0,0,logiqa,0.75
30,5.28125,0.005086069231012701,Qwen/Qwen2-1.5B-Instruct,0.0,0,logiqa,0.75
31,4.0,0.01831563888873418,Qwen/Qwen2-1.5B-Instruct,0.0,0,logiqa,0.75
32,0.271484375,0.76224719348739,Qwen/Qwen2-1.5B-Instruct,1.0,0,logiqa,0.75
33,2.53125,0.07955950871822769,Qwen/Qwen2-1.5B-Instruct,0.0,0,logiqa,0.75
34,1.03125,0.356560980663947,Qwen/Qwen2-1.5B-Instruct,1.0,0,logiqa,0.75
35,0.2421875,0.7849089933174918,Qwen/Qwen2-1.5B-Instruct,1.0,0,logiqa,0.75
36,0.6015625,0.54795478749992,Qwen/Qwen2-1.5B-Instruct,1.0,0,logiqa,0.75
37,1.859375,0.15576995617312325,Qwen/Qwen2-1.5B-Instruct,0.0,0,logiqa,0.75
38,1.3984375,0.24698257287629313,Qwen/Qwen2-1.5B-Instruct,0.0,0,logiqa,0.75
39,0.96484375,0.3810427330152126,Qwen/Qwen2-1.5B-Instruct,0.0,0,logiqa,0.75
40,0.171875,0.8420844271433824,Qwen/Qwen2-1.5B-Instruct,1.0,0,logiqa,0.75
41,1.3125,0.26914634872918386,Qwen/Qwen2-1.5B-Instruct,0.0,0,logiqa,0.75
42,0.341796875,0.7104925088436513,Qwen/Qwen2-1.5B-Instruct,1.0,0,logiqa,0.75
43,0.490234375,0.612482826698251,Qwen/Qwen2-1.5B-Instruct,1.0,0,logiqa,0.75
44,1.9375,0.14406365910145327,Qwen/Qwen2-1.5B-Instruct,0.0,0,logiqa,0.75
45,0.98828125,0.372215887611955,Qwen/Qwen2-1.5B-Instruct,1.0,0,logiqa,0.75
46,2.75,0.06392786120670757,Qwen/Qwen2-1.5B-Instruct,0.0,0,logiqa,0.75
47,2.1875,0.11219689052034373,Qwen/Qwen2-1.5B-Instruct,0.0,0,logiqa,0.75
48,5.6875,0.0033880525218347116,Qwen/Qwen2-1.5B-Instruct,0.0,0,logiqa,0.75
49,1.625,0.19691167520419406,Qwen/Qwen2-1.5B-Instruct,0.0,0,logiqa,0.75
50,1.7890625,0.16711676822020574,Qwen/Qwen2-1.5B-Instruct,0.0,0,logiqa,0.75
51,3.296875,0.03699860758070385,Qwen/Qwen2-1.5B-Instruct,0.0,0,logiqa,0.75
52,1.8125,0.1632455124539584,Qwen/Qwen2-1.5B-Instruct,0.0,0,logiqa,0.75
53,1.5078125,0.221393747466153,Qwen/Qwen2-1.5B-Instruct,0.0,0,logiqa,0.75
54,2.15625,0.11575840213626322,Qwen/Qwen2-1.5B-Instruct,0.0,0,logiqa,0.75
55,1.203125,0.30025444914408245,Qwen/Qwen2-1.5B-Instruct,0.0,0,logiqa,0.75
56,0.546875,0.5787555986124843,Qwen/Qwen2-1.5B-Instruct,1.0,0,logiqa,0.75
57,1.734375,0.17651048487186194,Qwen/Qwen2-1.5B-Instruct,0.0,0,logiqa,0.75
58,0.1650390625,0.847860583886983,Qwen/Qwen2-1.5B-Instruct,1.0,0,logiqa,0.75
59,1.046875,0.3510330150388101,Qwen/Qwen2-1.5B-Instruct,1.0,0,logiqa,0.75
60,3.796875,0.022440789864373145,Qwen/Qwen2-1.5B-Instruct,0.0,0,logiqa,0.75
61,2.0625,0.1271357329320356,Qwen/Qwen2-1.5B-Instruct,0.0,0,logiqa,0.75
62,2.75,0.06392786120670757,Qwen/Qwen2-1.5B-Instruct,0.0,0,logiqa,0.75
63,2.6875,0.0680508540250102,Qwen/Qwen2-1.5B-Instruct,0.0,0,logiqa,0.75
64,4.4375,0.011825465259096618,Qwen/Qwen2-1.5B-Instruct,0.0,0,logiqa,0.75
65,3.0625,0.04677062238395898,Qwen/Qwen2-1.5B-Instruct,0.0,0,logiqa,0.75
66,1.1015625,0.3323513787550223,Qwen/Qwen2-1.5B-Instruct,1.0,0,logiqa,0.75
67,0.7890625,0.4542704742837873,Qwen/Qwen2-1.5B-Instruct,1.0,0,logiqa,0.75
68,1.59375,0.20316232275153173,Qwen/Qwen2-1.5B-Instruct,0.0,0,logiqa,0.75
69,2.28125,0.1021564313333943,Qwen/Qwen2-1.5B-Instruct,0.0,0,logiqa,0.75
70,0.486328125,0.6148800167035864,Qwen/Qwen2-1.5B-Instruct,1.0,0,logiqa,0.75
71,3.15625,0.04258513628878761,Qwen/Qwen2-1.5B-Instruct,0.0,0,logiqa,0.75
72,1.1796875,0.30737477821235176,Qwen/Qwen2-1.5B-Instruct,0.0,0,logiqa,0.75
73,1.09375,0.33495804292529496,Qwen/Qwen2-1.5B-Instruct,0.0,0,logiqa,0.75
74,3.125,0.04393693362340742,Qwen/Qwen2-1.5B-Instruct,0.0,0,logiqa,0.75
75,0.5078125,0.6018106006716945,Qwen/Qwen2-1.5B-Instruct,1.0,0,logiqa,0.75
76,1.4453125,0.23567241741677974,Qwen/Qwen2-1.5B-Instruct,0.0,0,logiqa,0.75
77,1.734375,0.17651048487186194,Qwen/Qwen2-1.5B-Instruct,0.0,0,logiqa,0.75
78,1.578125,0.20636166380601706,Qwen/Qwen2-1.5B-Instruct,0.0,0,logiqa,0.75
79,1.953125,0.14183015908734253,Qwen/Qwen2-1.5B-Instruct,0.0,0,logiqa,0.75
1,7.78125,0.00041748998582873153,Qwen/Qwen2-1.5B-Instruct,0.0,0,logiqa,0.75
2,1.21875,0.29559943537737077,Qwen/Qwen2-1.5B-Instruct,0.0,0,logiqa,0.75
3,3.578125,0.027928014220365963,Qwen/Qwen2-1.5B-Instruct,0.0,0,logiqa,0.75
4,4.1875,0.015184197956837946,Qwen/Qwen2-1.5B-Instruct,0.0,0,logiqa,0.75
5,2.0,0.1353352832366127,Qwen/Qwen2-1.5B-Instruct,0.0,0,logiqa,0.75
6,0.466796875,0.6270074383640806,Qwen/Qwen2-1.5B-Instruct,1.0,0,logiqa,0.75
7,4.90625,0.0074001870652772766,Qwen/Qwen2-1.5B-Instruct,0.0,0,logiqa,0.75
8,2.453125,0.08602433995839362,Qwen/Qwen2-1.5B-Instruct,0.0,0,logiqa,0.75
9,2.96875,0.05136747956725073,Qwen/Qwen2-1.5B-Instruct,0.0,0,logiqa,0.75
10,2.9375,0.0529980584033558,Qwen/Qwen2-1.5B-Instruct,0.0,0,logiqa,0.75
11,0.1650390625,0.847860583886983,Qwen/Qwen2-1.5B-Instruct,1.0,0,logiqa,0.75
12,1.4296875,0.23938371796817895,Qwen/Qwen2-1.5B-Instruct,0.0,0,logiqa,0.75
13,1.4296875,0.23938371796817895,Qwen/Qwen2-1.5B-Instruct,0.0,0,logiqa,0.75
14,1.46875,0.23021307174736147,Qwen/Qwen2-1.5B-Instruct,0.0,0,logiqa,0.75
15,5.875,0.0028087941945255128,Qwen/Qwen2-1.5B-Instruct,0.0,0,logiqa,0.75
16,2.109375,0.1213137638466268,Qwen/Qwen2-1.5B-Instruct,0.0,0,logiqa,0.75
17,1.0625,0.3455907525769745,Qwen/Qwen2-1.5B-Instruct,1.0,0,logiqa,0.75
18,1.0078125,0.36501658064745907,Qwen/Qwen2-1.5B-Instruct,1.0,0,logiqa,0.75
19,1.1328125,0.3221260018134028,Qwen/Qwen2-1.5B-Instruct,0.0,0,logiqa,0.75
20,3.578125,0.027928014220365963,Qwen/Qwen2-1.5B-Instruct,0.0,0,logiqa,0.75
21,3.90625,0.02011579402674089,Qwen/Qwen2-1.5B-Instruct,0.0,0,logiqa,0.75
22,1.71875,0.17929012055011864,Qwen/Qwen2-1.5B-Instruct,0.0,0,logiqa,0.75
23,2.28125,0.1021564313333943,Qwen/Qwen2-1.5B-Instruct,0.0,0,logiqa,0.75
24,1.4296875,0.23938371796817895,Qwen/Qwen2-1.5B-Instruct,0.0,0,logiqa,0.75
25,1.4921875,0.22488019168416426,Qwen/Qwen2-1.5B-Instruct,0.0,0,logiqa,0.75
26,2.453125,0.08602433995839362,Qwen/Qwen2-1.5B-Instruct,0.0,0,logiqa,0.75
27,3.3125,0.036424997337364234,Qwen/Qwen2-1.5B-Instruct,0.0,0,logiqa,0.75
28,0.89453125,0.4087991783506979,Qwen/Qwen2-1.5B-Instruct,0.0,0,logiqa,0.75
29,1.640625,0.19385884264329528,Qwen/Qwen2-1.5B-Instruct,0.0,0,logiqa,0.75
30,3.375,0.03421811831166603,Qwen/Qwen2-1.5B-Instruct,0.0,0,logiqa,0.75
31,2.265625,0.10376516104428837,Qwen/Qwen2-1.5B-Instruct,0.0,0,logiqa,0.75
32,0.44140625,0.6431313813711866,Qwen/Qwen2-1.5B-Instruct,1.0,0,logiqa,0.75
33,0.06787109375,0.9343809133539388,Qwen/Qwen2-1.5B-Instruct,1.0,0,logiqa,0.75
34,0.330078125,0.7188675697091758,Qwen/Qwen2-1.5B-Instruct,1.0,0,logiqa,0.75
35,3.828125,0.021750359344450344,Qwen/Qwen2-1.5B-Instruct,0.0,0,logiqa,0.75
36,2.03125,0.13117145431019428,Qwen/Qwen2-1.5B-Instruct,0.0,0,logiqa,0.75
37,3.75,0.023517745856009107,Qwen/Qwen2-1.5B-Instruct,0.0,0,logiqa,0.75
38,1.640625,0.19385884264329528,Qwen/Qwen2-1.5B-Instruct,0.0,0,logiqa,0.75
39,0.76953125,0.463230156563083,Qwen/Qwen2-1.5B-Instruct,1.0,0,logiqa,0.75
40,2.59375,0.0747392417609257,Qwen/Qwen2-1.5B-Instruct,0.0,0,logiqa,0.75
41,2.21875,0.10874495509722103,Qwen/Qwen2-1.5B-Instruct,0.0,0,logiqa,0.75
42,0.435546875,0.64691079098504,Qwen/Qwen2-1.5B-Instruct,1.0,0,logiqa,0.75
43,1.6953125,0.18354186323251906,Qwen/Qwen2-1.5B-Instruct,0.0,0,logiqa,0.75
44,1.734375,0.17651048487186194,Qwen/Qwen2-1.5B-Instruct,0.0,0,logiqa,0.75
45,0.66015625,0.5167705827795767,Qwen/Qwen2-1.5B-Instruct,1.0,0,logiqa,0.75
46,1.4609375,0.23201865524727103,Qwen/Qwen2-1.5B-Instruct,0.0,0,logiqa,0.75
47,2.15625,0.11575840213626322,Qwen/Qwen2-1.5B-Instruct,0.0,0,logiqa,0.75
48,1.8984375,0.14980250286418162,Qwen/Qwen2-1.5B-Instruct,0.0,0,logiqa,0.75
49,2.28125,0.1021564313333943,Qwen/Qwen2-1.5B-Instruct,0.0,0,logiqa,0.75
50,6.375,0.001703619795802574,Qwen/Qwen2-1.5B-Instruct,0.0,0,logiqa,0.75
51,0.330078125,0.7188675697091758,Qwen/Qwen2-1.5B-Instruct,1.0,0,logiqa,0.75
52,2.109375,0.1213137638466268,Qwen/Qwen2-1.5B-Instruct,0.0,0,logiqa,0.75
53,3.21875,0.04000503331137926,Qwen/Qwen2-1.5B-Instruct,0.0,0,logiqa,0.75
54,1.1796875,0.30737477821235176,Qwen/Qwen2-1.5B-Instruct,0.0,0,logiqa,0.75
55,0.0458984375,0.9551389635657673,Qwen/Qwen2-1.5B-Instruct,1.0,0,logiqa,0.75
56,4.40625,0.012200845821682604,Qwen/Qwen2-1.5B-Instruct,0.0,0,logiqa,0.75
57,5.28125,0.005086069231012701,Qwen/Qwen2-1.5B-Instruct,0.0,0,logiqa,0.75
58,2.609375,0.07358051721811718,Qwen/Qwen2-1.5B-Instruct,0.0,0,logiqa,0.75
59,3.125,0.04393693362340742,Qwen/Qwen2-1.5B-Instruct,0.0,0,logiqa,0.75
60,1.53125,0.2162651668298873,Qwen/Qwen2-1.5B-Instruct,0.0,0,logiqa,0.75
61,1.21875,0.29559943537737077,Qwen/Qwen2-1.5B-Instruct,0.0,0,logiqa,0.75
62,1.03125,0.356560980663947,Qwen/Qwen2-1.5B-Instruct,1.0,0,logiqa,0.75
63,1.5078125,0.221393747466153,Qwen/Qwen2-1.5B-Instruct,0.0,0,logiqa,0.75
64,3.078125,0.04604551109353302,Qwen/Qwen2-1.5B-Instruct,0.0,0,logiqa,0.75
65,4.25,0.014264233908999256,Qwen/Qwen2-1.5B-Instruct,0.0,0,logiqa,0.75
66,0.06787109375,0.9343809133539388,Qwen/Qwen2-1.5B-Instruct,1.0,0,logiqa,0.75
67,1.5703125,0.207980178394932,Qwen/Qwen2-1.5B-Instruct,0.0,0,logiqa,0.75
68,2.5625,0.07711171996831671,Qwen/Qwen2-1.5B-Instruct,0.0,0,logiqa,0.75
69,3.265625,0.03817306945803752,Qwen/Qwen2-1.5B-Instruct,0.0,0,logiqa,0.75
70,0.890625,0.41039917309637,Qwen/Qwen2-1.5B-Instruct,1.0,0,logiqa,0.75
71,1.5625,0.2096113871510978,Qwen/Qwen2-1.5B-Instruct,0.0,0,logiqa,0.75
72,3.765625,0.023153137001639675,Qwen/Qwen2-1.5B-Instruct,0.0,0,logiqa,0.75
73,0.2421875,0.7849089933174918,Qwen/Qwen2-1.5B-Instruct,1.0,0,logiqa,0.75
74,1.875,0.15335496684492847,Qwen/Qwen2-1.5B-Instruct,0.0,0,logiqa,0.75
75,2.71875,0.06595714935553817,Qwen/Qwen2-1.5B-Instruct,0.0,0,logiqa,0.75
76,3.75,0.023517745856009107,Qwen/Qwen2-1.5B-Instruct,0.0,0,logiqa,0.75
77,1.171875,0.30978554847668166,Qwen/Qwen2-1.5B-Instruct,0.0,0,logiqa,0.75
78,0.4453125,0.6406240497330474,Qwen/Qwen2-1.5B-Instruct,1.0,0,logiqa,0.75
1,0.357421875,0.6994773434756083,Qwen/Qwen2-1.5B-Instruct,1.0,0,logiqa,0.75
2,1.796875,0.1658162552121675,Qwen/Qwen2-1.5B-Instruct,0.0,0,logiqa,0.75
3,1.59375,0.20316232275153173,Qwen/Qwen2-1.5B-Instruct,0.0,0,logiqa,0.75
4,2.171875,0.1139637344565904,Qwen/Qwen2-1.5B-Instruct,0.0,0,logiqa,0.75
5,2.6875,0.0680508540250102,Qwen/Qwen2-1.5B-Instruct,0.0,0,logiqa,0.75
6,2.15625,0.11575840213626322,Qwen/Qwen2-1.5B-Instruct,0.0,0,logiqa,0.75
7,1.4765625,0.2284215394097245,Qwen/Qwen2-1.5B-Instruct,0.0,0,logiqa,0.75
8,1.5234375,0.21796135555570278,Qwen/Qwen2-1.5B-Instruct,0.0,0,logiqa,0.75
9,0.62890625,0.5331746419722976,Qwen/Qwen2-1.5B-Instruct,1.0,0,logiqa,0.75
10,0.58984375,0.5544139051397897,Qwen/Qwen2-1.5B-Instruct,1.0,0,logiqa,0.75
11,2.109375,0.1213137638466268,Qwen/Qwen2-1.5B-Instruct,0.0,0,logiqa,0.75
12,1.1484375,0.31713190105209277,Qwen/Qwen2-1.5B-Instruct,0.0,0,logiqa,0.75
13,1.84375,0.15822297604949842,Qwen/Qwen2-1.5B-Instruct,0.0,0,logiqa,0.75
14,1.828125,0.16071462536804407,Qwen/Qwen2-1.5B-Instruct,0.0,0,logiqa,0.75
15,1.4921875,0.22488019168416426,Qwen/Qwen2-1.5B-Instruct,0.0,0,logiqa,0.75
16,0.53125,0.5878696731223465,Qwen/Qwen2-1.5B-Instruct,1.0,0,logiqa,0.75
17,1.53125,0.2162651668298873,Qwen/Qwen2-1.5B-Instruct,0.0,0,logiqa,0.75
18,1.75,0.17377394345044514,Qwen/Qwen2-1.5B-Instruct,0.0,0,logiqa,0.75
19,0.05322265625,0.9481688732517508,Qwen/Qwen2-1.5B-Instruct,1.0,0,logiqa,0.75
20,2.53125,0.07955950871822769,Qwen/Qwen2-1.5B-Instruct,0.0,0,logiqa,0.75
21,1.71875,0.17929012055011864,Qwen/Qwen2-1.5B-Instruct,0.0,0,logiqa,0.75
22,1.1015625,0.3323513787550223,Qwen/Qwen2-1.5B-Instruct,0.0,0,logiqa,0.75
23,2.875,0.05641613950377735,Qwen/Qwen2-1.5B-Instruct,0.0,0,logiqa,0.75
24,2.984375,0.050571100611906464,Qwen/Qwen2-1.5B-Instruct,0.0,0,logiqa,0.75
25,0.48046875,0.6184934050621846,Qwen/Qwen2-1.5B-Instruct,1.0,0,logiqa,0.75
26,3.9375,0.019496896108597995,Qwen/Qwen2-1.5B-Instruct,0.0,0,logiqa,0.75
27,3.21875,0.04000503331137926,Qwen/Qwen2-1.5B-Instruct,0.0,0,logiqa,0.75
28,1.7578125,0.17242162389375282,Qwen/Qwen2-1.5B-Instruct,0.0,0,logiqa,0.75
29,3.671875,0.025428746320412147,Qwen/Qwen2-1.5B-Instruct,0.0,0,logiqa,0.75
30,3.046875,0.04750715251567949,Qwen/Qwen2-1.5B-Instruct,0.0,0,logiqa,0.75
31,1.640625,0.19385884264329528,Qwen/Qwen2-1.5B-Instruct,0.0,0,logiqa,0.75
32,0.8984375,0.407205421393389,Qwen/Qwen2-1.5B-Instruct,1.0,0,logiqa,0.75
33,1.359375,0.25682124007865503,Qwen/Qwen2-1.5B-Instruct,0.0,0,logiqa,0.75
34,0.05322265625,0.9481688732517508,Qwen/Qwen2-1.5B-Instruct,1.0,0,logiqa,0.75
35,0.0458984375,0.9551389635657673,Qwen/Qwen2-1.5B-Instruct,1.0,0,logiqa,0.75
36,0.58203125,0.5587622272904076,Qwen/Qwen2-1.5B-Instruct,1.0,0,logiqa,0.75
37,0.73046875,0.48168314818692903,Qwen/Qwen2-1.5B-Instruct,1.0,0,logiqa,0.75
38,1.546875,0.21291228619240427,Qwen/Qwen2-1.5B-Instruct,0.0,0,logiqa,0.75
39,1.953125,0.14183015908734253,Qwen/Qwen2-1.5B-Instruct,0.0,0,logiqa,0.75
40,1.609375,0.2000125828826258,Qwen/Qwen2-1.5B-Instruct,0.0,0,logiqa,0.75
41,1.984375,0.13746650383851944,Qwen/Qwen2-1.5B-Instruct,0.0,0,logiqa,0.75
42,1.2265625,0.29329906232102687,Qwen/Qwen2-1.5B-Instruct,0.0,0,logiqa,0.75
43,1.234375,0.29101659090983195,Qwen/Qwen2-1.5B-Instruct,0.0,0,logiqa,0.75
44,1.84375,0.15822297604949842,Qwen/Qwen2-1.5B-Instruct,0.0,0,logiqa,0.75
45,3.375,0.03421811831166603,Qwen/Qwen2-1.5B-Instruct,0.0,0,logiqa,0.75
46,0.73046875,0.48168314818692903,Qwen/Qwen2-1.5B-Instruct,1.0,0,logiqa,0.75
47,3.90625,0.02011579402674089,Qwen/Qwen2-1.5B-Instruct,0.0,0,logiqa,0.75
48,0.435546875,0.64691079098504,Qwen/Qwen2-1.5B-Instruct,1.0,0,logiqa,0.75
49,2.0,0.1353352832366127,Qwen/Qwen2-1.5B-Instruct,0.0,0,logiqa,0.75
50,2.0,0.1353352832366127,Qwen/Qwen2-1.5B-Instruct,0.0,0,logiqa,0.75
51,1.2421875,0.2887518818320782,Qwen/Qwen2-1.5B-Instruct,0.0,0,logiqa,0.75
52,1.8203125,0.1619751257973035,Qwen/Qwen2-1.5B-Instruct,0.0,0,logiqa,0.75
53,1.453125,0.23383840011408472,Qwen/Qwen2-1.5B-Instruct,0.0,0,logiqa,0.75
54,3.40625,0.03316533748891029,Qwen/Qwen2-1.5B-Instruct,0.0,0,logiqa,0.75
55,1.8046875,0.16452586287665122,Qwen/Qwen2-1.5B-Instruct,0.0,0,logiqa,0.75
56,2.0625,0.1271357329320356,Qwen/Qwen2-1.5B-Instruct,0.0,0,logiqa,0.75
57,2.21875,0.10874495509722103,Qwen/Qwen2-1.5B-Instruct,0.0,0,logiqa,0.75
58,2.703125,0.06699582332279769,Qwen/Qwen2-1.5B-Instruct,0.0,0,logiqa,0.75
59,3.0,0.049787068367863944,Qwen/Qwen2-1.5B-Instruct,0.0,0,logiqa,0.75
60,0.038330078125,0.9623952228475297,Qwen/Qwen2-1.5B-Instruct,1.0,0,logiqa,0.75
61,2.796875,0.06100039130459344,Qwen/Qwen2-1.5B-Instruct,0.0,0,logiqa,0.75
62,0.55078125,0.5764992443663932,Qwen/Qwen2-1.5B-Instruct,1.0,0,logiqa,0.75
63,1.359375,0.25682124007865503,Qwen/Qwen2-1.5B-Instruct,0.0,0,logiqa,0.75
64,3.0,0.049787068367863944,Qwen/Qwen2-1.5B-Instruct,0.0,0,logiqa,0.75
65,1.5625,0.2096113871510978,Qwen/Qwen2-1.5B-Instruct,0.0,0,logiqa,0.75
66,1.625,0.19691167520419406,Qwen/Qwen2-1.5B-Instruct,0.0,0,logiqa,0.75
67,1.546875,0.21291228619240427,Qwen/Qwen2-1.5B-Instruct,0.0,0,logiqa,0.75
68,3.796875,0.022440789864373145,Qwen/Qwen2-1.5B-Instruct,0.0,0,logiqa,0.75
69,0.625,0.5352614285189903,Qwen/Qwen2-1.5B-Instruct,1.0,0,logiqa,0.75
70,1.46875,0.23021307174736147,Qwen/Qwen2-1.5B-Instruct,0.0,0,logiqa,0.75
71,0.37890625,0.6846097918258168,Qwen/Qwen2-1.5B-Instruct,1.0,0,logiqa,0.75
72,0.96484375,0.3810427330152126,Qwen/Qwen2-1.5B-Instruct,1.0,0,logiqa,0.75
73,0.42578125,0.6532592269479727,Qwen/Qwen2-1.5B-Instruct,1.0,0,logiqa,0.75
74,5.125,0.005946217356472094,Qwen/Qwen2-1.5B-Instruct,0.0,0,logiqa,0.75
75,3.796875,0.022440789864373145,Qwen/Qwen2-1.5B-Instruct,0.0,0,logiqa,0.75
76,2.625,0.07243975703425146,Qwen/Qwen2-1.5B-Instruct,0.0,0,logiqa,0.75
77,0.5859375,0.556583819812148,Qwen/Qwen2-1.5B-Instruct,1.0,0,logiqa,0.75
78,1.703125,0.18211352912101367,Qwen/Qwen2-1.5B-Instruct,0.0,0,logiqa,0.75
79,2.1875,0.11219689052034373,Qwen/Qwen2-1.5B-Instruct,0.0,0,logiqa,0.75
80,3.109375,0.04462883965030139,Qwen/Qwen2-1.5B-Instruct,0.0,0,logiqa,0.75
1,5.09375,0.006134970557096825,Qwen/Qwen2-1.5B-Instruct,0.0,0,logiqa,0.75
2,2.09375,0.12322417764723749,Qwen/Qwen2-1.5B-Instruct,0.0,0,logiqa,0.75
3,0.369140625,0.6913281855882473,Qwen/Qwen2-1.5B-Instruct,1.0,0,logiqa,0.75
4,3.046875,0.04750715251567949,Qwen/Qwen2-1.5B-Instruct,0.0,0,logiqa,0.75
5,2.546875,0.07832605286299588,Qwen/Qwen2-1.5B-Instruct,0.0,0,logiqa,0.75
6,1.1328125,0.3221260018134028,Qwen/Qwen2-1.5B-Instruct,0.0,0,logiqa,0.75
7,3.1875,0.04127492938579755,Qwen/Qwen2-1.5B-Instruct,0.0,0,logiqa,0.75
8,0.3515625,0.7035878743456275,Qwen/Qwen2-1.5B-Instruct,1.0,0,logiqa,0.75
9,0.03076171875,0.9697066084520289,Qwen/Qwen2-1.5B-Instruct,1.0,0,logiqa,0.75
10,3.453125,0.03164658611103602,Qwen/Qwen2-1.5B-Instruct,0.0,0,logiqa,0.75
11,2.515625,0.08081238867682222,Qwen/Qwen2-1.5B-Instruct,0.0,0,logiqa,0.75
12,1.2890625,0.2755289704553164,Qwen/Qwen2-1.5B-Instruct,0.0,0,logiqa,0.75
13,4.34375,0.012987732771292249,Qwen/Qwen2-1.5B-Instruct,0.0,0,logiqa,0.75
14,1.375,0.25283959580474646,Qwen/Qwen2-1.5B-Instruct,0.0,0,logiqa,0.75
15,0.12451171875,0.8829279144942641,Qwen/Qwen2-1.5B-Instruct,1.0,0,logiqa,0.75
16,3.71875,0.02426427924617674,Qwen/Qwen2-1.5B-Instruct,0.0,0,logiqa,0.75
17,2.78125,0.061961007690531984,Qwen/Qwen2-1.5B-Instruct,0.0,0,logiqa,0.75
18,1.7265625,0.17789487376266921,Qwen/Qwen2-1.5B-Instruct,0.0,0,logiqa,0.75
19,1.421875,0.2412612277378443,Qwen/Qwen2-1.5B-Instruct,0.0,0,logiqa,0.75
20,4.5,0.011108996538242306,Qwen/Qwen2-1.5B-Instruct,0.0,0,logiqa,0.75
21,1.734375,0.17651048487186194,Qwen/Qwen2-1.5B-Instruct,0.0,0,logiqa,0.75
22,0.25390625,0.7757645265618263,Qwen/Qwen2-1.5B-Instruct,1.0,0,logiqa,0.75
23,1.28125,0.27768997095378994,Qwen/Qwen2-1.5B-Instruct,0.0,0,logiqa,0.75
24,0.5078125,0.6018106006716945,Qwen/Qwen2-1.5B-Instruct,1.0,0,logiqa,0.75
25,1.40625,0.2450605392455259,Qwen/Qwen2-1.5B-Instruct,0.0,0,logiqa,0.75
26,1.71875,0.17929012055011864,Qwen/Qwen2-1.5B-Instruct,0.0,0,logiqa,0.75
27,0.265625,0.76672659607082,Qwen/Qwen2-1.5B-Instruct,1.0,0,logiqa,0.75
28,1.1953125,0.30260937397538795,Qwen/Qwen2-1.5B-Instruct,0.0,0,logiqa,0.75
29,1.375,0.25283959580474646,Qwen/Qwen2-1.5B-Instruct,0.0,0,logiqa,0.75
30,1.7890625,0.16711676822020574,Qwen/Qwen2-1.5B-Instruct,0.0,0,logiqa,0.75
31,1.6640625,0.18936810739025348,Qwen/Qwen2-1.5B-Instruct,0.0,0,logiqa,0.75
32,4.5625,0.010435936462774504,Qwen/Qwen2-1.5B-Instruct,0.0,0,logiqa,0.75
33,2.5625,0.07711171996831671,Qwen/Qwen2-1.5B-Instruct,0.0,0,logiqa,0.75
34,0.86328125,0.4217758572543825,Qwen/Qwen2-1.5B-Instruct,1.0,0,logiqa,0.75
35,1.375,0.25283959580474646,Qwen/Qwen2-1.5B-Instruct,0.0,0,logiqa,0.75
36,2.71875,0.06595714935553817,Qwen/Qwen2-1.5B-Instruct,0.0,0,logiqa,0.75
37,2.0625,0.1271357329320356,Qwen/Qwen2-1.5B-Instruct,0.0,0,logiqa,0.75
38,5.03125,0.006530642163653784,Qwen/Qwen2-1.5B-Instruct,0.0,0,logiqa,0.75
39,1.171875,0.30978554847668166,Qwen/Qwen2-1.5B-Instruct,0.0,0,logiqa,0.75
40,1.484375,0.22664394888734782,Qwen/Qwen2-1.5B-Instruct,0.0,0,logiqa,0.75
41,4.59375,0.010114856452604551,Qwen/Qwen2-1.5B-Instruct,0.0,0,logiqa,0.75
42,1.3671875,0.2548226413322821,Qwen/Qwen2-1.5B-Instruct,0.0,0,logiqa,0.75
43,1.640625,0.19385884264329528,Qwen/Qwen2-1.5B-Instruct,0.0,0,logiqa,0.75
44,1.875,0.15335496684492847,Qwen/Qwen2-1.5B-Instruct,0.0,0,logiqa,0.75
45,1.296875,0.27338478699614155,Qwen/Qwen2-1.5B-Instruct,0.0,0,logiqa,0.75
46,1.015625,0.3621759990808257,Qwen/Qwen2-1.5B-Instruct,0.0,0,logiqa,0.75
47,4.75,0.008651695203120634,Qwen/Qwen2-1.5B-Instruct,0.0,0,logiqa,0.75
48,0.0966796875,0.9078467542291261,Qwen/Qwen2-1.5B-Instruct,1.0,0,logiqa,0.75
49,1.8125,0.1632455124539584,Qwen/Qwen2-1.5B-Instruct,0.0,0,logiqa,0.75
50,2.84375,0.058206980009571974,Qwen/Qwen2-1.5B-Instruct,0.0,0,logiqa,0.75
51,3.828125,0.021750359344450344,Qwen/Qwen2-1.5B-Instruct,0.0,0,logiqa,0.75
52,2.015625,0.13323710414756298,Qwen/Qwen2-1.5B-Instruct,0.0,0,logiqa,0.75
53,1.65625,0.19085333986431632,Qwen/Qwen2-1.5B-Instruct,0.0,0,logiqa,0.75
54,1.8984375,0.14980250286418162,Qwen/Qwen2-1.5B-Instruct,0.0,0,logiqa,0.75
55,2.296875,0.10057264266491435,Qwen/Qwen2-1.5B-Instruct,0.0,0,logiqa,0.75
56,1.96875,0.13963128628139898,Qwen/Qwen2-1.5B-Instruct,0.0,0,logiqa,0.75
57,1.609375,0.2000125828826258,Qwen/Qwen2-1.5B-Instruct,0.0,0,logiqa,0.75
58,1.2578125,0.2842751988422877,Qwen/Qwen2-1.5B-Instruct,0.0,0,logiqa,0.75
59,1.828125,0.16071462536804407,Qwen/Qwen2-1.5B-Instruct,0.0,0,logiqa,0.75
60,2.15625,0.11575840213626322,Qwen/Qwen2-1.5B-Instruct,0.0,0,logiqa,0.75
61,2.21875,0.10874495509722103,Qwen/Qwen2-1.5B-Instruct,0.0,0,logiqa,0.75
62,2.90625,0.05468039736791477,Qwen/Qwen2-1.5B-Instruct,0.0,0,logiqa,0.75
63,2.0625,0.1271357329320356,Qwen/Qwen2-1.5B-Instruct,0.0,0,logiqa,0.75
64,1.875,0.15335496684492847,Qwen/Qwen2-1.5B-Instruct,0.0,0,logiqa,0.75
65,3.328125,0.035860280096566576,Qwen/Qwen2-1.5B-Instruct,0.0,0,logiqa,0.75
66,4.25,0.014264233908999256,Qwen/Qwen2-1.5B-Instruct,0.0,0,logiqa,0.75
67,1.96875,0.13963128628139898,Qwen/Qwen2-1.5B-Instruct,0.0,0,logiqa,0.75
68,6.25,0.0019304541362277093,Qwen/Qwen2-1.5B-Instruct,0.0,0,logiqa,0.75
69,0.61328125,0.5415709208598878,Qwen/Qwen2-1.5B-Instruct,1.0,0,logiqa,0.75
70,5.15625,0.005763271481312824,Qwen/Qwen2-1.5B-Instruct,0.0,0,logiqa,0.75
71,1.4609375,0.23201865524727103,Qwen/Qwen2-1.5B-Instruct,0.0,0,logiqa,0.75
72,1.265625,0.28206295169381546,Qwen/Qwen2-1.5B-Instruct,0.0,0,logiqa,0.75
73,1.578125,0.20636166380601706,Qwen/Qwen2-1.5B-Instruct,0.0,0,logiqa,0.75
74,5.125,0.005946217356472094,Qwen/Qwen2-1.5B-Instruct,0.0,0,logiqa,0.75
75,0.08984375,0.9140739981758944,Qwen/Qwen2-1.5B-Instruct,1.0,0,logiqa,0.75
76,2.109375,0.1213137638466268,Qwen/Qwen2-1.5B-Instruct,0.0,0,logiqa,0.75
77,0.42578125,0.6532592269479727,Qwen/Qwen2-1.5B-Instruct,1.0,0,logiqa,0.75
78,1.0234375,0.35935752309532076,Qwen/Qwen2-1.5B-Instruct,0.0,0,logiqa,0.75
79,0.15234375,0.8586930542645764,Qwen/Qwen2-1.5B-Instruct,1.0,0,logiqa,0.75
80,1.40625,0.2450605392455259,Qwen/Qwen2-1.5B-Instruct,0.0,0,logiqa,0.75
81,0.82421875,0.43857749732635326,Qwen/Qwen2-1.5B-Instruct,1.0,0,logiqa,0.75
82,2.5,0.0820849986238988,Qwen/Qwen2-1.5B-Instruct,0.0,0,logiqa,0.75
83,2.5,0.0820849986238988,Qwen/Qwen2-1.5B-Instruct,0.0,0,logiqa,0.75
1,0.609375,0.5436905695130004,Qwen/Qwen2-1.5B-Instruct,1.0,0,logiqa,0.75
2,2.453125,0.08602433995839362,Qwen/Qwen2-1.5B-Instruct,0.0,0,logiqa,0.75
3,1.0234375,0.35935752309532076,Qwen/Qwen2-1.5B-Instruct,1.0,0,logiqa,0.75
4,6.625,0.0013267804310269915,Qwen/Qwen2-1.5B-Instruct,0.0,0,logiqa,0.75
5,0.99609375,0.3693192805940405,Qwen/Qwen2-1.5B-Instruct,0.0,0,logiqa,0.75
6,0.69921875,0.49697341264527733,Qwen/Qwen2-1.5B-Instruct,1.0,0,logiqa,0.75
7,1.40625,0.2450605392455259,Qwen/Qwen2-1.5B-Instruct,0.0,0,logiqa,0.75
8,4.90625,0.0074001870652772766,Qwen/Qwen2-1.5B-Instruct,0.0,0,logiqa,0.75
9,0.8828125,0.41361797370441067,Qwen/Qwen2-1.5B-Instruct,1.0,0,logiqa,0.75
10,0.78125,0.45783336177161427,Qwen/Qwen2-1.5B-Instruct,1.0,0,logiqa,0.75
11,3.71875,0.02426427924617674,Qwen/Qwen2-1.5B-Instruct,0.0,0,logiqa,0.75
12,5.0,0.006737946999085467,Qwen/Qwen2-1.5B-Instruct,0.0,0,logiqa,0.75
13,0.038330078125,0.9623952228475297,Qwen/Qwen2-1.5B-Instruct,1.0,0,logiqa,0.75
14,2.71875,0.06595714935553817,Qwen/Qwen2-1.5B-Instruct,0.0,0,logiqa,0.75
15,2.265625,0.10376516104428837,Qwen/Qwen2-1.5B-Instruct,0.0,0,logiqa,0.75
16,1.046875,0.3510330150388101,Qwen/Qwen2-1.5B-Instruct,1.0,0,logiqa,0.75
17,0.72265625,0.485461035940867,Qwen/Qwen2-1.5B-Instruct,1.0,0,logiqa,0.75
18,0.51953125,0.5947992948032403,Qwen/Qwen2-1.5B-Instruct,1.0,0,logiqa,0.75
19,2.125,0.11943296826671962,Qwen/Qwen2-1.5B-Instruct,0.0,0,logiqa,0.75
20,4.6875,0.00920968160396814,Qwen/Qwen2-1.5B-Instruct,0.0,0,logiqa,0.75
21,2.0,0.1353352832366127,Qwen/Qwen2-1.5B-Instruct,0.0,0,logiqa,0.75
22,1.9296875,0.14519356438370257,Qwen/Qwen2-1.5B-Instruct,0.0,0,logiqa,0.75
23,0.060546875,0.941249646907103,Qwen/Qwen2-1.5B-Instruct,1.0,0,logiqa,0.75
24,3.796875,0.022440789864373145,Qwen/Qwen2-1.5B-Instruct,0.0,0,logiqa,0.75
25,1.53125,0.2162651668298873,Qwen/Qwen2-1.5B-Instruct,0.0,0,logiqa,0.75
26,2.734375,0.0649345785355609,Qwen/Qwen2-1.5B-Instruct,0.0,0,logiqa,0.75
27,1.6953125,0.18354186323251906,Qwen/Qwen2-1.5B-Instruct,0.0,0,logiqa,0.75
28,4.03125,0.01775212592162854,Qwen/Qwen2-1.5B-Instruct,0.0,0,logiqa,0.75
29,1.71875,0.17929012055011864,Qwen/Qwen2-1.5B-Instruct,0.0,0,logiqa,0.75
30,1.6328125,0.19537929639047613,Qwen/Qwen2-1.5B-Instruct,0.0,0,logiqa,0.75
31,1.6328125,0.19537929639047613,Qwen/Qwen2-1.5B-Instruct,0.0,0,logiqa,0.75
32,1.421875,0.2412612277378443,Qwen/Qwen2-1.5B-Instruct,0.0,0,logiqa,0.75
33,0.08984375,0.9140739981758944,Qwen/Qwen2-1.5B-Instruct,1.0,0,logiqa,0.75
34,1.828125,0.16071462536804407,Qwen/Qwen2-1.5B-Instruct,0.0,0,logiqa,0.75
35,1.2421875,0.2887518818320782,Qwen/Qwen2-1.5B-Instruct,0.0,0,logiqa,0.75
36,1.6796875,0.18643222700816212,Qwen/Qwen2-1.5B-Instruct,0.0,0,logiqa,0.75
37,1.3671875,0.2548226413322821,Qwen/Qwen2-1.5B-Instruct,0.0,0,logiqa,0.75
38,0.70703125,0.49310593486505433,Qwen/Qwen2-1.5B-Instruct,1.0,0,logiqa,0.75
39,1.2890625,0.2755289704553164,Qwen/Qwen2-1.5B-Instruct,0.0,0,logiqa,0.75
40,4.625,0.009803655035821828,Qwen/Qwen2-1.5B-Instruct,0.0,0,logiqa,0.75
41,0.1982421875,0.8201711938713908,Qwen/Qwen2-1.5B-Instruct,1.0,0,logiqa,0.75
42,2.078125,0.1251646760876602,Qwen/Qwen2-1.5B-Instruct,0.0,0,logiqa,0.75
43,2.1875,0.11219689052034373,Qwen/Qwen2-1.5B-Instruct,0.0,0,logiqa,0.75
44,0.2890625,0.7489653936027156,Qwen/Qwen2-1.5B-Instruct,1.0,0,logiqa,0.75
45,1.6875,0.18498139990730428,Qwen/Qwen2-1.5B-Instruct,0.0,0,logiqa,0.75
46,0.4453125,0.6406240497330474,Qwen/Qwen2-1.5B-Instruct,1.0,0,logiqa,0.75
47,1.109375,0.3297649998062575,Qwen/Qwen2-1.5B-Instruct,0.0,0,logiqa,0.75
48,1.078125,0.34023286457404905,Qwen/Qwen2-1.5B-Instruct,0.0,0,logiqa,0.75
49,1.328125,0.26497362135689667,Qwen/Qwen2-1.5B-Instruct,0.0,0,logiqa,0.75
50,1.984375,0.13746650383851944,Qwen/Qwen2-1.5B-Instruct,0.0,0,logiqa,0.75
51,3.796875,0.022440789864373145,Qwen/Qwen2-1.5B-Instruct,0.0,0,logiqa,0.75
52,0.40625,0.6661436107034878,Qwen/Qwen2-1.5B-Instruct,1.0,0,logiqa,0.75
53,2.046875,0.129137829405204,Qwen/Qwen2-1.5B-Instruct,0.0,0,logiqa,0.75
54,0.384765625,0.6806101355130432,Qwen/Qwen2-1.5B-Instruct,1.0,0,logiqa,0.75
55,1.5,0.22313016014842982,Qwen/Qwen2-1.5B-Instruct,0.0,0,logiqa,0.75
56,0.83203125,0.4351644601644917,Qwen/Qwen2-1.5B-Instruct,1.0,0,logiqa,0.75
57,4.71875,0.008926329489511324,Qwen/Qwen2-1.5B-Instruct,0.0,0,logiqa,0.75
58,0.50390625,0.604166020765368,Qwen/Qwen2-1.5B-Instruct,1.0,0,logiqa,0.75
59,1.15625,0.314663961018459,Qwen/Qwen2-1.5B-Instruct,1.0,0,logiqa,0.75
60,1.046875,0.3510330150388101,Qwen/Qwen2-1.5B-Instruct,0.0,0,logiqa,0.75
61,2.21875,0.10874495509722103,Qwen/Qwen2-1.5B-Instruct,0.0,0,logiqa,0.75
62,2.46875,0.0846906561847805,Qwen/Qwen2-1.5B-Instruct,0.0,0,logiqa,0.75
63,2.296875,0.10057264266491435,Qwen/Qwen2-1.5B-Instruct,0.0,0,logiqa,0.75
64,2.296875,0.10057264266491435,Qwen/Qwen2-1.5B-Instruct,0.0,0,logiqa,0.75
65,2.5625,0.07711171996831671,Qwen/Qwen2-1.5B-Instruct,0.0,0,logiqa,0.75
66,2.34375,0.09596708604499847,Qwen/Qwen2-1.5B-Instruct,0.0,0,logiqa,0.75
67,1.1640625,0.31221522664653706,Qwen/Qwen2-1.5B-Instruct,0.0,0,logiqa,0.75
68,2.34375,0.09596708604499847,Qwen/Qwen2-1.5B-Instruct,0.0,0,logiqa,0.75
69,0.87890625,0.4152368286818413,Qwen/Qwen2-1.5B-Instruct,1.0,0,logiqa,0.75
70,3.671875,0.025428746320412147,Qwen/Qwen2-1.5B-Instruct,0.0,0,logiqa,0.75
71,3.421875,0.03265115658991408,Qwen/Qwen2-1.5B-Instruct,0.0,0,logiqa,0.75
72,1.0234375,0.35935752309532076,Qwen/Qwen2-1.5B-Instruct,1.0,0,logiqa,0.75
73,1.28125,0.27768997095378994,Qwen/Qwen2-1.5B-Instruct,1.0,0,logiqa,0.75
74,1.40625,0.2450605392455259,Qwen/Qwen2-1.5B-Instruct,0.0,0,logiqa,0.75
75,1.703125,0.18211352912101367,Qwen/Qwen2-1.5B-Instruct,0.0,0,logiqa,0.75
76,2.359375,0.09447925428109244,Qwen/Qwen2-1.5B-Instruct,0.0,0,logiqa,0.75
77,4.6875,0.00920968160396814,Qwen/Qwen2-1.5B-Instruct,0.0,0,logiqa,0.75
78,0.265625,0.76672659607082,Qwen/Qwen2-1.5B-Instruct,1.0,0,logiqa,0.75
79,3.859375,0.02108117113844438,Qwen/Qwen2-1.5B-Instruct,0.0,0,logiqa,0.75
80,3.234375,0.039384812757335554,Qwen/Qwen2-1.5B-Instruct,0.0,0,logiqa,0.75
81,1.2578125,0.2842751988422877,Qwen/Qwen2-1.5B-Instruct,0.0,0,logiqa,0.75
1,4.09375,0.016676578983487567,Qwen/Qwen2-1.5B-Instruct,0.0,0,logiqa,0.75
2,1.90625,0.1486367305381225,Qwen/Qwen2-1.5B-Instruct,0.0,0,logiqa,0.75
3,0.75390625,0.47052497007720323,Qwen/Qwen2-1.5B-Instruct,1.0,0,logiqa,0.75
4,2.296875,0.10057264266491435,Qwen/Qwen2-1.5B-Instruct,0.0,0,logiqa,0.75
5,1.0390625,0.353786201098432,Qwen/Qwen2-1.5B-Instruct,1.0,0,logiqa,0.75
6,1.5234375,0.21796135555570278,Qwen/Qwen2-1.5B-Instruct,0.0,0,logiqa,0.75
7,3.15625,0.04258513628878761,Qwen/Qwen2-1.5B-Instruct,0.0,0,logiqa,0.75
8,3.84375,0.021413151278198653,Qwen/Qwen2-1.5B-Instruct,0.0,0,logiqa,0.75
9,4.4375,0.011825465259096618,Qwen/Qwen2-1.5B-Instruct,0.0,0,logiqa,0.75
10,3.34375,0.03530431798508576,Qwen/Qwen2-1.5B-Instruct,0.0,0,logiqa,0.75
11,4.15625,0.015666196140128895,Qwen/Qwen2-1.5B-Instruct,0.0,0,logiqa,0.75
12,2.84375,0.058206980009571974,Qwen/Qwen2-1.5B-Instruct,0.0,0,logiqa,0.75
13,2.5625,0.07711171996831671,Qwen/Qwen2-1.5B-Instruct,0.0,0,logiqa,0.75
14,1.3515625,0.25883551402927246,Qwen/Qwen2-1.5B-Instruct,0.0,0,logiqa,0.75
15,1.90625,0.1486367305381225,Qwen/Qwen2-1.5B-Instruct,0.0,0,logiqa,0.75
16,1.4375,0.23752081909545814,Qwen/Qwen2-1.5B-Instruct,0.0,0,logiqa,0.75
17,2.203125,0.1104574389603643,Qwen/Qwen2-1.5B-Instruct,0.0,0,logiqa,0.75
18,1.78125,0.16842748127818424,Qwen/Qwen2-1.5B-Instruct,0.0,0,logiqa,0.75
19,2.75,0.06392786120670757,Qwen/Qwen2-1.5B-Instruct,0.0,0,logiqa,0.75
20,1.5703125,0.207980178394932,Qwen/Qwen2-1.5B-Instruct,0.0,0,logiqa,0.75
21,1.7890625,0.16711676822020574,Qwen/Qwen2-1.5B-Instruct,0.0,0,logiqa,0.75
22,0.0155029296875,0.9846166221284973,Qwen/Qwen2-1.5B-Instruct,1.0,0,logiqa,0.75
23,0.87109375,0.4184935714928901,Qwen/Qwen2-1.5B-Instruct,1.0,0,logiqa,0.75
24,0.97265625,0.3780774349414026,Qwen/Qwen2-1.5B-Instruct,1.0,0,logiqa,0.75
25,1.1875,0.3049827687110593,Qwen/Qwen2-1.5B-Instruct,0.0,0,logiqa,0.75
26,2.34375,0.09596708604499847,Qwen/Qwen2-1.5B-Instruct,0.0,0,logiqa,0.75
27,1.4921875,0.22488019168416426,Qwen/Qwen2-1.5B-Instruct,0.0,0,logiqa,0.75
28,3.625,0.026649097336355485,Qwen/Qwen2-1.5B-Instruct,0.0,0,logiqa,0.75
29,1.375,0.25283959580474646,Qwen/Qwen2-1.5B-Instruct,0.0,0,logiqa,0.75
30,3.796875,0.022440789864373145,Qwen/Qwen2-1.5B-Instruct,0.0,0,logiqa,0.75
31,5.1875,0.0055859542589981,Qwen/Qwen2-1.5B-Instruct,0.0,0,logiqa,0.75
32,1.5625,0.2096113871510978,Qwen/Qwen2-1.5B-Instruct,0.0,0,logiqa,0.75
33,1.96875,0.13963128628139898,Qwen/Qwen2-1.5B-Instruct,0.0,0,logiqa,0.75
34,0.007781982421875,0.9922482188107336,Qwen/Qwen2-1.5B-Instruct,1.0,0,logiqa,0.75
35,1.484375,0.22664394888734782,Qwen/Qwen2-1.5B-Instruct,0.0,0,logiqa,0.75
36,0.171875,0.8420844271433824,Qwen/Qwen2-1.5B-Instruct,1.0,0,logiqa,0.75
37,1.984375,0.13746650383851944,Qwen/Qwen2-1.5B-Instruct,0.0,0,logiqa,0.75
38,1.4375,0.23752081909545814,Qwen/Qwen2-1.5B-Instruct,0.0,0,logiqa,0.75
39,0.400390625,0.6700582534023591,Qwen/Qwen2-1.5B-Instruct,1.0,0,logiqa,0.75
40,1.6953125,0.18354186323251906,Qwen/Qwen2-1.5B-Instruct,0.0,0,logiqa,0.75
41,1.8515625,0.1569916750812332,Qwen/Qwen2-1.5B-Instruct,0.0,0,logiqa,0.75
42,0.77734375,0.459625270884992,Qwen/Qwen2-1.5B-Instruct,1.0,0,logiqa,0.75
43,1.203125,0.30025444914408245,Qwen/Qwen2-1.5B-Instruct,0.0,0,logiqa,0.75
44,2.28125,0.1021564313333943,Qwen/Qwen2-1.5B-Instruct,0.0,0,logiqa,0.75
45,3.6875,0.025034510149960148,Qwen/Qwen2-1.5B-Instruct,0.0,0,logiqa,0.75
46,2.609375,0.07358051721811718,Qwen/Qwen2-1.5B-Instruct,0.0,0,logiqa,0.75
47,1.0234375,0.35935752309532076,Qwen/Qwen2-1.5B-Instruct,0.0,0,logiqa,0.75
48,0.953125,0.3855343441745787,Qwen/Qwen2-1.5B-Instruct,1.0,0,logiqa,0.75
49,3.15625,0.04258513628878761,Qwen/Qwen2-1.5B-Instruct,0.0,0,logiqa,0.75
50,0.78125,0.45783336177161427,Qwen/Qwen2-1.5B-Instruct,1.0,0,logiqa,0.75
51,1.0078125,0.36501658064745907,Qwen/Qwen2-1.5B-Instruct,1.0,0,logiqa,0.75
52,1.09375,0.33495804292529496,Qwen/Qwen2-1.5B-Instruct,0.0,0,logiqa,0.75
53,1.703125,0.18211352912101367,Qwen/Qwen2-1.5B-Instruct,0.0,0,logiqa,0.75
54,1.953125,0.14183015908734253,Qwen/Qwen2-1.5B-Instruct,0.0,0,logiqa,0.75
55,2.328125,0.0974783477499485,Qwen/Qwen2-1.5B-Instruct,0.0,0,logiqa,0.75
56,0.6796875,0.5067753349154387,Qwen/Qwen2-1.5B-Instruct,1.0,0,logiqa,0.75
57,1.3125,0.26914634872918386,Qwen/Qwen2-1.5B-Instruct,0.0,0,logiqa,0.75
58,1.234375,0.29101659090983195,Qwen/Qwen2-1.5B-Instruct,0.0,0,logiqa,0.75
59,1.65625,0.19085333986431632,Qwen/Qwen2-1.5B-Instruct,0.0,0,logiqa,0.75
60,2.609375,0.07358051721811718,Qwen/Qwen2-1.5B-Instruct,0.0,0,logiqa,0.75
61,0.74609375,0.4742153431555798,Qwen/Qwen2-1.5B-Instruct,1.0,0,logiqa,0.75
62,1.1953125,0.30260937397538795,Qwen/Qwen2-1.5B-Instruct,1.0,0,logiqa,0.75
63,1.65625,0.19085333986431632,Qwen/Qwen2-1.5B-Instruct,0.0,0,logiqa,0.75
64,2.953125,0.05217639966630833,Qwen/Qwen2-1.5B-Instruct,0.0,0,logiqa,0.75
65,1.125,0.32465246735834974,Qwen/Qwen2-1.5B-Instruct,0.0,0,logiqa,0.75
66,0.1650390625,0.847860583886983,Qwen/Qwen2-1.5B-Instruct,1.0,0,logiqa,0.75
67,1.859375,0.15576995617312325,Qwen/Qwen2-1.5B-Instruct,0.0,0,logiqa,0.75
68,5.625,0.0036065631360157305,Qwen/Qwen2-1.5B-Instruct,0.0,0,logiqa,0.75
69,0.435546875,0.64691079098504,Qwen/Qwen2-1.5B-Instruct,1.0,0,logiqa,0.75
70,3.46875,0.031155951269699805,Qwen/Qwen2-1.5B-Instruct,0.0,0,logiqa,0.75
71,1.8671875,0.15455774475698483,Qwen/Qwen2-1.5B-Instruct,0.0,0,logiqa,0.75
72,0.2294921875,0.7949371790602927,Qwen/Qwen2-1.5B-Instruct,1.0,0,logiqa,0.75
73,1.6640625,0.18936810739025348,Qwen/Qwen2-1.5B-Instruct,0.0,0,logiqa,0.75
74,0.2109375,0.8098246793420792,Qwen/Qwen2-1.5B-Instruct,1.0,0,logiqa,0.75
75,2.265625,0.10376516104428837,Qwen/Qwen2-1.5B-Instruct,0.0,0,logiqa,0.75
76,2.109375,0.1213137638466268,Qwen/Qwen2-1.5B-Instruct,0.0,0,logiqa,0.75
77,0.45703125,0.6331605534862997,Qwen/Qwen2-1.5B-Instruct,1.0,0,logiqa,0.75
78,1.7578125,0.17242162389375282,Qwen/Qwen2-1.5B-Instruct,0.0,0,logiqa,0.75
79,0.81640625,0.44201730327044453,Qwen/Qwen2-1.5B-Instruct,1.0,0,logiqa,0.75
1,0.86328125,0.4217758572543825,Qwen/Qwen2-1.5B-Instruct,1.0,0,logiqa,0.75
2,1.359375,0.25682124007865503,Qwen/Qwen2-1.5B-Instruct,0.0,0,logiqa,0.75
3,2.390625,0.09157243321777621,Qwen/Qwen2-1.5B-Instruct,0.0,0,logiqa,0.75
4,1.546875,0.21291228619240427,Qwen/Qwen2-1.5B-Instruct,0.0,0,logiqa,0.75
5,0.88671875,0.41200543004441853,Qwen/Qwen2-1.5B-Instruct,0.0,0,logiqa,0.75
6,0.06787109375,0.9343809133539388,Qwen/Qwen2-1.5B-Instruct,1.0,0,logiqa,0.75
7,4.34375,0.012987732771292249,Qwen/Qwen2-1.5B-Instruct,0.0,0,logiqa,0.75
8,1.5,0.22313016014842982,Qwen/Qwen2-1.5B-Instruct,0.0,0,logiqa,0.75
9,1.03125,0.356560980663947,Qwen/Qwen2-1.5B-Instruct,1.0,0,logiqa,0.75
10,1.671875,0.18789443308700168,Qwen/Qwen2-1.5B-Instruct,0.0,0,logiqa,0.75
11,2.0,0.1353352832366127,Qwen/Qwen2-1.5B-Instruct,0.0,0,logiqa,0.75
12,0.6171875,0.5394595359337269,Qwen/Qwen2-1.5B-Instruct,1.0,0,logiqa,0.75
13,2.53125,0.07955950871822769,Qwen/Qwen2-1.5B-Instruct,0.0,0,logiqa,0.75
14,0.3515625,0.7035878743456275,Qwen/Qwen2-1.5B-Instruct,1.0,0,logiqa,0.75
15,1.71875,0.17929012055011864,Qwen/Qwen2-1.5B-Instruct,0.0,0,logiqa,0.75
16,1.5625,0.2096113871510978,Qwen/Qwen2-1.5B-Instruct,0.0,0,logiqa,0.75
17,1.453125,0.23383840011408472,Qwen/Qwen2-1.5B-Instruct,0.0,0,logiqa,0.75
18,1.0859375,0.3375851514160396,Qwen/Qwen2-1.5B-Instruct,1.0,0,logiqa,0.75
19,0.953125,0.3855343441745787,Qwen/Qwen2-1.5B-Instruct,1.0,0,logiqa,0.75
20,1.375,0.25283959580474646,Qwen/Qwen2-1.5B-Instruct,0.0,0,logiqa,0.75
21,1.1796875,0.30737477821235176,Qwen/Qwen2-1.5B-Instruct,0.0,0,logiqa,0.75
22,1.96875,0.13963128628139898,Qwen/Qwen2-1.5B-Instruct,0.0,0,logiqa,0.75
23,3.078125,0.04604551109353302,Qwen/Qwen2-1.5B-Instruct,0.0,0,logiqa,0.75
24,2.421875,0.08875504563653425,Qwen/Qwen2-1.5B-Instruct,0.0,0,logiqa,0.75
25,1.1328125,0.3221260018134028,Qwen/Qwen2-1.5B-Instruct,1.0,0,logiqa,0.75
26,1.453125,0.23383840011408472,Qwen/Qwen2-1.5B-Instruct,0.0,0,logiqa,0.75
27,0.431640625,0.6494427282327384,Qwen/Qwen2-1.5B-Instruct,1.0,0,logiqa,0.75
28,4.8125,0.008127515489292211,Qwen/Qwen2-1.5B-Instruct,0.0,0,logiqa,0.75
29,4.28125,0.013825369568946493,Qwen/Qwen2-1.5B-Instruct,0.0,0,logiqa,0.75
30,1.96875,0.13963128628139898,Qwen/Qwen2-1.5B-Instruct,0.0,0,logiqa,0.75
31,1.65625,0.19085333986431632,Qwen/Qwen2-1.5B-Instruct,0.0,0,logiqa,0.75
32,1.7109375,0.18069631039374898,Qwen/Qwen2-1.5B-Instruct,0.0,0,logiqa,0.75
33,0.2294921875,0.7949371790602927,Qwen/Qwen2-1.5B-Instruct,1.0,0,logiqa,0.75
34,0.306640625,0.7359150228524268,Qwen/Qwen2-1.5B-Instruct,1.0,0,logiqa,0.75
35,0.99609375,0.3693192805940405,Qwen/Qwen2-1.5B-Instruct,1.0,0,logiqa,0.75
36,1.1015625,0.3323513787550223,Qwen/Qwen2-1.5B-Instruct,1.0,0,logiqa,0.75
37,1.5625,0.2096113871510978,Qwen/Qwen2-1.5B-Instruct,0.0,0,logiqa,0.75
38,0.27734375,0.7577939606593946,Qwen/Qwen2-1.5B-Instruct,1.0,0,logiqa,0.75
39,1.8046875,0.16452586287665122,Qwen/Qwen2-1.5B-Instruct,0.0,0,logiqa,0.75
40,3.6875,0.025034510149960148,Qwen/Qwen2-1.5B-Instruct,0.0,0,logiqa,0.75
41,1.4765625,0.2284215394097245,Qwen/Qwen2-1.5B-Instruct,0.0,0,logiqa,0.75
42,1.375,0.25283959580474646,Qwen/Qwen2-1.5B-Instruct,0.0,0,logiqa,0.75
43,3.03125,0.04825528130927965,Qwen/Qwen2-1.5B-Instruct,0.0,0,logiqa,0.75
44,2.65625,0.07021102001498804,Qwen/Qwen2-1.5B-Instruct,0.0,0,logiqa,0.75
45,2.9375,0.0529980584033558,Qwen/Qwen2-1.5B-Instruct,0.0,0,logiqa,0.75
46,0.384765625,0.6806101355130432,Qwen/Qwen2-1.5B-Instruct,1.0,0,logiqa,0.75
47,1.046875,0.3510330150388101,Qwen/Qwen2-1.5B-Instruct,0.0,0,logiqa,0.75
48,2.046875,0.129137829405204,Qwen/Qwen2-1.5B-Instruct,0.0,0,logiqa,0.75
49,0.61328125,0.5415709208598878,Qwen/Qwen2-1.5B-Instruct,1.0,0,logiqa,0.75
50,0.82421875,0.43857749732635326,Qwen/Qwen2-1.5B-Instruct,1.0,0,logiqa,0.75
51,2.234375,0.10705902083552722,Qwen/Qwen2-1.5B-Instruct,0.0,0,logiqa,0.75
52,1.421875,0.2412612277378443,Qwen/Qwen2-1.5B-Instruct,0.0,0,logiqa,0.75
53,3.734375,0.023888096464365276,Qwen/Qwen2-1.5B-Instruct,0.0,0,logiqa,0.75
54,1.9296875,0.14519356438370257,Qwen/Qwen2-1.5B-Instruct,0.0,0,logiqa,0.75
55,1.2265625,0.29329906232102687,Qwen/Qwen2-1.5B-Instruct,0.0,0,logiqa,0.75
56,3.625,0.026649097336355485,Qwen/Qwen2-1.5B-Instruct,0.0,0,logiqa,0.75
57,3.34375,0.03530431798508576,Qwen/Qwen2-1.5B-Instruct,0.0,0,logiqa,0.75
58,1.6484375,0.1923502211610474,Qwen/Qwen2-1.5B-Instruct,0.0,0,logiqa,0.75
59,1.6171875,0.19845607261390505,Qwen/Qwen2-1.5B-Instruct,0.0,0,logiqa,0.75
60,0.435546875,0.64691079098504,Qwen/Qwen2-1.5B-Instruct,1.0,0,logiqa,0.75
61,0.51953125,0.5947992948032403,Qwen/Qwen2-1.5B-Instruct,1.0,0,logiqa,0.75
62,1.21875,0.29559943537737077,Qwen/Qwen2-1.5B-Instruct,0.0,0,logiqa,0.75
63,1.328125,0.26497362135689667,Qwen/Qwen2-1.5B-Instruct,1.0,0,logiqa,0.75
64,1.421875,0.2412612277378443,Qwen/Qwen2-1.5B-Instruct,0.0,0,logiqa,0.75
65,2.203125,0.1104574389603643,Qwen/Qwen2-1.5B-Instruct,0.0,0,logiqa,0.75
66,3.6875,0.025034510149960148,Qwen/Qwen2-1.5B-Instruct,0.0,0,logiqa,0.75
67,2.515625,0.08081238867682222,Qwen/Qwen2-1.5B-Instruct,0.0,0,logiqa,0.75
68,0.6796875,0.5067753349154387,Qwen/Qwen2-1.5B-Instruct,1.0,0,logiqa,0.75
69,4.59375,0.010114856452604551,Qwen/Qwen2-1.5B-Instruct,0.0,0,logiqa,0.75
70,0.10400390625,0.9012217770167625,Qwen/Qwen2-1.5B-Instruct,1.0,0,logiqa,0.75
71,1.1796875,0.30737477821235176,Qwen/Qwen2-1.5B-Instruct,1.0,0,logiqa,0.75
72,1.2578125,0.2842751988422877,Qwen/Qwen2-1.5B-Instruct,0.0,0,logiqa,0.75
73,1.6953125,0.18354186323251906,Qwen/Qwen2-1.5B-Instruct,0.0,0,logiqa,0.75
74,4.6875,0.00920968160396814,Qwen/Qwen2-1.5B-Instruct,0.0,0,logiqa,0.75
75,2.46875,0.0846906561847805,Qwen/Qwen2-1.5B-Instruct,0.0,0,logiqa,0.75
76,2.53125,0.07955950871822769,Qwen/Qwen2-1.5B-Instruct,0.0,0,logiqa,0.75
77,1.75,0.17377394345044514,Qwen/Qwen2-1.5B-Instruct,0.0,0,logiqa,0.75
78,5.1875,0.0055859542589981,Qwen/Qwen2-1.5B-Instruct,0.0,0,logiqa,0.75
79,1.984375,0.13746650383851944,Qwen/Qwen2-1.5B-Instruct,0.0,0,logiqa,0.75
80,1.7109375,0.18069631039374898,Qwen/Qwen2-1.5B-Instruct,0.0,0,logiqa,0.75
81,1.1484375,0.31713190105209277,Qwen/Qwen2-1.5B-Instruct,0.0,0,logiqa,0.75
82,1.9453125,0.14294254681187055,Qwen/Qwen2-1.5B-Instruct,0.0,0,logiqa,0.75
83,1.0625,0.3455907525769745,Qwen/Qwen2-1.5B-Instruct,0.0,0,logiqa,0.75
84,3.6875,0.025034510149960148,Qwen/Qwen2-1.5B-Instruct,0.0,0,logiqa,0.75
1,0.138671875,0.870513618882206,Qwen/Qwen2-1.5B-Instruct,1.0,0,logiqa,0.75
2,1.0234375,0.35935752309532076,Qwen/Qwen2-1.5B-Instruct,1.0,0,logiqa,0.75
3,0.73828125,0.47793466018873804,Qwen/Qwen2-1.5B-Instruct,1.0,0,logiqa,0.75
4,1.8046875,0.16452586287665122,Qwen/Qwen2-1.5B-Instruct,0.0,0,logiqa,0.75
5,2.1875,0.11219689052034373,Qwen/Qwen2-1.5B-Instruct,0.0,0,logiqa,0.75
6,1.15625,0.314663961018459,Qwen/Qwen2-1.5B-Instruct,0.0,0,logiqa,0.75
7,3.046875,0.04750715251567949,Qwen/Qwen2-1.5B-Instruct,0.0,0,logiqa,0.75
8,0.1650390625,0.847860583886983,Qwen/Qwen2-1.5B-Instruct,1.0,0,logiqa,0.75
9,0.08251953125,0.9207934534340386,Qwen/Qwen2-1.5B-Instruct,1.0,0,logiqa,0.75
10,2.640625,0.07131668269775804,Qwen/Qwen2-1.5B-Instruct,0.0,0,logiqa,0.75
11,3.9375,0.019496896108597995,Qwen/Qwen2-1.5B-Instruct,0.0,0,logiqa,0.75
12,2.5,0.0820849986238988,Qwen/Qwen2-1.5B-Instruct,0.0,0,logiqa,0.75
13,2.765625,0.06293675158337987,Qwen/Qwen2-1.5B-Instruct,0.0,0,logiqa,0.75
14,2.828125,0.059123606568473756,Qwen/Qwen2-1.5B-Instruct,0.0,0,logiqa,0.75
15,2.234375,0.10705902083552722,Qwen/Qwen2-1.5B-Instruct,0.0,0,logiqa,0.75
16,1.53125,0.2162651668298873,Qwen/Qwen2-1.5B-Instruct,0.0,0,logiqa,0.75
17,1.0390625,0.353786201098432,Qwen/Qwen2-1.5B-Instruct,1.0,0,logiqa,0.75
18,2.3125,0.0990134083638263,Qwen/Qwen2-1.5B-Instruct,0.0,0,logiqa,0.75
19,1.8671875,0.15455774475698483,Qwen/Qwen2-1.5B-Instruct,0.0,0,logiqa,0.75
20,2.421875,0.08875504563653425,Qwen/Qwen2-1.5B-Instruct,0.0,0,logiqa,0.75
21,1.015625,0.3621759990808257,Qwen/Qwen2-1.5B-Instruct,1.0,0,logiqa,0.75
22,0.53125,0.5878696731223465,Qwen/Qwen2-1.5B-Instruct,1.0,0,logiqa,0.75
23,1.515625,0.21967084765457534,Qwen/Qwen2-1.5B-Instruct,0.0,0,logiqa,0.75
24,1.71875,0.17929012055011864,Qwen/Qwen2-1.5B-Instruct,0.0,0,logiqa,0.75
25,0.984375,0.373672699406043,Qwen/Qwen2-1.5B-Instruct,1.0,0,logiqa,0.75
26,1.5234375,0.21796135555570278,Qwen/Qwen2-1.5B-Instruct,0.0,0,logiqa,0.75
27,0.318359375,0.7273413531419732,Qwen/Qwen2-1.5B-Instruct,1.0,0,logiqa,0.75
28,0.87109375,0.4184935714928901,Qwen/Qwen2-1.5B-Instruct,1.0,0,logiqa,0.75
29,0.11767578125,0.8889842312518604,Qwen/Qwen2-1.5B-Instruct,1.0,0,logiqa,0.75
30,1.0703125,0.34290134400373157,Qwen/Qwen2-1.5B-Instruct,1.0,0,logiqa,0.75
31,0.75390625,0.47052497007720323,Qwen/Qwen2-1.5B-Instruct,1.0,0,logiqa,0.75
32,1.140625,0.31961919737930994,Qwen/Qwen2-1.5B-Instruct,1.0,0,logiqa,0.75
33,1.7265625,0.17789487376266921,Qwen/Qwen2-1.5B-Instruct,0.0,0,logiqa,0.75
34,1.234375,0.29101659090983195,Qwen/Qwen2-1.5B-Instruct,0.0,0,logiqa,0.75
35,2.734375,0.0649345785355609,Qwen/Qwen2-1.5B-Instruct,0.0,0,logiqa,0.75
36,1.0390625,0.353786201098432,Qwen/Qwen2-1.5B-Instruct,0.0,0,logiqa,0.75
37,1.375,0.25283959580474646,Qwen/Qwen2-1.5B-Instruct,0.0,0,logiqa,0.75
38,1.109375,0.3297649998062575,Qwen/Qwen2-1.5B-Instruct,0.0,0,logiqa,0.75
39,1.34375,0.26086558612628497,Qwen/Qwen2-1.5B-Instruct,0.0,0,logiqa,0.75
40,0.271484375,0.76224719348739,Qwen/Qwen2-1.5B-Instruct,1.0,0,logiqa,0.75
41,0.431640625,0.6494427282327384,Qwen/Qwen2-1.5B-Instruct,1.0,0,logiqa,0.75
42,3.109375,0.04462883965030139,Qwen/Qwen2-1.5B-Instruct,0.0,0,logiqa,0.75
43,2.390625,0.09157243321777621,Qwen/Qwen2-1.5B-Instruct,0.0,0,logiqa,0.75
44,1.4375,0.23752081909545814,Qwen/Qwen2-1.5B-Instruct,0.0,0,logiqa,0.75
45,1.6875,0.18498139990730428,Qwen/Qwen2-1.5B-Instruct,0.0,0,logiqa,0.75
46,1.0625,0.3455907525769745,Qwen/Qwen2-1.5B-Instruct,0.0,0,logiqa,0.75
47,0.7890625,0.4542704742837873,Qwen/Qwen2-1.5B-Instruct,1.0,0,logiqa,0.75
48,2.0,0.1353352832366127,Qwen/Qwen2-1.5B-Instruct,0.0,0,logiqa,0.75
49,1.34375,0.26086558612628497,Qwen/Qwen2-1.5B-Instruct,0.0,0,logiqa,0.75
50,2.578125,0.0759162135601666,Qwen/Qwen2-1.5B-Instruct,0.0,0,logiqa,0.75
51,4.53125,0.010767208646547101,Qwen/Qwen2-1.5B-Instruct,0.0,0,logiqa,0.75
52,1.03125,0.356560980663947,Qwen/Qwen2-1.5B-Instruct,1.0,0,logiqa,0.75
53,4.125,0.016163494588165874,Qwen/Qwen2-1.5B-Instruct,0.0,0,logiqa,0.75
54,4.3125,0.013400007665140828,Qwen/Qwen2-1.5B-Instruct,0.0,0,logiqa,0.75
55,2.015625,0.13323710414756298,Qwen/Qwen2-1.5B-Instruct,0.0,0,logiqa,0.75
56,0.11767578125,0.8889842312518604,Qwen/Qwen2-1.5B-Instruct,1.0,0,logiqa,0.75
57,0.84375,0.43009464064006225,Qwen/Qwen2-1.5B-Instruct,1.0,0,logiqa,0.75
58,1.71875,0.17929012055011864,Qwen/Qwen2-1.5B-Instruct,0.0,0,logiqa,0.75
59,1.5546875,0.21125538963610227,Qwen/Qwen2-1.5B-Instruct,0.0,0,logiqa,0.75
60,1.9921875,0.1363967310184996,Qwen/Qwen2-1.5B-Instruct,0.0,0,logiqa,0.75
61,2.625,0.07243975703425146,Qwen/Qwen2-1.5B-Instruct,0.0,0,logiqa,0.75
62,2.140625,0.11758133171956547,Qwen/Qwen2-1.5B-Instruct,0.0,0,logiqa,0.75
63,1.65625,0.19085333986431632,Qwen/Qwen2-1.5B-Instruct,0.0,0,logiqa,0.75
64,2.859375,0.057304564428268645,Qwen/Qwen2-1.5B-Instruct,0.0,0,logiqa,0.75
65,1.0859375,0.3375851514160396,Qwen/Qwen2-1.5B-Instruct,1.0,0,logiqa,0.75
66,1.5078125,0.221393747466153,Qwen/Qwen2-1.5B-Instruct,0.0,0,logiqa,0.75
67,0.05322265625,0.9481688732517508,Qwen/Qwen2-1.5B-Instruct,1.0,0,logiqa,0.75
68,0.2890625,0.7489653936027156,Qwen/Qwen2-1.5B-Instruct,1.0,0,logiqa,0.75
69,1.1328125,0.3221260018134028,Qwen/Qwen2-1.5B-Instruct,0.0,0,logiqa,0.75
70,1.234375,0.29101659090983195,Qwen/Qwen2-1.5B-Instruct,0.0,0,logiqa,0.75
71,1.6953125,0.18354186323251906,Qwen/Qwen2-1.5B-Instruct,0.0,0,logiqa,0.75
72,1.453125,0.23383840011408472,Qwen/Qwen2-1.5B-Instruct,0.0,0,logiqa,0.75
73,4.90625,0.0074001870652772766,Qwen/Qwen2-1.5B-Instruct,0.0,0,logiqa,0.75
74,1.3515625,0.25883551402927246,Qwen/Qwen2-1.5B-Instruct,0.0,0,logiqa,0.75
75,2.296875,0.10057264266491435,Qwen/Qwen2-1.5B-Instruct,0.0,0,logiqa,0.75
76,0.50390625,0.604166020765368,Qwen/Qwen2-1.5B-Instruct,1.0,0,logiqa,0.75
77,0.89453125,0.4087991783506979,Qwen/Qwen2-1.5B-Instruct,0.0,0,logiqa,0.75
78,2.40625,0.09015273423081638,Qwen/Qwen2-1.5B-Instruct,0.0,0,logiqa,0.75
79,1.375,0.25283959580474646,Qwen/Qwen2-1.5B-Instruct,0.0,0,logiqa,0.75
80,3.40625,0.03316533748891029,Qwen/Qwen2-1.5B-Instruct,0.0,0,logiqa,0.75
81,1.8125,0.1632455124539584,Qwen/Qwen2-1.5B-Instruct,0.0,0,logiqa,0.75
1,2.90625,0.05468039736791477,Qwen/Qwen2-1.5B-Instruct,0.0,0,logiqa,0.75
2,2.46875,0.0846906561847805,Qwen/Qwen2-1.5B-Instruct,0.0,0,logiqa,0.75
3,0.9765625,0.3766034507108804,Qwen/Qwen2-1.5B-Instruct,1.0,0,logiqa,0.75
4,1.875,0.15335496684492847,Qwen/Qwen2-1.5B-Instruct,0.0,0,logiqa,0.75
5,0.640625,0.5269629692433709,Qwen/Qwen2-1.5B-Instruct,1.0,0,logiqa,0.75
6,2.78125,0.061961007690531984,Qwen/Qwen2-1.5B-Instruct,0.0,0,logiqa,0.75
7,0.95703125,0.3840312882100615,Qwen/Qwen2-1.5B-Instruct,0.0,0,logiqa,0.75
8,1.9453125,0.14294254681187055,Qwen/Qwen2-1.5B-Instruct,0.0,0,logiqa,0.75
9,1.0859375,0.3375851514160396,Qwen/Qwen2-1.5B-Instruct,0.0,0,logiqa,0.75
10,1.65625,0.19085333986431632,Qwen/Qwen2-1.5B-Instruct,0.0,0,logiqa,0.75
11,1.828125,0.16071462536804407,Qwen/Qwen2-1.5B-Instruct,0.0,0,logiqa,0.75
12,1.25,0.2865047968601901,Qwen/Qwen2-1.5B-Instruct,0.0,0,logiqa,0.75
13,5.0,0.006737946999085467,Qwen/Qwen2-1.5B-Instruct,0.0,0,logiqa,0.75
14,3.046875,0.04750715251567949,Qwen/Qwen2-1.5B-Instruct,0.0,0,logiqa,0.75
15,0.76953125,0.463230156563083,Qwen/Qwen2-1.5B-Instruct,1.0,0,logiqa,0.75
16,3.078125,0.04604551109353302,Qwen/Qwen2-1.5B-Instruct,0.0,0,logiqa,0.75
17,1.0078125,0.36501658064745907,Qwen/Qwen2-1.5B-Instruct,1.0,0,logiqa,0.75
18,0.435546875,0.64691079098504,Qwen/Qwen2-1.5B-Instruct,1.0,0,logiqa,0.75
19,2.1875,0.11219689052034373,Qwen/Qwen2-1.5B-Instruct,0.0,0,logiqa,0.75
20,2.21875,0.10874495509722103,Qwen/Qwen2-1.5B-Instruct,0.0,0,logiqa,0.75
21,1.9453125,0.14294254681187055,Qwen/Qwen2-1.5B-Instruct,0.0,0,logiqa,0.75
22,1.375,0.25283959580474646,Qwen/Qwen2-1.5B-Instruct,0.0,0,logiqa,0.75
23,3.15625,0.04258513628878761,Qwen/Qwen2-1.5B-Instruct,0.0,0,logiqa,0.75
24,0.859375,0.4234266412852628,Qwen/Qwen2-1.5B-Instruct,1.0,0,logiqa,0.75
25,2.84375,0.058206980009571974,Qwen/Qwen2-1.5B-Instruct,0.0,0,logiqa,0.75
26,0.138671875,0.870513618882206,Qwen/Qwen2-1.5B-Instruct,1.0,0,logiqa,0.75
27,3.015625,0.049015191417106724,Qwen/Qwen2-1.5B-Instruct,0.0,0,logiqa,0.75
28,0.68359375,0.5047996051229459,Qwen/Qwen2-1.5B-Instruct,1.0,0,logiqa,0.75
29,3.921875,0.019803927546861083,Qwen/Qwen2-1.5B-Instruct,0.0,0,logiqa,0.75
30,1.875,0.15335496684492847,Qwen/Qwen2-1.5B-Instruct,0.0,0,logiqa,0.75
31,0.53125,0.5878696731223465,Qwen/Qwen2-1.5B-Instruct,1.0,0,logiqa,0.75
32,2.984375,0.050571100611906464,Qwen/Qwen2-1.5B-Instruct,0.0,0,logiqa,0.75
33,1.40625,0.2450605392455259,Qwen/Qwen2-1.5B-Instruct,0.0,0,logiqa,0.75
34,1.875,0.15335496684492847,Qwen/Qwen2-1.5B-Instruct,0.0,0,logiqa,0.75
35,4.25,0.014264233908999256,Qwen/Qwen2-1.5B-Instruct,0.0,0,logiqa,0.75
36,0.515625,0.5971272734216274,Qwen/Qwen2-1.5B-Instruct,1.0,0,logiqa,0.75
37,1.953125,0.14183015908734253,Qwen/Qwen2-1.5B-Instruct,0.0,0,logiqa,0.75
38,0.06787109375,0.9343809133539388,Qwen/Qwen2-1.5B-Instruct,1.0,0,logiqa,0.75
39,2.734375,0.0649345785355609,Qwen/Qwen2-1.5B-Instruct,0.0,0,logiqa,0.75
40,0.953125,0.3855343441745787,Qwen/Qwen2-1.5B-Instruct,1.0,0,logiqa,0.75
41,1.3359375,0.26291158027609046,Qwen/Qwen2-1.5B-Instruct,0.0,0,logiqa,0.75
42,2.390625,0.09157243321777621,Qwen/Qwen2-1.5B-Instruct,0.0,0,logiqa,0.75
43,1.28125,0.27768997095378994,Qwen/Qwen2-1.5B-Instruct,0.0,0,logiqa,0.75
44,2.71875,0.06595714935553817,Qwen/Qwen2-1.5B-Instruct,0.0,0,logiqa,0.75
45,1.4375,0.23752081909545814,Qwen/Qwen2-1.5B-Instruct,0.0,0,logiqa,0.75
46,1.546875,0.21291228619240427,Qwen/Qwen2-1.5B-Instruct,0.0,0,logiqa,0.75
47,0.27734375,0.7577939606593946,Qwen/Qwen2-1.5B-Instruct,1.0,0,logiqa,0.75
48,0.69921875,0.49697341264527733,Qwen/Qwen2-1.5B-Instruct,1.0,0,logiqa,0.75
49,3.234375,0.039384812757335554,Qwen/Qwen2-1.5B-Instruct,0.0,0,logiqa,0.75
50,2.09375,0.12322417764723749,Qwen/Qwen2-1.5B-Instruct,0.0,0,logiqa,0.75
51,1.796875,0.1658162552121675,Qwen/Qwen2-1.5B-Instruct,0.0,0,logiqa,0.75
52,1.2421875,0.2887518818320782,Qwen/Qwen2-1.5B-Instruct,0.0,0,logiqa,0.75
53,1.5,0.22313016014842982,Qwen/Qwen2-1.5B-Instruct,0.0,0,logiqa,0.75
54,0.421875,0.6558160112715016,Qwen/Qwen2-1.5B-Instruct,1.0,0,logiqa,0.75
55,1.578125,0.20636166380601706,Qwen/Qwen2-1.5B-Instruct,0.0,0,logiqa,0.75
56,1.921875,0.1463323316229146,Qwen/Qwen2-1.5B-Instruct,0.0,0,logiqa,0.75
57,2.53125,0.07955950871822769,Qwen/Qwen2-1.5B-Instruct,0.0,0,logiqa,0.75
58,0.19140625,0.8257970399501007,Qwen/Qwen2-1.5B-Instruct,1.0,0,logiqa,0.75
59,0.94140625,0.39007890102496307,Qwen/Qwen2-1.5B-Instruct,1.0,0,logiqa,0.75
60,1.0390625,0.353786201098432,Qwen/Qwen2-1.5B-Instruct,1.0,0,logiqa,0.75
61,0.248046875,0.7803233647630088,Qwen/Qwen2-1.5B-Instruct,1.0,0,logiqa,0.75
62,1.4140625,0.2431534629991392,Qwen/Qwen2-1.5B-Instruct,0.0,0,logiqa,0.75
63,1.515625,0.21967084765457534,Qwen/Qwen2-1.5B-Instruct,0.0,0,logiqa,0.75
64,2.71875,0.06595714935553817,Qwen/Qwen2-1.5B-Instruct,0.0,0,logiqa,0.75
65,0.11083984375,0.8950820904412523,Qwen/Qwen2-1.5B-Instruct,1.0,0,logiqa,0.75
66,3.015625,0.049015191417106724,Qwen/Qwen2-1.5B-Instruct,0.0,0,logiqa,0.75
67,2.15625,0.11575840213626322,Qwen/Qwen2-1.5B-Instruct,0.0,0,logiqa,0.75
68,4.40625,0.012200845821682604,Qwen/Qwen2-1.5B-Instruct,0.0,0,logiqa,0.75
69,1.875,0.15335496684492847,Qwen/Qwen2-1.5B-Instruct,0.0,0,logiqa,0.75
70,1.53125,0.2162651668298873,Qwen/Qwen2-1.5B-Instruct,0.0,0,logiqa,0.75
71,2.203125,0.1104574389603643,Qwen/Qwen2-1.5B-Instruct,0.0,0,logiqa,0.75
72,0.171875,0.8420844271433824,Qwen/Qwen2-1.5B-Instruct,1.0,0,logiqa,0.75
73,1.734375,0.17651048487186194,Qwen/Qwen2-1.5B-Instruct,0.0,0,logiqa,0.75
74,0.52734375,0.5901705299683179,Qwen/Qwen2-1.5B-Instruct,1.0,0,logiqa,0.75
75,1.8359375,0.15946393423094812,Qwen/Qwen2-1.5B-Instruct,0.0,0,logiqa,0.75
76,2.75,0.06392786120670757,Qwen/Qwen2-1.5B-Instruct,0.0,0,logiqa,0.75
77,1.6328125,0.19537929639047613,Qwen/Qwen2-1.5B-Instruct,0.0,0,logiqa,0.75
78,0.2421875,0.7849089933174918,Qwen/Qwen2-1.5B-Instruct,1.0,0,logiqa,0.75
