shots,nll,prob,model,acc,hmm,dataset,flip_prob
1,0.06787109375,0.9343809133539388,Qwen/Qwen2-1.5B-Instruct,1.0,0,logiqa,0.0
2,4.875,0.007635094218859962,Qwen/Qwen2-1.5B-Instruct,0.0,0,logiqa,0.0
3,0.953125,0.3855343441745787,Qwen/Qwen2-1.5B-Instruct,1.0,0,logiqa,0.0
4,1.1015625,0.3323513787550223,Qwen/Qwen2-1.5B-Instruct,0.0,0,logiqa,0.0
5,1.9375,0.14406365910145327,Qwen/Qwen2-1.5B-Instruct,0.0,0,logiqa,0.0
6,2.875,0.05641613950377735,Qwen/Qwen2-1.5B-Instruct,0.0,0,logiqa,0.0
7,1.7890625,0.16711676822020574,Qwen/Qwen2-1.5B-Instruct,0.0,0,logiqa,0.0
8,1.0546875,0.34830125444308524,Qwen/Qwen2-1.5B-Instruct,1.0,0,logiqa,0.0
9,2.640625,0.07131668269775804,Qwen/Qwen2-1.5B-Instruct,0.0,0,logiqa,0.0
10,3.4375,0.03214494732687607,Qwen/Qwen2-1.5B-Instruct,0.0,0,logiqa,0.0
11,0.1650390625,0.847860583886983,Qwen/Qwen2-1.5B-Instruct,1.0,0,logiqa,0.0
12,1.15625,0.314663961018459,Qwen/Qwen2-1.5B-Instruct,0.0,0,logiqa,0.0
13,0.03076171875,0.9697066084520289,Qwen/Qwen2-1.5B-Instruct,1.0,0,logiqa,0.0
14,2.859375,0.057304564428268645,Qwen/Qwen2-1.5B-Instruct,0.0,0,logiqa,0.0
15,1.2109375,0.2979178504832066,Qwen/Qwen2-1.5B-Instruct,0.0,0,logiqa,0.0
16,1.2578125,0.2842751988422877,Qwen/Qwen2-1.5B-Instruct,0.0,0,logiqa,0.0
17,1.796875,0.1658162552121675,Qwen/Qwen2-1.5B-Instruct,0.0,0,logiqa,0.0
18,1.796875,0.1658162552121675,Qwen/Qwen2-1.5B-Instruct,0.0,0,logiqa,0.0
19,0.11083984375,0.8950820904412523,Qwen/Qwen2-1.5B-Instruct,1.0,0,logiqa,0.0
20,0.138671875,0.870513618882206,Qwen/Qwen2-1.5B-Instruct,1.0,0,logiqa,0.0
21,1.09375,0.33495804292529496,Qwen/Qwen2-1.5B-Instruct,0.0,0,logiqa,0.0
22,2.921875,0.053832656382752,Qwen/Qwen2-1.5B-Instruct,0.0,0,logiqa,0.0
23,0.73828125,0.47793466018873804,Qwen/Qwen2-1.5B-Instruct,1.0,0,logiqa,0.0
24,0.9765625,0.3766034507108804,Qwen/Qwen2-1.5B-Instruct,0.0,0,logiqa,0.0
25,1.59375,0.20316232275153173,Qwen/Qwen2-1.5B-Instruct,0.0,0,logiqa,0.0
26,0.9453125,0.3885581275123641,Qwen/Qwen2-1.5B-Instruct,1.0,0,logiqa,0.0
27,0.796875,0.4507353134063624,Qwen/Qwen2-1.5B-Instruct,1.0,0,logiqa,0.0
28,0.038330078125,0.9623952228475297,Qwen/Qwen2-1.5B-Instruct,1.0,0,logiqa,0.0
29,2.46875,0.0846906561847805,Qwen/Qwen2-1.5B-Instruct,0.0,0,logiqa,0.0
30,1.59375,0.20316232275153173,Qwen/Qwen2-1.5B-Instruct,0.0,0,logiqa,0.0
31,0.546875,0.5787555986124843,Qwen/Qwen2-1.5B-Instruct,1.0,0,logiqa,0.0
32,0.271484375,0.76224719348739,Qwen/Qwen2-1.5B-Instruct,1.0,0,logiqa,0.0
33,0.87109375,0.4184935714928901,Qwen/Qwen2-1.5B-Instruct,1.0,0,logiqa,0.0
34,5.125,0.005946217356472094,Qwen/Qwen2-1.5B-Instruct,0.0,0,logiqa,0.0
35,2.0625,0.1271357329320356,Qwen/Qwen2-1.5B-Instruct,0.0,0,logiqa,0.0
36,1.25,0.2865047968601901,Qwen/Qwen2-1.5B-Instruct,0.0,0,logiqa,0.0
37,1.9453125,0.14294254681187055,Qwen/Qwen2-1.5B-Instruct,0.0,0,logiqa,0.0
38,0.390625,0.676633846161729,Qwen/Qwen2-1.5B-Instruct,1.0,0,logiqa,0.0
39,1.9609375,0.14072642803276533,Qwen/Qwen2-1.5B-Instruct,0.0,0,logiqa,0.0
40,1.3203125,0.26705183522634335,Qwen/Qwen2-1.5B-Instruct,0.0,0,logiqa,0.0
41,0.609375,0.5436905695130004,Qwen/Qwen2-1.5B-Instruct,1.0,0,logiqa,0.0
42,1.5625,0.2096113871510978,Qwen/Qwen2-1.5B-Instruct,0.0,0,logiqa,0.0
43,1.375,0.25283959580474646,Qwen/Qwen2-1.5B-Instruct,0.0,0,logiqa,0.0
44,3.671875,0.025428746320412147,Qwen/Qwen2-1.5B-Instruct,0.0,0,logiqa,0.0
45,1.4921875,0.22488019168416426,Qwen/Qwen2-1.5B-Instruct,0.0,0,logiqa,0.0
46,2.046875,0.129137829405204,Qwen/Qwen2-1.5B-Instruct,0.0,0,logiqa,0.0
47,4.46875,0.011461633942261852,Qwen/Qwen2-1.5B-Instruct,0.0,0,logiqa,0.0
48,1.765625,0.17107982817134254,Qwen/Qwen2-1.5B-Instruct,0.0,0,logiqa,0.0
49,1.9765625,0.13854466699075552,Qwen/Qwen2-1.5B-Instruct,0.0,0,logiqa,0.0
50,0.45703125,0.6331605534862997,Qwen/Qwen2-1.5B-Instruct,1.0,0,logiqa,0.0
51,1.375,0.25283959580474646,Qwen/Qwen2-1.5B-Instruct,0.0,0,logiqa,0.0
52,0.06787109375,0.9343809133539388,Qwen/Qwen2-1.5B-Instruct,1.0,0,logiqa,0.0
53,2.984375,0.050571100611906464,Qwen/Qwen2-1.5B-Instruct,0.0,0,logiqa,0.0
54,2.40625,0.09015273423081638,Qwen/Qwen2-1.5B-Instruct,0.0,0,logiqa,0.0
55,0.023193359375,0.9770735391778969,Qwen/Qwen2-1.5B-Instruct,1.0,0,logiqa,0.0
56,1.390625,0.2489196812036605,Qwen/Qwen2-1.5B-Instruct,0.0,0,logiqa,0.0
57,1.8203125,0.1619751257973035,Qwen/Qwen2-1.5B-Instruct,0.0,0,logiqa,0.0
58,2.9375,0.0529980584033558,Qwen/Qwen2-1.5B-Instruct,0.0,0,logiqa,0.0
59,1.2109375,0.2979178504832066,Qwen/Qwen2-1.5B-Instruct,1.0,0,logiqa,0.0
60,0.91015625,0.4024613345370006,Qwen/Qwen2-1.5B-Instruct,1.0,0,logiqa,0.0
61,0.11083984375,0.8950820904412523,Qwen/Qwen2-1.5B-Instruct,1.0,0,logiqa,0.0
62,0.1455078125,0.8645831354918224,Qwen/Qwen2-1.5B-Instruct,1.0,0,logiqa,0.0
63,1.7109375,0.18069631039374898,Qwen/Qwen2-1.5B-Instruct,0.0,0,logiqa,0.0
64,2.5625,0.07711171996831671,Qwen/Qwen2-1.5B-Instruct,0.0,0,logiqa,0.0
65,1.4609375,0.23201865524727103,Qwen/Qwen2-1.5B-Instruct,0.0,0,logiqa,0.0
66,0.55078125,0.5764992443663932,Qwen/Qwen2-1.5B-Instruct,1.0,0,logiqa,0.0
67,4.375,0.012588142242433998,Qwen/Qwen2-1.5B-Instruct,0.0,0,logiqa,0.0
68,1.7109375,0.18069631039374898,Qwen/Qwen2-1.5B-Instruct,0.0,0,logiqa,0.0
69,1.8203125,0.1619751257973035,Qwen/Qwen2-1.5B-Instruct,0.0,0,logiqa,0.0
70,0.921875,0.39777251796661167,Qwen/Qwen2-1.5B-Instruct,1.0,0,logiqa,0.0
71,3.765625,0.023153137001639675,Qwen/Qwen2-1.5B-Instruct,0.0,0,logiqa,0.0
72,1.765625,0.17107982817134254,Qwen/Qwen2-1.5B-Instruct,0.0,0,logiqa,0.0
73,0.6640625,0.514755885208607,Qwen/Qwen2-1.5B-Instruct,1.0,0,logiqa,0.0
74,0.57421875,0.5631446537543375,Qwen/Qwen2-1.5B-Instruct,1.0,0,logiqa,0.0
75,0.470703125,0.6245629680224108,Qwen/Qwen2-1.5B-Instruct,1.0,0,logiqa,0.0
76,2.140625,0.11758133171956547,Qwen/Qwen2-1.5B-Instruct,0.0,0,logiqa,0.0
1,1.4140625,0.2431534629991392,Qwen/Qwen2-1.5B-Instruct,0.0,0,logiqa,0.0
2,1.9375,0.14406365910145327,Qwen/Qwen2-1.5B-Instruct,0.0,0,logiqa,0.0
3,3.890625,0.0204325716890638,Qwen/Qwen2-1.5B-Instruct,0.0,0,logiqa,0.0
4,1.234375,0.29101659090983195,Qwen/Qwen2-1.5B-Instruct,0.0,0,logiqa,0.0
5,0.283203125,0.7533667446967807,Qwen/Qwen2-1.5B-Instruct,1.0,0,logiqa,0.0
6,1.7734375,0.16974847438608623,Qwen/Qwen2-1.5B-Instruct,0.0,0,logiqa,0.0
7,0.52734375,0.5901705299683179,Qwen/Qwen2-1.5B-Instruct,1.0,0,logiqa,0.0
8,0.373046875,0.6886329524177447,Qwen/Qwen2-1.5B-Instruct,1.0,0,logiqa,0.0
9,1.5390625,0.21458217794945839,Qwen/Qwen2-1.5B-Instruct,0.0,0,logiqa,0.0
10,1.1796875,0.30737477821235176,Qwen/Qwen2-1.5B-Instruct,1.0,0,logiqa,0.0
11,0.90234375,0.40561787790561105,Qwen/Qwen2-1.5B-Instruct,0.0,0,logiqa,0.0
12,0.470703125,0.6245629680224108,Qwen/Qwen2-1.5B-Instruct,1.0,0,logiqa,0.0
13,3.265625,0.03817306945803752,Qwen/Qwen2-1.5B-Instruct,0.0,0,logiqa,0.0
14,1.9453125,0.14294254681187055,Qwen/Qwen2-1.5B-Instruct,0.0,0,logiqa,0.0
15,1.4765625,0.2284215394097245,Qwen/Qwen2-1.5B-Instruct,0.0,0,logiqa,0.0
16,0.470703125,0.6245629680224108,Qwen/Qwen2-1.5B-Instruct,1.0,0,logiqa,0.0
17,2.203125,0.1104574389603643,Qwen/Qwen2-1.5B-Instruct,0.0,0,logiqa,0.0
18,1.734375,0.17651048487186194,Qwen/Qwen2-1.5B-Instruct,0.0,0,logiqa,0.0
19,1.296875,0.27338478699614155,Qwen/Qwen2-1.5B-Instruct,0.0,0,logiqa,0.0
20,1.421875,0.2412612277378443,Qwen/Qwen2-1.5B-Instruct,0.0,0,logiqa,0.0
21,1.3671875,0.2548226413322821,Qwen/Qwen2-1.5B-Instruct,0.0,0,logiqa,0.0
22,1.1484375,0.31713190105209277,Qwen/Qwen2-1.5B-Instruct,0.0,0,logiqa,0.0
23,1.21875,0.29559943537737077,Qwen/Qwen2-1.5B-Instruct,0.0,0,logiqa,0.0
24,0.2353515625,0.7902929634144612,Qwen/Qwen2-1.5B-Instruct,1.0,0,logiqa,0.0
25,1.796875,0.1658162552121675,Qwen/Qwen2-1.5B-Instruct,0.0,0,logiqa,0.0
26,1.0234375,0.35935752309532076,Qwen/Qwen2-1.5B-Instruct,1.0,0,logiqa,0.0
27,0.6796875,0.5067753349154387,Qwen/Qwen2-1.5B-Instruct,1.0,0,logiqa,0.0
28,3.640625,0.026235941377052294,Qwen/Qwen2-1.5B-Instruct,0.0,0,logiqa,0.0
29,0.40625,0.6661436107034878,Qwen/Qwen2-1.5B-Instruct,1.0,0,logiqa,0.0
30,1.515625,0.21967084765457534,Qwen/Qwen2-1.5B-Instruct,0.0,0,logiqa,0.0
31,4.28125,0.013825369568946493,Qwen/Qwen2-1.5B-Instruct,0.0,0,logiqa,0.0
32,1.9921875,0.1363967310184996,Qwen/Qwen2-1.5B-Instruct,0.0,0,logiqa,0.0
33,1.265625,0.28206295169381546,Qwen/Qwen2-1.5B-Instruct,0.0,0,logiqa,0.0
34,1.8671875,0.15455774475698483,Qwen/Qwen2-1.5B-Instruct,0.0,0,logiqa,0.0
35,5.25,0.005247518399181385,Qwen/Qwen2-1.5B-Instruct,0.0,0,logiqa,0.0
36,1.7265625,0.17789487376266921,Qwen/Qwen2-1.5B-Instruct,0.0,0,logiqa,0.0
37,0.400390625,0.6700582534023591,Qwen/Qwen2-1.5B-Instruct,1.0,0,logiqa,0.0
38,0.55859375,0.572012891653811,Qwen/Qwen2-1.5B-Instruct,1.0,0,logiqa,0.0
39,1.328125,0.26497362135689667,Qwen/Qwen2-1.5B-Instruct,0.0,0,logiqa,0.0
40,1.4375,0.23752081909545814,Qwen/Qwen2-1.5B-Instruct,0.0,0,logiqa,0.0
41,3.3125,0.036424997337364234,Qwen/Qwen2-1.5B-Instruct,0.0,0,logiqa,0.0
42,1.265625,0.28206295169381546,Qwen/Qwen2-1.5B-Instruct,0.0,0,logiqa,0.0
43,0.05322265625,0.9481688732517508,Qwen/Qwen2-1.5B-Instruct,1.0,0,logiqa,0.0
44,1.3125,0.26914634872918386,Qwen/Qwen2-1.5B-Instruct,0.0,0,logiqa,0.0
45,0.1455078125,0.8645831354918224,Qwen/Qwen2-1.5B-Instruct,1.0,0,logiqa,0.0
46,1.546875,0.21291228619240427,Qwen/Qwen2-1.5B-Instruct,0.0,0,logiqa,0.0
47,3.0625,0.04677062238395898,Qwen/Qwen2-1.5B-Instruct,0.0,0,logiqa,0.0
48,3.5,0.0301973834223185,Qwen/Qwen2-1.5B-Instruct,0.0,0,logiqa,0.0
49,1.65625,0.19085333986431632,Qwen/Qwen2-1.5B-Instruct,0.0,0,logiqa,0.0
50,0.40625,0.6661436107034878,Qwen/Qwen2-1.5B-Instruct,1.0,0,logiqa,0.0
51,1.71875,0.17929012055011864,Qwen/Qwen2-1.5B-Instruct,0.0,0,logiqa,0.0
52,2.921875,0.053832656382752,Qwen/Qwen2-1.5B-Instruct,0.0,0,logiqa,0.0
53,2.5,0.0820849986238988,Qwen/Qwen2-1.5B-Instruct,0.0,0,logiqa,0.0
54,1.78125,0.16842748127818424,Qwen/Qwen2-1.5B-Instruct,0.0,0,logiqa,0.0
55,2.484375,0.08337764926156645,Qwen/Qwen2-1.5B-Instruct,0.0,0,logiqa,0.0
56,0.9609375,0.3825340921054156,Qwen/Qwen2-1.5B-Instruct,1.0,0,logiqa,0.0
57,2.921875,0.053832656382752,Qwen/Qwen2-1.5B-Instruct,0.0,0,logiqa,0.0
58,2.6875,0.0680508540250102,Qwen/Qwen2-1.5B-Instruct,0.0,0,logiqa,0.0
59,1.4765625,0.2284215394097245,Qwen/Qwen2-1.5B-Instruct,0.0,0,logiqa,0.0
60,3.75,0.023517745856009107,Qwen/Qwen2-1.5B-Instruct,0.0,0,logiqa,0.0
61,0.271484375,0.76224719348739,Qwen/Qwen2-1.5B-Instruct,1.0,0,logiqa,0.0
62,1.109375,0.3297649998062575,Qwen/Qwen2-1.5B-Instruct,0.0,0,logiqa,0.0
63,4.9375,0.007172507245008699,Qwen/Qwen2-1.5B-Instruct,0.0,0,logiqa,0.0
64,0.53515625,0.5855777864671197,Qwen/Qwen2-1.5B-Instruct,1.0,0,logiqa,0.0
65,1.8515625,0.1569916750812332,Qwen/Qwen2-1.5B-Instruct,0.0,0,logiqa,0.0
66,2.25,0.10539922456186433,Qwen/Qwen2-1.5B-Instruct,0.0,0,logiqa,0.0
67,0.2353515625,0.7902929634144612,Qwen/Qwen2-1.5B-Instruct,1.0,0,logiqa,0.0
68,1.59375,0.20316232275153173,Qwen/Qwen2-1.5B-Instruct,0.0,0,logiqa,0.0
69,1.15625,0.314663961018459,Qwen/Qwen2-1.5B-Instruct,1.0,0,logiqa,0.0
70,1.2265625,0.29329906232102687,Qwen/Qwen2-1.5B-Instruct,0.0,0,logiqa,0.0
71,2.125,0.11943296826671962,Qwen/Qwen2-1.5B-Instruct,0.0,0,logiqa,0.0
72,1.0234375,0.35935752309532076,Qwen/Qwen2-1.5B-Instruct,1.0,0,logiqa,0.0
73,3.765625,0.023153137001639675,Qwen/Qwen2-1.5B-Instruct,0.0,0,logiqa,0.0
74,0.625,0.5352614285189903,Qwen/Qwen2-1.5B-Instruct,1.0,0,logiqa,0.0
75,1.65625,0.19085333986431632,Qwen/Qwen2-1.5B-Instruct,0.0,0,logiqa,0.0
76,2.5,0.0820849986238988,Qwen/Qwen2-1.5B-Instruct,0.0,0,logiqa,0.0
77,2.359375,0.09447925428109244,Qwen/Qwen2-1.5B-Instruct,0.0,0,logiqa,0.0
1,0.8828125,0.41361797370441067,Qwen/Qwen2-1.5B-Instruct,1.0,0,logiqa,0.0
2,0.27734375,0.7577939606593946,Qwen/Qwen2-1.5B-Instruct,1.0,0,logiqa,0.0
3,0.0966796875,0.9078467542291261,Qwen/Qwen2-1.5B-Instruct,1.0,0,logiqa,0.0
4,0.0966796875,0.9078467542291261,Qwen/Qwen2-1.5B-Instruct,1.0,0,logiqa,0.0
5,4.75,0.008651695203120634,Qwen/Qwen2-1.5B-Instruct,0.0,0,logiqa,0.0
6,2.34375,0.09596708604499847,Qwen/Qwen2-1.5B-Instruct,0.0,0,logiqa,0.0
7,1.921875,0.1463323316229146,Qwen/Qwen2-1.5B-Instruct,0.0,0,logiqa,0.0
8,1.8125,0.1632455124539584,Qwen/Qwen2-1.5B-Instruct,0.0,0,logiqa,0.0
9,2.96875,0.05136747956725073,Qwen/Qwen2-1.5B-Instruct,0.0,0,logiqa,0.0
10,1.0859375,0.3375851514160396,Qwen/Qwen2-1.5B-Instruct,1.0,0,logiqa,0.0
11,0.15234375,0.8586930542645764,Qwen/Qwen2-1.5B-Instruct,1.0,0,logiqa,0.0
12,1.296875,0.27338478699614155,Qwen/Qwen2-1.5B-Instruct,0.0,0,logiqa,0.0
13,1.0390625,0.353786201098432,Qwen/Qwen2-1.5B-Instruct,0.0,0,logiqa,0.0
14,2.375,0.09301448921066349,Qwen/Qwen2-1.5B-Instruct,0.0,0,logiqa,0.0
15,1.765625,0.17107982817134254,Qwen/Qwen2-1.5B-Instruct,0.0,0,logiqa,0.0
16,0.96484375,0.3810427330152126,Qwen/Qwen2-1.5B-Instruct,1.0,0,logiqa,0.0
17,1.140625,0.31961919737930994,Qwen/Qwen2-1.5B-Instruct,0.0,0,logiqa,0.0
18,1.9765625,0.13854466699075552,Qwen/Qwen2-1.5B-Instruct,0.0,0,logiqa,0.0
19,4.34375,0.012987732771292249,Qwen/Qwen2-1.5B-Instruct,0.0,0,logiqa,0.0
20,1.59375,0.20316232275153173,Qwen/Qwen2-1.5B-Instruct,0.0,0,logiqa,0.0
21,0.490234375,0.612482826698251,Qwen/Qwen2-1.5B-Instruct,1.0,0,logiqa,0.0
22,1.640625,0.19385884264329528,Qwen/Qwen2-1.5B-Instruct,0.0,0,logiqa,0.0
23,1.21875,0.29559943537737077,Qwen/Qwen2-1.5B-Instruct,1.0,0,logiqa,0.0
24,1.34375,0.26086558612628497,Qwen/Qwen2-1.5B-Instruct,0.0,0,logiqa,0.0
25,0.9453125,0.3885581275123641,Qwen/Qwen2-1.5B-Instruct,1.0,0,logiqa,0.0
26,1.6484375,0.1923502211610474,Qwen/Qwen2-1.5B-Instruct,0.0,0,logiqa,0.0
27,0.61328125,0.5415709208598878,Qwen/Qwen2-1.5B-Instruct,1.0,0,logiqa,0.0
28,0.64453125,0.5249085353233612,Qwen/Qwen2-1.5B-Instruct,1.0,0,logiqa,0.0
29,0.50390625,0.604166020765368,Qwen/Qwen2-1.5B-Instruct,1.0,0,logiqa,0.0
30,0.265625,0.76672659607082,Qwen/Qwen2-1.5B-Instruct,1.0,0,logiqa,0.0
31,2.609375,0.07358051721811718,Qwen/Qwen2-1.5B-Instruct,0.0,0,logiqa,0.0
32,0.66015625,0.5167705827795767,Qwen/Qwen2-1.5B-Instruct,1.0,0,logiqa,0.0
33,0.9609375,0.3825340921054156,Qwen/Qwen2-1.5B-Instruct,1.0,0,logiqa,0.0
34,2.9375,0.0529980584033558,Qwen/Qwen2-1.5B-Instruct,0.0,0,logiqa,0.0
35,2.3125,0.0990134083638263,Qwen/Qwen2-1.5B-Instruct,0.0,0,logiqa,0.0
36,1.625,0.19691167520419406,Qwen/Qwen2-1.5B-Instruct,0.0,0,logiqa,0.0
37,1.546875,0.21291228619240427,Qwen/Qwen2-1.5B-Instruct,0.0,0,logiqa,0.0
38,0.216796875,0.8050934873117519,Qwen/Qwen2-1.5B-Instruct,1.0,0,logiqa,0.0
39,3.203125,0.040635020917967515,Qwen/Qwen2-1.5B-Instruct,0.0,0,logiqa,0.0
40,0.330078125,0.7188675697091758,Qwen/Qwen2-1.5B-Instruct,1.0,0,logiqa,0.0
41,1.6484375,0.1923502211610474,Qwen/Qwen2-1.5B-Instruct,0.0,0,logiqa,0.0
42,1.453125,0.23383840011408472,Qwen/Qwen2-1.5B-Instruct,0.0,0,logiqa,0.0
43,1.1953125,0.30260937397538795,Qwen/Qwen2-1.5B-Instruct,0.0,0,logiqa,0.0
44,1.828125,0.16071462536804407,Qwen/Qwen2-1.5B-Instruct,0.0,0,logiqa,0.0
45,0.58203125,0.5587622272904076,Qwen/Qwen2-1.5B-Instruct,1.0,0,logiqa,0.0
46,1.53125,0.2162651668298873,Qwen/Qwen2-1.5B-Instruct,0.0,0,logiqa,0.0
47,0.73046875,0.48168314818692903,Qwen/Qwen2-1.5B-Instruct,1.0,0,logiqa,0.0
48,1.7890625,0.16711676822020574,Qwen/Qwen2-1.5B-Instruct,0.0,0,logiqa,0.0
49,0.69140625,0.5008712234296745,Qwen/Qwen2-1.5B-Instruct,1.0,0,logiqa,0.0
50,1.859375,0.15576995617312325,Qwen/Qwen2-1.5B-Instruct,0.0,0,logiqa,0.0
51,0.97265625,0.3780774349414026,Qwen/Qwen2-1.5B-Instruct,1.0,0,logiqa,0.0
52,4.84375,0.007877458125943277,Qwen/Qwen2-1.5B-Instruct,0.0,0,logiqa,0.0
53,2.5625,0.07711171996831671,Qwen/Qwen2-1.5B-Instruct,0.0,0,logiqa,0.0
54,0.4609375,0.6306920944221607,Qwen/Qwen2-1.5B-Instruct,1.0,0,logiqa,0.0
55,1.953125,0.14183015908734253,Qwen/Qwen2-1.5B-Instruct,0.0,0,logiqa,0.0
56,0.81640625,0.44201730327044453,Qwen/Qwen2-1.5B-Instruct,1.0,0,logiqa,0.0
57,1.03125,0.356560980663947,Qwen/Qwen2-1.5B-Instruct,1.0,0,logiqa,0.0
58,1.1640625,0.31221522664653706,Qwen/Qwen2-1.5B-Instruct,0.0,0,logiqa,0.0
59,1.609375,0.2000125828826258,Qwen/Qwen2-1.5B-Instruct,0.0,0,logiqa,0.0
60,1.796875,0.1658162552121675,Qwen/Qwen2-1.5B-Instruct,0.0,0,logiqa,0.0
61,1.609375,0.2000125828826258,Qwen/Qwen2-1.5B-Instruct,0.0,0,logiqa,0.0
62,1.265625,0.28206295169381546,Qwen/Qwen2-1.5B-Instruct,0.0,0,logiqa,0.0
63,2.34375,0.09596708604499847,Qwen/Qwen2-1.5B-Instruct,0.0,0,logiqa,0.0
64,2.0625,0.1271357329320356,Qwen/Qwen2-1.5B-Instruct,0.0,0,logiqa,0.0
65,1.359375,0.25682124007865503,Qwen/Qwen2-1.5B-Instruct,0.0,0,logiqa,0.0
66,0.384765625,0.6806101355130432,Qwen/Qwen2-1.5B-Instruct,1.0,0,logiqa,0.0
67,2.578125,0.0759162135601666,Qwen/Qwen2-1.5B-Instruct,0.0,0,logiqa,0.0
68,1.171875,0.30978554847668166,Qwen/Qwen2-1.5B-Instruct,0.0,0,logiqa,0.0
69,4.96875,0.006951832396384793,Qwen/Qwen2-1.5B-Instruct,0.0,0,logiqa,0.0
70,1.359375,0.25682124007865503,Qwen/Qwen2-1.5B-Instruct,0.0,0,logiqa,0.0
71,2.515625,0.08081238867682222,Qwen/Qwen2-1.5B-Instruct,0.0,0,logiqa,0.0
72,1.921875,0.1463323316229146,Qwen/Qwen2-1.5B-Instruct,0.0,0,logiqa,0.0
73,0.023193359375,0.9770735391778969,Qwen/Qwen2-1.5B-Instruct,1.0,0,logiqa,0.0
74,1.65625,0.19085333986431632,Qwen/Qwen2-1.5B-Instruct,0.0,0,logiqa,0.0
75,2.78125,0.061961007690531984,Qwen/Qwen2-1.5B-Instruct,0.0,0,logiqa,0.0
76,0.1455078125,0.8645831354918224,Qwen/Qwen2-1.5B-Instruct,1.0,0,logiqa,0.0
1,4.125,0.016163494588165874,Qwen/Qwen2-1.5B-Instruct,0.0,0,logiqa,0.0
2,2.6875,0.0680508540250102,Qwen/Qwen2-1.5B-Instruct,0.0,0,logiqa,0.0
3,0.007781982421875,0.9922482188107336,Qwen/Qwen2-1.5B-Instruct,1.0,0,logiqa,0.0
4,2.84375,0.058206980009571974,Qwen/Qwen2-1.5B-Instruct,0.0,0,logiqa,0.0
5,0.0155029296875,0.9846166221284973,Qwen/Qwen2-1.5B-Instruct,1.0,0,logiqa,0.0
6,2.59375,0.0747392417609257,Qwen/Qwen2-1.5B-Instruct,0.0,0,logiqa,0.0
7,1.34375,0.26086558612628497,Qwen/Qwen2-1.5B-Instruct,0.0,0,logiqa,0.0
8,1.21875,0.29559943537737077,Qwen/Qwen2-1.5B-Instruct,0.0,0,logiqa,0.0
9,4.65625,0.00950202828005989,Qwen/Qwen2-1.5B-Instruct,0.0,0,logiqa,0.0
10,0.345703125,0.7077225610574206,Qwen/Qwen2-1.5B-Instruct,1.0,0,logiqa,0.0
11,0.435546875,0.64691079098504,Qwen/Qwen2-1.5B-Instruct,1.0,0,logiqa,0.0
12,5.75,0.003182780796509667,Qwen/Qwen2-1.5B-Instruct,0.0,0,logiqa,0.0
13,4.375,0.012588142242433998,Qwen/Qwen2-1.5B-Instruct,0.0,0,logiqa,0.0
14,0.2353515625,0.7902929634144612,Qwen/Qwen2-1.5B-Instruct,1.0,0,logiqa,0.0
15,0.007781982421875,0.9922482188107336,Qwen/Qwen2-1.5B-Instruct,1.0,0,logiqa,0.0
16,2.625,0.07243975703425146,Qwen/Qwen2-1.5B-Instruct,0.0,0,logiqa,0.0
17,0.70703125,0.49310593486505433,Qwen/Qwen2-1.5B-Instruct,1.0,0,logiqa,0.0
18,1.2265625,0.29329906232102687,Qwen/Qwen2-1.5B-Instruct,0.0,0,logiqa,0.0
19,2.03125,0.13117145431019428,Qwen/Qwen2-1.5B-Instruct,0.0,0,logiqa,0.0
20,0.138671875,0.870513618882206,Qwen/Qwen2-1.5B-Instruct,1.0,0,logiqa,0.0
21,0.451171875,0.6368813687851224,Qwen/Qwen2-1.5B-Instruct,1.0,0,logiqa,0.0
22,1.703125,0.18211352912101367,Qwen/Qwen2-1.5B-Instruct,0.0,0,logiqa,0.0
23,1.0546875,0.34830125444308524,Qwen/Qwen2-1.5B-Instruct,0.0,0,logiqa,0.0
24,5.15625,0.005763271481312824,Qwen/Qwen2-1.5B-Instruct,0.0,0,logiqa,0.0
25,1.28125,0.27768997095378994,Qwen/Qwen2-1.5B-Instruct,1.0,0,logiqa,0.0
26,1.2734375,0.27986792038923625,Qwen/Qwen2-1.5B-Instruct,0.0,0,logiqa,0.0
27,1.296875,0.27338478699614155,Qwen/Qwen2-1.5B-Instruct,0.0,0,logiqa,0.0
28,4.0625,0.017205950425851383,Qwen/Qwen2-1.5B-Instruct,0.0,0,logiqa,0.0
29,1.515625,0.21967084765457534,Qwen/Qwen2-1.5B-Instruct,0.0,0,logiqa,0.0
30,1.5859375,0.20475574459755974,Qwen/Qwen2-1.5B-Instruct,0.0,0,logiqa,0.0
31,0.32421875,0.7230920486923872,Qwen/Qwen2-1.5B-Instruct,1.0,0,logiqa,0.0
32,1.390625,0.2489196812036605,Qwen/Qwen2-1.5B-Instruct,0.0,0,logiqa,0.0
33,0.451171875,0.6368813687851224,Qwen/Qwen2-1.5B-Instruct,1.0,0,logiqa,0.0
34,2.03125,0.13117145431019428,Qwen/Qwen2-1.5B-Instruct,0.0,0,logiqa,0.0
35,2.03125,0.13117145431019428,Qwen/Qwen2-1.5B-Instruct,0.0,0,logiqa,0.0
36,1.4609375,0.23201865524727103,Qwen/Qwen2-1.5B-Instruct,0.0,0,logiqa,0.0
37,0.4609375,0.6306920944221607,Qwen/Qwen2-1.5B-Instruct,1.0,0,logiqa,0.0
38,0.5234375,0.5924803921133679,Qwen/Qwen2-1.5B-Instruct,1.0,0,logiqa,0.0
39,0.91015625,0.4024613345370006,Qwen/Qwen2-1.5B-Instruct,1.0,0,logiqa,0.0
40,1.34375,0.26086558612628497,Qwen/Qwen2-1.5B-Instruct,0.0,0,logiqa,0.0
41,0.1318359375,0.8764847815685415,Qwen/Qwen2-1.5B-Instruct,1.0,0,logiqa,0.0
42,0.11083984375,0.8950820904412523,Qwen/Qwen2-1.5B-Instruct,1.0,0,logiqa,0.0
43,3.03125,0.04825528130927965,Qwen/Qwen2-1.5B-Instruct,0.0,0,logiqa,0.0
44,1.671875,0.18789443308700168,Qwen/Qwen2-1.5B-Instruct,0.0,0,logiqa,0.0
45,1.71875,0.17929012055011864,Qwen/Qwen2-1.5B-Instruct,0.0,0,logiqa,0.0
46,2.015625,0.13323710414756298,Qwen/Qwen2-1.5B-Instruct,0.0,0,logiqa,0.0
47,1.3671875,0.2548226413322821,Qwen/Qwen2-1.5B-Instruct,0.0,0,logiqa,0.0
48,2.0,0.1353352832366127,Qwen/Qwen2-1.5B-Instruct,0.0,0,logiqa,0.0
49,1.640625,0.19385884264329528,Qwen/Qwen2-1.5B-Instruct,0.0,0,logiqa,0.0
50,1.734375,0.17651048487186194,Qwen/Qwen2-1.5B-Instruct,0.0,0,logiqa,0.0
51,2.40625,0.09015273423081638,Qwen/Qwen2-1.5B-Instruct,0.0,0,logiqa,0.0
52,0.76953125,0.463230156563083,Qwen/Qwen2-1.5B-Instruct,1.0,0,logiqa,0.0
53,1.078125,0.34023286457404905,Qwen/Qwen2-1.5B-Instruct,1.0,0,logiqa,0.0
54,1.1796875,0.30737477821235176,Qwen/Qwen2-1.5B-Instruct,0.0,0,logiqa,0.0
55,1.0703125,0.34290134400373157,Qwen/Qwen2-1.5B-Instruct,1.0,0,logiqa,0.0
56,0.248046875,0.7803233647630088,Qwen/Qwen2-1.5B-Instruct,1.0,0,logiqa,0.0
57,0.1455078125,0.8645831354918224,Qwen/Qwen2-1.5B-Instruct,1.0,0,logiqa,0.0
58,0.83984375,0.43177798346854385,Qwen/Qwen2-1.5B-Instruct,1.0,0,logiqa,0.0
59,2.34375,0.09596708604499847,Qwen/Qwen2-1.5B-Instruct,0.0,0,logiqa,0.0
60,1.15625,0.314663961018459,Qwen/Qwen2-1.5B-Instruct,0.0,0,logiqa,0.0
61,1.2265625,0.29329906232102687,Qwen/Qwen2-1.5B-Instruct,1.0,0,logiqa,0.0
62,1.796875,0.1658162552121675,Qwen/Qwen2-1.5B-Instruct,0.0,0,logiqa,0.0
63,1.609375,0.2000125828826258,Qwen/Qwen2-1.5B-Instruct,0.0,0,logiqa,0.0
64,1.53125,0.2162651668298873,Qwen/Qwen2-1.5B-Instruct,0.0,0,logiqa,0.0
65,2.140625,0.11758133171956547,Qwen/Qwen2-1.5B-Instruct,0.0,0,logiqa,0.0
66,0.36328125,0.6953908273230813,Qwen/Qwen2-1.5B-Instruct,1.0,0,logiqa,0.0
67,0.435546875,0.64691079098504,Qwen/Qwen2-1.5B-Instruct,1.0,0,logiqa,0.0
68,1.265625,0.28206295169381546,Qwen/Qwen2-1.5B-Instruct,0.0,0,logiqa,0.0
69,0.494140625,0.6100949824510565,Qwen/Qwen2-1.5B-Instruct,1.0,0,logiqa,0.0
70,1.2890625,0.2755289704553164,Qwen/Qwen2-1.5B-Instruct,0.0,0,logiqa,0.0
71,1.375,0.25283959580474646,Qwen/Qwen2-1.5B-Instruct,0.0,0,logiqa,0.0
72,1.640625,0.19385884264329528,Qwen/Qwen2-1.5B-Instruct,0.0,0,logiqa,0.0
73,2.875,0.05641613950377735,Qwen/Qwen2-1.5B-Instruct,0.0,0,logiqa,0.0
74,0.08251953125,0.9207934534340386,Qwen/Qwen2-1.5B-Instruct,1.0,0,logiqa,0.0
75,0.73046875,0.48168314818692903,Qwen/Qwen2-1.5B-Instruct,1.0,0,logiqa,0.0
76,0.890625,0.41039917309637,Qwen/Qwen2-1.5B-Instruct,1.0,0,logiqa,0.0
77,1.625,0.19691167520419406,Qwen/Qwen2-1.5B-Instruct,0.0,0,logiqa,0.0
78,1.40625,0.2450605392455259,Qwen/Qwen2-1.5B-Instruct,0.0,0,logiqa,0.0
79,1.75,0.17377394345044514,Qwen/Qwen2-1.5B-Instruct,0.0,0,logiqa,0.0
80,0.40625,0.6661436107034878,Qwen/Qwen2-1.5B-Instruct,1.0,0,logiqa,0.0
1,2.5,0.0820849986238988,Qwen/Qwen2-1.5B-Instruct,0.0,0,logiqa,0.0
2,1.125,0.32465246735834974,Qwen/Qwen2-1.5B-Instruct,0.0,0,logiqa,0.0
3,1.46875,0.23021307174736147,Qwen/Qwen2-1.5B-Instruct,0.0,0,logiqa,0.0
4,2.375,0.09301448921066349,Qwen/Qwen2-1.5B-Instruct,0.0,0,logiqa,0.0
5,1.828125,0.16071462536804407,Qwen/Qwen2-1.5B-Instruct,0.0,0,logiqa,0.0
6,1.0234375,0.35935752309532076,Qwen/Qwen2-1.5B-Instruct,0.0,0,logiqa,0.0
7,4.28125,0.013825369568946493,Qwen/Qwen2-1.5B-Instruct,0.0,0,logiqa,0.0
8,0.0155029296875,0.9846166221284973,Qwen/Qwen2-1.5B-Instruct,1.0,0,logiqa,0.0
9,0.294921875,0.7445897562683694,Qwen/Qwen2-1.5B-Instruct,1.0,0,logiqa,0.0
10,2.203125,0.1104574389603643,Qwen/Qwen2-1.5B-Instruct,0.0,0,logiqa,0.0
11,1.7734375,0.16974847438608623,Qwen/Qwen2-1.5B-Instruct,0.0,0,logiqa,0.0
12,2.875,0.05641613950377735,Qwen/Qwen2-1.5B-Instruct,0.0,0,logiqa,0.0
13,0.060546875,0.941249646907103,Qwen/Qwen2-1.5B-Instruct,1.0,0,logiqa,0.0
14,0.373046875,0.6886329524177447,Qwen/Qwen2-1.5B-Instruct,1.0,0,logiqa,0.0
15,0.294921875,0.7445897562683694,Qwen/Qwen2-1.5B-Instruct,1.0,0,logiqa,0.0
16,3.546875,0.028814544556403775,Qwen/Qwen2-1.5B-Instruct,0.0,0,logiqa,0.0
17,0.5703125,0.5653487396106142,Qwen/Qwen2-1.5B-Instruct,1.0,0,logiqa,0.0
18,1.015625,0.3621759990808257,Qwen/Qwen2-1.5B-Instruct,0.0,0,logiqa,0.0
19,1.4921875,0.22488019168416426,Qwen/Qwen2-1.5B-Instruct,0.0,0,logiqa,0.0
20,0.007781982421875,0.9922482188107336,Qwen/Qwen2-1.5B-Instruct,1.0,0,logiqa,0.0
21,2.34375,0.09596708604499847,Qwen/Qwen2-1.5B-Instruct,0.0,0,logiqa,0.0
22,1.4296875,0.23938371796817895,Qwen/Qwen2-1.5B-Instruct,0.0,0,logiqa,0.0
23,0.11083984375,0.8950820904412523,Qwen/Qwen2-1.5B-Instruct,1.0,0,logiqa,0.0
24,1.0703125,0.34290134400373157,Qwen/Qwen2-1.5B-Instruct,0.0,0,logiqa,0.0
25,0.0751953125,0.9275623041230301,Qwen/Qwen2-1.5B-Instruct,1.0,0,logiqa,0.0
26,1.375,0.25283959580474646,Qwen/Qwen2-1.5B-Instruct,0.0,0,logiqa,0.0
27,2.640625,0.07131668269775804,Qwen/Qwen2-1.5B-Instruct,0.0,0,logiqa,0.0
28,1.9140625,0.1474800303242793,Qwen/Qwen2-1.5B-Instruct,0.0,0,logiqa,0.0
29,1.375,0.25283959580474646,Qwen/Qwen2-1.5B-Instruct,0.0,0,logiqa,0.0
30,0.9375,0.391605626676799,Qwen/Qwen2-1.5B-Instruct,0.0,0,logiqa,0.0
31,0.74609375,0.4742153431555798,Qwen/Qwen2-1.5B-Instruct,1.0,0,logiqa,0.0
32,0.984375,0.373672699406043,Qwen/Qwen2-1.5B-Instruct,1.0,0,logiqa,0.0
33,0.6640625,0.514755885208607,Qwen/Qwen2-1.5B-Instruct,1.0,0,logiqa,0.0
34,1.3203125,0.26705183522634335,Qwen/Qwen2-1.5B-Instruct,0.0,0,logiqa,0.0
35,0.30078125,0.7402396824677261,Qwen/Qwen2-1.5B-Instruct,1.0,0,logiqa,0.0
36,0.546875,0.5787555986124843,Qwen/Qwen2-1.5B-Instruct,1.0,0,logiqa,0.0
37,2.765625,0.06293675158337987,Qwen/Qwen2-1.5B-Instruct,0.0,0,logiqa,0.0
38,1.296875,0.27338478699614155,Qwen/Qwen2-1.5B-Instruct,1.0,0,logiqa,0.0
39,4.78125,0.008385510525424083,Qwen/Qwen2-1.5B-Instruct,0.0,0,logiqa,0.0
40,4.0625,0.017205950425851383,Qwen/Qwen2-1.5B-Instruct,0.0,0,logiqa,0.0
41,2.0,0.1353352832366127,Qwen/Qwen2-1.5B-Instruct,0.0,0,logiqa,0.0
42,1.3046875,0.27125728970502744,Qwen/Qwen2-1.5B-Instruct,0.0,0,logiqa,0.0
43,1.84375,0.15822297604949842,Qwen/Qwen2-1.5B-Instruct,0.0,0,logiqa,0.0
44,1.1796875,0.30737477821235176,Qwen/Qwen2-1.5B-Instruct,1.0,0,logiqa,0.0
45,1.546875,0.21291228619240427,Qwen/Qwen2-1.5B-Instruct,0.0,0,logiqa,0.0
46,0.19140625,0.8257970399501007,Qwen/Qwen2-1.5B-Instruct,1.0,0,logiqa,0.0
47,1.5,0.22313016014842982,Qwen/Qwen2-1.5B-Instruct,0.0,0,logiqa,0.0
48,0.294921875,0.7445897562683694,Qwen/Qwen2-1.5B-Instruct,1.0,0,logiqa,0.0
49,1.203125,0.30025444914408245,Qwen/Qwen2-1.5B-Instruct,0.0,0,logiqa,0.0
50,2.125,0.11943296826671962,Qwen/Qwen2-1.5B-Instruct,0.0,0,logiqa,0.0
51,0.94140625,0.39007890102496307,Qwen/Qwen2-1.5B-Instruct,1.0,0,logiqa,0.0
52,1.40625,0.2450605392455259,Qwen/Qwen2-1.5B-Instruct,0.0,0,logiqa,0.0
53,1.28125,0.27768997095378994,Qwen/Qwen2-1.5B-Instruct,0.0,0,logiqa,0.0
54,0.265625,0.76672659607082,Qwen/Qwen2-1.5B-Instruct,1.0,0,logiqa,0.0
55,2.34375,0.09596708604499847,Qwen/Qwen2-1.5B-Instruct,0.0,0,logiqa,0.0
56,1.2265625,0.29329906232102687,Qwen/Qwen2-1.5B-Instruct,0.0,0,logiqa,0.0
57,1.046875,0.3510330150388101,Qwen/Qwen2-1.5B-Instruct,0.0,0,logiqa,0.0
58,1.828125,0.16071462536804407,Qwen/Qwen2-1.5B-Instruct,0.0,0,logiqa,0.0
59,1.625,0.19691167520419406,Qwen/Qwen2-1.5B-Instruct,0.0,0,logiqa,0.0
60,0.65234375,0.5208236646937497,Qwen/Qwen2-1.5B-Instruct,1.0,0,logiqa,0.0
61,0.023193359375,0.9770735391778969,Qwen/Qwen2-1.5B-Instruct,1.0,0,logiqa,0.0
62,0.76953125,0.463230156563083,Qwen/Qwen2-1.5B-Instruct,1.0,0,logiqa,0.0
63,0.03076171875,0.9697066084520289,Qwen/Qwen2-1.5B-Instruct,1.0,0,logiqa,0.0
64,1.6875,0.18498139990730428,Qwen/Qwen2-1.5B-Instruct,0.0,0,logiqa,0.0
65,0.73046875,0.48168314818692903,Qwen/Qwen2-1.5B-Instruct,1.0,0,logiqa,0.0
66,1.359375,0.25682124007865503,Qwen/Qwen2-1.5B-Instruct,0.0,0,logiqa,0.0
67,2.734375,0.0649345785355609,Qwen/Qwen2-1.5B-Instruct,0.0,0,logiqa,0.0
68,0.671875,0.5107500231290107,Qwen/Qwen2-1.5B-Instruct,1.0,0,logiqa,0.0
69,1.859375,0.15576995617312325,Qwen/Qwen2-1.5B-Instruct,0.0,0,logiqa,0.0
70,2.421875,0.08875504563653425,Qwen/Qwen2-1.5B-Instruct,0.0,0,logiqa,0.0
71,0.330078125,0.7188675697091758,Qwen/Qwen2-1.5B-Instruct,1.0,0,logiqa,0.0
72,2.328125,0.0974783477499485,Qwen/Qwen2-1.5B-Instruct,0.0,0,logiqa,0.0
73,1.5,0.22313016014842982,Qwen/Qwen2-1.5B-Instruct,0.0,0,logiqa,0.0
74,0.54296875,0.5810207839794026,Qwen/Qwen2-1.5B-Instruct,1.0,0,logiqa,0.0
75,1.234375,0.29101659090983195,Qwen/Qwen2-1.5B-Instruct,0.0,0,logiqa,0.0
76,0.158203125,0.8536763613451477,Qwen/Qwen2-1.5B-Instruct,1.0,0,logiqa,0.0
77,1.328125,0.26497362135689667,Qwen/Qwen2-1.5B-Instruct,0.0,0,logiqa,0.0
1,0.490234375,0.612482826698251,Qwen/Qwen2-1.5B-Instruct,1.0,0,logiqa,0.0
2,1.796875,0.1658162552121675,Qwen/Qwen2-1.5B-Instruct,0.0,0,logiqa,0.0
3,1.0234375,0.35935752309532076,Qwen/Qwen2-1.5B-Instruct,1.0,0,logiqa,0.0
4,0.5625,0.569782824730923,Qwen/Qwen2-1.5B-Instruct,1.0,0,logiqa,0.0
5,2.0,0.1353352832366127,Qwen/Qwen2-1.5B-Instruct,0.0,0,logiqa,0.0
6,0.0751953125,0.9275623041230301,Qwen/Qwen2-1.5B-Instruct,1.0,0,logiqa,0.0
7,0.038330078125,0.9623952228475297,Qwen/Qwen2-1.5B-Instruct,1.0,0,logiqa,0.0
8,1.046875,0.3510330150388101,Qwen/Qwen2-1.5B-Instruct,1.0,0,logiqa,0.0
9,2.421875,0.08875504563653425,Qwen/Qwen2-1.5B-Instruct,0.0,0,logiqa,0.0
10,1.46875,0.23021307174736147,Qwen/Qwen2-1.5B-Instruct,0.0,0,logiqa,0.0
11,2.75,0.06392786120670757,Qwen/Qwen2-1.5B-Instruct,0.0,0,logiqa,0.0
12,0.05322265625,0.9481688732517508,Qwen/Qwen2-1.5B-Instruct,1.0,0,logiqa,0.0
13,1.8515625,0.1569916750812332,Qwen/Qwen2-1.5B-Instruct,0.0,0,logiqa,0.0
14,0.65234375,0.5208236646937497,Qwen/Qwen2-1.5B-Instruct,1.0,0,logiqa,0.0
15,0.83203125,0.4351644601644917,Qwen/Qwen2-1.5B-Instruct,1.0,0,logiqa,0.0
16,2.21875,0.10874495509722103,Qwen/Qwen2-1.5B-Instruct,0.0,0,logiqa,0.0
17,1.3984375,0.24698257287629313,Qwen/Qwen2-1.5B-Instruct,0.0,0,logiqa,0.0
18,3.078125,0.04604551109353302,Qwen/Qwen2-1.5B-Instruct,0.0,0,logiqa,0.0
19,0.796875,0.4507353134063624,Qwen/Qwen2-1.5B-Instruct,1.0,0,logiqa,0.0
20,0.1318359375,0.8764847815685415,Qwen/Qwen2-1.5B-Instruct,1.0,0,logiqa,0.0
21,2.828125,0.059123606568473756,Qwen/Qwen2-1.5B-Instruct,0.0,0,logiqa,0.0
22,1.5546875,0.21125538963610227,Qwen/Qwen2-1.5B-Instruct,0.0,0,logiqa,0.0
23,1.140625,0.31961919737930994,Qwen/Qwen2-1.5B-Instruct,1.0,0,logiqa,0.0
24,3.171875,0.04192491494570112,Qwen/Qwen2-1.5B-Instruct,0.0,0,logiqa,0.0
25,3.296875,0.03699860758070385,Qwen/Qwen2-1.5B-Instruct,0.0,0,logiqa,0.0
26,0.8515625,0.4267476175926629,Qwen/Qwen2-1.5B-Instruct,1.0,0,logiqa,0.0
27,1.0703125,0.34290134400373157,Qwen/Qwen2-1.5B-Instruct,0.0,0,logiqa,0.0
28,1.328125,0.26497362135689667,Qwen/Qwen2-1.5B-Instruct,1.0,0,logiqa,0.0
29,1.984375,0.13746650383851944,Qwen/Qwen2-1.5B-Instruct,0.0,0,logiqa,0.0
30,2.578125,0.0759162135601666,Qwen/Qwen2-1.5B-Instruct,0.0,0,logiqa,0.0
31,0.5234375,0.5924803921133679,Qwen/Qwen2-1.5B-Instruct,1.0,0,logiqa,0.0
32,0.038330078125,0.9623952228475297,Qwen/Qwen2-1.5B-Instruct,1.0,0,logiqa,0.0
33,3.21875,0.04000503331137926,Qwen/Qwen2-1.5B-Instruct,0.0,0,logiqa,0.0
34,1.6953125,0.18354186323251906,Qwen/Qwen2-1.5B-Instruct,0.0,0,logiqa,0.0
35,0.8125,0.44374731008107987,Qwen/Qwen2-1.5B-Instruct,1.0,0,logiqa,0.0
36,1.0703125,0.34290134400373157,Qwen/Qwen2-1.5B-Instruct,1.0,0,logiqa,0.0
37,0.0155029296875,0.9846166221284973,Qwen/Qwen2-1.5B-Instruct,1.0,0,logiqa,0.0
38,1.4921875,0.22488019168416426,Qwen/Qwen2-1.5B-Instruct,0.0,0,logiqa,0.0
39,2.125,0.11943296826671962,Qwen/Qwen2-1.5B-Instruct,0.0,0,logiqa,0.0
40,3.28125,0.037581250870997916,Qwen/Qwen2-1.5B-Instruct,0.0,0,logiqa,0.0
41,1.5390625,0.21458217794945839,Qwen/Qwen2-1.5B-Instruct,0.0,0,logiqa,0.0
42,1.1015625,0.3323513787550223,Qwen/Qwen2-1.5B-Instruct,1.0,0,logiqa,0.0
43,0.58203125,0.5587622272904076,Qwen/Qwen2-1.5B-Instruct,1.0,0,logiqa,0.0
44,0.5859375,0.556583819812148,Qwen/Qwen2-1.5B-Instruct,1.0,0,logiqa,0.0
45,1.53125,0.2162651668298873,Qwen/Qwen2-1.5B-Instruct,0.0,0,logiqa,0.0
46,1.640625,0.19385884264329528,Qwen/Qwen2-1.5B-Instruct,0.0,0,logiqa,0.0
47,1.3046875,0.27125728970502744,Qwen/Qwen2-1.5B-Instruct,0.0,0,logiqa,0.0
48,2.4375,0.08737902619542039,Qwen/Qwen2-1.5B-Instruct,0.0,0,logiqa,0.0
49,2.359375,0.09447925428109244,Qwen/Qwen2-1.5B-Instruct,0.0,0,logiqa,0.0
50,0.259765625,0.7712323221982079,Qwen/Qwen2-1.5B-Instruct,1.0,0,logiqa,0.0
51,1.53125,0.2162651668298873,Qwen/Qwen2-1.5B-Instruct,0.0,0,logiqa,0.0
52,2.0625,0.1271357329320356,Qwen/Qwen2-1.5B-Instruct,0.0,0,logiqa,0.0
53,1.078125,0.34023286457404905,Qwen/Qwen2-1.5B-Instruct,0.0,0,logiqa,0.0
54,0.41015625,0.663546562885513,Qwen/Qwen2-1.5B-Instruct,1.0,0,logiqa,0.0
55,0.953125,0.3855343441745787,Qwen/Qwen2-1.5B-Instruct,1.0,0,logiqa,0.0
56,1.8359375,0.15946393423094812,Qwen/Qwen2-1.5B-Instruct,0.0,0,logiqa,0.0
57,1.78125,0.16842748127818424,Qwen/Qwen2-1.5B-Instruct,0.0,0,logiqa,0.0
58,1.3515625,0.25883551402927246,Qwen/Qwen2-1.5B-Instruct,0.0,0,logiqa,0.0
59,3.859375,0.02108117113844438,Qwen/Qwen2-1.5B-Instruct,0.0,0,logiqa,0.0
60,1.5390625,0.21458217794945839,Qwen/Qwen2-1.5B-Instruct,0.0,0,logiqa,0.0
61,3.0,0.049787068367863944,Qwen/Qwen2-1.5B-Instruct,0.0,0,logiqa,0.0
62,0.8828125,0.41361797370441067,Qwen/Qwen2-1.5B-Instruct,0.0,0,logiqa,0.0
63,1.578125,0.20636166380601706,Qwen/Qwen2-1.5B-Instruct,0.0,0,logiqa,0.0
64,2.78125,0.061961007690531984,Qwen/Qwen2-1.5B-Instruct,0.0,0,logiqa,0.0
65,1.21875,0.29559943537737077,Qwen/Qwen2-1.5B-Instruct,0.0,0,logiqa,0.0
66,0.0458984375,0.9551389635657673,Qwen/Qwen2-1.5B-Instruct,1.0,0,logiqa,0.0
67,1.3125,0.26914634872918386,Qwen/Qwen2-1.5B-Instruct,0.0,0,logiqa,0.0
68,3.0625,0.04677062238395898,Qwen/Qwen2-1.5B-Instruct,0.0,0,logiqa,0.0
69,0.0155029296875,0.9846166221284973,Qwen/Qwen2-1.5B-Instruct,1.0,0,logiqa,0.0
70,1.609375,0.2000125828826258,Qwen/Qwen2-1.5B-Instruct,0.0,0,logiqa,0.0
71,0.86328125,0.4217758572543825,Qwen/Qwen2-1.5B-Instruct,1.0,0,logiqa,0.0
72,0.171875,0.8420844271433824,Qwen/Qwen2-1.5B-Instruct,1.0,0,logiqa,0.0
73,3.421875,0.03265115658991408,Qwen/Qwen2-1.5B-Instruct,0.0,0,logiqa,0.0
74,0.44140625,0.6431313813711866,Qwen/Qwen2-1.5B-Instruct,1.0,0,logiqa,0.0
75,0.921875,0.39777251796661167,Qwen/Qwen2-1.5B-Instruct,0.0,0,logiqa,0.0
76,1.546875,0.21291228619240427,Qwen/Qwen2-1.5B-Instruct,0.0,0,logiqa,0.0
77,4.625,0.009803655035821828,Qwen/Qwen2-1.5B-Instruct,0.0,0,logiqa,0.0
78,0.84375,0.43009464064006225,Qwen/Qwen2-1.5B-Instruct,1.0,0,logiqa,0.0
79,0.76953125,0.463230156563083,Qwen/Qwen2-1.5B-Instruct,1.0,0,logiqa,0.0
80,2.828125,0.059123606568473756,Qwen/Qwen2-1.5B-Instruct,0.0,0,logiqa,0.0
1,2.828125,0.059123606568473756,Qwen/Qwen2-1.5B-Instruct,0.0,0,logiqa,0.0
2,1.6875,0.18498139990730428,Qwen/Qwen2-1.5B-Instruct,0.0,0,logiqa,0.0
3,0.609375,0.5436905695130004,Qwen/Qwen2-1.5B-Instruct,1.0,0,logiqa,0.0
4,3.703125,0.024646386044811498,Qwen/Qwen2-1.5B-Instruct,0.0,0,logiqa,0.0
5,4.46875,0.011461633942261852,Qwen/Qwen2-1.5B-Instruct,0.0,0,logiqa,0.0
6,0.70703125,0.49310593486505433,Qwen/Qwen2-1.5B-Instruct,1.0,0,logiqa,0.0
7,1.4765625,0.2284215394097245,Qwen/Qwen2-1.5B-Instruct,0.0,0,logiqa,0.0
8,0.431640625,0.6494427282327384,Qwen/Qwen2-1.5B-Instruct,1.0,0,logiqa,0.0
9,0.357421875,0.6994773434756083,Qwen/Qwen2-1.5B-Instruct,1.0,0,logiqa,0.0
10,2.0,0.1353352832366127,Qwen/Qwen2-1.5B-Instruct,0.0,0,logiqa,0.0
11,1.2578125,0.2842751988422877,Qwen/Qwen2-1.5B-Instruct,0.0,0,logiqa,0.0
12,1.1796875,0.30737477821235176,Qwen/Qwen2-1.5B-Instruct,1.0,0,logiqa,0.0
13,1.6171875,0.19845607261390505,Qwen/Qwen2-1.5B-Instruct,0.0,0,logiqa,0.0
14,1.140625,0.31961919737930994,Qwen/Qwen2-1.5B-Instruct,1.0,0,logiqa,0.0
15,0.859375,0.4234266412852628,Qwen/Qwen2-1.5B-Instruct,1.0,0,logiqa,0.0
16,1.90625,0.1486367305381225,Qwen/Qwen2-1.5B-Instruct,0.0,0,logiqa,0.0
17,0.294921875,0.7445897562683694,Qwen/Qwen2-1.5B-Instruct,1.0,0,logiqa,0.0
18,0.76171875,0.46686331570996537,Qwen/Qwen2-1.5B-Instruct,1.0,0,logiqa,0.0
19,2.421875,0.08875504563653425,Qwen/Qwen2-1.5B-Instruct,0.0,0,logiqa,0.0
20,0.0155029296875,0.9846166221284973,Qwen/Qwen2-1.5B-Instruct,1.0,0,logiqa,0.0
21,0.0966796875,0.9078467542291261,Qwen/Qwen2-1.5B-Instruct,1.0,0,logiqa,0.0
22,0.138671875,0.870513618882206,Qwen/Qwen2-1.5B-Instruct,1.0,0,logiqa,0.0
23,3.0625,0.04677062238395898,Qwen/Qwen2-1.5B-Instruct,0.0,0,logiqa,0.0
24,2.40625,0.09015273423081638,Qwen/Qwen2-1.5B-Instruct,0.0,0,logiqa,0.0
25,1.4453125,0.23567241741677974,Qwen/Qwen2-1.5B-Instruct,0.0,0,logiqa,0.0
26,1.3671875,0.2548226413322821,Qwen/Qwen2-1.5B-Instruct,0.0,0,logiqa,0.0
27,0.3515625,0.7035878743456275,Qwen/Qwen2-1.5B-Instruct,1.0,0,logiqa,0.0
28,1.6875,0.18498139990730428,Qwen/Qwen2-1.5B-Instruct,0.0,0,logiqa,0.0
29,2.0,0.1353352832366127,Qwen/Qwen2-1.5B-Instruct,0.0,0,logiqa,0.0
30,1.0703125,0.34290134400373157,Qwen/Qwen2-1.5B-Instruct,1.0,0,logiqa,0.0
31,0.39453125,0.673995900791531,Qwen/Qwen2-1.5B-Instruct,1.0,0,logiqa,0.0
32,1.1171875,0.3271987482181544,Qwen/Qwen2-1.5B-Instruct,0.0,0,logiqa,0.0
33,0.37890625,0.6846097918258168,Qwen/Qwen2-1.5B-Instruct,1.0,0,logiqa,0.0
34,1.46875,0.23021307174736147,Qwen/Qwen2-1.5B-Instruct,0.0,0,logiqa,0.0
35,0.466796875,0.6270074383640806,Qwen/Qwen2-1.5B-Instruct,1.0,0,logiqa,0.0
36,0.63671875,0.5290254439903966,Qwen/Qwen2-1.5B-Instruct,1.0,0,logiqa,0.0
37,0.74609375,0.4742153431555798,Qwen/Qwen2-1.5B-Instruct,1.0,0,logiqa,0.0
38,1.9296875,0.14519356438370257,Qwen/Qwen2-1.5B-Instruct,0.0,0,logiqa,0.0
39,3.703125,0.024646386044811498,Qwen/Qwen2-1.5B-Instruct,0.0,0,logiqa,0.0
40,0.27734375,0.7577939606593946,Qwen/Qwen2-1.5B-Instruct,1.0,0,logiqa,0.0
41,4.1875,0.015184197956837946,Qwen/Qwen2-1.5B-Instruct,0.0,0,logiqa,0.0
42,2.015625,0.13323710414756298,Qwen/Qwen2-1.5B-Instruct,0.0,0,logiqa,0.0
43,1.59375,0.20316232275153173,Qwen/Qwen2-1.5B-Instruct,0.0,0,logiqa,0.0
44,1.390625,0.2489196812036605,Qwen/Qwen2-1.5B-Instruct,0.0,0,logiqa,0.0
45,2.21875,0.10874495509722103,Qwen/Qwen2-1.5B-Instruct,0.0,0,logiqa,0.0
46,1.828125,0.16071462536804407,Qwen/Qwen2-1.5B-Instruct,0.0,0,logiqa,0.0
47,0.330078125,0.7188675697091758,Qwen/Qwen2-1.5B-Instruct,1.0,0,logiqa,0.0
48,4.25,0.014264233908999256,Qwen/Qwen2-1.5B-Instruct,0.0,0,logiqa,0.0
49,0.5703125,0.5653487396106142,Qwen/Qwen2-1.5B-Instruct,1.0,0,logiqa,0.0
50,1.75,0.17377394345044514,Qwen/Qwen2-1.5B-Instruct,0.0,0,logiqa,0.0
51,0.11767578125,0.8889842312518604,Qwen/Qwen2-1.5B-Instruct,1.0,0,logiqa,0.0
52,0.486328125,0.6148800167035864,Qwen/Qwen2-1.5B-Instruct,1.0,0,logiqa,0.0
53,4.65625,0.00950202828005989,Qwen/Qwen2-1.5B-Instruct,0.0,0,logiqa,0.0
54,0.060546875,0.941249646907103,Qwen/Qwen2-1.5B-Instruct,1.0,0,logiqa,0.0
55,2.0625,0.1271357329320356,Qwen/Qwen2-1.5B-Instruct,0.0,0,logiqa,0.0
56,0.6328125,0.5310959910353452,Qwen/Qwen2-1.5B-Instruct,1.0,0,logiqa,0.0
57,0.138671875,0.870513618882206,Qwen/Qwen2-1.5B-Instruct,1.0,0,logiqa,0.0
58,1.375,0.25283959580474646,Qwen/Qwen2-1.5B-Instruct,0.0,0,logiqa,0.0
59,1.703125,0.18211352912101367,Qwen/Qwen2-1.5B-Instruct,0.0,0,logiqa,0.0
60,1.0625,0.3455907525769745,Qwen/Qwen2-1.5B-Instruct,1.0,0,logiqa,0.0
61,0.06787109375,0.9343809133539388,Qwen/Qwen2-1.5B-Instruct,1.0,0,logiqa,0.0
62,0.71484375,0.48926855403569414,Qwen/Qwen2-1.5B-Instruct,1.0,0,logiqa,0.0
63,1.484375,0.22664394888734782,Qwen/Qwen2-1.5B-Instruct,0.0,0,logiqa,0.0
64,4.0,0.01831563888873418,Qwen/Qwen2-1.5B-Instruct,0.0,0,logiqa,0.0
65,1.40625,0.2450605392455259,Qwen/Qwen2-1.5B-Instruct,0.0,0,logiqa,0.0
66,1.1640625,0.31221522664653706,Qwen/Qwen2-1.5B-Instruct,1.0,0,logiqa,0.0
67,0.06787109375,0.9343809133539388,Qwen/Qwen2-1.5B-Instruct,1.0,0,logiqa,0.0
68,2.96875,0.05136747956725073,Qwen/Qwen2-1.5B-Instruct,0.0,0,logiqa,0.0
69,2.328125,0.0974783477499485,Qwen/Qwen2-1.5B-Instruct,0.0,0,logiqa,0.0
70,0.859375,0.4234266412852628,Qwen/Qwen2-1.5B-Instruct,1.0,0,logiqa,0.0
71,0.2353515625,0.7902929634144612,Qwen/Qwen2-1.5B-Instruct,1.0,0,logiqa,0.0
72,2.03125,0.13117145431019428,Qwen/Qwen2-1.5B-Instruct,0.0,0,logiqa,0.0
73,1.296875,0.27338478699614155,Qwen/Qwen2-1.5B-Instruct,0.0,0,logiqa,0.0
74,1.6328125,0.19537929639047613,Qwen/Qwen2-1.5B-Instruct,0.0,0,logiqa,0.0
75,3.15625,0.04258513628878761,Qwen/Qwen2-1.5B-Instruct,0.0,0,logiqa,0.0
76,3.265625,0.03817306945803752,Qwen/Qwen2-1.5B-Instruct,0.0,0,logiqa,0.0
77,1.828125,0.16071462536804407,Qwen/Qwen2-1.5B-Instruct,0.0,0,logiqa,0.0
78,2.546875,0.07832605286299588,Qwen/Qwen2-1.5B-Instruct,0.0,0,logiqa,0.0
79,1.640625,0.19385884264329528,Qwen/Qwen2-1.5B-Instruct,0.0,0,logiqa,0.0
1,0.03076171875,0.9697066084520289,Qwen/Qwen2-1.5B-Instruct,1.0,0,logiqa,0.0
2,1.109375,0.3297649998062575,Qwen/Qwen2-1.5B-Instruct,0.0,0,logiqa,0.0
3,0.78125,0.45783336177161427,Qwen/Qwen2-1.5B-Instruct,0.0,0,logiqa,0.0
4,0.70703125,0.49310593486505433,Qwen/Qwen2-1.5B-Instruct,1.0,0,logiqa,0.0
5,0.68359375,0.5047996051229459,Qwen/Qwen2-1.5B-Instruct,1.0,0,logiqa,0.0
6,0.74609375,0.4742153431555798,Qwen/Qwen2-1.5B-Instruct,1.0,0,logiqa,0.0
7,1.6015625,0.20158130101268698,Qwen/Qwen2-1.5B-Instruct,0.0,0,logiqa,0.0
8,0.97265625,0.3780774349414026,Qwen/Qwen2-1.5B-Instruct,1.0,0,logiqa,0.0
9,1.484375,0.22664394888734782,Qwen/Qwen2-1.5B-Instruct,0.0,0,logiqa,0.0
10,2.875,0.05641613950377735,Qwen/Qwen2-1.5B-Instruct,0.0,0,logiqa,0.0
11,2.359375,0.09447925428109244,Qwen/Qwen2-1.5B-Instruct,0.0,0,logiqa,0.0
12,0.038330078125,0.9623952228475297,Qwen/Qwen2-1.5B-Instruct,1.0,0,logiqa,0.0
13,1.4765625,0.2284215394097245,Qwen/Qwen2-1.5B-Instruct,0.0,0,logiqa,0.0
14,1.40625,0.2450605392455259,Qwen/Qwen2-1.5B-Instruct,0.0,0,logiqa,0.0
15,1.484375,0.22664394888734782,Qwen/Qwen2-1.5B-Instruct,0.0,0,logiqa,0.0
16,0.76953125,0.463230156563083,Qwen/Qwen2-1.5B-Instruct,1.0,0,logiqa,0.0
17,1.1015625,0.3323513787550223,Qwen/Qwen2-1.5B-Instruct,0.0,0,logiqa,0.0
18,3.859375,0.02108117113844438,Qwen/Qwen2-1.5B-Instruct,0.0,0,logiqa,0.0
19,2.375,0.09301448921066349,Qwen/Qwen2-1.5B-Instruct,0.0,0,logiqa,0.0
20,0.2421875,0.7849089933174918,Qwen/Qwen2-1.5B-Instruct,1.0,0,logiqa,0.0
21,1.1796875,0.30737477821235176,Qwen/Qwen2-1.5B-Instruct,0.0,0,logiqa,0.0
22,1.5625,0.2096113871510978,Qwen/Qwen2-1.5B-Instruct,0.0,0,logiqa,0.0
23,0.8046875,0.4472276633691456,Qwen/Qwen2-1.5B-Instruct,1.0,0,logiqa,0.0
24,1.046875,0.3510330150388101,Qwen/Qwen2-1.5B-Instruct,1.0,0,logiqa,0.0
25,2.796875,0.06100039130459344,Qwen/Qwen2-1.5B-Instruct,0.0,0,logiqa,0.0
26,0.038330078125,0.9623952228475297,Qwen/Qwen2-1.5B-Instruct,1.0,0,logiqa,0.0
27,4.1875,0.015184197956837946,Qwen/Qwen2-1.5B-Instruct,0.0,0,logiqa,0.0
28,1.25,0.2865047968601901,Qwen/Qwen2-1.5B-Instruct,0.0,0,logiqa,0.0
29,2.0625,0.1271357329320356,Qwen/Qwen2-1.5B-Instruct,0.0,0,logiqa,0.0
30,0.216796875,0.8050934873117519,Qwen/Qwen2-1.5B-Instruct,1.0,0,logiqa,0.0
31,0.96484375,0.3810427330152126,Qwen/Qwen2-1.5B-Instruct,1.0,0,logiqa,0.0
32,2.484375,0.08337764926156645,Qwen/Qwen2-1.5B-Instruct,0.0,0,logiqa,0.0
33,0.03076171875,0.9697066084520289,Qwen/Qwen2-1.5B-Instruct,1.0,0,logiqa,0.0
34,2.125,0.11943296826671962,Qwen/Qwen2-1.5B-Instruct,0.0,0,logiqa,0.0
35,0.94921875,0.3870432829338104,Qwen/Qwen2-1.5B-Instruct,0.0,0,logiqa,0.0
36,3.796875,0.022440789864373145,Qwen/Qwen2-1.5B-Instruct,0.0,0,logiqa,0.0
37,0.11083984375,0.8950820904412523,Qwen/Qwen2-1.5B-Instruct,1.0,0,logiqa,0.0
38,2.3125,0.0990134083638263,Qwen/Qwen2-1.5B-Instruct,0.0,0,logiqa,0.0
39,1.640625,0.19385884264329528,Qwen/Qwen2-1.5B-Instruct,0.0,0,logiqa,0.0
40,1.609375,0.2000125828826258,Qwen/Qwen2-1.5B-Instruct,0.0,0,logiqa,0.0
41,0.8984375,0.407205421393389,Qwen/Qwen2-1.5B-Instruct,1.0,0,logiqa,0.0
42,0.62109375,0.5373563825172994,Qwen/Qwen2-1.5B-Instruct,1.0,0,logiqa,0.0
43,1.5,0.22313016014842982,Qwen/Qwen2-1.5B-Instruct,0.0,0,logiqa,0.0
44,0.1845703125,0.8314614757090356,Qwen/Qwen2-1.5B-Instruct,1.0,0,logiqa,0.0
45,0.08984375,0.9140739981758944,Qwen/Qwen2-1.5B-Instruct,1.0,0,logiqa,0.0
46,0.259765625,0.7712323221982079,Qwen/Qwen2-1.5B-Instruct,1.0,0,logiqa,0.0
47,4.53125,0.010767208646547101,Qwen/Qwen2-1.5B-Instruct,0.0,0,logiqa,0.0
48,2.390625,0.09157243321777621,Qwen/Qwen2-1.5B-Instruct,0.0,0,logiqa,0.0
49,1.359375,0.25682124007865503,Qwen/Qwen2-1.5B-Instruct,0.0,0,logiqa,0.0
50,1.609375,0.2000125828826258,Qwen/Qwen2-1.5B-Instruct,0.0,0,logiqa,0.0
51,1.328125,0.26497362135689667,Qwen/Qwen2-1.5B-Instruct,1.0,0,logiqa,0.0
52,1.109375,0.3297649998062575,Qwen/Qwen2-1.5B-Instruct,0.0,0,logiqa,0.0
53,3.1875,0.04127492938579755,Qwen/Qwen2-1.5B-Instruct,0.0,0,logiqa,0.0
54,0.0155029296875,0.9846166221284973,Qwen/Qwen2-1.5B-Instruct,1.0,0,logiqa,0.0
55,0.796875,0.4507353134063624,Qwen/Qwen2-1.5B-Instruct,1.0,0,logiqa,0.0
56,2.59375,0.0747392417609257,Qwen/Qwen2-1.5B-Instruct,0.0,0,logiqa,0.0
57,2.125,0.11943296826671962,Qwen/Qwen2-1.5B-Instruct,0.0,0,logiqa,0.0
58,2.25,0.10539922456186433,Qwen/Qwen2-1.5B-Instruct,0.0,0,logiqa,0.0
59,2.21875,0.10874495509722103,Qwen/Qwen2-1.5B-Instruct,0.0,0,logiqa,0.0
60,0.859375,0.4234266412852628,Qwen/Qwen2-1.5B-Instruct,1.0,0,logiqa,0.0
61,1.6328125,0.19537929639047613,Qwen/Qwen2-1.5B-Instruct,0.0,0,logiqa,0.0
62,0.421875,0.6558160112715016,Qwen/Qwen2-1.5B-Instruct,1.0,0,logiqa,0.0
63,0.67578125,0.5087587974957017,Qwen/Qwen2-1.5B-Instruct,1.0,0,logiqa,0.0
64,0.12451171875,0.8829279144942641,Qwen/Qwen2-1.5B-Instruct,1.0,0,logiqa,0.0
65,0.1845703125,0.8314614757090356,Qwen/Qwen2-1.5B-Instruct,1.0,0,logiqa,0.0
66,0.12451171875,0.8829279144942641,Qwen/Qwen2-1.5B-Instruct,1.0,0,logiqa,0.0
67,0.76171875,0.46686331570996537,Qwen/Qwen2-1.5B-Instruct,1.0,0,logiqa,0.0
68,2.84375,0.058206980009571974,Qwen/Qwen2-1.5B-Instruct,0.0,0,logiqa,0.0
69,0.0155029296875,0.9846166221284973,Qwen/Qwen2-1.5B-Instruct,1.0,0,logiqa,0.0
70,0.984375,0.373672699406043,Qwen/Qwen2-1.5B-Instruct,1.0,0,logiqa,0.0
71,5.0,0.006737946999085467,Qwen/Qwen2-1.5B-Instruct,0.0,0,logiqa,0.0
72,1.3046875,0.27125728970502744,Qwen/Qwen2-1.5B-Instruct,0.0,0,logiqa,0.0
73,1.40625,0.2450605392455259,Qwen/Qwen2-1.5B-Instruct,0.0,0,logiqa,0.0
74,1.4765625,0.2284215394097245,Qwen/Qwen2-1.5B-Instruct,0.0,0,logiqa,0.0
75,1.1796875,0.30737477821235176,Qwen/Qwen2-1.5B-Instruct,1.0,0,logiqa,0.0
1,0.11767578125,0.8889842312518604,Qwen/Qwen2-1.5B-Instruct,1.0,0,logiqa,0.0
2,1.1875,0.3049827687110593,Qwen/Qwen2-1.5B-Instruct,0.0,0,logiqa,0.0
3,0.0458984375,0.9551389635657673,Qwen/Qwen2-1.5B-Instruct,1.0,0,logiqa,0.0
4,1.359375,0.25682124007865503,Qwen/Qwen2-1.5B-Instruct,0.0,0,logiqa,0.0
5,1.0859375,0.3375851514160396,Qwen/Qwen2-1.5B-Instruct,1.0,0,logiqa,0.0
6,0.25390625,0.7757645265618263,Qwen/Qwen2-1.5B-Instruct,1.0,0,logiqa,0.0
7,1.6875,0.18498139990730428,Qwen/Qwen2-1.5B-Instruct,0.0,0,logiqa,0.0
8,1.65625,0.19085333986431632,Qwen/Qwen2-1.5B-Instruct,0.0,0,logiqa,0.0
9,2.015625,0.13323710414756298,Qwen/Qwen2-1.5B-Instruct,0.0,0,logiqa,0.0
10,2.203125,0.1104574389603643,Qwen/Qwen2-1.5B-Instruct,0.0,0,logiqa,0.0
11,0.890625,0.41039917309637,Qwen/Qwen2-1.5B-Instruct,1.0,0,logiqa,0.0
12,2.015625,0.13323710414756298,Qwen/Qwen2-1.5B-Instruct,0.0,0,logiqa,0.0
13,1.3046875,0.27125728970502744,Qwen/Qwen2-1.5B-Instruct,0.0,0,logiqa,0.0
14,1.953125,0.14183015908734253,Qwen/Qwen2-1.5B-Instruct,0.0,0,logiqa,0.0
15,2.828125,0.059123606568473756,Qwen/Qwen2-1.5B-Instruct,0.0,0,logiqa,0.0
16,3.015625,0.049015191417106724,Qwen/Qwen2-1.5B-Instruct,0.0,0,logiqa,0.0
17,1.703125,0.18211352912101367,Qwen/Qwen2-1.5B-Instruct,0.0,0,logiqa,0.0
18,2.53125,0.07955950871822769,Qwen/Qwen2-1.5B-Instruct,0.0,0,logiqa,0.0
19,0.007781982421875,0.9922482188107336,Qwen/Qwen2-1.5B-Instruct,1.0,0,logiqa,0.0
20,1.671875,0.18789443308700168,Qwen/Qwen2-1.5B-Instruct,0.0,0,logiqa,0.0
21,1.828125,0.16071462536804407,Qwen/Qwen2-1.5B-Instruct,0.0,0,logiqa,0.0
22,0.91796875,0.39932935558376886,Qwen/Qwen2-1.5B-Instruct,1.0,0,logiqa,0.0
23,2.3125,0.0990134083638263,Qwen/Qwen2-1.5B-Instruct,0.0,0,logiqa,0.0
24,1.546875,0.21291228619240427,Qwen/Qwen2-1.5B-Instruct,0.0,0,logiqa,0.0
25,1.890625,0.1509774184559146,Qwen/Qwen2-1.5B-Instruct,0.0,0,logiqa,0.0
26,1.8125,0.1632455124539584,Qwen/Qwen2-1.5B-Instruct,0.0,0,logiqa,0.0
27,1.40625,0.2450605392455259,Qwen/Qwen2-1.5B-Instruct,0.0,0,logiqa,0.0
28,0.66796875,0.5127490421990961,Qwen/Qwen2-1.5B-Instruct,1.0,0,logiqa,0.0
29,4.375,0.012588142242433998,Qwen/Qwen2-1.5B-Instruct,0.0,0,logiqa,0.0
30,0.74609375,0.4742153431555798,Qwen/Qwen2-1.5B-Instruct,1.0,0,logiqa,0.0
31,0.08251953125,0.9207934534340386,Qwen/Qwen2-1.5B-Instruct,1.0,0,logiqa,0.0
32,1.8984375,0.14980250286418162,Qwen/Qwen2-1.5B-Instruct,0.0,0,logiqa,0.0
33,0.86328125,0.4217758572543825,Qwen/Qwen2-1.5B-Instruct,1.0,0,logiqa,0.0
34,0.8515625,0.4267476175926629,Qwen/Qwen2-1.5B-Instruct,1.0,0,logiqa,0.0
35,1.625,0.19691167520419406,Qwen/Qwen2-1.5B-Instruct,0.0,0,logiqa,0.0
36,3.84375,0.021413151278198653,Qwen/Qwen2-1.5B-Instruct,0.0,0,logiqa,0.0
37,0.77734375,0.459625270884992,Qwen/Qwen2-1.5B-Instruct,1.0,0,logiqa,0.0
38,0.15234375,0.8586930542645764,Qwen/Qwen2-1.5B-Instruct,1.0,0,logiqa,0.0
39,2.09375,0.12322417764723749,Qwen/Qwen2-1.5B-Instruct,0.0,0,logiqa,0.0
40,0.11767578125,0.8889842312518604,Qwen/Qwen2-1.5B-Instruct,1.0,0,logiqa,0.0
41,1.828125,0.16071462536804407,Qwen/Qwen2-1.5B-Instruct,0.0,0,logiqa,0.0
42,0.494140625,0.6100949824510565,Qwen/Qwen2-1.5B-Instruct,1.0,0,logiqa,0.0
43,1.90625,0.1486367305381225,Qwen/Qwen2-1.5B-Instruct,0.0,0,logiqa,0.0
44,1.8125,0.1632455124539584,Qwen/Qwen2-1.5B-Instruct,0.0,0,logiqa,0.0
45,1.7109375,0.18069631039374898,Qwen/Qwen2-1.5B-Instruct,0.0,0,logiqa,0.0
46,0.007781982421875,0.9922482188107336,Qwen/Qwen2-1.5B-Instruct,1.0,0,logiqa,0.0
47,3.1875,0.04127492938579755,Qwen/Qwen2-1.5B-Instruct,0.0,0,logiqa,0.0
48,0.171875,0.8420844271433824,Qwen/Qwen2-1.5B-Instruct,1.0,0,logiqa,0.0
49,0.0155029296875,0.9846166221284973,Qwen/Qwen2-1.5B-Instruct,1.0,0,logiqa,0.0
50,1.0859375,0.3375851514160396,Qwen/Qwen2-1.5B-Instruct,1.0,0,logiqa,0.0
51,1.7578125,0.17242162389375282,Qwen/Qwen2-1.5B-Instruct,0.0,0,logiqa,0.0
52,0.038330078125,0.9623952228475297,Qwen/Qwen2-1.5B-Instruct,1.0,0,logiqa,0.0
53,0.81640625,0.44201730327044453,Qwen/Qwen2-1.5B-Instruct,1.0,0,logiqa,0.0
54,0.1650390625,0.847860583886983,Qwen/Qwen2-1.5B-Instruct,1.0,0,logiqa,0.0
55,1.625,0.19691167520419406,Qwen/Qwen2-1.5B-Instruct,0.0,0,logiqa,0.0
56,0.08984375,0.9140739981758944,Qwen/Qwen2-1.5B-Instruct,1.0,0,logiqa,0.0
57,1.84375,0.15822297604949842,Qwen/Qwen2-1.5B-Instruct,0.0,0,logiqa,0.0
58,1.59375,0.20316232275153173,Qwen/Qwen2-1.5B-Instruct,0.0,0,logiqa,0.0
59,0.93359375,0.39313832776388624,Qwen/Qwen2-1.5B-Instruct,1.0,0,logiqa,0.0
60,1.7734375,0.16974847438608623,Qwen/Qwen2-1.5B-Instruct,0.0,0,logiqa,0.0
61,0.216796875,0.8050934873117519,Qwen/Qwen2-1.5B-Instruct,1.0,0,logiqa,0.0
62,0.11083984375,0.8950820904412523,Qwen/Qwen2-1.5B-Instruct,1.0,0,logiqa,0.0
63,1.1953125,0.30260937397538795,Qwen/Qwen2-1.5B-Instruct,0.0,0,logiqa,0.0
64,2.25,0.10539922456186433,Qwen/Qwen2-1.5B-Instruct,0.0,0,logiqa,0.0
65,0.490234375,0.612482826698251,Qwen/Qwen2-1.5B-Instruct,1.0,0,logiqa,0.0
66,0.216796875,0.8050934873117519,Qwen/Qwen2-1.5B-Instruct,1.0,0,logiqa,0.0
67,0.341796875,0.7104925088436513,Qwen/Qwen2-1.5B-Instruct,1.0,0,logiqa,0.0
68,2.5,0.0820849986238988,Qwen/Qwen2-1.5B-Instruct,0.0,0,logiqa,0.0
69,0.435546875,0.64691079098504,Qwen/Qwen2-1.5B-Instruct,1.0,0,logiqa,0.0
70,4.71875,0.008926329489511324,Qwen/Qwen2-1.5B-Instruct,0.0,0,logiqa,0.0
71,0.03076171875,0.9697066084520289,Qwen/Qwen2-1.5B-Instruct,1.0,0,logiqa,0.0
72,1.4140625,0.2431534629991392,Qwen/Qwen2-1.5B-Instruct,0.0,0,logiqa,0.0
73,2.796875,0.06100039130459344,Qwen/Qwen2-1.5B-Instruct,0.0,0,logiqa,0.0
74,1.015625,0.3621759990808257,Qwen/Qwen2-1.5B-Instruct,1.0,0,logiqa,0.0
75,1.3125,0.26914634872918386,Qwen/Qwen2-1.5B-Instruct,0.0,0,logiqa,0.0
76,2.6875,0.0680508540250102,Qwen/Qwen2-1.5B-Instruct,0.0,0,logiqa,0.0
77,3.0,0.049787068367863944,Qwen/Qwen2-1.5B-Instruct,0.0,0,logiqa,0.0
78,2.21875,0.10874495509722103,Qwen/Qwen2-1.5B-Instruct,0.0,0,logiqa,0.0
79,3.21875,0.04000503331137926,Qwen/Qwen2-1.5B-Instruct,0.0,0,logiqa,0.0
80,1.109375,0.3297649998062575,Qwen/Qwen2-1.5B-Instruct,0.0,0,logiqa,0.0
81,2.03125,0.13117145431019428,Qwen/Qwen2-1.5B-Instruct,0.0,0,logiqa,0.0
82,1.3203125,0.26705183522634335,Qwen/Qwen2-1.5B-Instruct,0.0,0,logiqa,0.0
1,1.578125,0.20636166380601706,Qwen/Qwen2-1.5B-Instruct,0.0,0,logiqa,0.0
2,2.453125,0.08602433995839362,Qwen/Qwen2-1.5B-Instruct,0.0,0,logiqa,0.0
3,2.9375,0.0529980584033558,Qwen/Qwen2-1.5B-Instruct,0.0,0,logiqa,0.0
4,1.9375,0.14406365910145327,Qwen/Qwen2-1.5B-Instruct,0.0,0,logiqa,0.0
5,1.890625,0.1509774184559146,Qwen/Qwen2-1.5B-Instruct,0.0,0,logiqa,0.0
6,1.375,0.25283959580474646,Qwen/Qwen2-1.5B-Instruct,0.0,0,logiqa,0.0
7,0.038330078125,0.9623952228475297,Qwen/Qwen2-1.5B-Instruct,1.0,0,logiqa,0.0
8,0.12451171875,0.8829279144942641,Qwen/Qwen2-1.5B-Instruct,1.0,0,logiqa,0.0
9,1.2421875,0.2887518818320782,Qwen/Qwen2-1.5B-Instruct,0.0,0,logiqa,0.0
10,1.921875,0.1463323316229146,Qwen/Qwen2-1.5B-Instruct,0.0,0,logiqa,0.0
11,0.10400390625,0.9012217770167625,Qwen/Qwen2-1.5B-Instruct,1.0,0,logiqa,0.0
12,0.6484375,0.5228621108821537,Qwen/Qwen2-1.5B-Instruct,1.0,0,logiqa,0.0
13,2.3125,0.0990134083638263,Qwen/Qwen2-1.5B-Instruct,0.0,0,logiqa,0.0
14,0.390625,0.676633846161729,Qwen/Qwen2-1.5B-Instruct,1.0,0,logiqa,0.0
15,1.09375,0.33495804292529496,Qwen/Qwen2-1.5B-Instruct,1.0,0,logiqa,0.0
16,1.609375,0.2000125828826258,Qwen/Qwen2-1.5B-Instruct,0.0,0,logiqa,0.0
17,0.69140625,0.5008712234296745,Qwen/Qwen2-1.5B-Instruct,1.0,0,logiqa,0.0
18,2.296875,0.10057264266491435,Qwen/Qwen2-1.5B-Instruct,0.0,0,logiqa,0.0
19,0.4609375,0.6306920944221607,Qwen/Qwen2-1.5B-Instruct,1.0,0,logiqa,0.0
20,1.4765625,0.2284215394097245,Qwen/Qwen2-1.5B-Instruct,0.0,0,logiqa,0.0
21,0.1318359375,0.8764847815685415,Qwen/Qwen2-1.5B-Instruct,1.0,0,logiqa,0.0
22,2.484375,0.08337764926156645,Qwen/Qwen2-1.5B-Instruct,0.0,0,logiqa,0.0
23,5.3125,0.004929587331545052,Qwen/Qwen2-1.5B-Instruct,0.0,0,logiqa,0.0
24,2.1875,0.11219689052034373,Qwen/Qwen2-1.5B-Instruct,0.0,0,logiqa,0.0
25,1.4453125,0.23567241741677974,Qwen/Qwen2-1.5B-Instruct,0.0,0,logiqa,0.0
26,0.62890625,0.5331746419722976,Qwen/Qwen2-1.5B-Instruct,1.0,0,logiqa,0.0
27,1.4140625,0.2431534629991392,Qwen/Qwen2-1.5B-Instruct,0.0,0,logiqa,0.0
28,1.1875,0.3049827687110593,Qwen/Qwen2-1.5B-Instruct,0.0,0,logiqa,0.0
29,0.038330078125,0.9623952228475297,Qwen/Qwen2-1.5B-Instruct,1.0,0,logiqa,0.0
30,0.5,0.6065306597126334,Qwen/Qwen2-1.5B-Instruct,1.0,0,logiqa,0.0
31,1.0859375,0.3375851514160396,Qwen/Qwen2-1.5B-Instruct,0.0,0,logiqa,0.0
32,0.69140625,0.5008712234296745,Qwen/Qwen2-1.5B-Instruct,1.0,0,logiqa,0.0
33,3.4375,0.03214494732687607,Qwen/Qwen2-1.5B-Instruct,0.0,0,logiqa,0.0
34,2.15625,0.11575840213626322,Qwen/Qwen2-1.5B-Instruct,0.0,0,logiqa,0.0
35,2.578125,0.0759162135601666,Qwen/Qwen2-1.5B-Instruct,0.0,0,logiqa,0.0
36,1.390625,0.2489196812036605,Qwen/Qwen2-1.5B-Instruct,0.0,0,logiqa,0.0
37,0.486328125,0.6148800167035864,Qwen/Qwen2-1.5B-Instruct,1.0,0,logiqa,0.0
38,2.96875,0.05136747956725073,Qwen/Qwen2-1.5B-Instruct,0.0,0,logiqa,0.0
39,0.271484375,0.76224719348739,Qwen/Qwen2-1.5B-Instruct,1.0,0,logiqa,0.0
40,1.0390625,0.353786201098432,Qwen/Qwen2-1.5B-Instruct,1.0,0,logiqa,0.0
41,1.375,0.25283959580474646,Qwen/Qwen2-1.5B-Instruct,0.0,0,logiqa,0.0
42,0.2294921875,0.7949371790602927,Qwen/Qwen2-1.5B-Instruct,1.0,0,logiqa,0.0
43,0.6484375,0.5228621108821537,Qwen/Qwen2-1.5B-Instruct,1.0,0,logiqa,0.0
44,0.306640625,0.7359150228524268,Qwen/Qwen2-1.5B-Instruct,1.0,0,logiqa,0.0
45,0.2353515625,0.7902929634144612,Qwen/Qwen2-1.5B-Instruct,1.0,0,logiqa,0.0
46,2.625,0.07243975703425146,Qwen/Qwen2-1.5B-Instruct,0.0,0,logiqa,0.0
47,1.90625,0.1486367305381225,Qwen/Qwen2-1.5B-Instruct,0.0,0,logiqa,0.0
48,1.171875,0.30978554847668166,Qwen/Qwen2-1.5B-Instruct,0.0,0,logiqa,0.0
49,2.5,0.0820849986238988,Qwen/Qwen2-1.5B-Instruct,0.0,0,logiqa,0.0
50,2.640625,0.07131668269775804,Qwen/Qwen2-1.5B-Instruct,0.0,0,logiqa,0.0
51,2.0625,0.1271357329320356,Qwen/Qwen2-1.5B-Instruct,0.0,0,logiqa,0.0
52,0.08984375,0.9140739981758944,Qwen/Qwen2-1.5B-Instruct,1.0,0,logiqa,0.0
53,1.515625,0.21967084765457534,Qwen/Qwen2-1.5B-Instruct,0.0,0,logiqa,0.0
54,1.5078125,0.221393747466153,Qwen/Qwen2-1.5B-Instruct,0.0,0,logiqa,0.0
55,1.3828125,0.25087198245993886,Qwen/Qwen2-1.5B-Instruct,0.0,0,logiqa,0.0
56,2.546875,0.07832605286299588,Qwen/Qwen2-1.5B-Instruct,0.0,0,logiqa,0.0
57,0.248046875,0.7803233647630088,Qwen/Qwen2-1.5B-Instruct,1.0,0,logiqa,0.0
58,1.8984375,0.14980250286418162,Qwen/Qwen2-1.5B-Instruct,0.0,0,logiqa,0.0
59,0.10400390625,0.9012217770167625,Qwen/Qwen2-1.5B-Instruct,1.0,0,logiqa,0.0
60,2.234375,0.10705902083552722,Qwen/Qwen2-1.5B-Instruct,0.0,0,logiqa,0.0
61,1.59375,0.20316232275153173,Qwen/Qwen2-1.5B-Instruct,0.0,0,logiqa,0.0
62,2.5,0.0820849986238988,Qwen/Qwen2-1.5B-Instruct,0.0,0,logiqa,0.0
63,1.625,0.19691167520419406,Qwen/Qwen2-1.5B-Instruct,0.0,0,logiqa,0.0
64,1.9296875,0.14519356438370257,Qwen/Qwen2-1.5B-Instruct,0.0,0,logiqa,0.0
65,1.34375,0.26086558612628497,Qwen/Qwen2-1.5B-Instruct,0.0,0,logiqa,0.0
66,0.1982421875,0.8201711938713908,Qwen/Qwen2-1.5B-Instruct,1.0,0,logiqa,0.0
67,2.265625,0.10376516104428837,Qwen/Qwen2-1.5B-Instruct,0.0,0,logiqa,0.0
68,1.75,0.17377394345044514,Qwen/Qwen2-1.5B-Instruct,0.0,0,logiqa,0.0
69,1.390625,0.2489196812036605,Qwen/Qwen2-1.5B-Instruct,0.0,0,logiqa,0.0
70,1.3125,0.26914634872918386,Qwen/Qwen2-1.5B-Instruct,1.0,0,logiqa,0.0
71,1.265625,0.28206295169381546,Qwen/Qwen2-1.5B-Instruct,0.0,0,logiqa,0.0
72,2.53125,0.07955950871822769,Qwen/Qwen2-1.5B-Instruct,0.0,0,logiqa,0.0
73,1.15625,0.314663961018459,Qwen/Qwen2-1.5B-Instruct,1.0,0,logiqa,0.0
74,0.78125,0.45783336177161427,Qwen/Qwen2-1.5B-Instruct,1.0,0,logiqa,0.0
75,1.1640625,0.31221522664653706,Qwen/Qwen2-1.5B-Instruct,0.0,0,logiqa,0.0
76,0.171875,0.8420844271433824,Qwen/Qwen2-1.5B-Instruct,1.0,0,logiqa,0.0
77,0.0751953125,0.9275623041230301,Qwen/Qwen2-1.5B-Instruct,1.0,0,logiqa,0.0
78,0.10400390625,0.9012217770167625,Qwen/Qwen2-1.5B-Instruct,1.0,0,logiqa,0.0
79,0.58203125,0.5587622272904076,Qwen/Qwen2-1.5B-Instruct,1.0,0,logiqa,0.0
80,1.296875,0.27338478699614155,Qwen/Qwen2-1.5B-Instruct,0.0,0,logiqa,0.0
81,0.0155029296875,0.9846166221284973,Qwen/Qwen2-1.5B-Instruct,1.0,0,logiqa,0.0
1,0.6171875,0.5394595359337269,Qwen/Qwen2-1.5B-Instruct,1.0,0,logiqa,0.0
2,0.038330078125,0.9623952228475297,Qwen/Qwen2-1.5B-Instruct,1.0,0,logiqa,0.0
3,0.1787109375,0.8363476211932502,Qwen/Qwen2-1.5B-Instruct,1.0,0,logiqa,0.0
4,1.8046875,0.16452586287665122,Qwen/Qwen2-1.5B-Instruct,0.0,0,logiqa,0.0
5,5.5,0.004086771438464067,Qwen/Qwen2-1.5B-Instruct,0.0,0,logiqa,0.0
6,1.5234375,0.21796135555570278,Qwen/Qwen2-1.5B-Instruct,0.0,0,logiqa,0.0
7,0.6796875,0.5067753349154387,Qwen/Qwen2-1.5B-Instruct,1.0,0,logiqa,0.0
8,2.375,0.09301448921066349,Qwen/Qwen2-1.5B-Instruct,0.0,0,logiqa,0.0
9,0.8984375,0.407205421393389,Qwen/Qwen2-1.5B-Instruct,1.0,0,logiqa,0.0
10,1.8125,0.1632455124539584,Qwen/Qwen2-1.5B-Instruct,0.0,0,logiqa,0.0
11,0.345703125,0.7077225610574206,Qwen/Qwen2-1.5B-Instruct,1.0,0,logiqa,0.0
12,1.5625,0.2096113871510978,Qwen/Qwen2-1.5B-Instruct,0.0,0,logiqa,0.0
13,0.0155029296875,0.9846166221284973,Qwen/Qwen2-1.5B-Instruct,1.0,0,logiqa,0.0
14,1.109375,0.3297649998062575,Qwen/Qwen2-1.5B-Instruct,1.0,0,logiqa,0.0
15,1.71875,0.17929012055011864,Qwen/Qwen2-1.5B-Instruct,0.0,0,logiqa,0.0
16,0.007781982421875,0.9922482188107336,Qwen/Qwen2-1.5B-Instruct,1.0,0,logiqa,0.0
17,4.75,0.008651695203120634,Qwen/Qwen2-1.5B-Instruct,0.0,0,logiqa,0.0
18,4.0625,0.017205950425851383,Qwen/Qwen2-1.5B-Instruct,0.0,0,logiqa,0.0
19,1.546875,0.21291228619240427,Qwen/Qwen2-1.5B-Instruct,0.0,0,logiqa,0.0
20,1.59375,0.20316232275153173,Qwen/Qwen2-1.5B-Instruct,0.0,0,logiqa,0.0
21,2.421875,0.08875504563653425,Qwen/Qwen2-1.5B-Instruct,0.0,0,logiqa,0.0
22,1.640625,0.19385884264329528,Qwen/Qwen2-1.5B-Instruct,0.0,0,logiqa,0.0
23,1.6015625,0.20158130101268698,Qwen/Qwen2-1.5B-Instruct,0.0,0,logiqa,0.0
24,2.15625,0.11575840213626322,Qwen/Qwen2-1.5B-Instruct,0.0,0,logiqa,0.0
25,0.609375,0.5436905695130004,Qwen/Qwen2-1.5B-Instruct,1.0,0,logiqa,0.0
26,1.78125,0.16842748127818424,Qwen/Qwen2-1.5B-Instruct,0.0,0,logiqa,0.0
27,2.140625,0.11758133171956547,Qwen/Qwen2-1.5B-Instruct,0.0,0,logiqa,0.0
28,1.6796875,0.18643222700816212,Qwen/Qwen2-1.5B-Instruct,0.0,0,logiqa,0.0
29,1.078125,0.34023286457404905,Qwen/Qwen2-1.5B-Instruct,0.0,0,logiqa,0.0
30,2.75,0.06392786120670757,Qwen/Qwen2-1.5B-Instruct,0.0,0,logiqa,0.0
31,1.625,0.19691167520419406,Qwen/Qwen2-1.5B-Instruct,0.0,0,logiqa,0.0
32,0.271484375,0.76224719348739,Qwen/Qwen2-1.5B-Instruct,1.0,0,logiqa,0.0
33,1.71875,0.17929012055011864,Qwen/Qwen2-1.5B-Instruct,0.0,0,logiqa,0.0
34,0.59375,0.5522524501630204,Qwen/Qwen2-1.5B-Instruct,1.0,0,logiqa,0.0
35,0.470703125,0.6245629680224108,Qwen/Qwen2-1.5B-Instruct,1.0,0,logiqa,0.0
36,0.1650390625,0.847860583886983,Qwen/Qwen2-1.5B-Instruct,1.0,0,logiqa,0.0
37,3.28125,0.037581250870997916,Qwen/Qwen2-1.5B-Instruct,0.0,0,logiqa,0.0
38,1.25,0.2865047968601901,Qwen/Qwen2-1.5B-Instruct,0.0,0,logiqa,0.0
39,2.34375,0.09596708604499847,Qwen/Qwen2-1.5B-Instruct,0.0,0,logiqa,0.0
40,0.0751953125,0.9275623041230301,Qwen/Qwen2-1.5B-Instruct,1.0,0,logiqa,0.0
41,1.25,0.2865047968601901,Qwen/Qwen2-1.5B-Instruct,0.0,0,logiqa,0.0
42,2.265625,0.10376516104428837,Qwen/Qwen2-1.5B-Instruct,0.0,0,logiqa,0.0
43,0.99609375,0.3693192805940405,Qwen/Qwen2-1.5B-Instruct,1.0,0,logiqa,0.0
44,1.0625,0.3455907525769745,Qwen/Qwen2-1.5B-Instruct,1.0,0,logiqa,0.0
45,1.0,0.36787944117144233,Qwen/Qwen2-1.5B-Instruct,0.0,0,logiqa,0.0
46,1.0390625,0.353786201098432,Qwen/Qwen2-1.5B-Instruct,1.0,0,logiqa,0.0
47,1.6953125,0.18354186323251906,Qwen/Qwen2-1.5B-Instruct,0.0,0,logiqa,0.0
48,0.259765625,0.7712323221982079,Qwen/Qwen2-1.5B-Instruct,1.0,0,logiqa,0.0
49,0.890625,0.41039917309637,Qwen/Qwen2-1.5B-Instruct,1.0,0,logiqa,0.0
50,1.65625,0.19085333986431632,Qwen/Qwen2-1.5B-Instruct,0.0,0,logiqa,0.0
51,0.1650390625,0.847860583886983,Qwen/Qwen2-1.5B-Instruct,1.0,0,logiqa,0.0
52,0.81640625,0.44201730327044453,Qwen/Qwen2-1.5B-Instruct,1.0,0,logiqa,0.0
53,2.203125,0.1104574389603643,Qwen/Qwen2-1.5B-Instruct,0.0,0,logiqa,0.0
54,1.2578125,0.2842751988422877,Qwen/Qwen2-1.5B-Instruct,0.0,0,logiqa,0.0
55,1.796875,0.1658162552121675,Qwen/Qwen2-1.5B-Instruct,0.0,0,logiqa,0.0
56,1.359375,0.25682124007865503,Qwen/Qwen2-1.5B-Instruct,0.0,0,logiqa,0.0
57,3.0625,0.04677062238395898,Qwen/Qwen2-1.5B-Instruct,0.0,0,logiqa,0.0
58,2.71875,0.06595714935553817,Qwen/Qwen2-1.5B-Instruct,0.0,0,logiqa,0.0
59,1.828125,0.16071462536804407,Qwen/Qwen2-1.5B-Instruct,0.0,0,logiqa,0.0
60,3.359375,0.034756975267222885,Qwen/Qwen2-1.5B-Instruct,0.0,0,logiqa,0.0
61,0.15234375,0.8586930542645764,Qwen/Qwen2-1.5B-Instruct,1.0,0,logiqa,0.0
62,0.390625,0.676633846161729,Qwen/Qwen2-1.5B-Instruct,1.0,0,logiqa,0.0
63,0.19140625,0.8257970399501007,Qwen/Qwen2-1.5B-Instruct,1.0,0,logiqa,0.0
64,4.4375,0.011825465259096618,Qwen/Qwen2-1.5B-Instruct,0.0,0,logiqa,0.0
65,2.90625,0.05468039736791477,Qwen/Qwen2-1.5B-Instruct,0.0,0,logiqa,0.0
66,1.1953125,0.30260937397538795,Qwen/Qwen2-1.5B-Instruct,1.0,0,logiqa,0.0
67,1.296875,0.27338478699614155,Qwen/Qwen2-1.5B-Instruct,0.0,0,logiqa,0.0
68,2.3125,0.0990134083638263,Qwen/Qwen2-1.5B-Instruct,0.0,0,logiqa,0.0
69,4.78125,0.008385510525424083,Qwen/Qwen2-1.5B-Instruct,0.0,0,logiqa,0.0
70,0.6328125,0.5310959910353452,Qwen/Qwen2-1.5B-Instruct,1.0,0,logiqa,0.0
71,0.451171875,0.6368813687851224,Qwen/Qwen2-1.5B-Instruct,1.0,0,logiqa,0.0
72,0.76171875,0.46686331570996537,Qwen/Qwen2-1.5B-Instruct,1.0,0,logiqa,0.0
73,1.625,0.19691167520419406,Qwen/Qwen2-1.5B-Instruct,0.0,0,logiqa,0.0
74,0.283203125,0.7533667446967807,Qwen/Qwen2-1.5B-Instruct,1.0,0,logiqa,0.0
75,1.8359375,0.15946393423094812,Qwen/Qwen2-1.5B-Instruct,0.0,0,logiqa,0.0
76,2.421875,0.08875504563653425,Qwen/Qwen2-1.5B-Instruct,0.0,0,logiqa,0.0
77,0.06787109375,0.9343809133539388,Qwen/Qwen2-1.5B-Instruct,1.0,0,logiqa,0.0
78,3.703125,0.024646386044811498,Qwen/Qwen2-1.5B-Instruct,0.0,0,logiqa,0.0
79,1.625,0.19691167520419406,Qwen/Qwen2-1.5B-Instruct,0.0,0,logiqa,0.0
80,4.09375,0.016676578983487567,Qwen/Qwen2-1.5B-Instruct,0.0,0,logiqa,0.0
81,1.90625,0.1486367305381225,Qwen/Qwen2-1.5B-Instruct,0.0,0,logiqa,0.0
1,0.08984375,0.9140739981758944,Qwen/Qwen2-1.5B-Instruct,1.0,0,logiqa,0.0
2,0.3125,0.7316156289466418,Qwen/Qwen2-1.5B-Instruct,1.0,0,logiqa,0.0
3,1.21875,0.29559943537737077,Qwen/Qwen2-1.5B-Instruct,0.0,0,logiqa,0.0
4,0.97265625,0.3780774349414026,Qwen/Qwen2-1.5B-Instruct,0.0,0,logiqa,0.0
5,1.734375,0.17651048487186194,Qwen/Qwen2-1.5B-Instruct,0.0,0,logiqa,0.0
6,1.1015625,0.3323513787550223,Qwen/Qwen2-1.5B-Instruct,0.0,0,logiqa,0.0
7,0.51953125,0.5947992948032403,Qwen/Qwen2-1.5B-Instruct,1.0,0,logiqa,0.0
8,0.76171875,0.46686331570996537,Qwen/Qwen2-1.5B-Instruct,1.0,0,logiqa,0.0
9,3.0,0.049787068367863944,Qwen/Qwen2-1.5B-Instruct,0.0,0,logiqa,0.0
10,4.75,0.008651695203120634,Qwen/Qwen2-1.5B-Instruct,0.0,0,logiqa,0.0
11,0.1787109375,0.8363476211932502,Qwen/Qwen2-1.5B-Instruct,1.0,0,logiqa,0.0
12,0.038330078125,0.9623952228475297,Qwen/Qwen2-1.5B-Instruct,1.0,0,logiqa,0.0
13,1.890625,0.1509774184559146,Qwen/Qwen2-1.5B-Instruct,0.0,0,logiqa,0.0
14,4.0,0.01831563888873418,Qwen/Qwen2-1.5B-Instruct,0.0,0,logiqa,0.0
15,1.90625,0.1486367305381225,Qwen/Qwen2-1.5B-Instruct,0.0,0,logiqa,0.0
16,0.11767578125,0.8889842312518604,Qwen/Qwen2-1.5B-Instruct,1.0,0,logiqa,0.0
17,2.65625,0.07021102001498804,Qwen/Qwen2-1.5B-Instruct,0.0,0,logiqa,0.0
18,0.0155029296875,0.9846166221284973,Qwen/Qwen2-1.5B-Instruct,1.0,0,logiqa,0.0
19,3.484375,0.030672923016533588,Qwen/Qwen2-1.5B-Instruct,0.0,0,logiqa,0.0
20,1.984375,0.13746650383851944,Qwen/Qwen2-1.5B-Instruct,0.0,0,logiqa,0.0
21,0.921875,0.39777251796661167,Qwen/Qwen2-1.5B-Instruct,0.0,0,logiqa,0.0
22,1.25,0.2865047968601901,Qwen/Qwen2-1.5B-Instruct,0.0,0,logiqa,0.0
23,4.5625,0.010435936462774504,Qwen/Qwen2-1.5B-Instruct,0.0,0,logiqa,0.0
24,1.46875,0.23021307174736147,Qwen/Qwen2-1.5B-Instruct,0.0,0,logiqa,0.0
25,1.375,0.25283959580474646,Qwen/Qwen2-1.5B-Instruct,0.0,0,logiqa,0.0
26,0.67578125,0.5087587974957017,Qwen/Qwen2-1.5B-Instruct,1.0,0,logiqa,0.0
27,1.65625,0.19085333986431632,Qwen/Qwen2-1.5B-Instruct,0.0,0,logiqa,0.0
28,0.3515625,0.7035878743456275,Qwen/Qwen2-1.5B-Instruct,1.0,0,logiqa,0.0
29,1.640625,0.19385884264329528,Qwen/Qwen2-1.5B-Instruct,0.0,0,logiqa,0.0
30,0.86328125,0.4217758572543825,Qwen/Qwen2-1.5B-Instruct,1.0,0,logiqa,0.0
31,0.890625,0.41039917309637,Qwen/Qwen2-1.5B-Instruct,1.0,0,logiqa,0.0
32,0.8671875,0.42013150902052315,Qwen/Qwen2-1.5B-Instruct,0.0,0,logiqa,0.0
33,1.078125,0.34023286457404905,Qwen/Qwen2-1.5B-Instruct,1.0,0,logiqa,0.0
34,3.28125,0.037581250870997916,Qwen/Qwen2-1.5B-Instruct,0.0,0,logiqa,0.0
35,0.08984375,0.9140739981758944,Qwen/Qwen2-1.5B-Instruct,1.0,0,logiqa,0.0
36,2.25,0.10539922456186433,Qwen/Qwen2-1.5B-Instruct,0.0,0,logiqa,0.0
37,0.369140625,0.6913281855882473,Qwen/Qwen2-1.5B-Instruct,1.0,0,logiqa,0.0
38,0.74609375,0.4742153431555798,Qwen/Qwen2-1.5B-Instruct,1.0,0,logiqa,0.0
39,1.3984375,0.24698257287629313,Qwen/Qwen2-1.5B-Instruct,0.0,0,logiqa,0.0
40,0.466796875,0.6270074383640806,Qwen/Qwen2-1.5B-Instruct,1.0,0,logiqa,0.0
41,0.78125,0.45783336177161427,Qwen/Qwen2-1.5B-Instruct,1.0,0,logiqa,0.0
42,2.078125,0.1251646760876602,Qwen/Qwen2-1.5B-Instruct,0.0,0,logiqa,0.0
43,0.007781982421875,0.9922482188107336,Qwen/Qwen2-1.5B-Instruct,1.0,0,logiqa,0.0
44,2.21875,0.10874495509722103,Qwen/Qwen2-1.5B-Instruct,0.0,0,logiqa,0.0
45,2.203125,0.1104574389603643,Qwen/Qwen2-1.5B-Instruct,0.0,0,logiqa,0.0
46,0.1982421875,0.8201711938713908,Qwen/Qwen2-1.5B-Instruct,1.0,0,logiqa,0.0
47,1.7890625,0.16711676822020574,Qwen/Qwen2-1.5B-Instruct,0.0,0,logiqa,0.0
48,0.63671875,0.5290254439903966,Qwen/Qwen2-1.5B-Instruct,1.0,0,logiqa,0.0
49,3.953125,0.019194624751579337,Qwen/Qwen2-1.5B-Instruct,0.0,0,logiqa,0.0
50,1.234375,0.29101659090983195,Qwen/Qwen2-1.5B-Instruct,1.0,0,logiqa,0.0
51,0.22265625,0.8003899360518268,Qwen/Qwen2-1.5B-Instruct,1.0,0,logiqa,0.0
52,0.0155029296875,0.9846166221284973,Qwen/Qwen2-1.5B-Instruct,1.0,0,logiqa,0.0
53,0.060546875,0.941249646907103,Qwen/Qwen2-1.5B-Instruct,1.0,0,logiqa,0.0
54,0.0966796875,0.9078467542291261,Qwen/Qwen2-1.5B-Instruct,1.0,0,logiqa,0.0
55,2.09375,0.12322417764723749,Qwen/Qwen2-1.5B-Instruct,0.0,0,logiqa,0.0
56,1.09375,0.33495804292529496,Qwen/Qwen2-1.5B-Instruct,0.0,0,logiqa,0.0
57,1.484375,0.22664394888734782,Qwen/Qwen2-1.5B-Instruct,0.0,0,logiqa,0.0
58,3.5,0.0301973834223185,Qwen/Qwen2-1.5B-Instruct,0.0,0,logiqa,0.0
59,1.53125,0.2162651668298873,Qwen/Qwen2-1.5B-Instruct,0.0,0,logiqa,0.0
60,1.71875,0.17929012055011864,Qwen/Qwen2-1.5B-Instruct,0.0,0,logiqa,0.0
61,1.2421875,0.2887518818320782,Qwen/Qwen2-1.5B-Instruct,1.0,0,logiqa,0.0
62,1.390625,0.2489196812036605,Qwen/Qwen2-1.5B-Instruct,0.0,0,logiqa,0.0
63,1.3125,0.26914634872918386,Qwen/Qwen2-1.5B-Instruct,0.0,0,logiqa,0.0
64,1.171875,0.30978554847668166,Qwen/Qwen2-1.5B-Instruct,1.0,0,logiqa,0.0
65,4.28125,0.013825369568946493,Qwen/Qwen2-1.5B-Instruct,0.0,0,logiqa,0.0
66,0.41015625,0.663546562885513,Qwen/Qwen2-1.5B-Instruct,1.0,0,logiqa,0.0
67,2.78125,0.061961007690531984,Qwen/Qwen2-1.5B-Instruct,0.0,0,logiqa,0.0
68,0.5,0.6065306597126334,Qwen/Qwen2-1.5B-Instruct,1.0,0,logiqa,0.0
69,3.09375,0.045331641611676264,Qwen/Qwen2-1.5B-Instruct,0.0,0,logiqa,0.0
70,1.3203125,0.26705183522634335,Qwen/Qwen2-1.5B-Instruct,0.0,0,logiqa,0.0
71,4.375,0.012588142242433998,Qwen/Qwen2-1.5B-Instruct,0.0,0,logiqa,0.0
72,1.671875,0.18789443308700168,Qwen/Qwen2-1.5B-Instruct,0.0,0,logiqa,0.0
73,1.265625,0.28206295169381546,Qwen/Qwen2-1.5B-Instruct,0.0,0,logiqa,0.0
74,1.8125,0.1632455124539584,Qwen/Qwen2-1.5B-Instruct,0.0,0,logiqa,0.0
75,1.09375,0.33495804292529496,Qwen/Qwen2-1.5B-Instruct,0.0,0,logiqa,0.0
76,2.390625,0.09157243321777621,Qwen/Qwen2-1.5B-Instruct,0.0,0,logiqa,0.0
77,1.59375,0.20316232275153173,Qwen/Qwen2-1.5B-Instruct,0.0,0,logiqa,0.0
78,5.03125,0.006530642163653784,Qwen/Qwen2-1.5B-Instruct,0.0,0,logiqa,0.0
79,1.8125,0.1632455124539584,Qwen/Qwen2-1.5B-Instruct,0.0,0,logiqa,0.0
1,1.6328125,0.19537929639047613,Qwen/Qwen2-1.5B-Instruct,1.0,0,logiqa,0.0
2,4.375,0.012588142242433998,Qwen/Qwen2-1.5B-Instruct,0.0,0,logiqa,0.0
3,0.1982421875,0.8201711938713908,Qwen/Qwen2-1.5B-Instruct,1.0,0,logiqa,0.0
4,1.15625,0.314663961018459,Qwen/Qwen2-1.5B-Instruct,0.0,0,logiqa,0.0
5,5.375,0.004630918733533246,Qwen/Qwen2-1.5B-Instruct,0.0,0,logiqa,0.0
6,0.8515625,0.4267476175926629,Qwen/Qwen2-1.5B-Instruct,1.0,0,logiqa,0.0
7,5.03125,0.006530642163653784,Qwen/Qwen2-1.5B-Instruct,0.0,0,logiqa,0.0
8,1.8046875,0.16452586287665122,Qwen/Qwen2-1.5B-Instruct,0.0,0,logiqa,0.0
9,3.484375,0.030672923016533588,Qwen/Qwen2-1.5B-Instruct,0.0,0,logiqa,0.0
10,1.796875,0.1658162552121675,Qwen/Qwen2-1.5B-Instruct,0.0,0,logiqa,0.0
11,1.359375,0.25682124007865503,Qwen/Qwen2-1.5B-Instruct,0.0,0,logiqa,0.0
12,3.71875,0.02426427924617674,Qwen/Qwen2-1.5B-Instruct,0.0,0,logiqa,0.0
13,1.03125,0.356560980663947,Qwen/Qwen2-1.5B-Instruct,0.0,0,logiqa,0.0
14,1.7578125,0.17242162389375282,Qwen/Qwen2-1.5B-Instruct,0.0,0,logiqa,0.0
15,2.0625,0.1271357329320356,Qwen/Qwen2-1.5B-Instruct,0.0,0,logiqa,0.0
16,1.3984375,0.24698257287629313,Qwen/Qwen2-1.5B-Instruct,0.0,0,logiqa,0.0
17,0.038330078125,0.9623952228475297,Qwen/Qwen2-1.5B-Instruct,1.0,0,logiqa,0.0
18,1.0,0.36787944117144233,Qwen/Qwen2-1.5B-Instruct,0.0,0,logiqa,0.0
19,1.4609375,0.23201865524727103,Qwen/Qwen2-1.5B-Instruct,0.0,0,logiqa,0.0
20,2.78125,0.061961007690531984,Qwen/Qwen2-1.5B-Instruct,0.0,0,logiqa,0.0
21,1.65625,0.19085333986431632,Qwen/Qwen2-1.5B-Instruct,0.0,0,logiqa,0.0
22,0.248046875,0.7803233647630088,Qwen/Qwen2-1.5B-Instruct,1.0,0,logiqa,0.0
23,0.0458984375,0.9551389635657673,Qwen/Qwen2-1.5B-Instruct,1.0,0,logiqa,0.0
24,1.3828125,0.25087198245993886,Qwen/Qwen2-1.5B-Instruct,0.0,0,logiqa,0.0
25,0.1455078125,0.8645831354918224,Qwen/Qwen2-1.5B-Instruct,1.0,0,logiqa,0.0
26,1.75,0.17377394345044514,Qwen/Qwen2-1.5B-Instruct,0.0,0,logiqa,0.0
27,0.416015625,0.6596699630606897,Qwen/Qwen2-1.5B-Instruct,1.0,0,logiqa,0.0
28,0.03076171875,0.9697066084520289,Qwen/Qwen2-1.5B-Instruct,1.0,0,logiqa,0.0
29,2.09375,0.12322417764723749,Qwen/Qwen2-1.5B-Instruct,0.0,0,logiqa,0.0
30,4.625,0.009803655035821828,Qwen/Qwen2-1.5B-Instruct,0.0,0,logiqa,0.0
31,2.859375,0.057304564428268645,Qwen/Qwen2-1.5B-Instruct,0.0,0,logiqa,0.0
32,0.2294921875,0.7949371790602927,Qwen/Qwen2-1.5B-Instruct,1.0,0,logiqa,0.0
33,2.578125,0.0759162135601666,Qwen/Qwen2-1.5B-Instruct,0.0,0,logiqa,0.0
34,1.8359375,0.15946393423094812,Qwen/Qwen2-1.5B-Instruct,0.0,0,logiqa,0.0
35,0.007781982421875,0.9922482188107336,Qwen/Qwen2-1.5B-Instruct,1.0,0,logiqa,0.0
36,0.7890625,0.4542704742837873,Qwen/Qwen2-1.5B-Instruct,1.0,0,logiqa,0.0
37,3.015625,0.049015191417106724,Qwen/Qwen2-1.5B-Instruct,0.0,0,logiqa,0.0
38,3.234375,0.039384812757335554,Qwen/Qwen2-1.5B-Instruct,0.0,0,logiqa,0.0
39,1.0234375,0.35935752309532076,Qwen/Qwen2-1.5B-Instruct,0.0,0,logiqa,0.0
40,0.84375,0.43009464064006225,Qwen/Qwen2-1.5B-Instruct,1.0,0,logiqa,0.0
41,2.03125,0.13117145431019428,Qwen/Qwen2-1.5B-Instruct,0.0,0,logiqa,0.0
42,3.140625,0.043255754605187734,Qwen/Qwen2-1.5B-Instruct,0.0,0,logiqa,0.0
43,1.640625,0.19385884264329528,Qwen/Qwen2-1.5B-Instruct,0.0,0,logiqa,0.0
44,2.171875,0.1139637344565904,Qwen/Qwen2-1.5B-Instruct,0.0,0,logiqa,0.0
45,0.609375,0.5436905695130004,Qwen/Qwen2-1.5B-Instruct,1.0,0,logiqa,0.0
46,0.671875,0.5107500231290107,Qwen/Qwen2-1.5B-Instruct,1.0,0,logiqa,0.0
47,1.359375,0.25682124007865503,Qwen/Qwen2-1.5B-Instruct,0.0,0,logiqa,0.0
48,1.4609375,0.23201865524727103,Qwen/Qwen2-1.5B-Instruct,0.0,0,logiqa,0.0
49,1.8828125,0.1521615490248429,Qwen/Qwen2-1.5B-Instruct,0.0,0,logiqa,0.0
50,1.5,0.22313016014842982,Qwen/Qwen2-1.5B-Instruct,0.0,0,logiqa,0.0
51,1.609375,0.2000125828826258,Qwen/Qwen2-1.5B-Instruct,0.0,0,logiqa,0.0
52,3.953125,0.019194624751579337,Qwen/Qwen2-1.5B-Instruct,0.0,0,logiqa,0.0
53,0.0458984375,0.9551389635657673,Qwen/Qwen2-1.5B-Instruct,1.0,0,logiqa,0.0
54,1.34375,0.26086558612628497,Qwen/Qwen2-1.5B-Instruct,0.0,0,logiqa,0.0
55,2.90625,0.05468039736791477,Qwen/Qwen2-1.5B-Instruct,0.0,0,logiqa,0.0
56,1.53125,0.2162651668298873,Qwen/Qwen2-1.5B-Instruct,0.0,0,logiqa,0.0
57,3.640625,0.026235941377052294,Qwen/Qwen2-1.5B-Instruct,0.0,0,logiqa,0.0
58,2.21875,0.10874495509722103,Qwen/Qwen2-1.5B-Instruct,0.0,0,logiqa,0.0
59,2.78125,0.061961007690531984,Qwen/Qwen2-1.5B-Instruct,0.0,0,logiqa,0.0
60,1.140625,0.31961919737930994,Qwen/Qwen2-1.5B-Instruct,1.0,0,logiqa,0.0
61,3.96875,0.018897039677585683,Qwen/Qwen2-1.5B-Instruct,0.0,0,logiqa,0.0
62,1.5,0.22313016014842982,Qwen/Qwen2-1.5B-Instruct,0.0,0,logiqa,0.0
63,1.171875,0.30978554847668166,Qwen/Qwen2-1.5B-Instruct,0.0,0,logiqa,0.0
64,0.625,0.5352614285189903,Qwen/Qwen2-1.5B-Instruct,1.0,0,logiqa,0.0
65,1.5,0.22313016014842982,Qwen/Qwen2-1.5B-Instruct,0.0,0,logiqa,0.0
66,0.216796875,0.8050934873117519,Qwen/Qwen2-1.5B-Instruct,1.0,0,logiqa,0.0
67,0.03076171875,0.9697066084520289,Qwen/Qwen2-1.5B-Instruct,1.0,0,logiqa,0.0
68,1.046875,0.3510330150388101,Qwen/Qwen2-1.5B-Instruct,1.0,0,logiqa,0.0
69,1.796875,0.1658162552121675,Qwen/Qwen2-1.5B-Instruct,0.0,0,logiqa,0.0
70,2.28125,0.1021564313333943,Qwen/Qwen2-1.5B-Instruct,0.0,0,logiqa,0.0
71,0.72265625,0.485461035940867,Qwen/Qwen2-1.5B-Instruct,1.0,0,logiqa,0.0
72,0.023193359375,0.9770735391778969,Qwen/Qwen2-1.5B-Instruct,1.0,0,logiqa,0.0
73,1.421875,0.2412612277378443,Qwen/Qwen2-1.5B-Instruct,0.0,0,logiqa,0.0
74,2.796875,0.06100039130459344,Qwen/Qwen2-1.5B-Instruct,0.0,0,logiqa,0.0
75,2.234375,0.10705902083552722,Qwen/Qwen2-1.5B-Instruct,0.0,0,logiqa,0.0
76,1.8125,0.1632455124539584,Qwen/Qwen2-1.5B-Instruct,0.0,0,logiqa,0.0
77,2.09375,0.12322417764723749,Qwen/Qwen2-1.5B-Instruct,0.0,0,logiqa,0.0
78,3.75,0.023517745856009107,Qwen/Qwen2-1.5B-Instruct,0.0,0,logiqa,0.0
79,1.421875,0.2412612277378443,Qwen/Qwen2-1.5B-Instruct,0.0,0,logiqa,0.0
80,2.1875,0.11219689052034373,Qwen/Qwen2-1.5B-Instruct,0.0,0,logiqa,0.0
81,0.9296875,0.3946770276734171,Qwen/Qwen2-1.5B-Instruct,1.0,0,logiqa,0.0
1,0.8046875,0.4472276633691456,Qwen/Qwen2-1.5B-Instruct,1.0,0,logiqa,0.0
2,1.15625,0.314663961018459,Qwen/Qwen2-1.5B-Instruct,0.0,0,logiqa,0.0
3,0.0458984375,0.9551389635657673,Qwen/Qwen2-1.5B-Instruct,1.0,0,logiqa,0.0
4,2.25,0.10539922456186433,Qwen/Qwen2-1.5B-Instruct,0.0,0,logiqa,0.0
5,1.9609375,0.14072642803276533,Qwen/Qwen2-1.5B-Instruct,0.0,0,logiqa,0.0
6,1.390625,0.2489196812036605,Qwen/Qwen2-1.5B-Instruct,0.0,0,logiqa,0.0
7,2.25,0.10539922456186433,Qwen/Qwen2-1.5B-Instruct,0.0,0,logiqa,0.0
8,0.83203125,0.4351644601644917,Qwen/Qwen2-1.5B-Instruct,1.0,0,logiqa,0.0
9,2.03125,0.13117145431019428,Qwen/Qwen2-1.5B-Instruct,0.0,0,logiqa,0.0
10,3.515625,0.02972921638615875,Qwen/Qwen2-1.5B-Instruct,0.0,0,logiqa,0.0
11,0.05322265625,0.9481688732517508,Qwen/Qwen2-1.5B-Instruct,1.0,0,logiqa,0.0
12,4.0625,0.017205950425851383,Qwen/Qwen2-1.5B-Instruct,0.0,0,logiqa,0.0
13,1.6640625,0.18936810739025348,Qwen/Qwen2-1.5B-Instruct,0.0,0,logiqa,0.0
14,2.09375,0.12322417764723749,Qwen/Qwen2-1.5B-Instruct,0.0,0,logiqa,0.0
15,1.2265625,0.29329906232102687,Qwen/Qwen2-1.5B-Instruct,0.0,0,logiqa,0.0
16,1.0625,0.3455907525769745,Qwen/Qwen2-1.5B-Instruct,0.0,0,logiqa,0.0
17,1.765625,0.17107982817134254,Qwen/Qwen2-1.5B-Instruct,0.0,0,logiqa,0.0
18,3.234375,0.039384812757335554,Qwen/Qwen2-1.5B-Instruct,0.0,0,logiqa,0.0
19,1.828125,0.16071462536804407,Qwen/Qwen2-1.5B-Instruct,0.0,0,logiqa,0.0
20,2.03125,0.13117145431019428,Qwen/Qwen2-1.5B-Instruct,0.0,0,logiqa,0.0
21,2.140625,0.11758133171956547,Qwen/Qwen2-1.5B-Instruct,0.0,0,logiqa,0.0
22,0.023193359375,0.9770735391778969,Qwen/Qwen2-1.5B-Instruct,1.0,0,logiqa,0.0
23,2.375,0.09301448921066349,Qwen/Qwen2-1.5B-Instruct,0.0,0,logiqa,0.0
24,1.015625,0.3621759990808257,Qwen/Qwen2-1.5B-Instruct,0.0,0,logiqa,0.0
25,0.55859375,0.572012891653811,Qwen/Qwen2-1.5B-Instruct,1.0,0,logiqa,0.0
26,1.375,0.25283959580474646,Qwen/Qwen2-1.5B-Instruct,0.0,0,logiqa,0.0
27,0.023193359375,0.9770735391778969,Qwen/Qwen2-1.5B-Instruct,1.0,0,logiqa,0.0
28,2.765625,0.06293675158337987,Qwen/Qwen2-1.5B-Instruct,0.0,0,logiqa,0.0
29,0.86328125,0.4217758572543825,Qwen/Qwen2-1.5B-Instruct,0.0,0,logiqa,0.0
30,1.59375,0.20316232275153173,Qwen/Qwen2-1.5B-Instruct,0.0,0,logiqa,0.0
31,3.4375,0.03214494732687607,Qwen/Qwen2-1.5B-Instruct,0.0,0,logiqa,0.0
32,0.060546875,0.941249646907103,Qwen/Qwen2-1.5B-Instruct,1.0,0,logiqa,0.0
33,1.0546875,0.34830125444308524,Qwen/Qwen2-1.5B-Instruct,0.0,0,logiqa,0.0
34,0.12451171875,0.8829279144942641,Qwen/Qwen2-1.5B-Instruct,1.0,0,logiqa,0.0
35,0.22265625,0.8003899360518268,Qwen/Qwen2-1.5B-Instruct,1.0,0,logiqa,0.0
36,0.3359375,0.7146677711559482,Qwen/Qwen2-1.5B-Instruct,1.0,0,logiqa,0.0
37,1.21875,0.29559943537737077,Qwen/Qwen2-1.5B-Instruct,1.0,0,logiqa,0.0
38,0.63671875,0.5290254439903966,Qwen/Qwen2-1.5B-Instruct,1.0,0,logiqa,0.0
39,2.015625,0.13323710414756298,Qwen/Qwen2-1.5B-Instruct,0.0,0,logiqa,0.0
40,2.15625,0.11575840213626322,Qwen/Qwen2-1.5B-Instruct,0.0,0,logiqa,0.0
41,0.007781982421875,0.9922482188107336,Qwen/Qwen2-1.5B-Instruct,1.0,0,logiqa,0.0
42,0.3359375,0.7146677711559482,Qwen/Qwen2-1.5B-Instruct,1.0,0,logiqa,0.0
43,1.7734375,0.16974847438608623,Qwen/Qwen2-1.5B-Instruct,0.0,0,logiqa,0.0
44,2.640625,0.07131668269775804,Qwen/Qwen2-1.5B-Instruct,0.0,0,logiqa,0.0
45,1.2421875,0.2887518818320782,Qwen/Qwen2-1.5B-Instruct,0.0,0,logiqa,0.0
46,2.1875,0.11219689052034373,Qwen/Qwen2-1.5B-Instruct,0.0,0,logiqa,0.0
47,0.038330078125,0.9623952228475297,Qwen/Qwen2-1.5B-Instruct,1.0,0,logiqa,0.0
48,1.1796875,0.30737477821235176,Qwen/Qwen2-1.5B-Instruct,1.0,0,logiqa,0.0
49,1.0703125,0.34290134400373157,Qwen/Qwen2-1.5B-Instruct,1.0,0,logiqa,0.0
50,4.71875,0.008926329489511324,Qwen/Qwen2-1.5B-Instruct,0.0,0,logiqa,0.0
51,0.2294921875,0.7949371790602927,Qwen/Qwen2-1.5B-Instruct,1.0,0,logiqa,0.0
52,3.59375,0.02749503049258667,Qwen/Qwen2-1.5B-Instruct,0.0,0,logiqa,0.0
53,0.953125,0.3855343441745787,Qwen/Qwen2-1.5B-Instruct,1.0,0,logiqa,0.0
54,0.69140625,0.5008712234296745,Qwen/Qwen2-1.5B-Instruct,1.0,0,logiqa,0.0
55,3.28125,0.037581250870997916,Qwen/Qwen2-1.5B-Instruct,0.0,0,logiqa,0.0
56,0.640625,0.5269629692433709,Qwen/Qwen2-1.5B-Instruct,1.0,0,logiqa,0.0
57,1.5625,0.2096113871510978,Qwen/Qwen2-1.5B-Instruct,0.0,0,logiqa,0.0
58,0.373046875,0.6886329524177447,Qwen/Qwen2-1.5B-Instruct,1.0,0,logiqa,0.0
59,1.953125,0.14183015908734253,Qwen/Qwen2-1.5B-Instruct,0.0,0,logiqa,0.0
60,1.3046875,0.27125728970502744,Qwen/Qwen2-1.5B-Instruct,0.0,0,logiqa,0.0
61,1.5,0.22313016014842982,Qwen/Qwen2-1.5B-Instruct,0.0,0,logiqa,0.0
62,0.39453125,0.673995900791531,Qwen/Qwen2-1.5B-Instruct,1.0,0,logiqa,0.0
63,0.68359375,0.5047996051229459,Qwen/Qwen2-1.5B-Instruct,1.0,0,logiqa,0.0
64,2.09375,0.12322417764723749,Qwen/Qwen2-1.5B-Instruct,0.0,0,logiqa,0.0
65,1.921875,0.1463323316229146,Qwen/Qwen2-1.5B-Instruct,0.0,0,logiqa,0.0
66,1.046875,0.3510330150388101,Qwen/Qwen2-1.5B-Instruct,1.0,0,logiqa,0.0
67,1.8125,0.1632455124539584,Qwen/Qwen2-1.5B-Instruct,0.0,0,logiqa,0.0
68,1.2734375,0.27986792038923625,Qwen/Qwen2-1.5B-Instruct,1.0,0,logiqa,0.0
69,1.484375,0.22664394888734782,Qwen/Qwen2-1.5B-Instruct,0.0,0,logiqa,0.0
70,0.1650390625,0.847860583886983,Qwen/Qwen2-1.5B-Instruct,1.0,0,logiqa,0.0
71,1.21875,0.29559943537737077,Qwen/Qwen2-1.5B-Instruct,1.0,0,logiqa,0.0
72,1.34375,0.26086558612628497,Qwen/Qwen2-1.5B-Instruct,0.0,0,logiqa,0.0
73,1.125,0.32465246735834974,Qwen/Qwen2-1.5B-Instruct,0.0,0,logiqa,0.0
74,1.640625,0.19385884264329528,Qwen/Qwen2-1.5B-Instruct,0.0,0,logiqa,0.0
75,0.61328125,0.5415709208598878,Qwen/Qwen2-1.5B-Instruct,1.0,0,logiqa,0.0
76,1.421875,0.2412612277378443,Qwen/Qwen2-1.5B-Instruct,0.0,0,logiqa,0.0
77,2.59375,0.0747392417609257,Qwen/Qwen2-1.5B-Instruct,0.0,0,logiqa,0.0
1,2.484375,0.08337764926156645,Qwen/Qwen2-1.5B-Instruct,0.0,0,logiqa,0.0
2,0.8984375,0.407205421393389,Qwen/Qwen2-1.5B-Instruct,1.0,0,logiqa,0.0
3,2.734375,0.0649345785355609,Qwen/Qwen2-1.5B-Instruct,0.0,0,logiqa,0.0
4,0.10400390625,0.9012217770167625,Qwen/Qwen2-1.5B-Instruct,1.0,0,logiqa,0.0
5,0.82421875,0.43857749732635326,Qwen/Qwen2-1.5B-Instruct,1.0,0,logiqa,0.0
6,2.015625,0.13323710414756298,Qwen/Qwen2-1.5B-Instruct,0.0,0,logiqa,0.0
7,1.4453125,0.23567241741677974,Qwen/Qwen2-1.5B-Instruct,0.0,0,logiqa,0.0
8,2.1875,0.11219689052034373,Qwen/Qwen2-1.5B-Instruct,0.0,0,logiqa,0.0
9,4.4375,0.011825465259096618,Qwen/Qwen2-1.5B-Instruct,0.0,0,logiqa,0.0
10,0.9609375,0.3825340921054156,Qwen/Qwen2-1.5B-Instruct,0.0,0,logiqa,0.0
11,0.08251953125,0.9207934534340386,Qwen/Qwen2-1.5B-Instruct,1.0,0,logiqa,0.0
12,3.15625,0.04258513628878761,Qwen/Qwen2-1.5B-Instruct,0.0,0,logiqa,0.0
13,0.271484375,0.76224719348739,Qwen/Qwen2-1.5B-Instruct,1.0,0,logiqa,0.0
14,4.0625,0.017205950425851383,Qwen/Qwen2-1.5B-Instruct,0.0,0,logiqa,0.0
15,1.390625,0.2489196812036605,Qwen/Qwen2-1.5B-Instruct,0.0,0,logiqa,0.0
16,1.59375,0.20316232275153173,Qwen/Qwen2-1.5B-Instruct,0.0,0,logiqa,0.0
17,1.875,0.15335496684492847,Qwen/Qwen2-1.5B-Instruct,0.0,0,logiqa,0.0
18,1.8203125,0.1619751257973035,Qwen/Qwen2-1.5B-Instruct,0.0,0,logiqa,0.0
19,1.390625,0.2489196812036605,Qwen/Qwen2-1.5B-Instruct,0.0,0,logiqa,0.0
20,2.515625,0.08081238867682222,Qwen/Qwen2-1.5B-Instruct,0.0,0,logiqa,0.0
21,1.390625,0.2489196812036605,Qwen/Qwen2-1.5B-Instruct,0.0,0,logiqa,0.0
22,1.640625,0.19385884264329528,Qwen/Qwen2-1.5B-Instruct,0.0,0,logiqa,0.0
23,0.038330078125,0.9623952228475297,Qwen/Qwen2-1.5B-Instruct,1.0,0,logiqa,0.0
24,3.046875,0.04750715251567949,Qwen/Qwen2-1.5B-Instruct,0.0,0,logiqa,0.0
25,1.140625,0.31961919737930994,Qwen/Qwen2-1.5B-Instruct,0.0,0,logiqa,0.0
26,0.859375,0.4234266412852628,Qwen/Qwen2-1.5B-Instruct,1.0,0,logiqa,0.0
27,1.4296875,0.23938371796817895,Qwen/Qwen2-1.5B-Instruct,0.0,0,logiqa,0.0
28,2.34375,0.09596708604499847,Qwen/Qwen2-1.5B-Instruct,0.0,0,logiqa,0.0
29,0.038330078125,0.9623952228475297,Qwen/Qwen2-1.5B-Instruct,1.0,0,logiqa,0.0
30,2.140625,0.11758133171956547,Qwen/Qwen2-1.5B-Instruct,0.0,0,logiqa,0.0
31,0.98828125,0.372215887611955,Qwen/Qwen2-1.5B-Instruct,1.0,0,logiqa,0.0
32,0.69921875,0.49697341264527733,Qwen/Qwen2-1.5B-Instruct,1.0,0,logiqa,0.0
33,2.09375,0.12322417764723749,Qwen/Qwen2-1.5B-Instruct,0.0,0,logiqa,0.0
34,1.2109375,0.2979178504832066,Qwen/Qwen2-1.5B-Instruct,0.0,0,logiqa,0.0
35,1.421875,0.2412612277378443,Qwen/Qwen2-1.5B-Instruct,0.0,0,logiqa,0.0
36,1.90625,0.1486367305381225,Qwen/Qwen2-1.5B-Instruct,0.0,0,logiqa,0.0
37,5.0,0.006737946999085467,Qwen/Qwen2-1.5B-Instruct,0.0,0,logiqa,0.0
38,2.5625,0.07711171996831671,Qwen/Qwen2-1.5B-Instruct,0.0,0,logiqa,0.0
39,0.023193359375,0.9770735391778969,Qwen/Qwen2-1.5B-Instruct,1.0,0,logiqa,0.0
40,1.6328125,0.19537929639047613,Qwen/Qwen2-1.5B-Instruct,0.0,0,logiqa,0.0
41,2.125,0.11943296826671962,Qwen/Qwen2-1.5B-Instruct,0.0,0,logiqa,0.0
42,0.58984375,0.5544139051397897,Qwen/Qwen2-1.5B-Instruct,1.0,0,logiqa,0.0
43,0.1982421875,0.8201711938713908,Qwen/Qwen2-1.5B-Instruct,1.0,0,logiqa,0.0
44,1.0625,0.3455907525769745,Qwen/Qwen2-1.5B-Instruct,1.0,0,logiqa,0.0
45,0.023193359375,0.9770735391778969,Qwen/Qwen2-1.5B-Instruct,1.0,0,logiqa,0.0
46,0.216796875,0.8050934873117519,Qwen/Qwen2-1.5B-Instruct,1.0,0,logiqa,0.0
47,1.5,0.22313016014842982,Qwen/Qwen2-1.5B-Instruct,0.0,0,logiqa,0.0
48,1.90625,0.1486367305381225,Qwen/Qwen2-1.5B-Instruct,0.0,0,logiqa,0.0
49,1.4375,0.23752081909545814,Qwen/Qwen2-1.5B-Instruct,0.0,0,logiqa,0.0
50,0.373046875,0.6886329524177447,Qwen/Qwen2-1.5B-Instruct,1.0,0,logiqa,0.0
51,1.703125,0.18211352912101367,Qwen/Qwen2-1.5B-Instruct,0.0,0,logiqa,0.0
52,0.1845703125,0.8314614757090356,Qwen/Qwen2-1.5B-Instruct,1.0,0,logiqa,0.0
53,1.6796875,0.18643222700816212,Qwen/Qwen2-1.5B-Instruct,0.0,0,logiqa,0.0
54,1.15625,0.314663961018459,Qwen/Qwen2-1.5B-Instruct,0.0,0,logiqa,0.0
55,4.875,0.007635094218859962,Qwen/Qwen2-1.5B-Instruct,0.0,0,logiqa,0.0
56,1.40625,0.2450605392455259,Qwen/Qwen2-1.5B-Instruct,0.0,0,logiqa,0.0
57,0.52734375,0.5901705299683179,Qwen/Qwen2-1.5B-Instruct,1.0,0,logiqa,0.0
58,2.015625,0.13323710414756298,Qwen/Qwen2-1.5B-Instruct,0.0,0,logiqa,0.0
59,1.3515625,0.25883551402927246,Qwen/Qwen2-1.5B-Instruct,0.0,0,logiqa,0.0
60,1.1015625,0.3323513787550223,Qwen/Qwen2-1.5B-Instruct,0.0,0,logiqa,0.0
61,1.28125,0.27768997095378994,Qwen/Qwen2-1.5B-Instruct,0.0,0,logiqa,0.0
62,1.8984375,0.14980250286418162,Qwen/Qwen2-1.5B-Instruct,0.0,0,logiqa,0.0
63,0.248046875,0.7803233647630088,Qwen/Qwen2-1.5B-Instruct,1.0,0,logiqa,0.0
64,0.37890625,0.6846097918258168,Qwen/Qwen2-1.5B-Instruct,1.0,0,logiqa,0.0
65,0.038330078125,0.9623952228475297,Qwen/Qwen2-1.5B-Instruct,1.0,0,logiqa,0.0
66,1.1015625,0.3323513787550223,Qwen/Qwen2-1.5B-Instruct,1.0,0,logiqa,0.0
67,1.421875,0.2412612277378443,Qwen/Qwen2-1.5B-Instruct,0.0,0,logiqa,0.0
68,0.318359375,0.7273413531419732,Qwen/Qwen2-1.5B-Instruct,1.0,0,logiqa,0.0
69,0.76171875,0.46686331570996537,Qwen/Qwen2-1.5B-Instruct,1.0,0,logiqa,0.0
70,1.8125,0.1632455124539584,Qwen/Qwen2-1.5B-Instruct,0.0,0,logiqa,0.0
71,1.609375,0.2000125828826258,Qwen/Qwen2-1.5B-Instruct,0.0,0,logiqa,0.0
72,0.1650390625,0.847860583886983,Qwen/Qwen2-1.5B-Instruct,1.0,0,logiqa,0.0
73,1.234375,0.29101659090983195,Qwen/Qwen2-1.5B-Instruct,0.0,0,logiqa,0.0
74,0.66015625,0.5167705827795767,Qwen/Qwen2-1.5B-Instruct,1.0,0,logiqa,0.0
75,0.94140625,0.39007890102496307,Qwen/Qwen2-1.5B-Instruct,1.0,0,logiqa,0.0
76,1.4296875,0.23938371796817895,Qwen/Qwen2-1.5B-Instruct,0.0,0,logiqa,0.0
77,0.9453125,0.3885581275123641,Qwen/Qwen2-1.5B-Instruct,1.0,0,logiqa,0.0
78,1.6484375,0.1923502211610474,Qwen/Qwen2-1.5B-Instruct,0.0,0,logiqa,0.0
79,2.609375,0.07358051721811718,Qwen/Qwen2-1.5B-Instruct,0.0,0,logiqa,0.0
1,0.72265625,0.485461035940867,Qwen/Qwen2-1.5B-Instruct,1.0,0,logiqa,0.0
2,0.859375,0.4234266412852628,Qwen/Qwen2-1.5B-Instruct,1.0,0,logiqa,0.0
3,0.271484375,0.76224719348739,Qwen/Qwen2-1.5B-Instruct,1.0,0,logiqa,0.0
4,3.46875,0.031155951269699805,Qwen/Qwen2-1.5B-Instruct,0.0,0,logiqa,0.0
5,0.05322265625,0.9481688732517508,Qwen/Qwen2-1.5B-Instruct,1.0,0,logiqa,0.0
6,0.0966796875,0.9078467542291261,Qwen/Qwen2-1.5B-Instruct,1.0,0,logiqa,0.0
7,1.2265625,0.29329906232102687,Qwen/Qwen2-1.5B-Instruct,1.0,0,logiqa,0.0
8,0.91015625,0.4024613345370006,Qwen/Qwen2-1.5B-Instruct,0.0,0,logiqa,0.0
9,1.9375,0.14406365910145327,Qwen/Qwen2-1.5B-Instruct,0.0,0,logiqa,0.0
10,2.28125,0.1021564313333943,Qwen/Qwen2-1.5B-Instruct,0.0,0,logiqa,0.0
11,2.71875,0.06595714935553817,Qwen/Qwen2-1.5B-Instruct,0.0,0,logiqa,0.0
12,1.609375,0.2000125828826258,Qwen/Qwen2-1.5B-Instruct,0.0,0,logiqa,0.0
13,4.4375,0.011825465259096618,Qwen/Qwen2-1.5B-Instruct,0.0,0,logiqa,0.0
14,0.466796875,0.6270074383640806,Qwen/Qwen2-1.5B-Instruct,1.0,0,logiqa,0.0
15,5.78125,0.0030848569260302594,Qwen/Qwen2-1.5B-Instruct,0.0,0,logiqa,0.0
16,0.65234375,0.5208236646937497,Qwen/Qwen2-1.5B-Instruct,1.0,0,logiqa,0.0
17,1.1953125,0.30260937397538795,Qwen/Qwen2-1.5B-Instruct,0.0,0,logiqa,0.0
18,2.3125,0.0990134083638263,Qwen/Qwen2-1.5B-Instruct,0.0,0,logiqa,0.0
19,1.8359375,0.15946393423094812,Qwen/Qwen2-1.5B-Instruct,0.0,0,logiqa,0.0
20,0.87890625,0.4152368286818413,Qwen/Qwen2-1.5B-Instruct,1.0,0,logiqa,0.0
21,1.5546875,0.21125538963610227,Qwen/Qwen2-1.5B-Instruct,0.0,0,logiqa,0.0
22,1.421875,0.2412612277378443,Qwen/Qwen2-1.5B-Instruct,0.0,0,logiqa,0.0
23,1.6875,0.18498139990730428,Qwen/Qwen2-1.5B-Instruct,0.0,0,logiqa,0.0
24,0.0155029296875,0.9846166221284973,Qwen/Qwen2-1.5B-Instruct,1.0,0,logiqa,0.0
25,2.46875,0.0846906561847805,Qwen/Qwen2-1.5B-Instruct,0.0,0,logiqa,0.0
26,0.86328125,0.4217758572543825,Qwen/Qwen2-1.5B-Instruct,1.0,0,logiqa,0.0
27,1.46875,0.23021307174736147,Qwen/Qwen2-1.5B-Instruct,0.0,0,logiqa,0.0
28,2.125,0.11943296826671962,Qwen/Qwen2-1.5B-Instruct,0.0,0,logiqa,0.0
29,1.1015625,0.3323513787550223,Qwen/Qwen2-1.5B-Instruct,1.0,0,logiqa,0.0
30,4.625,0.009803655035821828,Qwen/Qwen2-1.5B-Instruct,0.0,0,logiqa,0.0
31,1.0625,0.3455907525769745,Qwen/Qwen2-1.5B-Instruct,1.0,0,logiqa,0.0
32,3.09375,0.045331641611676264,Qwen/Qwen2-1.5B-Instruct,0.0,0,logiqa,0.0
33,1.375,0.25283959580474646,Qwen/Qwen2-1.5B-Instruct,0.0,0,logiqa,0.0
34,1.359375,0.25682124007865503,Qwen/Qwen2-1.5B-Instruct,0.0,0,logiqa,0.0
35,1.359375,0.25682124007865503,Qwen/Qwen2-1.5B-Instruct,0.0,0,logiqa,0.0
36,0.97265625,0.3780774349414026,Qwen/Qwen2-1.5B-Instruct,1.0,0,logiqa,0.0
37,0.023193359375,0.9770735391778969,Qwen/Qwen2-1.5B-Instruct,1.0,0,logiqa,0.0
38,5.25,0.005247518399181385,Qwen/Qwen2-1.5B-Instruct,0.0,0,logiqa,0.0
39,0.0751953125,0.9275623041230301,Qwen/Qwen2-1.5B-Instruct,1.0,0,logiqa,0.0
40,0.66796875,0.5127490421990961,Qwen/Qwen2-1.5B-Instruct,1.0,0,logiqa,0.0
41,0.1318359375,0.8764847815685415,Qwen/Qwen2-1.5B-Instruct,1.0,0,logiqa,0.0
42,1.96875,0.13963128628139898,Qwen/Qwen2-1.5B-Instruct,0.0,0,logiqa,0.0
43,2.0625,0.1271357329320356,Qwen/Qwen2-1.5B-Instruct,0.0,0,logiqa,0.0
44,1.421875,0.2412612277378443,Qwen/Qwen2-1.5B-Instruct,0.0,0,logiqa,0.0
45,1.109375,0.3297649998062575,Qwen/Qwen2-1.5B-Instruct,0.0,0,logiqa,0.0
46,0.8828125,0.41361797370441067,Qwen/Qwen2-1.5B-Instruct,1.0,0,logiqa,0.0
47,0.6171875,0.5394595359337269,Qwen/Qwen2-1.5B-Instruct,1.0,0,logiqa,0.0
48,1.1953125,0.30260937397538795,Qwen/Qwen2-1.5B-Instruct,0.0,0,logiqa,0.0
49,2.765625,0.06293675158337987,Qwen/Qwen2-1.5B-Instruct,0.0,0,logiqa,0.0
50,1.90625,0.1486367305381225,Qwen/Qwen2-1.5B-Instruct,0.0,0,logiqa,0.0
51,1.375,0.25283959580474646,Qwen/Qwen2-1.5B-Instruct,0.0,0,logiqa,0.0
52,1.5078125,0.221393747466153,Qwen/Qwen2-1.5B-Instruct,0.0,0,logiqa,0.0
53,1.359375,0.25682124007865503,Qwen/Qwen2-1.5B-Instruct,0.0,0,logiqa,0.0
54,0.0751953125,0.9275623041230301,Qwen/Qwen2-1.5B-Instruct,1.0,0,logiqa,0.0
55,1.84375,0.15822297604949842,Qwen/Qwen2-1.5B-Instruct,0.0,0,logiqa,0.0
56,0.265625,0.76672659607082,Qwen/Qwen2-1.5B-Instruct,1.0,0,logiqa,0.0
57,2.46875,0.0846906561847805,Qwen/Qwen2-1.5B-Instruct,0.0,0,logiqa,0.0
58,2.109375,0.1213137638466268,Qwen/Qwen2-1.5B-Instruct,0.0,0,logiqa,0.0
59,2.59375,0.0747392417609257,Qwen/Qwen2-1.5B-Instruct,0.0,0,logiqa,0.0
60,0.0458984375,0.9551389635657673,Qwen/Qwen2-1.5B-Instruct,1.0,0,logiqa,0.0
61,1.671875,0.18789443308700168,Qwen/Qwen2-1.5B-Instruct,0.0,0,logiqa,0.0
62,1.1796875,0.30737477821235176,Qwen/Qwen2-1.5B-Instruct,1.0,0,logiqa,0.0
63,0.216796875,0.8050934873117519,Qwen/Qwen2-1.5B-Instruct,1.0,0,logiqa,0.0
64,1.1953125,0.30260937397538795,Qwen/Qwen2-1.5B-Instruct,1.0,0,logiqa,0.0
65,0.384765625,0.6806101355130432,Qwen/Qwen2-1.5B-Instruct,1.0,0,logiqa,0.0
66,0.265625,0.76672659607082,Qwen/Qwen2-1.5B-Instruct,1.0,0,logiqa,0.0
67,1.640625,0.19385884264329528,Qwen/Qwen2-1.5B-Instruct,0.0,0,logiqa,0.0
68,0.1982421875,0.8201711938713908,Qwen/Qwen2-1.5B-Instruct,1.0,0,logiqa,0.0
69,2.046875,0.129137829405204,Qwen/Qwen2-1.5B-Instruct,0.0,0,logiqa,0.0
70,3.296875,0.03699860758070385,Qwen/Qwen2-1.5B-Instruct,0.0,0,logiqa,0.0
71,2.0,0.1353352832366127,Qwen/Qwen2-1.5B-Instruct,0.0,0,logiqa,0.0
72,0.52734375,0.5901705299683179,Qwen/Qwen2-1.5B-Instruct,1.0,0,logiqa,0.0
73,3.15625,0.04258513628878761,Qwen/Qwen2-1.5B-Instruct,0.0,0,logiqa,0.0
74,1.8125,0.1632455124539584,Qwen/Qwen2-1.5B-Instruct,0.0,0,logiqa,0.0
75,0.91015625,0.4024613345370006,Qwen/Qwen2-1.5B-Instruct,1.0,0,logiqa,0.0
76,2.53125,0.07955950871822769,Qwen/Qwen2-1.5B-Instruct,0.0,0,logiqa,0.0
77,0.515625,0.5971272734216274,Qwen/Qwen2-1.5B-Instruct,1.0,0,logiqa,0.0
78,1.8359375,0.15946393423094812,Qwen/Qwen2-1.5B-Instruct,0.0,0,logiqa,0.0
79,1.21875,0.29559943537737077,Qwen/Qwen2-1.5B-Instruct,0.0,0,logiqa,0.0
80,0.671875,0.5107500231290107,Qwen/Qwen2-1.5B-Instruct,1.0,0,logiqa,0.0
1,1.7578125,0.17242162389375282,Qwen/Qwen2-1.5B-Instruct,0.0,0,logiqa,0.0
2,0.2353515625,0.7902929634144612,Qwen/Qwen2-1.5B-Instruct,1.0,0,logiqa,0.0
3,2.3125,0.0990134083638263,Qwen/Qwen2-1.5B-Instruct,0.0,0,logiqa,0.0
4,0.5703125,0.5653487396106142,Qwen/Qwen2-1.5B-Instruct,1.0,0,logiqa,0.0
5,0.71484375,0.48926855403569414,Qwen/Qwen2-1.5B-Instruct,1.0,0,logiqa,0.0
6,2.375,0.09301448921066349,Qwen/Qwen2-1.5B-Instruct,0.0,0,logiqa,0.0
7,2.0625,0.1271357329320356,Qwen/Qwen2-1.5B-Instruct,0.0,0,logiqa,0.0
8,0.15234375,0.8586930542645764,Qwen/Qwen2-1.5B-Instruct,1.0,0,logiqa,0.0
9,4.84375,0.007877458125943277,Qwen/Qwen2-1.5B-Instruct,0.0,0,logiqa,0.0
10,1.734375,0.17651048487186194,Qwen/Qwen2-1.5B-Instruct,0.0,0,logiqa,0.0
11,1.8203125,0.1619751257973035,Qwen/Qwen2-1.5B-Instruct,0.0,0,logiqa,0.0
12,0.74609375,0.4742153431555798,Qwen/Qwen2-1.5B-Instruct,1.0,0,logiqa,0.0
13,1.34375,0.26086558612628497,Qwen/Qwen2-1.5B-Instruct,0.0,0,logiqa,0.0
14,0.158203125,0.8536763613451477,Qwen/Qwen2-1.5B-Instruct,1.0,0,logiqa,0.0
15,1.046875,0.3510330150388101,Qwen/Qwen2-1.5B-Instruct,0.0,0,logiqa,0.0
16,1.34375,0.26086558612628497,Qwen/Qwen2-1.5B-Instruct,0.0,0,logiqa,0.0
17,1.203125,0.30025444914408245,Qwen/Qwen2-1.5B-Instruct,0.0,0,logiqa,0.0
18,2.34375,0.09596708604499847,Qwen/Qwen2-1.5B-Instruct,0.0,0,logiqa,0.0
19,1.1015625,0.3323513787550223,Qwen/Qwen2-1.5B-Instruct,1.0,0,logiqa,0.0
20,1.5546875,0.21125538963610227,Qwen/Qwen2-1.5B-Instruct,0.0,0,logiqa,0.0
21,3.15625,0.04258513628878761,Qwen/Qwen2-1.5B-Instruct,0.0,0,logiqa,0.0
22,1.9375,0.14406365910145327,Qwen/Qwen2-1.5B-Instruct,0.0,0,logiqa,0.0
23,4.15625,0.015666196140128895,Qwen/Qwen2-1.5B-Instruct,0.0,0,logiqa,0.0
24,0.9453125,0.3885581275123641,Qwen/Qwen2-1.5B-Instruct,1.0,0,logiqa,0.0
25,2.03125,0.13117145431019428,Qwen/Qwen2-1.5B-Instruct,0.0,0,logiqa,0.0
26,2.0625,0.1271357329320356,Qwen/Qwen2-1.5B-Instruct,0.0,0,logiqa,0.0
27,0.318359375,0.7273413531419732,Qwen/Qwen2-1.5B-Instruct,1.0,0,logiqa,0.0
28,1.5625,0.2096113871510978,Qwen/Qwen2-1.5B-Instruct,0.0,0,logiqa,0.0
29,1.71875,0.17929012055011864,Qwen/Qwen2-1.5B-Instruct,0.0,0,logiqa,0.0
30,1.28125,0.27768997095378994,Qwen/Qwen2-1.5B-Instruct,0.0,0,logiqa,0.0
31,0.44140625,0.6431313813711866,Qwen/Qwen2-1.5B-Instruct,1.0,0,logiqa,0.0
32,0.283203125,0.7533667446967807,Qwen/Qwen2-1.5B-Instruct,1.0,0,logiqa,0.0
33,1.3125,0.26914634872918386,Qwen/Qwen2-1.5B-Instruct,0.0,0,logiqa,0.0
34,1.09375,0.33495804292529496,Qwen/Qwen2-1.5B-Instruct,1.0,0,logiqa,0.0
35,2.75,0.06392786120670757,Qwen/Qwen2-1.5B-Instruct,0.0,0,logiqa,0.0
36,0.9453125,0.3885581275123641,Qwen/Qwen2-1.5B-Instruct,1.0,0,logiqa,0.0
37,1.328125,0.26497362135689667,Qwen/Qwen2-1.5B-Instruct,0.0,0,logiqa,0.0
38,3.671875,0.025428746320412147,Qwen/Qwen2-1.5B-Instruct,0.0,0,logiqa,0.0
39,1.328125,0.26497362135689667,Qwen/Qwen2-1.5B-Instruct,0.0,0,logiqa,0.0
40,1.21875,0.29559943537737077,Qwen/Qwen2-1.5B-Instruct,1.0,0,logiqa,0.0
41,0.0458984375,0.9551389635657673,Qwen/Qwen2-1.5B-Instruct,1.0,0,logiqa,0.0
42,0.91015625,0.4024613345370006,Qwen/Qwen2-1.5B-Instruct,1.0,0,logiqa,0.0
43,0.83984375,0.43177798346854385,Qwen/Qwen2-1.5B-Instruct,1.0,0,logiqa,0.0
44,1.5234375,0.21796135555570278,Qwen/Qwen2-1.5B-Instruct,0.0,0,logiqa,0.0
45,1.6171875,0.19845607261390505,Qwen/Qwen2-1.5B-Instruct,0.0,0,logiqa,0.0
46,1.921875,0.1463323316229146,Qwen/Qwen2-1.5B-Instruct,0.0,0,logiqa,0.0
47,0.8046875,0.4472276633691456,Qwen/Qwen2-1.5B-Instruct,1.0,0,logiqa,0.0
48,0.50390625,0.604166020765368,Qwen/Qwen2-1.5B-Instruct,1.0,0,logiqa,0.0
49,1.609375,0.2000125828826258,Qwen/Qwen2-1.5B-Instruct,0.0,0,logiqa,0.0
50,0.294921875,0.7445897562683694,Qwen/Qwen2-1.5B-Instruct,1.0,0,logiqa,0.0
51,1.390625,0.2489196812036605,Qwen/Qwen2-1.5B-Instruct,0.0,0,logiqa,0.0
52,1.8125,0.1632455124539584,Qwen/Qwen2-1.5B-Instruct,0.0,0,logiqa,0.0
53,0.0751953125,0.9275623041230301,Qwen/Qwen2-1.5B-Instruct,1.0,0,logiqa,0.0
54,0.248046875,0.7803233647630088,Qwen/Qwen2-1.5B-Instruct,1.0,0,logiqa,0.0
55,1.859375,0.15576995617312325,Qwen/Qwen2-1.5B-Instruct,0.0,0,logiqa,0.0
56,1.4375,0.23752081909545814,Qwen/Qwen2-1.5B-Instruct,0.0,0,logiqa,0.0
57,1.4921875,0.22488019168416426,Qwen/Qwen2-1.5B-Instruct,0.0,0,logiqa,0.0
58,2.484375,0.08337764926156645,Qwen/Qwen2-1.5B-Instruct,0.0,0,logiqa,0.0
59,1.2890625,0.2755289704553164,Qwen/Qwen2-1.5B-Instruct,0.0,0,logiqa,0.0
60,0.32421875,0.7230920486923872,Qwen/Qwen2-1.5B-Instruct,1.0,0,logiqa,0.0
61,1.671875,0.18789443308700168,Qwen/Qwen2-1.5B-Instruct,0.0,0,logiqa,0.0
62,0.023193359375,0.9770735391778969,Qwen/Qwen2-1.5B-Instruct,1.0,0,logiqa,0.0
63,0.248046875,0.7803233647630088,Qwen/Qwen2-1.5B-Instruct,1.0,0,logiqa,0.0
64,2.15625,0.11575840213626322,Qwen/Qwen2-1.5B-Instruct,0.0,0,logiqa,0.0
65,1.875,0.15335496684492847,Qwen/Qwen2-1.5B-Instruct,0.0,0,logiqa,0.0
66,1.3671875,0.2548226413322821,Qwen/Qwen2-1.5B-Instruct,0.0,0,logiqa,0.0
67,0.30078125,0.7402396824677261,Qwen/Qwen2-1.5B-Instruct,1.0,0,logiqa,0.0
68,1.9453125,0.14294254681187055,Qwen/Qwen2-1.5B-Instruct,0.0,0,logiqa,0.0
69,0.66796875,0.5127490421990961,Qwen/Qwen2-1.5B-Instruct,1.0,0,logiqa,0.0
70,0.0155029296875,0.9846166221284973,Qwen/Qwen2-1.5B-Instruct,1.0,0,logiqa,0.0
71,1.546875,0.21291228619240427,Qwen/Qwen2-1.5B-Instruct,0.0,0,logiqa,0.0
72,1.6875,0.18498139990730428,Qwen/Qwen2-1.5B-Instruct,0.0,0,logiqa,0.0
73,2.328125,0.0974783477499485,Qwen/Qwen2-1.5B-Instruct,0.0,0,logiqa,0.0
74,1.828125,0.16071462536804407,Qwen/Qwen2-1.5B-Instruct,0.0,0,logiqa,0.0
75,3.328125,0.035860280096566576,Qwen/Qwen2-1.5B-Instruct,0.0,0,logiqa,0.0
76,0.67578125,0.5087587974957017,Qwen/Qwen2-1.5B-Instruct,1.0,0,logiqa,0.0
77,1.9453125,0.14294254681187055,Qwen/Qwen2-1.5B-Instruct,0.0,0,logiqa,0.0
78,1.0546875,0.34830125444308524,Qwen/Qwen2-1.5B-Instruct,0.0,0,logiqa,0.0
79,1.078125,0.34023286457404905,Qwen/Qwen2-1.5B-Instruct,1.0,0,logiqa,0.0
80,1.0703125,0.34290134400373157,Qwen/Qwen2-1.5B-Instruct,0.0,0,logiqa,0.0
81,1.53125,0.2162651668298873,Qwen/Qwen2-1.5B-Instruct,0.0,0,logiqa,0.0
1,3.71875,0.02426427924617674,Qwen/Qwen2-1.5B-Instruct,0.0,0,logiqa,0.0
2,1.46875,0.23021307174736147,Qwen/Qwen2-1.5B-Instruct,0.0,0,logiqa,0.0
3,1.625,0.19691167520419406,Qwen/Qwen2-1.5B-Instruct,0.0,0,logiqa,0.0
4,4.96875,0.006951832396384793,Qwen/Qwen2-1.5B-Instruct,0.0,0,logiqa,0.0
5,3.9375,0.019496896108597995,Qwen/Qwen2-1.5B-Instruct,0.0,0,logiqa,0.0
6,3.359375,0.034756975267222885,Qwen/Qwen2-1.5B-Instruct,0.0,0,logiqa,0.0
7,0.0155029296875,0.9846166221284973,Qwen/Qwen2-1.5B-Instruct,1.0,0,logiqa,0.0
8,0.76953125,0.463230156563083,Qwen/Qwen2-1.5B-Instruct,0.0,0,logiqa,0.0
9,2.0,0.1353352832366127,Qwen/Qwen2-1.5B-Instruct,0.0,0,logiqa,0.0
10,1.671875,0.18789443308700168,Qwen/Qwen2-1.5B-Instruct,0.0,0,logiqa,0.0
11,1.5,0.22313016014842982,Qwen/Qwen2-1.5B-Instruct,0.0,0,logiqa,0.0
12,1.65625,0.19085333986431632,Qwen/Qwen2-1.5B-Instruct,0.0,0,logiqa,0.0
13,0.171875,0.8420844271433824,Qwen/Qwen2-1.5B-Instruct,1.0,0,logiqa,0.0
14,0.8828125,0.41361797370441067,Qwen/Qwen2-1.5B-Instruct,1.0,0,logiqa,0.0
15,0.91796875,0.39932935558376886,Qwen/Qwen2-1.5B-Instruct,1.0,0,logiqa,0.0
16,0.1845703125,0.8314614757090356,Qwen/Qwen2-1.5B-Instruct,1.0,0,logiqa,0.0
17,0.71484375,0.48926855403569414,Qwen/Qwen2-1.5B-Instruct,1.0,0,logiqa,0.0
18,1.734375,0.17651048487186194,Qwen/Qwen2-1.5B-Instruct,0.0,0,logiqa,0.0
19,1.484375,0.22664394888734782,Qwen/Qwen2-1.5B-Instruct,0.0,0,logiqa,0.0
20,1.3203125,0.26705183522634335,Qwen/Qwen2-1.5B-Instruct,0.0,0,logiqa,0.0
21,4.03125,0.01775212592162854,Qwen/Qwen2-1.5B-Instruct,0.0,0,logiqa,0.0
22,0.55078125,0.5764992443663932,Qwen/Qwen2-1.5B-Instruct,1.0,0,logiqa,0.0
23,1.53125,0.2162651668298873,Qwen/Qwen2-1.5B-Instruct,0.0,0,logiqa,0.0
24,0.0966796875,0.9078467542291261,Qwen/Qwen2-1.5B-Instruct,1.0,0,logiqa,0.0
25,1.546875,0.21291228619240427,Qwen/Qwen2-1.5B-Instruct,0.0,0,logiqa,0.0
26,1.734375,0.17651048487186194,Qwen/Qwen2-1.5B-Instruct,0.0,0,logiqa,0.0
27,5.375,0.004630918733533246,Qwen/Qwen2-1.5B-Instruct,0.0,0,logiqa,0.0
28,1.8828125,0.1521615490248429,Qwen/Qwen2-1.5B-Instruct,0.0,0,logiqa,0.0
29,1.7734375,0.16974847438608623,Qwen/Qwen2-1.5B-Instruct,0.0,0,logiqa,0.0
30,0.74609375,0.4742153431555798,Qwen/Qwen2-1.5B-Instruct,1.0,0,logiqa,0.0
31,1.15625,0.314663961018459,Qwen/Qwen2-1.5B-Instruct,1.0,0,logiqa,0.0
32,1.6796875,0.18643222700816212,Qwen/Qwen2-1.5B-Instruct,0.0,0,logiqa,0.0
33,1.703125,0.18211352912101367,Qwen/Qwen2-1.5B-Instruct,0.0,0,logiqa,0.0
34,2.609375,0.07358051721811718,Qwen/Qwen2-1.5B-Instruct,0.0,0,logiqa,0.0
35,0.03076171875,0.9697066084520289,Qwen/Qwen2-1.5B-Instruct,1.0,0,logiqa,0.0
36,0.53515625,0.5855777864671197,Qwen/Qwen2-1.5B-Instruct,1.0,0,logiqa,0.0
37,2.5,0.0820849986238988,Qwen/Qwen2-1.5B-Instruct,0.0,0,logiqa,0.0
38,1.234375,0.29101659090983195,Qwen/Qwen2-1.5B-Instruct,0.0,0,logiqa,0.0
39,0.0751953125,0.9275623041230301,Qwen/Qwen2-1.5B-Instruct,1.0,0,logiqa,0.0
40,0.0155029296875,0.9846166221284973,Qwen/Qwen2-1.5B-Instruct,1.0,0,logiqa,0.0
41,1.140625,0.31961919737930994,Qwen/Qwen2-1.5B-Instruct,1.0,0,logiqa,0.0
42,1.0,0.36787944117144233,Qwen/Qwen2-1.5B-Instruct,1.0,0,logiqa,0.0
43,2.15625,0.11575840213626322,Qwen/Qwen2-1.5B-Instruct,0.0,0,logiqa,0.0
44,0.007781982421875,0.9922482188107336,Qwen/Qwen2-1.5B-Instruct,1.0,0,logiqa,0.0
45,1.0390625,0.353786201098432,Qwen/Qwen2-1.5B-Instruct,1.0,0,logiqa,0.0
46,0.11767578125,0.8889842312518604,Qwen/Qwen2-1.5B-Instruct,1.0,0,logiqa,0.0
47,3.703125,0.024646386044811498,Qwen/Qwen2-1.5B-Instruct,0.0,0,logiqa,0.0
48,0.060546875,0.941249646907103,Qwen/Qwen2-1.5B-Instruct,1.0,0,logiqa,0.0
49,0.158203125,0.8536763613451477,Qwen/Qwen2-1.5B-Instruct,1.0,0,logiqa,0.0
50,5.625,0.0036065631360157305,Qwen/Qwen2-1.5B-Instruct,0.0,0,logiqa,0.0
51,1.9375,0.14406365910145327,Qwen/Qwen2-1.5B-Instruct,0.0,0,logiqa,0.0
52,1.265625,0.28206295169381546,Qwen/Qwen2-1.5B-Instruct,0.0,0,logiqa,0.0
53,2.203125,0.1104574389603643,Qwen/Qwen2-1.5B-Instruct,0.0,0,logiqa,0.0
54,0.73046875,0.48168314818692903,Qwen/Qwen2-1.5B-Instruct,1.0,0,logiqa,0.0
55,2.75,0.06392786120670757,Qwen/Qwen2-1.5B-Instruct,0.0,0,logiqa,0.0
56,0.74609375,0.4742153431555798,Qwen/Qwen2-1.5B-Instruct,1.0,0,logiqa,0.0
57,1.59375,0.20316232275153173,Qwen/Qwen2-1.5B-Instruct,0.0,0,logiqa,0.0
58,1.7421875,0.17513686938087475,Qwen/Qwen2-1.5B-Instruct,0.0,0,logiqa,0.0
59,1.6875,0.18498139990730428,Qwen/Qwen2-1.5B-Instruct,0.0,0,logiqa,0.0
60,0.306640625,0.7359150228524268,Qwen/Qwen2-1.5B-Instruct,1.0,0,logiqa,0.0
61,1.4765625,0.2284215394097245,Qwen/Qwen2-1.5B-Instruct,0.0,0,logiqa,0.0
62,1.875,0.15335496684492847,Qwen/Qwen2-1.5B-Instruct,0.0,0,logiqa,0.0
63,0.81640625,0.44201730327044453,Qwen/Qwen2-1.5B-Instruct,0.0,0,logiqa,0.0
64,2.59375,0.0747392417609257,Qwen/Qwen2-1.5B-Instruct,0.0,0,logiqa,0.0
65,1.4765625,0.2284215394097245,Qwen/Qwen2-1.5B-Instruct,0.0,0,logiqa,0.0
66,1.40625,0.2450605392455259,Qwen/Qwen2-1.5B-Instruct,0.0,0,logiqa,0.0
67,0.5078125,0.6018106006716945,Qwen/Qwen2-1.5B-Instruct,1.0,0,logiqa,0.0
68,0.158203125,0.8536763613451477,Qwen/Qwen2-1.5B-Instruct,1.0,0,logiqa,0.0
69,1.1796875,0.30737477821235176,Qwen/Qwen2-1.5B-Instruct,1.0,0,logiqa,0.0
70,1.8984375,0.14980250286418162,Qwen/Qwen2-1.5B-Instruct,0.0,0,logiqa,0.0
71,1.625,0.19691167520419406,Qwen/Qwen2-1.5B-Instruct,0.0,0,logiqa,0.0
72,1.3125,0.26914634872918386,Qwen/Qwen2-1.5B-Instruct,0.0,0,logiqa,0.0
73,0.05322265625,0.9481688732517508,Qwen/Qwen2-1.5B-Instruct,1.0,0,logiqa,0.0
74,2.640625,0.07131668269775804,Qwen/Qwen2-1.5B-Instruct,0.0,0,logiqa,0.0
75,1.0546875,0.34830125444308524,Qwen/Qwen2-1.5B-Instruct,0.0,0,logiqa,0.0
76,2.59375,0.0747392417609257,Qwen/Qwen2-1.5B-Instruct,0.0,0,logiqa,0.0
77,1.1875,0.3049827687110593,Qwen/Qwen2-1.5B-Instruct,0.0,0,logiqa,0.0
78,1.328125,0.26497362135689667,Qwen/Qwen2-1.5B-Instruct,0.0,0,logiqa,0.0
79,0.58203125,0.5587622272904076,Qwen/Qwen2-1.5B-Instruct,1.0,0,logiqa,0.0
80,0.2421875,0.7849089933174918,Qwen/Qwen2-1.5B-Instruct,1.0,0,logiqa,0.0
81,1.953125,0.14183015908734253,Qwen/Qwen2-1.5B-Instruct,0.0,0,logiqa,0.0
1,3.75,0.023517745856009107,Qwen/Qwen2-1.5B-Instruct,0.0,0,logiqa,0.0
2,1.8984375,0.14980250286418162,Qwen/Qwen2-1.5B-Instruct,0.0,0,logiqa,0.0
3,1.765625,0.17107982817134254,Qwen/Qwen2-1.5B-Instruct,0.0,0,logiqa,0.0
4,0.341796875,0.7104925088436513,Qwen/Qwen2-1.5B-Instruct,1.0,0,logiqa,0.0
5,2.625,0.07243975703425146,Qwen/Qwen2-1.5B-Instruct,0.0,0,logiqa,0.0
6,5.59375,0.0037210477393135196,Qwen/Qwen2-1.5B-Instruct,0.0,0,logiqa,0.0
7,1.2890625,0.2755289704553164,Qwen/Qwen2-1.5B-Instruct,0.0,0,logiqa,0.0
8,0.435546875,0.64691079098504,Qwen/Qwen2-1.5B-Instruct,1.0,0,logiqa,0.0
9,1.59375,0.20316232275153173,Qwen/Qwen2-1.5B-Instruct,0.0,0,logiqa,0.0
10,0.90234375,0.40561787790561105,Qwen/Qwen2-1.5B-Instruct,0.0,0,logiqa,0.0
11,1.4296875,0.23938371796817895,Qwen/Qwen2-1.5B-Instruct,0.0,0,logiqa,0.0
12,1.5546875,0.21125538963610227,Qwen/Qwen2-1.5B-Instruct,0.0,0,logiqa,0.0
13,0.5,0.6065306597126334,Qwen/Qwen2-1.5B-Instruct,1.0,0,logiqa,0.0
14,1.359375,0.25682124007865503,Qwen/Qwen2-1.5B-Instruct,0.0,0,logiqa,0.0
15,0.57421875,0.5631446537543375,Qwen/Qwen2-1.5B-Instruct,1.0,0,logiqa,0.0
16,3.984375,0.018604068232532935,Qwen/Qwen2-1.5B-Instruct,0.0,0,logiqa,0.0
17,1.9453125,0.14294254681187055,Qwen/Qwen2-1.5B-Instruct,0.0,0,logiqa,0.0
18,0.91796875,0.39932935558376886,Qwen/Qwen2-1.5B-Instruct,1.0,0,logiqa,0.0
19,1.8984375,0.14980250286418162,Qwen/Qwen2-1.5B-Instruct,0.0,0,logiqa,0.0
20,1.6484375,0.1923502211610474,Qwen/Qwen2-1.5B-Instruct,0.0,0,logiqa,0.0
21,2.828125,0.059123606568473756,Qwen/Qwen2-1.5B-Instruct,0.0,0,logiqa,0.0
22,2.78125,0.061961007690531984,Qwen/Qwen2-1.5B-Instruct,0.0,0,logiqa,0.0
23,0.73828125,0.47793466018873804,Qwen/Qwen2-1.5B-Instruct,1.0,0,logiqa,0.0
24,3.90625,0.02011579402674089,Qwen/Qwen2-1.5B-Instruct,0.0,0,logiqa,0.0
25,0.060546875,0.941249646907103,Qwen/Qwen2-1.5B-Instruct,1.0,0,logiqa,0.0
26,2.140625,0.11758133171956547,Qwen/Qwen2-1.5B-Instruct,0.0,0,logiqa,0.0
27,4.21875,0.014717029298635137,Qwen/Qwen2-1.5B-Instruct,0.0,0,logiqa,0.0
28,1.90625,0.1486367305381225,Qwen/Qwen2-1.5B-Instruct,0.0,0,logiqa,0.0
29,0.1318359375,0.8764847815685415,Qwen/Qwen2-1.5B-Instruct,1.0,0,logiqa,0.0
30,0.75390625,0.47052497007720323,Qwen/Qwen2-1.5B-Instruct,1.0,0,logiqa,0.0
31,0.61328125,0.5415709208598878,Qwen/Qwen2-1.5B-Instruct,1.0,0,logiqa,0.0
32,3.9375,0.019496896108597995,Qwen/Qwen2-1.5B-Instruct,0.0,0,logiqa,0.0
33,4.1875,0.015184197956837946,Qwen/Qwen2-1.5B-Instruct,0.0,0,logiqa,0.0
34,5.3125,0.004929587331545052,Qwen/Qwen2-1.5B-Instruct,0.0,0,logiqa,0.0
35,0.416015625,0.6596699630606897,Qwen/Qwen2-1.5B-Instruct,1.0,0,logiqa,0.0
36,1.765625,0.17107982817134254,Qwen/Qwen2-1.5B-Instruct,0.0,0,logiqa,0.0
37,3.0625,0.04677062238395898,Qwen/Qwen2-1.5B-Instruct,0.0,0,logiqa,0.0
38,2.5,0.0820849986238988,Qwen/Qwen2-1.5B-Instruct,0.0,0,logiqa,0.0
39,0.9453125,0.3885581275123641,Qwen/Qwen2-1.5B-Instruct,1.0,0,logiqa,0.0
40,0.75390625,0.47052497007720323,Qwen/Qwen2-1.5B-Instruct,1.0,0,logiqa,0.0
41,1.46875,0.23021307174736147,Qwen/Qwen2-1.5B-Instruct,0.0,0,logiqa,0.0
42,1.484375,0.22664394888734782,Qwen/Qwen2-1.5B-Instruct,0.0,0,logiqa,0.0
43,1.0,0.36787944117144233,Qwen/Qwen2-1.5B-Instruct,1.0,0,logiqa,0.0
44,5.25,0.005247518399181385,Qwen/Qwen2-1.5B-Instruct,0.0,0,logiqa,0.0
45,0.1787109375,0.8363476211932502,Qwen/Qwen2-1.5B-Instruct,1.0,0,logiqa,0.0
46,2.734375,0.0649345785355609,Qwen/Qwen2-1.5B-Instruct,0.0,0,logiqa,0.0
47,0.0458984375,0.9551389635657673,Qwen/Qwen2-1.5B-Instruct,1.0,0,logiqa,0.0
48,0.57421875,0.5631446537543375,Qwen/Qwen2-1.5B-Instruct,1.0,0,logiqa,0.0
49,1.40625,0.2450605392455259,Qwen/Qwen2-1.5B-Instruct,0.0,0,logiqa,0.0
50,0.060546875,0.941249646907103,Qwen/Qwen2-1.5B-Instruct,1.0,0,logiqa,0.0
51,0.5859375,0.556583819812148,Qwen/Qwen2-1.5B-Instruct,1.0,0,logiqa,0.0
52,1.875,0.15335496684492847,Qwen/Qwen2-1.5B-Instruct,0.0,0,logiqa,0.0
53,2.765625,0.06293675158337987,Qwen/Qwen2-1.5B-Instruct,0.0,0,logiqa,0.0
54,1.046875,0.3510330150388101,Qwen/Qwen2-1.5B-Instruct,0.0,0,logiqa,0.0
55,0.421875,0.6558160112715016,Qwen/Qwen2-1.5B-Instruct,1.0,0,logiqa,0.0
56,1.03125,0.356560980663947,Qwen/Qwen2-1.5B-Instruct,1.0,0,logiqa,0.0
57,2.1875,0.11219689052034373,Qwen/Qwen2-1.5B-Instruct,0.0,0,logiqa,0.0
58,2.484375,0.08337764926156645,Qwen/Qwen2-1.5B-Instruct,0.0,0,logiqa,0.0
59,3.171875,0.04192491494570112,Qwen/Qwen2-1.5B-Instruct,0.0,0,logiqa,0.0
60,4.03125,0.01775212592162854,Qwen/Qwen2-1.5B-Instruct,0.0,0,logiqa,0.0
61,0.03076171875,0.9697066084520289,Qwen/Qwen2-1.5B-Instruct,1.0,0,logiqa,0.0
62,1.9609375,0.14072642803276533,Qwen/Qwen2-1.5B-Instruct,0.0,0,logiqa,0.0
63,0.96484375,0.3810427330152126,Qwen/Qwen2-1.5B-Instruct,1.0,0,logiqa,0.0
64,0.6875,0.5028315779709409,Qwen/Qwen2-1.5B-Instruct,1.0,0,logiqa,0.0
65,2.375,0.09301448921066349,Qwen/Qwen2-1.5B-Instruct,0.0,0,logiqa,0.0
66,1.40625,0.2450605392455259,Qwen/Qwen2-1.5B-Instruct,0.0,0,logiqa,0.0
67,0.0155029296875,0.9846166221284973,Qwen/Qwen2-1.5B-Instruct,1.0,0,logiqa,0.0
68,0.9296875,0.3946770276734171,Qwen/Qwen2-1.5B-Instruct,0.0,0,logiqa,0.0
69,1.6328125,0.19537929639047613,Qwen/Qwen2-1.5B-Instruct,0.0,0,logiqa,0.0
70,1.3984375,0.24698257287629313,Qwen/Qwen2-1.5B-Instruct,0.0,0,logiqa,0.0
71,1.3828125,0.25087198245993886,Qwen/Qwen2-1.5B-Instruct,0.0,0,logiqa,0.0
72,0.9296875,0.3946770276734171,Qwen/Qwen2-1.5B-Instruct,0.0,0,logiqa,0.0
73,1.953125,0.14183015908734253,Qwen/Qwen2-1.5B-Instruct,0.0,0,logiqa,0.0
74,0.2353515625,0.7902929634144612,Qwen/Qwen2-1.5B-Instruct,1.0,0,logiqa,0.0
75,2.46875,0.0846906561847805,Qwen/Qwen2-1.5B-Instruct,0.0,0,logiqa,0.0
76,1.4921875,0.22488019168416426,Qwen/Qwen2-1.5B-Instruct,0.0,0,logiqa,0.0
77,2.796875,0.06100039130459344,Qwen/Qwen2-1.5B-Instruct,0.0,0,logiqa,0.0
78,1.1953125,0.30260937397538795,Qwen/Qwen2-1.5B-Instruct,0.0,0,logiqa,0.0
79,4.28125,0.013825369568946493,Qwen/Qwen2-1.5B-Instruct,0.0,0,logiqa,0.0
80,1.28125,0.27768997095378994,Qwen/Qwen2-1.5B-Instruct,0.0,0,logiqa,0.0
81,0.61328125,0.5415709208598878,Qwen/Qwen2-1.5B-Instruct,1.0,0,logiqa,0.0
82,2.390625,0.09157243321777621,Qwen/Qwen2-1.5B-Instruct,0.0,0,logiqa,0.0
83,1.296875,0.27338478699614155,Qwen/Qwen2-1.5B-Instruct,0.0,0,logiqa,0.0
84,0.87109375,0.4184935714928901,Qwen/Qwen2-1.5B-Instruct,1.0,0,logiqa,0.0
85,1.734375,0.17651048487186194,Qwen/Qwen2-1.5B-Instruct,0.0,0,logiqa,0.0
1,1.0546875,0.34830125444308524,Qwen/Qwen2-1.5B-Instruct,1.0,0,logiqa,0.0
2,1.3828125,0.25087198245993886,Qwen/Qwen2-1.5B-Instruct,0.0,0,logiqa,0.0
3,1.6328125,0.19537929639047613,Qwen/Qwen2-1.5B-Instruct,0.0,0,logiqa,0.0
4,4.5625,0.010435936462774504,Qwen/Qwen2-1.5B-Instruct,0.0,0,logiqa,0.0
5,1.1484375,0.31713190105209277,Qwen/Qwen2-1.5B-Instruct,0.0,0,logiqa,0.0
6,1.5546875,0.21125538963610227,Qwen/Qwen2-1.5B-Instruct,0.0,0,logiqa,0.0
7,0.87109375,0.4184935714928901,Qwen/Qwen2-1.5B-Instruct,1.0,0,logiqa,0.0
8,2.65625,0.07021102001498804,Qwen/Qwen2-1.5B-Instruct,0.0,0,logiqa,0.0
9,0.27734375,0.7577939606593946,Qwen/Qwen2-1.5B-Instruct,1.0,0,logiqa,0.0
10,0.59375,0.5522524501630204,Qwen/Qwen2-1.5B-Instruct,1.0,0,logiqa,0.0
11,0.03076171875,0.9697066084520289,Qwen/Qwen2-1.5B-Instruct,1.0,0,logiqa,0.0
12,0.2890625,0.7489653936027156,Qwen/Qwen2-1.5B-Instruct,1.0,0,logiqa,0.0
13,0.9453125,0.3885581275123641,Qwen/Qwen2-1.5B-Instruct,1.0,0,logiqa,0.0
14,0.271484375,0.76224719348739,Qwen/Qwen2-1.5B-Instruct,1.0,0,logiqa,0.0
15,1.65625,0.19085333986431632,Qwen/Qwen2-1.5B-Instruct,0.0,0,logiqa,0.0
16,2.859375,0.057304564428268645,Qwen/Qwen2-1.5B-Instruct,0.0,0,logiqa,0.0
17,0.9765625,0.3766034507108804,Qwen/Qwen2-1.5B-Instruct,1.0,0,logiqa,0.0
18,0.27734375,0.7577939606593946,Qwen/Qwen2-1.5B-Instruct,1.0,0,logiqa,0.0
19,0.5859375,0.556583819812148,Qwen/Qwen2-1.5B-Instruct,1.0,0,logiqa,0.0
20,0.70703125,0.49310593486505433,Qwen/Qwen2-1.5B-Instruct,1.0,0,logiqa,0.0
21,0.11083984375,0.8950820904412523,Qwen/Qwen2-1.5B-Instruct,1.0,0,logiqa,0.0
22,1.328125,0.26497362135689667,Qwen/Qwen2-1.5B-Instruct,0.0,0,logiqa,0.0
23,0.76953125,0.463230156563083,Qwen/Qwen2-1.5B-Instruct,1.0,0,logiqa,0.0
24,1.1484375,0.31713190105209277,Qwen/Qwen2-1.5B-Instruct,0.0,0,logiqa,0.0
25,1.140625,0.31961919737930994,Qwen/Qwen2-1.5B-Instruct,1.0,0,logiqa,0.0
26,1.4296875,0.23938371796817895,Qwen/Qwen2-1.5B-Instruct,0.0,0,logiqa,0.0
27,0.08251953125,0.9207934534340386,Qwen/Qwen2-1.5B-Instruct,1.0,0,logiqa,0.0
28,1.40625,0.2450605392455259,Qwen/Qwen2-1.5B-Instruct,0.0,0,logiqa,0.0
29,1.6171875,0.19845607261390505,Qwen/Qwen2-1.5B-Instruct,0.0,0,logiqa,0.0
30,3.1875,0.04127492938579755,Qwen/Qwen2-1.5B-Instruct,0.0,0,logiqa,0.0
31,3.40625,0.03316533748891029,Qwen/Qwen2-1.5B-Instruct,0.0,0,logiqa,0.0
32,1.4296875,0.23938371796817895,Qwen/Qwen2-1.5B-Instruct,0.0,0,logiqa,0.0
33,1.2734375,0.27986792038923625,Qwen/Qwen2-1.5B-Instruct,0.0,0,logiqa,0.0
34,2.640625,0.07131668269775804,Qwen/Qwen2-1.5B-Instruct,0.0,0,logiqa,0.0
35,1.953125,0.14183015908734253,Qwen/Qwen2-1.5B-Instruct,0.0,0,logiqa,0.0
36,0.03076171875,0.9697066084520289,Qwen/Qwen2-1.5B-Instruct,1.0,0,logiqa,0.0
37,1.34375,0.26086558612628497,Qwen/Qwen2-1.5B-Instruct,0.0,0,logiqa,0.0
38,1.46875,0.23021307174736147,Qwen/Qwen2-1.5B-Instruct,0.0,0,logiqa,0.0
39,0.357421875,0.6994773434756083,Qwen/Qwen2-1.5B-Instruct,1.0,0,logiqa,0.0
40,1.0,0.36787944117144233,Qwen/Qwen2-1.5B-Instruct,1.0,0,logiqa,0.0
41,2.71875,0.06595714935553817,Qwen/Qwen2-1.5B-Instruct,0.0,0,logiqa,0.0
42,3.5,0.0301973834223185,Qwen/Qwen2-1.5B-Instruct,0.0,0,logiqa,0.0
43,2.09375,0.12322417764723749,Qwen/Qwen2-1.5B-Instruct,0.0,0,logiqa,0.0
44,2.125,0.11943296826671962,Qwen/Qwen2-1.5B-Instruct,0.0,0,logiqa,0.0
45,1.3984375,0.24698257287629313,Qwen/Qwen2-1.5B-Instruct,0.0,0,logiqa,0.0
46,2.0625,0.1271357329320356,Qwen/Qwen2-1.5B-Instruct,0.0,0,logiqa,0.0
47,0.859375,0.4234266412852628,Qwen/Qwen2-1.5B-Instruct,1.0,0,logiqa,0.0
48,3.953125,0.019194624751579337,Qwen/Qwen2-1.5B-Instruct,0.0,0,logiqa,0.0
49,1.1328125,0.3221260018134028,Qwen/Qwen2-1.5B-Instruct,1.0,0,logiqa,0.0
50,0.1845703125,0.8314614757090356,Qwen/Qwen2-1.5B-Instruct,1.0,0,logiqa,0.0
51,1.09375,0.33495804292529496,Qwen/Qwen2-1.5B-Instruct,1.0,0,logiqa,0.0
52,3.609375,0.027068759555306635,Qwen/Qwen2-1.5B-Instruct,0.0,0,logiqa,0.0
53,0.0751953125,0.9275623041230301,Qwen/Qwen2-1.5B-Instruct,1.0,0,logiqa,0.0
54,0.69140625,0.5008712234296745,Qwen/Qwen2-1.5B-Instruct,1.0,0,logiqa,0.0
55,1.1875,0.3049827687110593,Qwen/Qwen2-1.5B-Instruct,0.0,0,logiqa,0.0
56,1.265625,0.28206295169381546,Qwen/Qwen2-1.5B-Instruct,1.0,0,logiqa,0.0
57,1.734375,0.17651048487186194,Qwen/Qwen2-1.5B-Instruct,0.0,0,logiqa,0.0
58,1.40625,0.2450605392455259,Qwen/Qwen2-1.5B-Instruct,0.0,0,logiqa,0.0
59,0.75390625,0.47052497007720323,Qwen/Qwen2-1.5B-Instruct,1.0,0,logiqa,0.0
60,0.1650390625,0.847860583886983,Qwen/Qwen2-1.5B-Instruct,1.0,0,logiqa,0.0
61,1.4375,0.23752081909545814,Qwen/Qwen2-1.5B-Instruct,0.0,0,logiqa,0.0
62,1.828125,0.16071462536804407,Qwen/Qwen2-1.5B-Instruct,0.0,0,logiqa,0.0
63,4.625,0.009803655035821828,Qwen/Qwen2-1.5B-Instruct,0.0,0,logiqa,0.0
64,1.1171875,0.3271987482181544,Qwen/Qwen2-1.5B-Instruct,1.0,0,logiqa,0.0
65,1.5078125,0.221393747466153,Qwen/Qwen2-1.5B-Instruct,0.0,0,logiqa,0.0
66,0.248046875,0.7803233647630088,Qwen/Qwen2-1.5B-Instruct,1.0,0,logiqa,0.0
67,1.28125,0.27768997095378994,Qwen/Qwen2-1.5B-Instruct,0.0,0,logiqa,0.0
68,1.2109375,0.2979178504832066,Qwen/Qwen2-1.5B-Instruct,0.0,0,logiqa,0.0
69,1.2265625,0.29329906232102687,Qwen/Qwen2-1.5B-Instruct,0.0,0,logiqa,0.0
70,1.0078125,0.36501658064745907,Qwen/Qwen2-1.5B-Instruct,1.0,0,logiqa,0.0
71,2.015625,0.13323710414756298,Qwen/Qwen2-1.5B-Instruct,0.0,0,logiqa,0.0
72,1.0,0.36787944117144233,Qwen/Qwen2-1.5B-Instruct,0.0,0,logiqa,0.0
73,1.3203125,0.26705183522634335,Qwen/Qwen2-1.5B-Instruct,0.0,0,logiqa,0.0
74,1.5390625,0.21458217794945839,Qwen/Qwen2-1.5B-Instruct,0.0,0,logiqa,0.0
75,1.125,0.32465246735834974,Qwen/Qwen2-1.5B-Instruct,1.0,0,logiqa,0.0
76,1.8984375,0.14980250286418162,Qwen/Qwen2-1.5B-Instruct,0.0,0,logiqa,0.0
77,3.640625,0.026235941377052294,Qwen/Qwen2-1.5B-Instruct,0.0,0,logiqa,0.0
78,4.5625,0.010435936462774504,Qwen/Qwen2-1.5B-Instruct,0.0,0,logiqa,0.0
79,0.271484375,0.76224719348739,Qwen/Qwen2-1.5B-Instruct,1.0,0,logiqa,0.0
80,3.734375,0.023888096464365276,Qwen/Qwen2-1.5B-Instruct,0.0,0,logiqa,0.0
1,0.11767578125,0.8889842312518604,Qwen/Qwen2-1.5B-Instruct,1.0,0,logiqa,0.0
2,3.875,0.020754337873699742,Qwen/Qwen2-1.5B-Instruct,0.0,0,logiqa,0.0
3,1.703125,0.18211352912101367,Qwen/Qwen2-1.5B-Instruct,0.0,0,logiqa,0.0
4,2.046875,0.129137829405204,Qwen/Qwen2-1.5B-Instruct,0.0,0,logiqa,0.0
5,0.007781982421875,0.9922482188107336,Qwen/Qwen2-1.5B-Instruct,1.0,0,logiqa,0.0
6,1.59375,0.20316232275153173,Qwen/Qwen2-1.5B-Instruct,0.0,0,logiqa,0.0
7,5.625,0.0036065631360157305,Qwen/Qwen2-1.5B-Instruct,0.0,0,logiqa,0.0
8,2.046875,0.129137829405204,Qwen/Qwen2-1.5B-Instruct,0.0,0,logiqa,0.0
9,1.3046875,0.27125728970502744,Qwen/Qwen2-1.5B-Instruct,1.0,0,logiqa,0.0
10,0.76953125,0.463230156563083,Qwen/Qwen2-1.5B-Instruct,1.0,0,logiqa,0.0
11,4.6875,0.00920968160396814,Qwen/Qwen2-1.5B-Instruct,0.0,0,logiqa,0.0
12,3.578125,0.027928014220365963,Qwen/Qwen2-1.5B-Instruct,0.0,0,logiqa,0.0
13,1.2109375,0.2979178504832066,Qwen/Qwen2-1.5B-Instruct,1.0,0,logiqa,0.0
14,1.421875,0.2412612277378443,Qwen/Qwen2-1.5B-Instruct,0.0,0,logiqa,0.0
15,3.078125,0.04604551109353302,Qwen/Qwen2-1.5B-Instruct,0.0,0,logiqa,0.0
16,0.66015625,0.5167705827795767,Qwen/Qwen2-1.5B-Instruct,1.0,0,logiqa,0.0
17,0.88671875,0.41200543004441853,Qwen/Qwen2-1.5B-Instruct,0.0,0,logiqa,0.0
18,2.375,0.09301448921066349,Qwen/Qwen2-1.5B-Instruct,0.0,0,logiqa,0.0
19,1.1796875,0.30737477821235176,Qwen/Qwen2-1.5B-Instruct,1.0,0,logiqa,0.0
20,1.09375,0.33495804292529496,Qwen/Qwen2-1.5B-Instruct,1.0,0,logiqa,0.0
21,1.2578125,0.2842751988422877,Qwen/Qwen2-1.5B-Instruct,0.0,0,logiqa,0.0
22,1.53125,0.2162651668298873,Qwen/Qwen2-1.5B-Instruct,0.0,0,logiqa,0.0
23,2.296875,0.10057264266491435,Qwen/Qwen2-1.5B-Instruct,0.0,0,logiqa,0.0
24,1.625,0.19691167520419406,Qwen/Qwen2-1.5B-Instruct,0.0,0,logiqa,0.0
25,0.58203125,0.5587622272904076,Qwen/Qwen2-1.5B-Instruct,1.0,0,logiqa,0.0
26,1.8203125,0.1619751257973035,Qwen/Qwen2-1.5B-Instruct,0.0,0,logiqa,0.0
27,1.546875,0.21291228619240427,Qwen/Qwen2-1.5B-Instruct,0.0,0,logiqa,0.0
28,0.8125,0.44374731008107987,Qwen/Qwen2-1.5B-Instruct,0.0,0,logiqa,0.0
29,1.5234375,0.21796135555570278,Qwen/Qwen2-1.5B-Instruct,0.0,0,logiqa,0.0
30,0.1455078125,0.8645831354918224,Qwen/Qwen2-1.5B-Instruct,1.0,0,logiqa,0.0
31,0.78125,0.45783336177161427,Qwen/Qwen2-1.5B-Instruct,1.0,0,logiqa,0.0
32,1.3046875,0.27125728970502744,Qwen/Qwen2-1.5B-Instruct,0.0,0,logiqa,0.0
33,0.921875,0.39777251796661167,Qwen/Qwen2-1.5B-Instruct,1.0,0,logiqa,0.0
34,4.9375,0.007172507245008699,Qwen/Qwen2-1.5B-Instruct,0.0,0,logiqa,0.0
35,2.046875,0.129137829405204,Qwen/Qwen2-1.5B-Instruct,0.0,0,logiqa,0.0
36,1.796875,0.1658162552121675,Qwen/Qwen2-1.5B-Instruct,0.0,0,logiqa,0.0
37,0.5,0.6065306597126334,Qwen/Qwen2-1.5B-Instruct,1.0,0,logiqa,0.0
38,2.296875,0.10057264266491435,Qwen/Qwen2-1.5B-Instruct,0.0,0,logiqa,0.0
39,1.484375,0.22664394888734782,Qwen/Qwen2-1.5B-Instruct,0.0,0,logiqa,0.0
40,0.86328125,0.4217758572543825,Qwen/Qwen2-1.5B-Instruct,0.0,0,logiqa,0.0
41,3.578125,0.027928014220365963,Qwen/Qwen2-1.5B-Instruct,0.0,0,logiqa,0.0
42,3.125,0.04393693362340742,Qwen/Qwen2-1.5B-Instruct,0.0,0,logiqa,0.0
43,0.78125,0.45783336177161427,Qwen/Qwen2-1.5B-Instruct,1.0,0,logiqa,0.0
44,0.0458984375,0.9551389635657673,Qwen/Qwen2-1.5B-Instruct,1.0,0,logiqa,0.0
45,2.953125,0.05217639966630833,Qwen/Qwen2-1.5B-Instruct,0.0,0,logiqa,0.0
46,1.0390625,0.353786201098432,Qwen/Qwen2-1.5B-Instruct,1.0,0,logiqa,0.0
47,4.15625,0.015666196140128895,Qwen/Qwen2-1.5B-Instruct,0.0,0,logiqa,0.0
48,3.484375,0.030672923016533588,Qwen/Qwen2-1.5B-Instruct,0.0,0,logiqa,0.0
49,1.34375,0.26086558612628497,Qwen/Qwen2-1.5B-Instruct,0.0,0,logiqa,0.0
50,0.74609375,0.4742153431555798,Qwen/Qwen2-1.5B-Instruct,1.0,0,logiqa,0.0
51,0.345703125,0.7077225610574206,Qwen/Qwen2-1.5B-Instruct,1.0,0,logiqa,0.0
52,2.6875,0.0680508540250102,Qwen/Qwen2-1.5B-Instruct,0.0,0,logiqa,0.0
53,1.03125,0.356560980663947,Qwen/Qwen2-1.5B-Instruct,0.0,0,logiqa,0.0
54,2.21875,0.10874495509722103,Qwen/Qwen2-1.5B-Instruct,0.0,0,logiqa,0.0
55,0.03076171875,0.9697066084520289,Qwen/Qwen2-1.5B-Instruct,1.0,0,logiqa,0.0
56,0.87109375,0.4184935714928901,Qwen/Qwen2-1.5B-Instruct,1.0,0,logiqa,0.0
57,0.69921875,0.49697341264527733,Qwen/Qwen2-1.5B-Instruct,1.0,0,logiqa,0.0
58,0.283203125,0.7533667446967807,Qwen/Qwen2-1.5B-Instruct,1.0,0,logiqa,0.0
59,1.2421875,0.2887518818320782,Qwen/Qwen2-1.5B-Instruct,0.0,0,logiqa,0.0
60,1.4765625,0.2284215394097245,Qwen/Qwen2-1.5B-Instruct,0.0,0,logiqa,0.0
61,0.81640625,0.44201730327044453,Qwen/Qwen2-1.5B-Instruct,1.0,0,logiqa,0.0
62,0.05322265625,0.9481688732517508,Qwen/Qwen2-1.5B-Instruct,1.0,0,logiqa,0.0
63,0.30078125,0.7402396824677261,Qwen/Qwen2-1.5B-Instruct,1.0,0,logiqa,0.0
64,2.1875,0.11219689052034373,Qwen/Qwen2-1.5B-Instruct,0.0,0,logiqa,0.0
65,0.76953125,0.463230156563083,Qwen/Qwen2-1.5B-Instruct,1.0,0,logiqa,0.0
66,1.15625,0.314663961018459,Qwen/Qwen2-1.5B-Instruct,0.0,0,logiqa,0.0
67,1.3515625,0.25883551402927246,Qwen/Qwen2-1.5B-Instruct,0.0,0,logiqa,0.0
68,2.015625,0.13323710414756298,Qwen/Qwen2-1.5B-Instruct,0.0,0,logiqa,0.0
69,0.0751953125,0.9275623041230301,Qwen/Qwen2-1.5B-Instruct,1.0,0,logiqa,0.0
70,1.625,0.19691167520419406,Qwen/Qwen2-1.5B-Instruct,0.0,0,logiqa,0.0
71,1.953125,0.14183015908734253,Qwen/Qwen2-1.5B-Instruct,0.0,0,logiqa,0.0
72,1.765625,0.17107982817134254,Qwen/Qwen2-1.5B-Instruct,0.0,0,logiqa,0.0
73,1.6953125,0.18354186323251906,Qwen/Qwen2-1.5B-Instruct,0.0,0,logiqa,0.0
74,1.09375,0.33495804292529496,Qwen/Qwen2-1.5B-Instruct,1.0,0,logiqa,0.0
75,0.58984375,0.5544139051397897,Qwen/Qwen2-1.5B-Instruct,1.0,0,logiqa,0.0
76,0.0966796875,0.9078467542291261,Qwen/Qwen2-1.5B-Instruct,1.0,0,logiqa,0.0
77,1.515625,0.21967084765457534,Qwen/Qwen2-1.5B-Instruct,0.0,0,logiqa,0.0
78,0.25390625,0.7757645265618263,Qwen/Qwen2-1.5B-Instruct,1.0,0,logiqa,0.0
1,3.84375,0.021413151278198653,Qwen/Qwen2-1.5B-Instruct,0.0,0,logiqa,0.0
2,1.046875,0.3510330150388101,Qwen/Qwen2-1.5B-Instruct,1.0,0,logiqa,0.0
3,0.007781982421875,0.9922482188107336,Qwen/Qwen2-1.5B-Instruct,1.0,0,logiqa,0.0
4,0.0458984375,0.9551389635657673,Qwen/Qwen2-1.5B-Instruct,1.0,0,logiqa,0.0
5,1.296875,0.27338478699614155,Qwen/Qwen2-1.5B-Instruct,0.0,0,logiqa,0.0
6,1.34375,0.26086558612628497,Qwen/Qwen2-1.5B-Instruct,0.0,0,logiqa,0.0
7,1.8828125,0.1521615490248429,Qwen/Qwen2-1.5B-Instruct,0.0,0,logiqa,0.0
8,1.28125,0.27768997095378994,Qwen/Qwen2-1.5B-Instruct,0.0,0,logiqa,0.0
9,0.330078125,0.7188675697091758,Qwen/Qwen2-1.5B-Instruct,1.0,0,logiqa,0.0
10,0.625,0.5352614285189903,Qwen/Qwen2-1.5B-Instruct,1.0,0,logiqa,0.0
11,1.265625,0.28206295169381546,Qwen/Qwen2-1.5B-Instruct,0.0,0,logiqa,0.0
12,1.9765625,0.13854466699075552,Qwen/Qwen2-1.5B-Instruct,0.0,0,logiqa,0.0
13,2.65625,0.07021102001498804,Qwen/Qwen2-1.5B-Instruct,0.0,0,logiqa,0.0
14,0.87109375,0.4184935714928901,Qwen/Qwen2-1.5B-Instruct,1.0,0,logiqa,0.0
15,0.05322265625,0.9481688732517508,Qwen/Qwen2-1.5B-Instruct,1.0,0,logiqa,0.0
16,0.357421875,0.6994773434756083,Qwen/Qwen2-1.5B-Instruct,1.0,0,logiqa,0.0
17,0.58984375,0.5544139051397897,Qwen/Qwen2-1.5B-Instruct,1.0,0,logiqa,0.0
18,0.138671875,0.870513618882206,Qwen/Qwen2-1.5B-Instruct,1.0,0,logiqa,0.0
19,0.451171875,0.6368813687851224,Qwen/Qwen2-1.5B-Instruct,1.0,0,logiqa,0.0
20,4.34375,0.012987732771292249,Qwen/Qwen2-1.5B-Instruct,0.0,0,logiqa,0.0
21,2.375,0.09301448921066349,Qwen/Qwen2-1.5B-Instruct,0.0,0,logiqa,0.0
22,0.53515625,0.5855777864671197,Qwen/Qwen2-1.5B-Instruct,1.0,0,logiqa,0.0
23,2.40625,0.09015273423081638,Qwen/Qwen2-1.5B-Instruct,0.0,0,logiqa,0.0
24,2.421875,0.08875504563653425,Qwen/Qwen2-1.5B-Instruct,0.0,0,logiqa,0.0
25,1.296875,0.27338478699614155,Qwen/Qwen2-1.5B-Instruct,0.0,0,logiqa,0.0
26,3.734375,0.023888096464365276,Qwen/Qwen2-1.5B-Instruct,0.0,0,logiqa,0.0
27,0.4453125,0.6406240497330474,Qwen/Qwen2-1.5B-Instruct,1.0,0,logiqa,0.0
28,0.64453125,0.5249085353233612,Qwen/Qwen2-1.5B-Instruct,1.0,0,logiqa,0.0
29,1.546875,0.21291228619240427,Qwen/Qwen2-1.5B-Instruct,0.0,0,logiqa,0.0
30,1.015625,0.3621759990808257,Qwen/Qwen2-1.5B-Instruct,0.0,0,logiqa,0.0
31,0.060546875,0.941249646907103,Qwen/Qwen2-1.5B-Instruct,1.0,0,logiqa,0.0
32,1.234375,0.29101659090983195,Qwen/Qwen2-1.5B-Instruct,0.0,0,logiqa,0.0
33,4.90625,0.0074001870652772766,Qwen/Qwen2-1.5B-Instruct,0.0,0,logiqa,0.0
34,1.1171875,0.3271987482181544,Qwen/Qwen2-1.5B-Instruct,1.0,0,logiqa,0.0
35,0.0155029296875,0.9846166221284973,Qwen/Qwen2-1.5B-Instruct,1.0,0,logiqa,0.0
36,1.2109375,0.2979178504832066,Qwen/Qwen2-1.5B-Instruct,0.0,0,logiqa,0.0
37,0.08251953125,0.9207934534340386,Qwen/Qwen2-1.5B-Instruct,1.0,0,logiqa,0.0
38,1.796875,0.1658162552121675,Qwen/Qwen2-1.5B-Instruct,0.0,0,logiqa,0.0
39,1.796875,0.1658162552121675,Qwen/Qwen2-1.5B-Instruct,0.0,0,logiqa,0.0
40,2.796875,0.06100039130459344,Qwen/Qwen2-1.5B-Instruct,0.0,0,logiqa,0.0
41,2.296875,0.10057264266491435,Qwen/Qwen2-1.5B-Instruct,0.0,0,logiqa,0.0
42,2.484375,0.08337764926156645,Qwen/Qwen2-1.5B-Instruct,0.0,0,logiqa,0.0
43,1.140625,0.31961919737930994,Qwen/Qwen2-1.5B-Instruct,0.0,0,logiqa,0.0
44,0.77734375,0.459625270884992,Qwen/Qwen2-1.5B-Instruct,1.0,0,logiqa,0.0
45,2.203125,0.1104574389603643,Qwen/Qwen2-1.5B-Instruct,0.0,0,logiqa,0.0
46,1.390625,0.2489196812036605,Qwen/Qwen2-1.5B-Instruct,0.0,0,logiqa,0.0
47,0.369140625,0.6913281855882473,Qwen/Qwen2-1.5B-Instruct,1.0,0,logiqa,0.0
48,0.038330078125,0.9623952228475297,Qwen/Qwen2-1.5B-Instruct,1.0,0,logiqa,0.0
49,0.73046875,0.48168314818692903,Qwen/Qwen2-1.5B-Instruct,0.0,0,logiqa,0.0
50,4.40625,0.012200845821682604,Qwen/Qwen2-1.5B-Instruct,0.0,0,logiqa,0.0
51,0.37890625,0.6846097918258168,Qwen/Qwen2-1.5B-Instruct,1.0,0,logiqa,0.0
52,1.6875,0.18498139990730428,Qwen/Qwen2-1.5B-Instruct,0.0,0,logiqa,0.0
53,1.296875,0.27338478699614155,Qwen/Qwen2-1.5B-Instruct,0.0,0,logiqa,0.0
54,1.1484375,0.31713190105209277,Qwen/Qwen2-1.5B-Instruct,0.0,0,logiqa,0.0
55,1.90625,0.1486367305381225,Qwen/Qwen2-1.5B-Instruct,0.0,0,logiqa,0.0
56,1.953125,0.14183015908734253,Qwen/Qwen2-1.5B-Instruct,0.0,0,logiqa,0.0
57,1.359375,0.25682124007865503,Qwen/Qwen2-1.5B-Instruct,0.0,0,logiqa,0.0
58,0.83984375,0.43177798346854385,Qwen/Qwen2-1.5B-Instruct,1.0,0,logiqa,0.0
59,2.09375,0.12322417764723749,Qwen/Qwen2-1.5B-Instruct,0.0,0,logiqa,0.0
60,2.328125,0.0974783477499485,Qwen/Qwen2-1.5B-Instruct,0.0,0,logiqa,0.0
61,2.671875,0.06912249904327114,Qwen/Qwen2-1.5B-Instruct,0.0,0,logiqa,0.0
62,1.015625,0.3621759990808257,Qwen/Qwen2-1.5B-Instruct,1.0,0,logiqa,0.0
63,1.046875,0.3510330150388101,Qwen/Qwen2-1.5B-Instruct,1.0,0,logiqa,0.0
64,1.390625,0.2489196812036605,Qwen/Qwen2-1.5B-Instruct,0.0,0,logiqa,0.0
65,1.1328125,0.3221260018134028,Qwen/Qwen2-1.5B-Instruct,0.0,0,logiqa,0.0
66,0.10400390625,0.9012217770167625,Qwen/Qwen2-1.5B-Instruct,1.0,0,logiqa,0.0
67,2.578125,0.0759162135601666,Qwen/Qwen2-1.5B-Instruct,0.0,0,logiqa,0.0
68,0.06787109375,0.9343809133539388,Qwen/Qwen2-1.5B-Instruct,1.0,0,logiqa,0.0
69,1.515625,0.21967084765457534,Qwen/Qwen2-1.5B-Instruct,0.0,0,logiqa,0.0
70,0.490234375,0.612482826698251,Qwen/Qwen2-1.5B-Instruct,1.0,0,logiqa,0.0
71,2.9375,0.0529980584033558,Qwen/Qwen2-1.5B-Instruct,0.0,0,logiqa,0.0
72,0.421875,0.6558160112715016,Qwen/Qwen2-1.5B-Instruct,1.0,0,logiqa,0.0
73,1.2421875,0.2887518818320782,Qwen/Qwen2-1.5B-Instruct,0.0,0,logiqa,0.0
74,1.3828125,0.25087198245993886,Qwen/Qwen2-1.5B-Instruct,0.0,0,logiqa,0.0
75,1.59375,0.20316232275153173,Qwen/Qwen2-1.5B-Instruct,0.0,0,logiqa,0.0
76,1.6953125,0.18354186323251906,Qwen/Qwen2-1.5B-Instruct,0.0,0,logiqa,0.0
77,2.078125,0.1251646760876602,Qwen/Qwen2-1.5B-Instruct,0.0,0,logiqa,0.0
78,2.671875,0.06912249904327114,Qwen/Qwen2-1.5B-Instruct,0.0,0,logiqa,0.0
79,1.4765625,0.2284215394097245,Qwen/Qwen2-1.5B-Instruct,0.0,0,logiqa,0.0
80,0.03076171875,0.9697066084520289,Qwen/Qwen2-1.5B-Instruct,1.0,0,logiqa,0.0
1,4.125,0.016163494588165874,Qwen/Qwen2-1.5B-Instruct,0.0,0,logiqa,0.0
2,0.431640625,0.6494427282327384,Qwen/Qwen2-1.5B-Instruct,1.0,0,logiqa,0.0
3,0.216796875,0.8050934873117519,Qwen/Qwen2-1.5B-Instruct,1.0,0,logiqa,0.0
4,0.72265625,0.485461035940867,Qwen/Qwen2-1.5B-Instruct,1.0,0,logiqa,0.0
5,4.90625,0.0074001870652772766,Qwen/Qwen2-1.5B-Instruct,0.0,0,logiqa,0.0
6,1.28125,0.27768997095378994,Qwen/Qwen2-1.5B-Instruct,0.0,0,logiqa,0.0
7,0.1455078125,0.8645831354918224,Qwen/Qwen2-1.5B-Instruct,1.0,0,logiqa,0.0
8,1.375,0.25283959580474646,Qwen/Qwen2-1.5B-Instruct,0.0,0,logiqa,0.0
9,1.265625,0.28206295169381546,Qwen/Qwen2-1.5B-Instruct,0.0,0,logiqa,0.0
10,1.1484375,0.31713190105209277,Qwen/Qwen2-1.5B-Instruct,1.0,0,logiqa,0.0
11,1.234375,0.29101659090983195,Qwen/Qwen2-1.5B-Instruct,0.0,0,logiqa,0.0
12,0.6171875,0.5394595359337269,Qwen/Qwen2-1.5B-Instruct,1.0,0,logiqa,0.0
13,0.69921875,0.49697341264527733,Qwen/Qwen2-1.5B-Instruct,1.0,0,logiqa,0.0
14,2.3125,0.0990134083638263,Qwen/Qwen2-1.5B-Instruct,0.0,0,logiqa,0.0
15,1.125,0.32465246735834974,Qwen/Qwen2-1.5B-Instruct,0.0,0,logiqa,0.0
16,1.828125,0.16071462536804407,Qwen/Qwen2-1.5B-Instruct,0.0,0,logiqa,0.0
17,3.234375,0.039384812757335554,Qwen/Qwen2-1.5B-Instruct,0.0,0,logiqa,0.0
18,1.046875,0.3510330150388101,Qwen/Qwen2-1.5B-Instruct,1.0,0,logiqa,0.0
19,2.859375,0.057304564428268645,Qwen/Qwen2-1.5B-Instruct,0.0,0,logiqa,0.0
20,2.140625,0.11758133171956547,Qwen/Qwen2-1.5B-Instruct,0.0,0,logiqa,0.0
21,1.1640625,0.31221522664653706,Qwen/Qwen2-1.5B-Instruct,0.0,0,logiqa,0.0
22,3.09375,0.045331641611676264,Qwen/Qwen2-1.5B-Instruct,0.0,0,logiqa,0.0
23,1.828125,0.16071462536804407,Qwen/Qwen2-1.5B-Instruct,0.0,0,logiqa,0.0
24,0.48046875,0.6184934050621846,Qwen/Qwen2-1.5B-Instruct,1.0,0,logiqa,0.0
25,1.609375,0.2000125828826258,Qwen/Qwen2-1.5B-Instruct,0.0,0,logiqa,0.0
26,1.2890625,0.2755289704553164,Qwen/Qwen2-1.5B-Instruct,0.0,0,logiqa,0.0
27,4.40625,0.012200845821682604,Qwen/Qwen2-1.5B-Instruct,0.0,0,logiqa,0.0
28,1.75,0.17377394345044514,Qwen/Qwen2-1.5B-Instruct,0.0,0,logiqa,0.0
29,1.765625,0.17107982817134254,Qwen/Qwen2-1.5B-Instruct,0.0,0,logiqa,0.0
30,0.0155029296875,0.9846166221284973,Qwen/Qwen2-1.5B-Instruct,1.0,0,logiqa,0.0
31,3.96875,0.018897039677585683,Qwen/Qwen2-1.5B-Instruct,0.0,0,logiqa,0.0
32,2.46875,0.0846906561847805,Qwen/Qwen2-1.5B-Instruct,0.0,0,logiqa,0.0
33,1.4921875,0.22488019168416426,Qwen/Qwen2-1.5B-Instruct,0.0,0,logiqa,0.0
34,2.0,0.1353352832366127,Qwen/Qwen2-1.5B-Instruct,0.0,0,logiqa,0.0
35,0.158203125,0.8536763613451477,Qwen/Qwen2-1.5B-Instruct,1.0,0,logiqa,0.0
36,3.0,0.049787068367863944,Qwen/Qwen2-1.5B-Instruct,0.0,0,logiqa,0.0
37,1.46875,0.23021307174736147,Qwen/Qwen2-1.5B-Instruct,0.0,0,logiqa,0.0
38,1.3203125,0.26705183522634335,Qwen/Qwen2-1.5B-Instruct,0.0,0,logiqa,0.0
39,1.65625,0.19085333986431632,Qwen/Qwen2-1.5B-Instruct,0.0,0,logiqa,0.0
40,1.5625,0.2096113871510978,Qwen/Qwen2-1.5B-Instruct,0.0,0,logiqa,0.0
41,1.4765625,0.2284215394097245,Qwen/Qwen2-1.5B-Instruct,0.0,0,logiqa,0.0
42,0.8046875,0.4472276633691456,Qwen/Qwen2-1.5B-Instruct,1.0,0,logiqa,0.0
43,1.53125,0.2162651668298873,Qwen/Qwen2-1.5B-Instruct,0.0,0,logiqa,0.0
44,0.51953125,0.5947992948032403,Qwen/Qwen2-1.5B-Instruct,1.0,0,logiqa,0.0
45,2.90625,0.05468039736791477,Qwen/Qwen2-1.5B-Instruct,0.0,0,logiqa,0.0
46,2.125,0.11943296826671962,Qwen/Qwen2-1.5B-Instruct,0.0,0,logiqa,0.0
47,2.546875,0.07832605286299588,Qwen/Qwen2-1.5B-Instruct,0.0,0,logiqa,0.0
48,0.1650390625,0.847860583886983,Qwen/Qwen2-1.5B-Instruct,1.0,0,logiqa,0.0
49,1.625,0.19691167520419406,Qwen/Qwen2-1.5B-Instruct,0.0,0,logiqa,0.0
50,3.453125,0.03164658611103602,Qwen/Qwen2-1.5B-Instruct,0.0,0,logiqa,0.0
51,0.66015625,0.5167705827795767,Qwen/Qwen2-1.5B-Instruct,1.0,0,logiqa,0.0
52,1.453125,0.23383840011408472,Qwen/Qwen2-1.5B-Instruct,0.0,0,logiqa,0.0
53,3.75,0.023517745856009107,Qwen/Qwen2-1.5B-Instruct,0.0,0,logiqa,0.0
54,0.76171875,0.46686331570996537,Qwen/Qwen2-1.5B-Instruct,1.0,0,logiqa,0.0
55,1.0,0.36787944117144233,Qwen/Qwen2-1.5B-Instruct,0.0,0,logiqa,0.0
56,1.234375,0.29101659090983195,Qwen/Qwen2-1.5B-Instruct,0.0,0,logiqa,0.0
57,1.8984375,0.14980250286418162,Qwen/Qwen2-1.5B-Instruct,0.0,0,logiqa,0.0
58,1.546875,0.21291228619240427,Qwen/Qwen2-1.5B-Instruct,0.0,0,logiqa,0.0
59,2.03125,0.13117145431019428,Qwen/Qwen2-1.5B-Instruct,0.0,0,logiqa,0.0
60,0.58984375,0.5544139051397897,Qwen/Qwen2-1.5B-Instruct,1.0,0,logiqa,0.0
61,2.0625,0.1271357329320356,Qwen/Qwen2-1.5B-Instruct,0.0,0,logiqa,0.0
62,5.375,0.004630918733533246,Qwen/Qwen2-1.5B-Instruct,0.0,0,logiqa,0.0
63,4.25,0.014264233908999256,Qwen/Qwen2-1.5B-Instruct,0.0,0,logiqa,0.0
64,0.038330078125,0.9623952228475297,Qwen/Qwen2-1.5B-Instruct,1.0,0,logiqa,0.0
65,0.8515625,0.4267476175926629,Qwen/Qwen2-1.5B-Instruct,1.0,0,logiqa,0.0
66,1.375,0.25283959580474646,Qwen/Qwen2-1.5B-Instruct,0.0,0,logiqa,0.0
67,1.046875,0.3510330150388101,Qwen/Qwen2-1.5B-Instruct,1.0,0,logiqa,0.0
68,0.023193359375,0.9770735391778969,Qwen/Qwen2-1.5B-Instruct,1.0,0,logiqa,0.0
69,0.06787109375,0.9343809133539388,Qwen/Qwen2-1.5B-Instruct,1.0,0,logiqa,0.0
70,2.890625,0.05554148833106887,Qwen/Qwen2-1.5B-Instruct,0.0,0,logiqa,0.0
71,5.125,0.005946217356472094,Qwen/Qwen2-1.5B-Instruct,0.0,0,logiqa,0.0
72,1.46875,0.23021307174736147,Qwen/Qwen2-1.5B-Instruct,0.0,0,logiqa,0.0
73,0.0155029296875,0.9846166221284973,Qwen/Qwen2-1.5B-Instruct,1.0,0,logiqa,0.0
74,0.8046875,0.4472276633691456,Qwen/Qwen2-1.5B-Instruct,1.0,0,logiqa,0.0
75,1.984375,0.13746650383851944,Qwen/Qwen2-1.5B-Instruct,0.0,0,logiqa,0.0
76,0.06787109375,0.9343809133539388,Qwen/Qwen2-1.5B-Instruct,1.0,0,logiqa,0.0
77,0.984375,0.373672699406043,Qwen/Qwen2-1.5B-Instruct,1.0,0,logiqa,0.0
78,1.296875,0.27338478699614155,Qwen/Qwen2-1.5B-Instruct,0.0,0,logiqa,0.0
79,0.03076171875,0.9697066084520289,Qwen/Qwen2-1.5B-Instruct,1.0,0,logiqa,0.0
1,0.248046875,0.7803233647630088,Qwen/Qwen2-1.5B-Instruct,1.0,0,logiqa,0.0
2,5.5,0.004086771438464067,Qwen/Qwen2-1.5B-Instruct,0.0,0,logiqa,0.0
3,0.77734375,0.459625270884992,Qwen/Qwen2-1.5B-Instruct,1.0,0,logiqa,0.0
4,1.96875,0.13963128628139898,Qwen/Qwen2-1.5B-Instruct,0.0,0,logiqa,0.0
5,1.875,0.15335496684492847,Qwen/Qwen2-1.5B-Instruct,0.0,0,logiqa,0.0
6,2.0,0.1353352832366127,Qwen/Qwen2-1.5B-Instruct,0.0,0,logiqa,0.0
7,0.9609375,0.3825340921054156,Qwen/Qwen2-1.5B-Instruct,1.0,0,logiqa,0.0
8,1.3671875,0.2548226413322821,Qwen/Qwen2-1.5B-Instruct,0.0,0,logiqa,0.0
9,1.21875,0.29559943537737077,Qwen/Qwen2-1.5B-Instruct,1.0,0,logiqa,0.0
10,1.3671875,0.2548226413322821,Qwen/Qwen2-1.5B-Instruct,0.0,0,logiqa,0.0
11,0.0155029296875,0.9846166221284973,Qwen/Qwen2-1.5B-Instruct,1.0,0,logiqa,0.0
12,0.859375,0.4234266412852628,Qwen/Qwen2-1.5B-Instruct,1.0,0,logiqa,0.0
13,0.08251953125,0.9207934534340386,Qwen/Qwen2-1.5B-Instruct,1.0,0,logiqa,0.0
14,3.671875,0.025428746320412147,Qwen/Qwen2-1.5B-Instruct,0.0,0,logiqa,0.0
15,0.76171875,0.46686331570996537,Qwen/Qwen2-1.5B-Instruct,1.0,0,logiqa,0.0
16,0.060546875,0.941249646907103,Qwen/Qwen2-1.5B-Instruct,1.0,0,logiqa,0.0
17,5.15625,0.005763271481312824,Qwen/Qwen2-1.5B-Instruct,0.0,0,logiqa,0.0
18,1.1484375,0.31713190105209277,Qwen/Qwen2-1.5B-Instruct,1.0,0,logiqa,0.0
19,0.22265625,0.8003899360518268,Qwen/Qwen2-1.5B-Instruct,1.0,0,logiqa,0.0
20,1.96875,0.13963128628139898,Qwen/Qwen2-1.5B-Instruct,0.0,0,logiqa,0.0
21,0.1455078125,0.8645831354918224,Qwen/Qwen2-1.5B-Instruct,1.0,0,logiqa,0.0
22,1.4765625,0.2284215394097245,Qwen/Qwen2-1.5B-Instruct,0.0,0,logiqa,0.0
23,4.125,0.016163494588165874,Qwen/Qwen2-1.5B-Instruct,0.0,0,logiqa,0.0
24,0.44140625,0.6431313813711866,Qwen/Qwen2-1.5B-Instruct,1.0,0,logiqa,0.0
25,1.734375,0.17651048487186194,Qwen/Qwen2-1.5B-Instruct,0.0,0,logiqa,0.0
26,0.640625,0.5269629692433709,Qwen/Qwen2-1.5B-Instruct,1.0,0,logiqa,0.0
27,0.138671875,0.870513618882206,Qwen/Qwen2-1.5B-Instruct,1.0,0,logiqa,0.0
28,1.71875,0.17929012055011864,Qwen/Qwen2-1.5B-Instruct,0.0,0,logiqa,0.0
29,0.6796875,0.5067753349154387,Qwen/Qwen2-1.5B-Instruct,1.0,0,logiqa,0.0
30,0.271484375,0.76224719348739,Qwen/Qwen2-1.5B-Instruct,1.0,0,logiqa,0.0
31,0.8515625,0.4267476175926629,Qwen/Qwen2-1.5B-Instruct,1.0,0,logiqa,0.0
32,2.625,0.07243975703425146,Qwen/Qwen2-1.5B-Instruct,0.0,0,logiqa,0.0
33,2.34375,0.09596708604499847,Qwen/Qwen2-1.5B-Instruct,0.0,0,logiqa,0.0
34,1.484375,0.22664394888734782,Qwen/Qwen2-1.5B-Instruct,0.0,0,logiqa,0.0
35,1.796875,0.1658162552121675,Qwen/Qwen2-1.5B-Instruct,0.0,0,logiqa,0.0
36,0.1650390625,0.847860583886983,Qwen/Qwen2-1.5B-Instruct,1.0,0,logiqa,0.0
37,0.038330078125,0.9623952228475297,Qwen/Qwen2-1.5B-Instruct,1.0,0,logiqa,0.0
38,0.2109375,0.8098246793420792,Qwen/Qwen2-1.5B-Instruct,1.0,0,logiqa,0.0
39,1.1796875,0.30737477821235176,Qwen/Qwen2-1.5B-Instruct,1.0,0,logiqa,0.0
40,1.546875,0.21291228619240427,Qwen/Qwen2-1.5B-Instruct,0.0,0,logiqa,0.0
41,0.158203125,0.8536763613451477,Qwen/Qwen2-1.5B-Instruct,1.0,0,logiqa,0.0
42,1.375,0.25283959580474646,Qwen/Qwen2-1.5B-Instruct,0.0,0,logiqa,0.0
43,2.03125,0.13117145431019428,Qwen/Qwen2-1.5B-Instruct,0.0,0,logiqa,0.0
44,1.28125,0.27768997095378994,Qwen/Qwen2-1.5B-Instruct,0.0,0,logiqa,0.0
45,0.72265625,0.485461035940867,Qwen/Qwen2-1.5B-Instruct,1.0,0,logiqa,0.0
46,1.09375,0.33495804292529496,Qwen/Qwen2-1.5B-Instruct,0.0,0,logiqa,0.0
47,1.703125,0.18211352912101367,Qwen/Qwen2-1.5B-Instruct,0.0,0,logiqa,0.0
48,0.1787109375,0.8363476211932502,Qwen/Qwen2-1.5B-Instruct,1.0,0,logiqa,0.0
49,1.71875,0.17929012055011864,Qwen/Qwen2-1.5B-Instruct,0.0,0,logiqa,0.0
50,1.90625,0.1486367305381225,Qwen/Qwen2-1.5B-Instruct,0.0,0,logiqa,0.0
51,0.023193359375,0.9770735391778969,Qwen/Qwen2-1.5B-Instruct,1.0,0,logiqa,0.0
52,2.171875,0.1139637344565904,Qwen/Qwen2-1.5B-Instruct,0.0,0,logiqa,0.0
53,1.453125,0.23383840011408472,Qwen/Qwen2-1.5B-Instruct,0.0,0,logiqa,0.0
54,0.248046875,0.7803233647630088,Qwen/Qwen2-1.5B-Instruct,1.0,0,logiqa,0.0
55,0.2041015625,0.8153795549957998,Qwen/Qwen2-1.5B-Instruct,1.0,0,logiqa,0.0
56,1.53125,0.2162651668298873,Qwen/Qwen2-1.5B-Instruct,0.0,0,logiqa,0.0
57,0.283203125,0.7533667446967807,Qwen/Qwen2-1.5B-Instruct,1.0,0,logiqa,0.0
58,2.046875,0.129137829405204,Qwen/Qwen2-1.5B-Instruct,0.0,0,logiqa,0.0
59,0.58203125,0.5587622272904076,Qwen/Qwen2-1.5B-Instruct,1.0,0,logiqa,0.0
60,1.2734375,0.27986792038923625,Qwen/Qwen2-1.5B-Instruct,0.0,0,logiqa,0.0
61,1.5,0.22313016014842982,Qwen/Qwen2-1.5B-Instruct,0.0,0,logiqa,0.0
62,0.83203125,0.4351644601644917,Qwen/Qwen2-1.5B-Instruct,1.0,0,logiqa,0.0
63,1.6875,0.18498139990730428,Qwen/Qwen2-1.5B-Instruct,0.0,0,logiqa,0.0
64,0.52734375,0.5901705299683179,Qwen/Qwen2-1.5B-Instruct,1.0,0,logiqa,0.0
65,0.84375,0.43009464064006225,Qwen/Qwen2-1.5B-Instruct,1.0,0,logiqa,0.0
66,1.328125,0.26497362135689667,Qwen/Qwen2-1.5B-Instruct,0.0,0,logiqa,0.0
67,1.3671875,0.2548226413322821,Qwen/Qwen2-1.5B-Instruct,0.0,0,logiqa,0.0
68,0.038330078125,0.9623952228475297,Qwen/Qwen2-1.5B-Instruct,1.0,0,logiqa,0.0
69,1.546875,0.21291228619240427,Qwen/Qwen2-1.5B-Instruct,0.0,0,logiqa,0.0
70,0.05322265625,0.9481688732517508,Qwen/Qwen2-1.5B-Instruct,1.0,0,logiqa,0.0
71,0.1650390625,0.847860583886983,Qwen/Qwen2-1.5B-Instruct,1.0,0,logiqa,0.0
72,2.03125,0.13117145431019428,Qwen/Qwen2-1.5B-Instruct,0.0,0,logiqa,0.0
73,2.0625,0.1271357329320356,Qwen/Qwen2-1.5B-Instruct,0.0,0,logiqa,0.0
74,0.1787109375,0.8363476211932502,Qwen/Qwen2-1.5B-Instruct,1.0,0,logiqa,0.0
75,1.34375,0.26086558612628497,Qwen/Qwen2-1.5B-Instruct,0.0,0,logiqa,0.0
76,2.078125,0.1251646760876602,Qwen/Qwen2-1.5B-Instruct,0.0,0,logiqa,0.0
77,1.46875,0.23021307174736147,Qwen/Qwen2-1.5B-Instruct,0.0,0,logiqa,0.0
78,0.82421875,0.43857749732635326,Qwen/Qwen2-1.5B-Instruct,1.0,0,logiqa,0.0
79,0.0155029296875,0.9846166221284973,Qwen/Qwen2-1.5B-Instruct,1.0,0,logiqa,0.0
1,0.08984375,0.9140739981758944,Qwen/Qwen2-1.5B-Instruct,1.0,0,logiqa,0.0
2,6.125,0.002187491118182885,Qwen/Qwen2-1.5B-Instruct,0.0,0,logiqa,0.0
3,1.1796875,0.30737477821235176,Qwen/Qwen2-1.5B-Instruct,0.0,0,logiqa,0.0
4,0.58984375,0.5544139051397897,Qwen/Qwen2-1.5B-Instruct,1.0,0,logiqa,0.0
5,0.32421875,0.7230920486923872,Qwen/Qwen2-1.5B-Instruct,1.0,0,logiqa,0.0
6,0.138671875,0.870513618882206,Qwen/Qwen2-1.5B-Instruct,1.0,0,logiqa,0.0
7,3.390625,0.03368761555886473,Qwen/Qwen2-1.5B-Instruct,0.0,0,logiqa,0.0
8,0.75390625,0.47052497007720323,Qwen/Qwen2-1.5B-Instruct,1.0,0,logiqa,0.0
9,0.90234375,0.40561787790561105,Qwen/Qwen2-1.5B-Instruct,1.0,0,logiqa,0.0
10,0.007781982421875,0.9922482188107336,Qwen/Qwen2-1.5B-Instruct,1.0,0,logiqa,0.0
11,0.0458984375,0.9551389635657673,Qwen/Qwen2-1.5B-Instruct,1.0,0,logiqa,0.0
12,1.1015625,0.3323513787550223,Qwen/Qwen2-1.5B-Instruct,1.0,0,logiqa,0.0
13,0.50390625,0.604166020765368,Qwen/Qwen2-1.5B-Instruct,1.0,0,logiqa,0.0
14,0.890625,0.41039917309637,Qwen/Qwen2-1.5B-Instruct,0.0,0,logiqa,0.0
15,1.28125,0.27768997095378994,Qwen/Qwen2-1.5B-Instruct,0.0,0,logiqa,0.0
16,1.40625,0.2450605392455259,Qwen/Qwen2-1.5B-Instruct,0.0,0,logiqa,0.0
17,1.4375,0.23752081909545814,Qwen/Qwen2-1.5B-Instruct,0.0,0,logiqa,0.0
18,2.9375,0.0529980584033558,Qwen/Qwen2-1.5B-Instruct,0.0,0,logiqa,0.0
19,1.03125,0.356560980663947,Qwen/Qwen2-1.5B-Instruct,0.0,0,logiqa,0.0
20,1.109375,0.3297649998062575,Qwen/Qwen2-1.5B-Instruct,1.0,0,logiqa,0.0
21,1.84375,0.15822297604949842,Qwen/Qwen2-1.5B-Instruct,0.0,0,logiqa,0.0
22,0.82421875,0.43857749732635326,Qwen/Qwen2-1.5B-Instruct,1.0,0,logiqa,0.0
23,2.09375,0.12322417764723749,Qwen/Qwen2-1.5B-Instruct,0.0,0,logiqa,0.0
24,1.46875,0.23021307174736147,Qwen/Qwen2-1.5B-Instruct,0.0,0,logiqa,0.0
25,0.470703125,0.6245629680224108,Qwen/Qwen2-1.5B-Instruct,1.0,0,logiqa,0.0
26,2.953125,0.05217639966630833,Qwen/Qwen2-1.5B-Instruct,0.0,0,logiqa,0.0
27,0.345703125,0.7077225610574206,Qwen/Qwen2-1.5B-Instruct,1.0,0,logiqa,0.0
28,1.59375,0.20316232275153173,Qwen/Qwen2-1.5B-Instruct,0.0,0,logiqa,0.0
29,0.88671875,0.41200543004441853,Qwen/Qwen2-1.5B-Instruct,0.0,0,logiqa,0.0
30,2.03125,0.13117145431019428,Qwen/Qwen2-1.5B-Instruct,0.0,0,logiqa,0.0
31,1.71875,0.17929012055011864,Qwen/Qwen2-1.5B-Instruct,0.0,0,logiqa,0.0
32,0.6015625,0.54795478749992,Qwen/Qwen2-1.5B-Instruct,1.0,0,logiqa,0.0
33,2.53125,0.07955950871822769,Qwen/Qwen2-1.5B-Instruct,0.0,0,logiqa,0.0
34,1.1640625,0.31221522664653706,Qwen/Qwen2-1.5B-Instruct,0.0,0,logiqa,0.0
35,1.453125,0.23383840011408472,Qwen/Qwen2-1.5B-Instruct,0.0,0,logiqa,0.0
36,1.0390625,0.353786201098432,Qwen/Qwen2-1.5B-Instruct,1.0,0,logiqa,0.0
37,2.125,0.11943296826671962,Qwen/Qwen2-1.5B-Instruct,0.0,0,logiqa,0.0
38,1.40625,0.2450605392455259,Qwen/Qwen2-1.5B-Instruct,0.0,0,logiqa,0.0
39,2.0625,0.1271357329320356,Qwen/Qwen2-1.5B-Instruct,0.0,0,logiqa,0.0
40,3.109375,0.04462883965030139,Qwen/Qwen2-1.5B-Instruct,0.0,0,logiqa,0.0
41,1.640625,0.19385884264329528,Qwen/Qwen2-1.5B-Instruct,0.0,0,logiqa,0.0
42,0.74609375,0.4742153431555798,Qwen/Qwen2-1.5B-Instruct,1.0,0,logiqa,0.0
43,0.271484375,0.76224719348739,Qwen/Qwen2-1.5B-Instruct,1.0,0,logiqa,0.0
44,1.1796875,0.30737477821235176,Qwen/Qwen2-1.5B-Instruct,0.0,0,logiqa,0.0
45,1.125,0.32465246735834974,Qwen/Qwen2-1.5B-Instruct,1.0,0,logiqa,0.0
46,0.69140625,0.5008712234296745,Qwen/Qwen2-1.5B-Instruct,1.0,0,logiqa,0.0
47,2.171875,0.1139637344565904,Qwen/Qwen2-1.5B-Instruct,0.0,0,logiqa,0.0
48,1.625,0.19691167520419406,Qwen/Qwen2-1.5B-Instruct,0.0,0,logiqa,0.0
49,2.0625,0.1271357329320356,Qwen/Qwen2-1.5B-Instruct,0.0,0,logiqa,0.0
50,0.9609375,0.3825340921054156,Qwen/Qwen2-1.5B-Instruct,1.0,0,logiqa,0.0
51,0.038330078125,0.9623952228475297,Qwen/Qwen2-1.5B-Instruct,1.0,0,logiqa,0.0
52,1.5625,0.2096113871510978,Qwen/Qwen2-1.5B-Instruct,0.0,0,logiqa,0.0
53,3.0625,0.04677062238395898,Qwen/Qwen2-1.5B-Instruct,0.0,0,logiqa,0.0
54,0.609375,0.5436905695130004,Qwen/Qwen2-1.5B-Instruct,1.0,0,logiqa,0.0
55,2.71875,0.06595714935553817,Qwen/Qwen2-1.5B-Instruct,0.0,0,logiqa,0.0
56,2.875,0.05641613950377735,Qwen/Qwen2-1.5B-Instruct,0.0,0,logiqa,0.0
57,1.7578125,0.17242162389375282,Qwen/Qwen2-1.5B-Instruct,0.0,0,logiqa,0.0
58,1.0078125,0.36501658064745907,Qwen/Qwen2-1.5B-Instruct,0.0,0,logiqa,0.0
59,1.75,0.17377394345044514,Qwen/Qwen2-1.5B-Instruct,0.0,0,logiqa,0.0
60,3.078125,0.04604551109353302,Qwen/Qwen2-1.5B-Instruct,0.0,0,logiqa,0.0
61,1.0390625,0.353786201098432,Qwen/Qwen2-1.5B-Instruct,1.0,0,logiqa,0.0
62,1.796875,0.1658162552121675,Qwen/Qwen2-1.5B-Instruct,0.0,0,logiqa,0.0
63,1.171875,0.30978554847668166,Qwen/Qwen2-1.5B-Instruct,0.0,0,logiqa,0.0
64,1.5234375,0.21796135555570278,Qwen/Qwen2-1.5B-Instruct,0.0,0,logiqa,0.0
65,1.5546875,0.21125538963610227,Qwen/Qwen2-1.5B-Instruct,0.0,0,logiqa,0.0
66,0.671875,0.5107500231290107,Qwen/Qwen2-1.5B-Instruct,1.0,0,logiqa,0.0
67,2.640625,0.07131668269775804,Qwen/Qwen2-1.5B-Instruct,0.0,0,logiqa,0.0
68,2.0,0.1353352832366127,Qwen/Qwen2-1.5B-Instruct,0.0,0,logiqa,0.0
69,1.4453125,0.23567241741677974,Qwen/Qwen2-1.5B-Instruct,0.0,0,logiqa,0.0
70,0.158203125,0.8536763613451477,Qwen/Qwen2-1.5B-Instruct,1.0,0,logiqa,0.0
71,4.71875,0.008926329489511324,Qwen/Qwen2-1.5B-Instruct,0.0,0,logiqa,0.0
72,0.80078125,0.4489780629526202,Qwen/Qwen2-1.5B-Instruct,0.0,0,logiqa,0.0
73,3.25,0.03877420783172201,Qwen/Qwen2-1.5B-Instruct,0.0,0,logiqa,0.0
74,1.625,0.19691167520419406,Qwen/Qwen2-1.5B-Instruct,0.0,0,logiqa,0.0
75,3.515625,0.02972921638615875,Qwen/Qwen2-1.5B-Instruct,0.0,0,logiqa,0.0
76,1.859375,0.15576995617312325,Qwen/Qwen2-1.5B-Instruct,0.0,0,logiqa,0.0
77,0.6640625,0.514755885208607,Qwen/Qwen2-1.5B-Instruct,1.0,0,logiqa,0.0
78,1.96875,0.13963128628139898,Qwen/Qwen2-1.5B-Instruct,0.0,0,logiqa,0.0
79,1.828125,0.16071462536804407,Qwen/Qwen2-1.5B-Instruct,0.0,0,logiqa,0.0
80,1.59375,0.20316232275153173,Qwen/Qwen2-1.5B-Instruct,0.0,0,logiqa,0.0
1,1.3203125,0.26705183522634335,Qwen/Qwen2-1.5B-Instruct,1.0,0,logiqa,0.0
2,1.2265625,0.29329906232102687,Qwen/Qwen2-1.5B-Instruct,0.0,0,logiqa,0.0
3,4.53125,0.010767208646547101,Qwen/Qwen2-1.5B-Instruct,0.0,0,logiqa,0.0
4,0.11083984375,0.8950820904412523,Qwen/Qwen2-1.5B-Instruct,1.0,0,logiqa,0.0
5,0.11083984375,0.8950820904412523,Qwen/Qwen2-1.5B-Instruct,1.0,0,logiqa,0.0
6,3.296875,0.03699860758070385,Qwen/Qwen2-1.5B-Instruct,0.0,0,logiqa,0.0
7,0.796875,0.4507353134063624,Qwen/Qwen2-1.5B-Instruct,1.0,0,logiqa,0.0
8,2.828125,0.059123606568473756,Qwen/Qwen2-1.5B-Instruct,0.0,0,logiqa,0.0
9,0.138671875,0.870513618882206,Qwen/Qwen2-1.5B-Instruct,1.0,0,logiqa,0.0
10,0.6875,0.5028315779709409,Qwen/Qwen2-1.5B-Instruct,1.0,0,logiqa,0.0
11,1.21875,0.29559943537737077,Qwen/Qwen2-1.5B-Instruct,0.0,0,logiqa,0.0
12,1.84375,0.15822297604949842,Qwen/Qwen2-1.5B-Instruct,0.0,0,logiqa,0.0
13,2.125,0.11943296826671962,Qwen/Qwen2-1.5B-Instruct,0.0,0,logiqa,0.0
14,1.03125,0.356560980663947,Qwen/Qwen2-1.5B-Instruct,0.0,0,logiqa,0.0
15,0.48046875,0.6184934050621846,Qwen/Qwen2-1.5B-Instruct,1.0,0,logiqa,0.0
16,1.109375,0.3297649998062575,Qwen/Qwen2-1.5B-Instruct,1.0,0,logiqa,0.0
17,1.9453125,0.14294254681187055,Qwen/Qwen2-1.5B-Instruct,0.0,0,logiqa,0.0
18,2.65625,0.07021102001498804,Qwen/Qwen2-1.5B-Instruct,0.0,0,logiqa,0.0
19,1.1875,0.3049827687110593,Qwen/Qwen2-1.5B-Instruct,1.0,0,logiqa,0.0
20,1.875,0.15335496684492847,Qwen/Qwen2-1.5B-Instruct,0.0,0,logiqa,0.0
21,1.109375,0.3297649998062575,Qwen/Qwen2-1.5B-Instruct,0.0,0,logiqa,0.0
22,4.5,0.011108996538242306,Qwen/Qwen2-1.5B-Instruct,0.0,0,logiqa,0.0
23,0.05322265625,0.9481688732517508,Qwen/Qwen2-1.5B-Instruct,1.0,0,logiqa,0.0
24,2.421875,0.08875504563653425,Qwen/Qwen2-1.5B-Instruct,0.0,0,logiqa,0.0
25,0.2294921875,0.7949371790602927,Qwen/Qwen2-1.5B-Instruct,1.0,0,logiqa,0.0
26,0.76953125,0.463230156563083,Qwen/Qwen2-1.5B-Instruct,1.0,0,logiqa,0.0
27,2.125,0.11943296826671962,Qwen/Qwen2-1.5B-Instruct,0.0,0,logiqa,0.0
28,1.625,0.19691167520419406,Qwen/Qwen2-1.5B-Instruct,0.0,0,logiqa,0.0
29,2.359375,0.09447925428109244,Qwen/Qwen2-1.5B-Instruct,0.0,0,logiqa,0.0
30,1.78125,0.16842748127818424,Qwen/Qwen2-1.5B-Instruct,0.0,0,logiqa,0.0
31,0.5546875,0.5742516868118521,Qwen/Qwen2-1.5B-Instruct,1.0,0,logiqa,0.0
32,0.08984375,0.9140739981758944,Qwen/Qwen2-1.5B-Instruct,1.0,0,logiqa,0.0
33,1.2109375,0.2979178504832066,Qwen/Qwen2-1.5B-Instruct,0.0,0,logiqa,0.0
34,0.5078125,0.6018106006716945,Qwen/Qwen2-1.5B-Instruct,1.0,0,logiqa,0.0
35,0.345703125,0.7077225610574206,Qwen/Qwen2-1.5B-Instruct,1.0,0,logiqa,0.0
36,1.28125,0.27768997095378994,Qwen/Qwen2-1.5B-Instruct,0.0,0,logiqa,0.0
37,0.0155029296875,0.9846166221284973,Qwen/Qwen2-1.5B-Instruct,1.0,0,logiqa,0.0
38,0.9296875,0.3946770276734171,Qwen/Qwen2-1.5B-Instruct,0.0,0,logiqa,0.0
39,1.4765625,0.2284215394097245,Qwen/Qwen2-1.5B-Instruct,0.0,0,logiqa,0.0
40,0.45703125,0.6331605534862997,Qwen/Qwen2-1.5B-Instruct,1.0,0,logiqa,0.0
41,3.625,0.026649097336355485,Qwen/Qwen2-1.5B-Instruct,0.0,0,logiqa,0.0
42,0.69921875,0.49697341264527733,Qwen/Qwen2-1.5B-Instruct,1.0,0,logiqa,0.0
43,1.34375,0.26086558612628497,Qwen/Qwen2-1.5B-Instruct,0.0,0,logiqa,0.0
44,1.703125,0.18211352912101367,Qwen/Qwen2-1.5B-Instruct,0.0,0,logiqa,0.0
45,2.40625,0.09015273423081638,Qwen/Qwen2-1.5B-Instruct,0.0,0,logiqa,0.0
46,0.2294921875,0.7949371790602927,Qwen/Qwen2-1.5B-Instruct,1.0,0,logiqa,0.0
47,1.2109375,0.2979178504832066,Qwen/Qwen2-1.5B-Instruct,1.0,0,logiqa,0.0
48,1.59375,0.20316232275153173,Qwen/Qwen2-1.5B-Instruct,0.0,0,logiqa,0.0
49,1.4921875,0.22488019168416426,Qwen/Qwen2-1.5B-Instruct,0.0,0,logiqa,0.0
50,1.2890625,0.2755289704553164,Qwen/Qwen2-1.5B-Instruct,0.0,0,logiqa,0.0
51,0.76953125,0.463230156563083,Qwen/Qwen2-1.5B-Instruct,1.0,0,logiqa,0.0
52,1.21875,0.29559943537737077,Qwen/Qwen2-1.5B-Instruct,0.0,0,logiqa,0.0
53,0.73046875,0.48168314818692903,Qwen/Qwen2-1.5B-Instruct,1.0,0,logiqa,0.0
54,1.28125,0.27768997095378994,Qwen/Qwen2-1.5B-Instruct,0.0,0,logiqa,0.0
55,2.03125,0.13117145431019428,Qwen/Qwen2-1.5B-Instruct,0.0,0,logiqa,0.0
56,1.96875,0.13963128628139898,Qwen/Qwen2-1.5B-Instruct,0.0,0,logiqa,0.0
57,4.53125,0.010767208646547101,Qwen/Qwen2-1.5B-Instruct,0.0,0,logiqa,0.0
58,1.6875,0.18498139990730428,Qwen/Qwen2-1.5B-Instruct,0.0,0,logiqa,0.0
59,1.234375,0.29101659090983195,Qwen/Qwen2-1.5B-Instruct,0.0,0,logiqa,0.0
60,4.90625,0.0074001870652772766,Qwen/Qwen2-1.5B-Instruct,0.0,0,logiqa,0.0
61,1.765625,0.17107982817134254,Qwen/Qwen2-1.5B-Instruct,0.0,0,logiqa,0.0
62,0.03076171875,0.9697066084520289,Qwen/Qwen2-1.5B-Instruct,1.0,0,logiqa,0.0
63,2.734375,0.0649345785355609,Qwen/Qwen2-1.5B-Instruct,0.0,0,logiqa,0.0
64,0.69140625,0.5008712234296745,Qwen/Qwen2-1.5B-Instruct,1.0,0,logiqa,0.0
65,1.78125,0.16842748127818424,Qwen/Qwen2-1.5B-Instruct,0.0,0,logiqa,0.0
66,2.25,0.10539922456186433,Qwen/Qwen2-1.5B-Instruct,0.0,0,logiqa,0.0
67,1.8203125,0.1619751257973035,Qwen/Qwen2-1.5B-Instruct,0.0,0,logiqa,0.0
68,2.546875,0.07832605286299588,Qwen/Qwen2-1.5B-Instruct,0.0,0,logiqa,0.0
69,1.3515625,0.25883551402927246,Qwen/Qwen2-1.5B-Instruct,0.0,0,logiqa,0.0
70,0.0751953125,0.9275623041230301,Qwen/Qwen2-1.5B-Instruct,1.0,0,logiqa,0.0
71,1.171875,0.30978554847668166,Qwen/Qwen2-1.5B-Instruct,0.0,0,logiqa,0.0
72,0.7890625,0.4542704742837873,Qwen/Qwen2-1.5B-Instruct,1.0,0,logiqa,0.0
73,2.953125,0.05217639966630833,Qwen/Qwen2-1.5B-Instruct,0.0,0,logiqa,0.0
74,0.023193359375,0.9770735391778969,Qwen/Qwen2-1.5B-Instruct,1.0,0,logiqa,0.0
75,1.875,0.15335496684492847,Qwen/Qwen2-1.5B-Instruct,0.0,0,logiqa,0.0
76,1.5625,0.2096113871510978,Qwen/Qwen2-1.5B-Instruct,0.0,0,logiqa,0.0
77,1.453125,0.23383840011408472,Qwen/Qwen2-1.5B-Instruct,0.0,0,logiqa,0.0
78,2.015625,0.13323710414756298,Qwen/Qwen2-1.5B-Instruct,0.0,0,logiqa,0.0
1,3.4375,0.03214494732687607,Qwen/Qwen2-1.5B-Instruct,0.0,0,logiqa,0.0
2,4.15625,0.015666196140128895,Qwen/Qwen2-1.5B-Instruct,0.0,0,logiqa,0.0
3,0.625,0.5352614285189903,Qwen/Qwen2-1.5B-Instruct,1.0,0,logiqa,0.0
4,2.140625,0.11758133171956547,Qwen/Qwen2-1.5B-Instruct,0.0,0,logiqa,0.0
5,0.416015625,0.6596699630606897,Qwen/Qwen2-1.5B-Instruct,1.0,0,logiqa,0.0
6,0.283203125,0.7533667446967807,Qwen/Qwen2-1.5B-Instruct,1.0,0,logiqa,0.0
7,2.515625,0.08081238867682222,Qwen/Qwen2-1.5B-Instruct,0.0,0,logiqa,0.0
8,0.1982421875,0.8201711938713908,Qwen/Qwen2-1.5B-Instruct,1.0,0,logiqa,0.0
9,0.1982421875,0.8201711938713908,Qwen/Qwen2-1.5B-Instruct,1.0,0,logiqa,0.0
10,0.400390625,0.6700582534023591,Qwen/Qwen2-1.5B-Instruct,1.0,0,logiqa,0.0
11,1.3203125,0.26705183522634335,Qwen/Qwen2-1.5B-Instruct,0.0,0,logiqa,0.0
12,1.671875,0.18789443308700168,Qwen/Qwen2-1.5B-Instruct,0.0,0,logiqa,0.0
13,1.703125,0.18211352912101367,Qwen/Qwen2-1.5B-Instruct,0.0,0,logiqa,0.0
14,0.10400390625,0.9012217770167625,Qwen/Qwen2-1.5B-Instruct,1.0,0,logiqa,0.0
15,0.2353515625,0.7902929634144612,Qwen/Qwen2-1.5B-Instruct,1.0,0,logiqa,0.0
16,2.234375,0.10705902083552722,Qwen/Qwen2-1.5B-Instruct,0.0,0,logiqa,0.0
17,1.296875,0.27338478699614155,Qwen/Qwen2-1.5B-Instruct,0.0,0,logiqa,0.0
18,0.5,0.6065306597126334,Qwen/Qwen2-1.5B-Instruct,1.0,0,logiqa,0.0
19,2.59375,0.0747392417609257,Qwen/Qwen2-1.5B-Instruct,0.0,0,logiqa,0.0
20,0.10400390625,0.9012217770167625,Qwen/Qwen2-1.5B-Instruct,1.0,0,logiqa,0.0
21,1.578125,0.20636166380601706,Qwen/Qwen2-1.5B-Instruct,0.0,0,logiqa,0.0
22,1.9921875,0.1363967310184996,Qwen/Qwen2-1.5B-Instruct,0.0,0,logiqa,0.0
23,0.2421875,0.7849089933174918,Qwen/Qwen2-1.5B-Instruct,1.0,0,logiqa,0.0
24,3.90625,0.02011579402674089,Qwen/Qwen2-1.5B-Instruct,0.0,0,logiqa,0.0
25,1.0078125,0.36501658064745907,Qwen/Qwen2-1.5B-Instruct,1.0,0,logiqa,0.0
26,0.9453125,0.3885581275123641,Qwen/Qwen2-1.5B-Instruct,1.0,0,logiqa,0.0
27,0.283203125,0.7533667446967807,Qwen/Qwen2-1.5B-Instruct,1.0,0,logiqa,0.0
28,0.81640625,0.44201730327044453,Qwen/Qwen2-1.5B-Instruct,0.0,0,logiqa,0.0
29,0.0458984375,0.9551389635657673,Qwen/Qwen2-1.5B-Instruct,1.0,0,logiqa,0.0
30,1.1875,0.3049827687110593,Qwen/Qwen2-1.5B-Instruct,1.0,0,logiqa,0.0
31,0.1318359375,0.8764847815685415,Qwen/Qwen2-1.5B-Instruct,1.0,0,logiqa,0.0
32,1.3984375,0.24698257287629313,Qwen/Qwen2-1.5B-Instruct,0.0,0,logiqa,0.0
33,0.0155029296875,0.9846166221284973,Qwen/Qwen2-1.5B-Instruct,1.0,0,logiqa,0.0
34,0.73828125,0.47793466018873804,Qwen/Qwen2-1.5B-Instruct,1.0,0,logiqa,0.0
35,1.625,0.19691167520419406,Qwen/Qwen2-1.5B-Instruct,0.0,0,logiqa,0.0
36,0.0458984375,0.9551389635657673,Qwen/Qwen2-1.5B-Instruct,1.0,0,logiqa,0.0
37,1.203125,0.30025444914408245,Qwen/Qwen2-1.5B-Instruct,0.0,0,logiqa,0.0
38,0.11767578125,0.8889842312518604,Qwen/Qwen2-1.5B-Instruct,1.0,0,logiqa,0.0
39,1.546875,0.21291228619240427,Qwen/Qwen2-1.5B-Instruct,0.0,0,logiqa,0.0
40,2.203125,0.1104574389603643,Qwen/Qwen2-1.5B-Instruct,0.0,0,logiqa,0.0
41,0.25390625,0.7757645265618263,Qwen/Qwen2-1.5B-Instruct,1.0,0,logiqa,0.0
42,3.140625,0.043255754605187734,Qwen/Qwen2-1.5B-Instruct,0.0,0,logiqa,0.0
43,0.007781982421875,0.9922482188107336,Qwen/Qwen2-1.5B-Instruct,1.0,0,logiqa,0.0
44,1.625,0.19691167520419406,Qwen/Qwen2-1.5B-Instruct,0.0,0,logiqa,0.0
45,1.96875,0.13963128628139898,Qwen/Qwen2-1.5B-Instruct,0.0,0,logiqa,0.0
46,2.171875,0.1139637344565904,Qwen/Qwen2-1.5B-Instruct,0.0,0,logiqa,0.0
47,1.9296875,0.14519356438370257,Qwen/Qwen2-1.5B-Instruct,0.0,0,logiqa,0.0
48,0.45703125,0.6331605534862997,Qwen/Qwen2-1.5B-Instruct,1.0,0,logiqa,0.0
49,1.0703125,0.34290134400373157,Qwen/Qwen2-1.5B-Instruct,1.0,0,logiqa,0.0
50,0.0751953125,0.9275623041230301,Qwen/Qwen2-1.5B-Instruct,1.0,0,logiqa,0.0
51,1.2734375,0.27986792038923625,Qwen/Qwen2-1.5B-Instruct,0.0,0,logiqa,0.0
52,2.84375,0.058206980009571974,Qwen/Qwen2-1.5B-Instruct,0.0,0,logiqa,0.0
53,0.318359375,0.7273413531419732,Qwen/Qwen2-1.5B-Instruct,1.0,0,logiqa,0.0
54,2.203125,0.1104574389603643,Qwen/Qwen2-1.5B-Instruct,0.0,0,logiqa,0.0
55,1.2265625,0.29329906232102687,Qwen/Qwen2-1.5B-Instruct,1.0,0,logiqa,0.0
56,1.578125,0.20636166380601706,Qwen/Qwen2-1.5B-Instruct,0.0,0,logiqa,0.0
57,0.51953125,0.5947992948032403,Qwen/Qwen2-1.5B-Instruct,1.0,0,logiqa,0.0
58,0.265625,0.76672659607082,Qwen/Qwen2-1.5B-Instruct,1.0,0,logiqa,0.0
59,0.0155029296875,0.9846166221284973,Qwen/Qwen2-1.5B-Instruct,1.0,0,logiqa,0.0
60,1.1640625,0.31221522664653706,Qwen/Qwen2-1.5B-Instruct,1.0,0,logiqa,0.0
61,1.5234375,0.21796135555570278,Qwen/Qwen2-1.5B-Instruct,0.0,0,logiqa,0.0
62,0.50390625,0.604166020765368,Qwen/Qwen2-1.5B-Instruct,1.0,0,logiqa,0.0
63,1.859375,0.15576995617312325,Qwen/Qwen2-1.5B-Instruct,0.0,0,logiqa,0.0
64,0.023193359375,0.9770735391778969,Qwen/Qwen2-1.5B-Instruct,1.0,0,logiqa,0.0
65,0.1845703125,0.8314614757090356,Qwen/Qwen2-1.5B-Instruct,1.0,0,logiqa,0.0
66,3.84375,0.021413151278198653,Qwen/Qwen2-1.5B-Instruct,0.0,0,logiqa,0.0
67,1.5703125,0.207980178394932,Qwen/Qwen2-1.5B-Instruct,0.0,0,logiqa,0.0
68,2.859375,0.057304564428268645,Qwen/Qwen2-1.5B-Instruct,0.0,0,logiqa,0.0
69,1.5703125,0.207980178394932,Qwen/Qwen2-1.5B-Instruct,0.0,0,logiqa,0.0
70,0.248046875,0.7803233647630088,Qwen/Qwen2-1.5B-Instruct,1.0,0,logiqa,0.0
71,1.3203125,0.26705183522634335,Qwen/Qwen2-1.5B-Instruct,0.0,0,logiqa,0.0
72,1.3671875,0.2548226413322821,Qwen/Qwen2-1.5B-Instruct,0.0,0,logiqa,0.0
73,1.484375,0.22664394888734782,Qwen/Qwen2-1.5B-Instruct,0.0,0,logiqa,0.0
74,1.2734375,0.27986792038923625,Qwen/Qwen2-1.5B-Instruct,0.0,0,logiqa,0.0
75,1.828125,0.16071462536804407,Qwen/Qwen2-1.5B-Instruct,0.0,0,logiqa,0.0
76,0.038330078125,0.9623952228475297,Qwen/Qwen2-1.5B-Instruct,1.0,0,logiqa,0.0
77,1.53125,0.2162651668298873,Qwen/Qwen2-1.5B-Instruct,0.0,0,logiqa,0.0
78,1.125,0.32465246735834974,Qwen/Qwen2-1.5B-Instruct,0.0,0,logiqa,0.0
1,6.0,0.0024787521766663585,Qwen/Qwen2-1.5B-Instruct,0.0,0,logiqa,0.0
2,1.0625,0.3455907525769745,Qwen/Qwen2-1.5B-Instruct,0.0,0,logiqa,0.0
3,4.0625,0.017205950425851383,Qwen/Qwen2-1.5B-Instruct,0.0,0,logiqa,0.0
4,2.0,0.1353352832366127,Qwen/Qwen2-1.5B-Instruct,0.0,0,logiqa,0.0
5,3.109375,0.04462883965030139,Qwen/Qwen2-1.5B-Instruct,0.0,0,logiqa,0.0
6,2.8125,0.060054667895307945,Qwen/Qwen2-1.5B-Instruct,0.0,0,logiqa,0.0
7,1.34375,0.26086558612628497,Qwen/Qwen2-1.5B-Instruct,0.0,0,logiqa,0.0
8,0.91015625,0.4024613345370006,Qwen/Qwen2-1.5B-Instruct,0.0,0,logiqa,0.0
9,2.078125,0.1251646760876602,Qwen/Qwen2-1.5B-Instruct,0.0,0,logiqa,0.0
10,1.53125,0.2162651668298873,Qwen/Qwen2-1.5B-Instruct,0.0,0,logiqa,0.0
11,3.71875,0.02426427924617674,Qwen/Qwen2-1.5B-Instruct,0.0,0,logiqa,0.0
12,0.94140625,0.39007890102496307,Qwen/Qwen2-1.5B-Instruct,1.0,0,logiqa,0.0
13,2.15625,0.11575840213626322,Qwen/Qwen2-1.5B-Instruct,0.0,0,logiqa,0.0
14,1.15625,0.314663961018459,Qwen/Qwen2-1.5B-Instruct,0.0,0,logiqa,0.0
15,0.11083984375,0.8950820904412523,Qwen/Qwen2-1.5B-Instruct,1.0,0,logiqa,0.0
16,1.8203125,0.1619751257973035,Qwen/Qwen2-1.5B-Instruct,0.0,0,logiqa,0.0
17,2.734375,0.0649345785355609,Qwen/Qwen2-1.5B-Instruct,0.0,0,logiqa,0.0
18,1.1953125,0.30260937397538795,Qwen/Qwen2-1.5B-Instruct,0.0,0,logiqa,0.0
19,0.82421875,0.43857749732635326,Qwen/Qwen2-1.5B-Instruct,0.0,0,logiqa,0.0
20,1.5625,0.2096113871510978,Qwen/Qwen2-1.5B-Instruct,0.0,0,logiqa,0.0
21,0.87890625,0.4152368286818413,Qwen/Qwen2-1.5B-Instruct,1.0,0,logiqa,0.0
22,0.8125,0.44374731008107987,Qwen/Qwen2-1.5B-Instruct,1.0,0,logiqa,0.0
23,2.625,0.07243975703425146,Qwen/Qwen2-1.5B-Instruct,0.0,0,logiqa,0.0
24,0.58203125,0.5587622272904076,Qwen/Qwen2-1.5B-Instruct,1.0,0,logiqa,0.0
25,1.515625,0.21967084765457534,Qwen/Qwen2-1.5B-Instruct,0.0,0,logiqa,0.0
26,1.4453125,0.23567241741677974,Qwen/Qwen2-1.5B-Instruct,0.0,0,logiqa,0.0
27,0.6640625,0.514755885208607,Qwen/Qwen2-1.5B-Instruct,1.0,0,logiqa,0.0
28,0.921875,0.39777251796661167,Qwen/Qwen2-1.5B-Instruct,0.0,0,logiqa,0.0
29,2.84375,0.058206980009571974,Qwen/Qwen2-1.5B-Instruct,0.0,0,logiqa,0.0
30,3.859375,0.02108117113844438,Qwen/Qwen2-1.5B-Instruct,0.0,0,logiqa,0.0
31,0.39453125,0.673995900791531,Qwen/Qwen2-1.5B-Instruct,1.0,0,logiqa,0.0
32,1.53125,0.2162651668298873,Qwen/Qwen2-1.5B-Instruct,0.0,0,logiqa,0.0
33,1.703125,0.18211352912101367,Qwen/Qwen2-1.5B-Instruct,0.0,0,logiqa,0.0
34,0.67578125,0.5087587974957017,Qwen/Qwen2-1.5B-Instruct,1.0,0,logiqa,0.0
35,1.1953125,0.30260937397538795,Qwen/Qwen2-1.5B-Instruct,0.0,0,logiqa,0.0
36,2.875,0.05641613950377735,Qwen/Qwen2-1.5B-Instruct,0.0,0,logiqa,0.0
37,1.140625,0.31961919737930994,Qwen/Qwen2-1.5B-Instruct,0.0,0,logiqa,0.0
38,1.6875,0.18498139990730428,Qwen/Qwen2-1.5B-Instruct,0.0,0,logiqa,0.0
39,2.0,0.1353352832366127,Qwen/Qwen2-1.5B-Instruct,0.0,0,logiqa,0.0
40,0.271484375,0.76224719348739,Qwen/Qwen2-1.5B-Instruct,1.0,0,logiqa,0.0
41,1.109375,0.3297649998062575,Qwen/Qwen2-1.5B-Instruct,0.0,0,logiqa,0.0
42,1.53125,0.2162651668298873,Qwen/Qwen2-1.5B-Instruct,0.0,0,logiqa,0.0
43,0.0458984375,0.9551389635657673,Qwen/Qwen2-1.5B-Instruct,1.0,0,logiqa,0.0
44,1.640625,0.19385884264329528,Qwen/Qwen2-1.5B-Instruct,0.0,0,logiqa,0.0
45,0.77734375,0.459625270884992,Qwen/Qwen2-1.5B-Instruct,1.0,0,logiqa,0.0
46,3.078125,0.04604551109353302,Qwen/Qwen2-1.5B-Instruct,0.0,0,logiqa,0.0
47,0.6171875,0.5394595359337269,Qwen/Qwen2-1.5B-Instruct,1.0,0,logiqa,0.0
48,0.98828125,0.372215887611955,Qwen/Qwen2-1.5B-Instruct,1.0,0,logiqa,0.0
49,0.42578125,0.6532592269479727,Qwen/Qwen2-1.5B-Instruct,1.0,0,logiqa,0.0
50,1.15625,0.314663961018459,Qwen/Qwen2-1.5B-Instruct,1.0,0,logiqa,0.0
51,2.1875,0.11219689052034373,Qwen/Qwen2-1.5B-Instruct,0.0,0,logiqa,0.0
52,0.86328125,0.4217758572543825,Qwen/Qwen2-1.5B-Instruct,1.0,0,logiqa,0.0
53,1.5546875,0.21125538963610227,Qwen/Qwen2-1.5B-Instruct,0.0,0,logiqa,0.0
54,0.5234375,0.5924803921133679,Qwen/Qwen2-1.5B-Instruct,1.0,0,logiqa,0.0
55,1.375,0.25283959580474646,Qwen/Qwen2-1.5B-Instruct,0.0,0,logiqa,0.0
56,2.0625,0.1271357329320356,Qwen/Qwen2-1.5B-Instruct,0.0,0,logiqa,0.0
57,4.0625,0.017205950425851383,Qwen/Qwen2-1.5B-Instruct,0.0,0,logiqa,0.0
58,0.87109375,0.4184935714928901,Qwen/Qwen2-1.5B-Instruct,1.0,0,logiqa,0.0
59,1.671875,0.18789443308700168,Qwen/Qwen2-1.5B-Instruct,0.0,0,logiqa,0.0
60,1.578125,0.20636166380601706,Qwen/Qwen2-1.5B-Instruct,0.0,0,logiqa,0.0
61,1.4296875,0.23938371796817895,Qwen/Qwen2-1.5B-Instruct,0.0,0,logiqa,0.0
62,1.8828125,0.1521615490248429,Qwen/Qwen2-1.5B-Instruct,0.0,0,logiqa,0.0
63,2.40625,0.09015273423081638,Qwen/Qwen2-1.5B-Instruct,0.0,0,logiqa,0.0
64,2.25,0.10539922456186433,Qwen/Qwen2-1.5B-Instruct,0.0,0,logiqa,0.0
65,1.703125,0.18211352912101367,Qwen/Qwen2-1.5B-Instruct,0.0,0,logiqa,0.0
66,3.046875,0.04750715251567949,Qwen/Qwen2-1.5B-Instruct,0.0,0,logiqa,0.0
67,1.34375,0.26086558612628497,Qwen/Qwen2-1.5B-Instruct,0.0,0,logiqa,0.0
68,1.234375,0.29101659090983195,Qwen/Qwen2-1.5B-Instruct,0.0,0,logiqa,0.0
69,1.4609375,0.23201865524727103,Qwen/Qwen2-1.5B-Instruct,0.0,0,logiqa,0.0
70,1.6875,0.18498139990730428,Qwen/Qwen2-1.5B-Instruct,0.0,0,logiqa,0.0
71,1.765625,0.17107982817134254,Qwen/Qwen2-1.5B-Instruct,0.0,0,logiqa,0.0
72,1.34375,0.26086558612628497,Qwen/Qwen2-1.5B-Instruct,0.0,0,logiqa,0.0
73,0.0966796875,0.9078467542291261,Qwen/Qwen2-1.5B-Instruct,1.0,0,logiqa,0.0
74,2.046875,0.129137829405204,Qwen/Qwen2-1.5B-Instruct,0.0,0,logiqa,0.0
75,0.400390625,0.6700582534023591,Qwen/Qwen2-1.5B-Instruct,1.0,0,logiqa,0.0
76,0.248046875,0.7803233647630088,Qwen/Qwen2-1.5B-Instruct,1.0,0,logiqa,0.0
77,0.19140625,0.8257970399501007,Qwen/Qwen2-1.5B-Instruct,1.0,0,logiqa,0.0
78,4.21875,0.014717029298635137,Qwen/Qwen2-1.5B-Instruct,0.0,0,logiqa,0.0
79,1.359375,0.25682124007865503,Qwen/Qwen2-1.5B-Instruct,0.0,0,logiqa,0.0
80,1.65625,0.19085333986431632,Qwen/Qwen2-1.5B-Instruct,0.0,0,logiqa,0.0
81,0.007781982421875,0.9922482188107336,Qwen/Qwen2-1.5B-Instruct,1.0,0,logiqa,0.0
1,0.08984375,0.9140739981758944,Qwen/Qwen2-1.5B-Instruct,1.0,0,logiqa,0.0
2,0.373046875,0.6886329524177447,Qwen/Qwen2-1.5B-Instruct,1.0,0,logiqa,0.0
3,4.28125,0.013825369568946493,Qwen/Qwen2-1.5B-Instruct,0.0,0,logiqa,0.0
4,2.65625,0.07021102001498804,Qwen/Qwen2-1.5B-Instruct,0.0,0,logiqa,0.0
5,0.71484375,0.48926855403569414,Qwen/Qwen2-1.5B-Instruct,1.0,0,logiqa,0.0
6,1.421875,0.2412612277378443,Qwen/Qwen2-1.5B-Instruct,0.0,0,logiqa,0.0
7,1.0,0.36787944117144233,Qwen/Qwen2-1.5B-Instruct,0.0,0,logiqa,0.0
8,0.609375,0.5436905695130004,Qwen/Qwen2-1.5B-Instruct,1.0,0,logiqa,0.0
9,1.640625,0.19385884264329528,Qwen/Qwen2-1.5B-Instruct,0.0,0,logiqa,0.0
10,2.59375,0.0747392417609257,Qwen/Qwen2-1.5B-Instruct,0.0,0,logiqa,0.0
11,1.1875,0.3049827687110593,Qwen/Qwen2-1.5B-Instruct,0.0,0,logiqa,0.0
12,2.65625,0.07021102001498804,Qwen/Qwen2-1.5B-Instruct,0.0,0,logiqa,0.0
13,2.40625,0.09015273423081638,Qwen/Qwen2-1.5B-Instruct,0.0,0,logiqa,0.0
14,1.328125,0.26497362135689667,Qwen/Qwen2-1.5B-Instruct,0.0,0,logiqa,0.0
15,3.46875,0.031155951269699805,Qwen/Qwen2-1.5B-Instruct,0.0,0,logiqa,0.0
16,0.318359375,0.7273413531419732,Qwen/Qwen2-1.5B-Instruct,1.0,0,logiqa,0.0
17,0.03076171875,0.9697066084520289,Qwen/Qwen2-1.5B-Instruct,1.0,0,logiqa,0.0
18,3.5625,0.0283678164497131,Qwen/Qwen2-1.5B-Instruct,0.0,0,logiqa,0.0
19,0.10400390625,0.9012217770167625,Qwen/Qwen2-1.5B-Instruct,1.0,0,logiqa,0.0
20,1.3203125,0.26705183522634335,Qwen/Qwen2-1.5B-Instruct,0.0,0,logiqa,0.0
21,1.0703125,0.34290134400373157,Qwen/Qwen2-1.5B-Instruct,0.0,0,logiqa,0.0
22,0.6015625,0.54795478749992,Qwen/Qwen2-1.5B-Instruct,1.0,0,logiqa,0.0
23,3.015625,0.049015191417106724,Qwen/Qwen2-1.5B-Instruct,0.0,0,logiqa,0.0
24,1.6796875,0.18643222700816212,Qwen/Qwen2-1.5B-Instruct,0.0,0,logiqa,0.0
25,2.0625,0.1271357329320356,Qwen/Qwen2-1.5B-Instruct,0.0,0,logiqa,0.0
26,1.0859375,0.3375851514160396,Qwen/Qwen2-1.5B-Instruct,1.0,0,logiqa,0.0
27,1.90625,0.1486367305381225,Qwen/Qwen2-1.5B-Instruct,0.0,0,logiqa,0.0
28,1.171875,0.30978554847668166,Qwen/Qwen2-1.5B-Instruct,0.0,0,logiqa,0.0
29,1.4375,0.23752081909545814,Qwen/Qwen2-1.5B-Instruct,0.0,0,logiqa,0.0
30,1.078125,0.34023286457404905,Qwen/Qwen2-1.5B-Instruct,0.0,0,logiqa,0.0
31,1.421875,0.2412612277378443,Qwen/Qwen2-1.5B-Instruct,0.0,0,logiqa,0.0
32,0.138671875,0.870513618882206,Qwen/Qwen2-1.5B-Instruct,1.0,0,logiqa,0.0
33,0.51953125,0.5947992948032403,Qwen/Qwen2-1.5B-Instruct,1.0,0,logiqa,0.0
34,3.96875,0.018897039677585683,Qwen/Qwen2-1.5B-Instruct,0.0,0,logiqa,0.0
35,3.53125,0.029268307607136092,Qwen/Qwen2-1.5B-Instruct,0.0,0,logiqa,0.0
36,0.435546875,0.64691079098504,Qwen/Qwen2-1.5B-Instruct,1.0,0,logiqa,0.0
37,1.1875,0.3049827687110593,Qwen/Qwen2-1.5B-Instruct,0.0,0,logiqa,0.0
38,3.421875,0.03265115658991408,Qwen/Qwen2-1.5B-Instruct,0.0,0,logiqa,0.0
39,1.953125,0.14183015908734253,Qwen/Qwen2-1.5B-Instruct,0.0,0,logiqa,0.0
40,2.453125,0.08602433995839362,Qwen/Qwen2-1.5B-Instruct,0.0,0,logiqa,0.0
41,0.08251953125,0.9207934534340386,Qwen/Qwen2-1.5B-Instruct,1.0,0,logiqa,0.0
42,2.109375,0.1213137638466268,Qwen/Qwen2-1.5B-Instruct,0.0,0,logiqa,0.0
43,3.109375,0.04462883965030139,Qwen/Qwen2-1.5B-Instruct,0.0,0,logiqa,0.0
44,1.8359375,0.15946393423094812,Qwen/Qwen2-1.5B-Instruct,0.0,0,logiqa,0.0
45,2.171875,0.1139637344565904,Qwen/Qwen2-1.5B-Instruct,0.0,0,logiqa,0.0
46,1.46875,0.23021307174736147,Qwen/Qwen2-1.5B-Instruct,0.0,0,logiqa,0.0
47,1.265625,0.28206295169381546,Qwen/Qwen2-1.5B-Instruct,1.0,0,logiqa,0.0
48,1.1875,0.3049827687110593,Qwen/Qwen2-1.5B-Instruct,0.0,0,logiqa,0.0
49,2.0625,0.1271357329320356,Qwen/Qwen2-1.5B-Instruct,0.0,0,logiqa,0.0
50,1.7890625,0.16711676822020574,Qwen/Qwen2-1.5B-Instruct,0.0,0,logiqa,0.0
51,0.27734375,0.7577939606593946,Qwen/Qwen2-1.5B-Instruct,1.0,0,logiqa,0.0
52,0.921875,0.39777251796661167,Qwen/Qwen2-1.5B-Instruct,1.0,0,logiqa,0.0
53,0.05322265625,0.9481688732517508,Qwen/Qwen2-1.5B-Instruct,1.0,0,logiqa,0.0
54,2.21875,0.10874495509722103,Qwen/Qwen2-1.5B-Instruct,0.0,0,logiqa,0.0
55,1.125,0.32465246735834974,Qwen/Qwen2-1.5B-Instruct,0.0,0,logiqa,0.0
56,2.15625,0.11575840213626322,Qwen/Qwen2-1.5B-Instruct,0.0,0,logiqa,0.0
57,1.109375,0.3297649998062575,Qwen/Qwen2-1.5B-Instruct,0.0,0,logiqa,0.0
58,2.0,0.1353352832366127,Qwen/Qwen2-1.5B-Instruct,0.0,0,logiqa,0.0
59,0.2041015625,0.8153795549957998,Qwen/Qwen2-1.5B-Instruct,1.0,0,logiqa,0.0
60,0.11767578125,0.8889842312518604,Qwen/Qwen2-1.5B-Instruct,1.0,0,logiqa,0.0
61,1.4921875,0.22488019168416426,Qwen/Qwen2-1.5B-Instruct,0.0,0,logiqa,0.0
62,1.484375,0.22664394888734782,Qwen/Qwen2-1.5B-Instruct,0.0,0,logiqa,0.0
63,1.671875,0.18789443308700168,Qwen/Qwen2-1.5B-Instruct,0.0,0,logiqa,0.0
64,2.515625,0.08081238867682222,Qwen/Qwen2-1.5B-Instruct,0.0,0,logiqa,0.0
65,4.25,0.014264233908999256,Qwen/Qwen2-1.5B-Instruct,0.0,0,logiqa,0.0
66,1.578125,0.20636166380601706,Qwen/Qwen2-1.5B-Instruct,0.0,0,logiqa,0.0
67,3.46875,0.031155951269699805,Qwen/Qwen2-1.5B-Instruct,0.0,0,logiqa,0.0
68,2.90625,0.05468039736791477,Qwen/Qwen2-1.5B-Instruct,0.0,0,logiqa,0.0
69,2.03125,0.13117145431019428,Qwen/Qwen2-1.5B-Instruct,0.0,0,logiqa,0.0
70,0.400390625,0.6700582534023591,Qwen/Qwen2-1.5B-Instruct,1.0,0,logiqa,0.0
71,1.296875,0.27338478699614155,Qwen/Qwen2-1.5B-Instruct,1.0,0,logiqa,0.0
72,1.765625,0.17107982817134254,Qwen/Qwen2-1.5B-Instruct,0.0,0,logiqa,0.0
73,0.5625,0.569782824730923,Qwen/Qwen2-1.5B-Instruct,1.0,0,logiqa,0.0
74,5.5,0.004086771438464067,Qwen/Qwen2-1.5B-Instruct,0.0,0,logiqa,0.0
75,0.72265625,0.485461035940867,Qwen/Qwen2-1.5B-Instruct,1.0,0,logiqa,0.0
76,0.44140625,0.6431313813711866,Qwen/Qwen2-1.5B-Instruct,1.0,0,logiqa,0.0
77,0.53125,0.5878696731223465,Qwen/Qwen2-1.5B-Instruct,1.0,0,logiqa,0.0
78,0.78125,0.45783336177161427,Qwen/Qwen2-1.5B-Instruct,1.0,0,logiqa,0.0
79,1.421875,0.2412612277378443,Qwen/Qwen2-1.5B-Instruct,0.0,0,logiqa,0.0
80,1.453125,0.23383840011408472,Qwen/Qwen2-1.5B-Instruct,0.0,0,logiqa,0.0
81,0.5703125,0.5653487396106142,Qwen/Qwen2-1.5B-Instruct,1.0,0,logiqa,0.0
82,4.03125,0.01775212592162854,Qwen/Qwen2-1.5B-Instruct,0.0,0,logiqa,0.0
83,1.515625,0.21967084765457534,Qwen/Qwen2-1.5B-Instruct,0.0,0,logiqa,0.0
1,1.9375,0.14406365910145327,Qwen/Qwen2-1.5B-Instruct,0.0,0,logiqa,0.0
2,0.91015625,0.4024613345370006,Qwen/Qwen2-1.5B-Instruct,0.0,0,logiqa,0.0
3,1.6875,0.18498139990730428,Qwen/Qwen2-1.5B-Instruct,0.0,0,logiqa,0.0
4,1.046875,0.3510330150388101,Qwen/Qwen2-1.5B-Instruct,1.0,0,logiqa,0.0
5,1.8828125,0.1521615490248429,Qwen/Qwen2-1.5B-Instruct,0.0,0,logiqa,0.0
6,0.5625,0.569782824730923,Qwen/Qwen2-1.5B-Instruct,1.0,0,logiqa,0.0
7,1.0078125,0.36501658064745907,Qwen/Qwen2-1.5B-Instruct,1.0,0,logiqa,0.0
8,1.6953125,0.18354186323251906,Qwen/Qwen2-1.5B-Instruct,0.0,0,logiqa,0.0
9,1.03125,0.356560980663947,Qwen/Qwen2-1.5B-Instruct,0.0,0,logiqa,0.0
10,1.125,0.32465246735834974,Qwen/Qwen2-1.5B-Instruct,0.0,0,logiqa,0.0
11,2.765625,0.06293675158337987,Qwen/Qwen2-1.5B-Instruct,0.0,0,logiqa,0.0
12,0.7890625,0.4542704742837873,Qwen/Qwen2-1.5B-Instruct,1.0,0,logiqa,0.0
13,0.05322265625,0.9481688732517508,Qwen/Qwen2-1.5B-Instruct,1.0,0,logiqa,0.0
14,2.125,0.11943296826671962,Qwen/Qwen2-1.5B-Instruct,0.0,0,logiqa,0.0
15,0.6484375,0.5228621108821537,Qwen/Qwen2-1.5B-Instruct,1.0,0,logiqa,0.0
16,1.3359375,0.26291158027609046,Qwen/Qwen2-1.5B-Instruct,0.0,0,logiqa,0.0
17,2.625,0.07243975703425146,Qwen/Qwen2-1.5B-Instruct,0.0,0,logiqa,0.0
18,1.9375,0.14406365910145327,Qwen/Qwen2-1.5B-Instruct,0.0,0,logiqa,0.0
19,0.68359375,0.5047996051229459,Qwen/Qwen2-1.5B-Instruct,1.0,0,logiqa,0.0
20,1.53125,0.2162651668298873,Qwen/Qwen2-1.5B-Instruct,0.0,0,logiqa,0.0
21,0.609375,0.5436905695130004,Qwen/Qwen2-1.5B-Instruct,1.0,0,logiqa,0.0
22,1.4296875,0.23938371796817895,Qwen/Qwen2-1.5B-Instruct,0.0,0,logiqa,0.0
23,0.390625,0.676633846161729,Qwen/Qwen2-1.5B-Instruct,1.0,0,logiqa,0.0
24,0.96484375,0.3810427330152126,Qwen/Qwen2-1.5B-Instruct,0.0,0,logiqa,0.0
25,2.125,0.11943296826671962,Qwen/Qwen2-1.5B-Instruct,0.0,0,logiqa,0.0
26,1.5,0.22313016014842982,Qwen/Qwen2-1.5B-Instruct,0.0,0,logiqa,0.0
27,1.84375,0.15822297604949842,Qwen/Qwen2-1.5B-Instruct,0.0,0,logiqa,0.0
28,1.6484375,0.1923502211610474,Qwen/Qwen2-1.5B-Instruct,0.0,0,logiqa,0.0
29,1.4296875,0.23938371796817895,Qwen/Qwen2-1.5B-Instruct,0.0,0,logiqa,0.0
30,0.038330078125,0.9623952228475297,Qwen/Qwen2-1.5B-Instruct,1.0,0,logiqa,0.0
31,1.875,0.15335496684492847,Qwen/Qwen2-1.5B-Instruct,0.0,0,logiqa,0.0
32,1.421875,0.2412612277378443,Qwen/Qwen2-1.5B-Instruct,0.0,0,logiqa,0.0
33,0.330078125,0.7188675697091758,Qwen/Qwen2-1.5B-Instruct,1.0,0,logiqa,0.0
34,1.1015625,0.3323513787550223,Qwen/Qwen2-1.5B-Instruct,1.0,0,logiqa,0.0
35,0.51953125,0.5947992948032403,Qwen/Qwen2-1.5B-Instruct,1.0,0,logiqa,0.0
36,1.546875,0.21291228619240427,Qwen/Qwen2-1.5B-Instruct,0.0,0,logiqa,0.0
37,0.8828125,0.41361797370441067,Qwen/Qwen2-1.5B-Instruct,1.0,0,logiqa,0.0
38,0.9453125,0.3885581275123641,Qwen/Qwen2-1.5B-Instruct,0.0,0,logiqa,0.0
39,0.70703125,0.49310593486505433,Qwen/Qwen2-1.5B-Instruct,1.0,0,logiqa,0.0
40,1.8125,0.1632455124539584,Qwen/Qwen2-1.5B-Instruct,0.0,0,logiqa,0.0
41,1.0078125,0.36501658064745907,Qwen/Qwen2-1.5B-Instruct,0.0,0,logiqa,0.0
42,1.546875,0.21291228619240427,Qwen/Qwen2-1.5B-Instruct,0.0,0,logiqa,0.0
43,1.46875,0.23021307174736147,Qwen/Qwen2-1.5B-Instruct,0.0,0,logiqa,0.0
44,1.71875,0.17929012055011864,Qwen/Qwen2-1.5B-Instruct,0.0,0,logiqa,0.0
45,0.96484375,0.3810427330152126,Qwen/Qwen2-1.5B-Instruct,1.0,0,logiqa,0.0
46,0.57421875,0.5631446537543375,Qwen/Qwen2-1.5B-Instruct,1.0,0,logiqa,0.0
47,0.640625,0.5269629692433709,Qwen/Qwen2-1.5B-Instruct,1.0,0,logiqa,0.0
48,1.546875,0.21291228619240427,Qwen/Qwen2-1.5B-Instruct,0.0,0,logiqa,0.0
49,1.375,0.25283959580474646,Qwen/Qwen2-1.5B-Instruct,0.0,0,logiqa,0.0
50,0.69921875,0.49697341264527733,Qwen/Qwen2-1.5B-Instruct,1.0,0,logiqa,0.0
51,1.3125,0.26914634872918386,Qwen/Qwen2-1.5B-Instruct,0.0,0,logiqa,0.0
52,1.875,0.15335496684492847,Qwen/Qwen2-1.5B-Instruct,0.0,0,logiqa,0.0
53,0.007781982421875,0.9922482188107336,Qwen/Qwen2-1.5B-Instruct,1.0,0,logiqa,0.0
54,1.296875,0.27338478699614155,Qwen/Qwen2-1.5B-Instruct,1.0,0,logiqa,0.0
55,1.6484375,0.1923502211610474,Qwen/Qwen2-1.5B-Instruct,0.0,0,logiqa,0.0
56,0.984375,0.373672699406043,Qwen/Qwen2-1.5B-Instruct,0.0,0,logiqa,0.0
57,2.5625,0.07711171996831671,Qwen/Qwen2-1.5B-Instruct,0.0,0,logiqa,0.0
58,1.203125,0.30025444914408245,Qwen/Qwen2-1.5B-Instruct,0.0,0,logiqa,0.0
59,0.5,0.6065306597126334,Qwen/Qwen2-1.5B-Instruct,1.0,0,logiqa,0.0
60,1.40625,0.2450605392455259,Qwen/Qwen2-1.5B-Instruct,0.0,0,logiqa,0.0
61,1.671875,0.18789443308700168,Qwen/Qwen2-1.5B-Instruct,0.0,0,logiqa,0.0
62,1.390625,0.2489196812036605,Qwen/Qwen2-1.5B-Instruct,0.0,0,logiqa,0.0
63,1.734375,0.17651048487186194,Qwen/Qwen2-1.5B-Instruct,0.0,0,logiqa,0.0
64,1.625,0.19691167520419406,Qwen/Qwen2-1.5B-Instruct,0.0,0,logiqa,0.0
65,1.40625,0.2450605392455259,Qwen/Qwen2-1.5B-Instruct,0.0,0,logiqa,0.0
66,0.1787109375,0.8363476211932502,Qwen/Qwen2-1.5B-Instruct,1.0,0,logiqa,0.0
67,0.10400390625,0.9012217770167625,Qwen/Qwen2-1.5B-Instruct,1.0,0,logiqa,0.0
68,0.6015625,0.54795478749992,Qwen/Qwen2-1.5B-Instruct,1.0,0,logiqa,0.0
69,0.259765625,0.7712323221982079,Qwen/Qwen2-1.5B-Instruct,1.0,0,logiqa,0.0
70,1.1328125,0.3221260018134028,Qwen/Qwen2-1.5B-Instruct,1.0,0,logiqa,0.0
71,2.09375,0.12322417764723749,Qwen/Qwen2-1.5B-Instruct,0.0,0,logiqa,0.0
72,2.609375,0.07358051721811718,Qwen/Qwen2-1.5B-Instruct,0.0,0,logiqa,0.0
73,0.90234375,0.40561787790561105,Qwen/Qwen2-1.5B-Instruct,1.0,0,logiqa,0.0
74,3.828125,0.021750359344450344,Qwen/Qwen2-1.5B-Instruct,0.0,0,logiqa,0.0
75,0.3515625,0.7035878743456275,Qwen/Qwen2-1.5B-Instruct,1.0,0,logiqa,0.0
76,1.234375,0.29101659090983195,Qwen/Qwen2-1.5B-Instruct,0.0,0,logiqa,0.0
77,2.21875,0.10874495509722103,Qwen/Qwen2-1.5B-Instruct,0.0,0,logiqa,0.0
1,0.283203125,0.7533667446967807,Qwen/Qwen2-1.5B-Instruct,1.0,0,logiqa,0.0
2,2.828125,0.059123606568473756,Qwen/Qwen2-1.5B-Instruct,0.0,0,logiqa,0.0
3,0.22265625,0.8003899360518268,Qwen/Qwen2-1.5B-Instruct,1.0,0,logiqa,0.0
4,0.2353515625,0.7902929634144612,Qwen/Qwen2-1.5B-Instruct,1.0,0,logiqa,0.0
5,2.03125,0.13117145431019428,Qwen/Qwen2-1.5B-Instruct,0.0,0,logiqa,0.0
6,1.3046875,0.27125728970502744,Qwen/Qwen2-1.5B-Instruct,0.0,0,logiqa,0.0
7,1.46875,0.23021307174736147,Qwen/Qwen2-1.5B-Instruct,0.0,0,logiqa,0.0
8,0.68359375,0.5047996051229459,Qwen/Qwen2-1.5B-Instruct,1.0,0,logiqa,0.0
9,2.296875,0.10057264266491435,Qwen/Qwen2-1.5B-Instruct,0.0,0,logiqa,0.0
10,0.78125,0.45783336177161427,Qwen/Qwen2-1.5B-Instruct,1.0,0,logiqa,0.0
11,1.109375,0.3297649998062575,Qwen/Qwen2-1.5B-Instruct,0.0,0,logiqa,0.0
12,0.83984375,0.43177798346854385,Qwen/Qwen2-1.5B-Instruct,1.0,0,logiqa,0.0
13,0.294921875,0.7445897562683694,Qwen/Qwen2-1.5B-Instruct,1.0,0,logiqa,0.0
14,5.25,0.005247518399181385,Qwen/Qwen2-1.5B-Instruct,0.0,0,logiqa,0.0
15,1.0078125,0.36501658064745907,Qwen/Qwen2-1.5B-Instruct,1.0,0,logiqa,0.0
16,2.859375,0.057304564428268645,Qwen/Qwen2-1.5B-Instruct,0.0,0,logiqa,0.0
17,0.05322265625,0.9481688732517508,Qwen/Qwen2-1.5B-Instruct,1.0,0,logiqa,0.0
18,4.125,0.016163494588165874,Qwen/Qwen2-1.5B-Instruct,0.0,0,logiqa,0.0
19,2.125,0.11943296826671962,Qwen/Qwen2-1.5B-Instruct,0.0,0,logiqa,0.0
20,1.390625,0.2489196812036605,Qwen/Qwen2-1.5B-Instruct,0.0,0,logiqa,0.0
21,0.91015625,0.4024613345370006,Qwen/Qwen2-1.5B-Instruct,1.0,0,logiqa,0.0
22,3.40625,0.03316533748891029,Qwen/Qwen2-1.5B-Instruct,0.0,0,logiqa,0.0
23,1.875,0.15335496684492847,Qwen/Qwen2-1.5B-Instruct,0.0,0,logiqa,0.0
24,1.8515625,0.1569916750812332,Qwen/Qwen2-1.5B-Instruct,0.0,0,logiqa,0.0
25,2.171875,0.1139637344565904,Qwen/Qwen2-1.5B-Instruct,0.0,0,logiqa,0.0
26,1.6328125,0.19537929639047613,Qwen/Qwen2-1.5B-Instruct,0.0,0,logiqa,0.0
27,0.8515625,0.4267476175926629,Qwen/Qwen2-1.5B-Instruct,1.0,0,logiqa,0.0
28,1.359375,0.25682124007865503,Qwen/Qwen2-1.5B-Instruct,0.0,0,logiqa,0.0
29,2.3125,0.0990134083638263,Qwen/Qwen2-1.5B-Instruct,0.0,0,logiqa,0.0
30,1.515625,0.21967084765457534,Qwen/Qwen2-1.5B-Instruct,0.0,0,logiqa,0.0
31,0.796875,0.4507353134063624,Qwen/Qwen2-1.5B-Instruct,0.0,0,logiqa,0.0
32,0.060546875,0.941249646907103,Qwen/Qwen2-1.5B-Instruct,1.0,0,logiqa,0.0
33,4.96875,0.006951832396384793,Qwen/Qwen2-1.5B-Instruct,0.0,0,logiqa,0.0
34,2.1875,0.11219689052034373,Qwen/Qwen2-1.5B-Instruct,0.0,0,logiqa,0.0
35,0.318359375,0.7273413531419732,Qwen/Qwen2-1.5B-Instruct,1.0,0,logiqa,0.0
36,2.0,0.1353352832366127,Qwen/Qwen2-1.5B-Instruct,0.0,0,logiqa,0.0
37,1.875,0.15335496684492847,Qwen/Qwen2-1.5B-Instruct,0.0,0,logiqa,0.0
38,1.3828125,0.25087198245993886,Qwen/Qwen2-1.5B-Instruct,0.0,0,logiqa,0.0
39,4.625,0.009803655035821828,Qwen/Qwen2-1.5B-Instruct,0.0,0,logiqa,0.0
40,1.8046875,0.16452586287665122,Qwen/Qwen2-1.5B-Instruct,0.0,0,logiqa,0.0
41,3.09375,0.045331641611676264,Qwen/Qwen2-1.5B-Instruct,0.0,0,logiqa,0.0
42,2.671875,0.06912249904327114,Qwen/Qwen2-1.5B-Instruct,0.0,0,logiqa,0.0
43,1.5859375,0.20475574459755974,Qwen/Qwen2-1.5B-Instruct,0.0,0,logiqa,0.0
44,1.75,0.17377394345044514,Qwen/Qwen2-1.5B-Instruct,0.0,0,logiqa,0.0
45,1.234375,0.29101659090983195,Qwen/Qwen2-1.5B-Instruct,0.0,0,logiqa,0.0
46,1.8359375,0.15946393423094812,Qwen/Qwen2-1.5B-Instruct,0.0,0,logiqa,0.0
47,1.515625,0.21967084765457534,Qwen/Qwen2-1.5B-Instruct,0.0,0,logiqa,0.0
48,3.859375,0.02108117113844438,Qwen/Qwen2-1.5B-Instruct,0.0,0,logiqa,0.0
49,0.486328125,0.6148800167035864,Qwen/Qwen2-1.5B-Instruct,1.0,0,logiqa,0.0
50,0.72265625,0.485461035940867,Qwen/Qwen2-1.5B-Instruct,1.0,0,logiqa,0.0
51,0.294921875,0.7445897562683694,Qwen/Qwen2-1.5B-Instruct,1.0,0,logiqa,0.0
52,0.216796875,0.8050934873117519,Qwen/Qwen2-1.5B-Instruct,1.0,0,logiqa,0.0
53,1.5234375,0.21796135555570278,Qwen/Qwen2-1.5B-Instruct,0.0,0,logiqa,0.0
54,1.078125,0.34023286457404905,Qwen/Qwen2-1.5B-Instruct,1.0,0,logiqa,0.0
55,0.007781982421875,0.9922482188107336,Qwen/Qwen2-1.5B-Instruct,1.0,0,logiqa,0.0
56,2.484375,0.08337764926156645,Qwen/Qwen2-1.5B-Instruct,0.0,0,logiqa,0.0
57,0.3359375,0.7146677711559482,Qwen/Qwen2-1.5B-Instruct,1.0,0,logiqa,0.0
58,1.984375,0.13746650383851944,Qwen/Qwen2-1.5B-Instruct,0.0,0,logiqa,0.0
59,2.6875,0.0680508540250102,Qwen/Qwen2-1.5B-Instruct,0.0,0,logiqa,0.0
60,3.34375,0.03530431798508576,Qwen/Qwen2-1.5B-Instruct,0.0,0,logiqa,0.0
61,2.765625,0.06293675158337987,Qwen/Qwen2-1.5B-Instruct,0.0,0,logiqa,0.0
62,1.578125,0.20636166380601706,Qwen/Qwen2-1.5B-Instruct,0.0,0,logiqa,0.0
63,2.46875,0.0846906561847805,Qwen/Qwen2-1.5B-Instruct,0.0,0,logiqa,0.0
64,3.203125,0.040635020917967515,Qwen/Qwen2-1.5B-Instruct,0.0,0,logiqa,0.0
65,1.859375,0.15576995617312325,Qwen/Qwen2-1.5B-Instruct,0.0,0,logiqa,0.0
66,1.1796875,0.30737477821235176,Qwen/Qwen2-1.5B-Instruct,0.0,0,logiqa,0.0
67,1.21875,0.29559943537737077,Qwen/Qwen2-1.5B-Instruct,0.0,0,logiqa,0.0
68,0.39453125,0.673995900791531,Qwen/Qwen2-1.5B-Instruct,1.0,0,logiqa,0.0
69,1.515625,0.21967084765457534,Qwen/Qwen2-1.5B-Instruct,0.0,0,logiqa,0.0
70,0.30078125,0.7402396824677261,Qwen/Qwen2-1.5B-Instruct,1.0,0,logiqa,0.0
71,3.765625,0.023153137001639675,Qwen/Qwen2-1.5B-Instruct,0.0,0,logiqa,0.0
72,2.375,0.09301448921066349,Qwen/Qwen2-1.5B-Instruct,0.0,0,logiqa,0.0
73,1.8125,0.1632455124539584,Qwen/Qwen2-1.5B-Instruct,0.0,0,logiqa,0.0
74,1.3125,0.26914634872918386,Qwen/Qwen2-1.5B-Instruct,0.0,0,logiqa,0.0
75,1.40625,0.2450605392455259,Qwen/Qwen2-1.5B-Instruct,0.0,0,logiqa,0.0
76,0.05322265625,0.9481688732517508,Qwen/Qwen2-1.5B-Instruct,1.0,0,logiqa,0.0
77,2.0,0.1353352832366127,Qwen/Qwen2-1.5B-Instruct,0.0,0,logiqa,0.0
78,2.875,0.05641613950377735,Qwen/Qwen2-1.5B-Instruct,0.0,0,logiqa,0.0
1,0.1787109375,0.8363476211932502,Qwen/Qwen2-1.5B-Instruct,1.0,0,logiqa,0.0
2,2.703125,0.06699582332279769,Qwen/Qwen2-1.5B-Instruct,0.0,0,logiqa,0.0
3,0.70703125,0.49310593486505433,Qwen/Qwen2-1.5B-Instruct,1.0,0,logiqa,0.0
4,2.140625,0.11758133171956547,Qwen/Qwen2-1.5B-Instruct,0.0,0,logiqa,0.0
5,1.203125,0.30025444914408245,Qwen/Qwen2-1.5B-Instruct,0.0,0,logiqa,0.0
6,2.171875,0.1139637344565904,Qwen/Qwen2-1.5B-Instruct,0.0,0,logiqa,0.0
7,1.15625,0.314663961018459,Qwen/Qwen2-1.5B-Instruct,1.0,0,logiqa,0.0
8,1.59375,0.20316232275153173,Qwen/Qwen2-1.5B-Instruct,0.0,0,logiqa,0.0
9,0.007781982421875,0.9922482188107336,Qwen/Qwen2-1.5B-Instruct,1.0,0,logiqa,0.0
10,4.84375,0.007877458125943277,Qwen/Qwen2-1.5B-Instruct,0.0,0,logiqa,0.0
11,0.55078125,0.5764992443663932,Qwen/Qwen2-1.5B-Instruct,1.0,0,logiqa,0.0
12,1.734375,0.17651048487186194,Qwen/Qwen2-1.5B-Instruct,0.0,0,logiqa,0.0
13,2.609375,0.07358051721811718,Qwen/Qwen2-1.5B-Instruct,0.0,0,logiqa,0.0
14,1.4921875,0.22488019168416426,Qwen/Qwen2-1.5B-Instruct,0.0,0,logiqa,0.0
15,0.12451171875,0.8829279144942641,Qwen/Qwen2-1.5B-Instruct,1.0,0,logiqa,0.0
16,2.265625,0.10376516104428837,Qwen/Qwen2-1.5B-Instruct,0.0,0,logiqa,0.0
17,0.48046875,0.6184934050621846,Qwen/Qwen2-1.5B-Instruct,1.0,0,logiqa,0.0
18,1.15625,0.314663961018459,Qwen/Qwen2-1.5B-Instruct,0.0,0,logiqa,0.0
19,2.15625,0.11575840213626322,Qwen/Qwen2-1.5B-Instruct,0.0,0,logiqa,0.0
20,1.390625,0.2489196812036605,Qwen/Qwen2-1.5B-Instruct,0.0,0,logiqa,0.0
21,1.296875,0.27338478699614155,Qwen/Qwen2-1.5B-Instruct,0.0,0,logiqa,0.0
22,1.1484375,0.31713190105209277,Qwen/Qwen2-1.5B-Instruct,0.0,0,logiqa,0.0
23,1.4453125,0.23567241741677974,Qwen/Qwen2-1.5B-Instruct,0.0,0,logiqa,0.0
24,3.96875,0.018897039677585683,Qwen/Qwen2-1.5B-Instruct,0.0,0,logiqa,0.0
25,2.125,0.11943296826671962,Qwen/Qwen2-1.5B-Instruct,0.0,0,logiqa,0.0
26,0.984375,0.373672699406043,Qwen/Qwen2-1.5B-Instruct,1.0,0,logiqa,0.0
27,1.5859375,0.20475574459755974,Qwen/Qwen2-1.5B-Instruct,0.0,0,logiqa,0.0
28,3.375,0.03421811831166603,Qwen/Qwen2-1.5B-Instruct,0.0,0,logiqa,0.0
29,0.466796875,0.6270074383640806,Qwen/Qwen2-1.5B-Instruct,1.0,0,logiqa,0.0
30,0.03076171875,0.9697066084520289,Qwen/Qwen2-1.5B-Instruct,1.0,0,logiqa,0.0
31,0.19140625,0.8257970399501007,Qwen/Qwen2-1.5B-Instruct,1.0,0,logiqa,0.0
32,0.023193359375,0.9770735391778969,Qwen/Qwen2-1.5B-Instruct,1.0,0,logiqa,0.0
33,1.1328125,0.3221260018134028,Qwen/Qwen2-1.5B-Instruct,1.0,0,logiqa,0.0
34,1.0703125,0.34290134400373157,Qwen/Qwen2-1.5B-Instruct,1.0,0,logiqa,0.0
35,1.0703125,0.34290134400373157,Qwen/Qwen2-1.5B-Instruct,1.0,0,logiqa,0.0
36,1.09375,0.33495804292529496,Qwen/Qwen2-1.5B-Instruct,1.0,0,logiqa,0.0
37,5.21875,0.0054140925140856375,Qwen/Qwen2-1.5B-Instruct,0.0,0,logiqa,0.0
38,0.22265625,0.8003899360518268,Qwen/Qwen2-1.5B-Instruct,1.0,0,logiqa,0.0
39,1.4296875,0.23938371796817895,Qwen/Qwen2-1.5B-Instruct,0.0,0,logiqa,0.0
40,0.03076171875,0.9697066084520289,Qwen/Qwen2-1.5B-Instruct,1.0,0,logiqa,0.0
41,1.015625,0.3621759990808257,Qwen/Qwen2-1.5B-Instruct,1.0,0,logiqa,0.0
42,2.90625,0.05468039736791477,Qwen/Qwen2-1.5B-Instruct,0.0,0,logiqa,0.0
43,0.0458984375,0.9551389635657673,Qwen/Qwen2-1.5B-Instruct,1.0,0,logiqa,0.0
44,0.2890625,0.7489653936027156,Qwen/Qwen2-1.5B-Instruct,1.0,0,logiqa,0.0
45,0.515625,0.5971272734216274,Qwen/Qwen2-1.5B-Instruct,1.0,0,logiqa,0.0
46,1.8125,0.1632455124539584,Qwen/Qwen2-1.5B-Instruct,0.0,0,logiqa,0.0
47,1.9375,0.14406365910145327,Qwen/Qwen2-1.5B-Instruct,0.0,0,logiqa,0.0
48,2.546875,0.07832605286299588,Qwen/Qwen2-1.5B-Instruct,0.0,0,logiqa,0.0
49,2.234375,0.10705902083552722,Qwen/Qwen2-1.5B-Instruct,0.0,0,logiqa,0.0
50,0.369140625,0.6913281855882473,Qwen/Qwen2-1.5B-Instruct,1.0,0,logiqa,0.0
51,2.3125,0.0990134083638263,Qwen/Qwen2-1.5B-Instruct,0.0,0,logiqa,0.0
52,3.078125,0.04604551109353302,Qwen/Qwen2-1.5B-Instruct,0.0,0,logiqa,0.0
53,0.023193359375,0.9770735391778969,Qwen/Qwen2-1.5B-Instruct,1.0,0,logiqa,0.0
54,0.11767578125,0.8889842312518604,Qwen/Qwen2-1.5B-Instruct,1.0,0,logiqa,0.0
55,1.2421875,0.2887518818320782,Qwen/Qwen2-1.5B-Instruct,1.0,0,logiqa,0.0
56,0.953125,0.3855343441745787,Qwen/Qwen2-1.5B-Instruct,1.0,0,logiqa,0.0
57,0.11767578125,0.8889842312518604,Qwen/Qwen2-1.5B-Instruct,1.0,0,logiqa,0.0
58,0.12451171875,0.8829279144942641,Qwen/Qwen2-1.5B-Instruct,1.0,0,logiqa,0.0
59,1.1875,0.3049827687110593,Qwen/Qwen2-1.5B-Instruct,0.0,0,logiqa,0.0
60,0.42578125,0.6532592269479727,Qwen/Qwen2-1.5B-Instruct,1.0,0,logiqa,0.0
61,0.25390625,0.7757645265618263,Qwen/Qwen2-1.5B-Instruct,1.0,0,logiqa,0.0
62,3.1875,0.04127492938579755,Qwen/Qwen2-1.5B-Instruct,0.0,0,logiqa,0.0
63,0.2041015625,0.8153795549957998,Qwen/Qwen2-1.5B-Instruct,1.0,0,logiqa,0.0
64,3.234375,0.039384812757335554,Qwen/Qwen2-1.5B-Instruct,0.0,0,logiqa,0.0
65,2.59375,0.0747392417609257,Qwen/Qwen2-1.5B-Instruct,0.0,0,logiqa,0.0
66,1.5078125,0.221393747466153,Qwen/Qwen2-1.5B-Instruct,0.0,0,logiqa,0.0
67,0.2041015625,0.8153795549957998,Qwen/Qwen2-1.5B-Instruct,1.0,0,logiqa,0.0
68,1.1796875,0.30737477821235176,Qwen/Qwen2-1.5B-Instruct,1.0,0,logiqa,0.0
69,4.40625,0.012200845821682604,Qwen/Qwen2-1.5B-Instruct,0.0,0,logiqa,0.0
70,0.1650390625,0.847860583886983,Qwen/Qwen2-1.5B-Instruct,1.0,0,logiqa,0.0
71,1.984375,0.13746650383851944,Qwen/Qwen2-1.5B-Instruct,0.0,0,logiqa,0.0
72,1.578125,0.20636166380601706,Qwen/Qwen2-1.5B-Instruct,0.0,0,logiqa,0.0
73,1.484375,0.22664394888734782,Qwen/Qwen2-1.5B-Instruct,0.0,0,logiqa,0.0
74,1.703125,0.18211352912101367,Qwen/Qwen2-1.5B-Instruct,0.0,0,logiqa,0.0
75,2.0,0.1353352832366127,Qwen/Qwen2-1.5B-Instruct,0.0,0,logiqa,0.0
76,0.59375,0.5522524501630204,Qwen/Qwen2-1.5B-Instruct,1.0,0,logiqa,0.0
77,0.71484375,0.48926855403569414,Qwen/Qwen2-1.5B-Instruct,1.0,0,logiqa,0.0
78,1.203125,0.30025444914408245,Qwen/Qwen2-1.5B-Instruct,0.0,0,logiqa,0.0
79,0.08251953125,0.9207934534340386,Qwen/Qwen2-1.5B-Instruct,1.0,0,logiqa,0.0
1,0.5546875,0.5742516868118521,Qwen/Qwen2-1.5B-Instruct,1.0,0,logiqa,0.0
2,0.06787109375,0.9343809133539388,Qwen/Qwen2-1.5B-Instruct,1.0,0,logiqa,0.0
3,4.15625,0.015666196140128895,Qwen/Qwen2-1.5B-Instruct,0.0,0,logiqa,0.0
4,0.03076171875,0.9697066084520289,Qwen/Qwen2-1.5B-Instruct,1.0,0,logiqa,0.0
5,0.03076171875,0.9697066084520289,Qwen/Qwen2-1.5B-Instruct,1.0,0,logiqa,0.0
6,2.09375,0.12322417764723749,Qwen/Qwen2-1.5B-Instruct,0.0,0,logiqa,0.0
7,1.625,0.19691167520419406,Qwen/Qwen2-1.5B-Instruct,0.0,0,logiqa,0.0
8,0.59375,0.5522524501630204,Qwen/Qwen2-1.5B-Instruct,1.0,0,logiqa,0.0
9,0.138671875,0.870513618882206,Qwen/Qwen2-1.5B-Instruct,1.0,0,logiqa,0.0
10,5.375,0.004630918733533246,Qwen/Qwen2-1.5B-Instruct,0.0,0,logiqa,0.0
11,0.75390625,0.47052497007720323,Qwen/Qwen2-1.5B-Instruct,1.0,0,logiqa,0.0
12,1.203125,0.30025444914408245,Qwen/Qwen2-1.5B-Instruct,0.0,0,logiqa,0.0
13,1.90625,0.1486367305381225,Qwen/Qwen2-1.5B-Instruct,0.0,0,logiqa,0.0
14,1.0703125,0.34290134400373157,Qwen/Qwen2-1.5B-Instruct,1.0,0,logiqa,0.0
15,1.90625,0.1486367305381225,Qwen/Qwen2-1.5B-Instruct,0.0,0,logiqa,0.0
16,1.375,0.25283959580474646,Qwen/Qwen2-1.5B-Instruct,0.0,0,logiqa,0.0
17,1.0,0.36787944117144233,Qwen/Qwen2-1.5B-Instruct,1.0,0,logiqa,0.0
18,1.578125,0.20636166380601706,Qwen/Qwen2-1.5B-Instruct,0.0,0,logiqa,0.0
19,1.140625,0.31961919737930994,Qwen/Qwen2-1.5B-Instruct,1.0,0,logiqa,0.0
20,1.3359375,0.26291158027609046,Qwen/Qwen2-1.5B-Instruct,0.0,0,logiqa,0.0
21,1.1953125,0.30260937397538795,Qwen/Qwen2-1.5B-Instruct,1.0,0,logiqa,0.0
22,0.341796875,0.7104925088436513,Qwen/Qwen2-1.5B-Instruct,1.0,0,logiqa,0.0
23,2.453125,0.08602433995839362,Qwen/Qwen2-1.5B-Instruct,0.0,0,logiqa,0.0
24,2.546875,0.07832605286299588,Qwen/Qwen2-1.5B-Instruct,0.0,0,logiqa,0.0
25,2.3125,0.0990134083638263,Qwen/Qwen2-1.5B-Instruct,0.0,0,logiqa,0.0
26,1.828125,0.16071462536804407,Qwen/Qwen2-1.5B-Instruct,0.0,0,logiqa,0.0
27,3.484375,0.030672923016533588,Qwen/Qwen2-1.5B-Instruct,0.0,0,logiqa,0.0
28,1.3359375,0.26291158027609046,Qwen/Qwen2-1.5B-Instruct,0.0,0,logiqa,0.0
29,2.0625,0.1271357329320356,Qwen/Qwen2-1.5B-Instruct,0.0,0,logiqa,0.0
30,0.98828125,0.372215887611955,Qwen/Qwen2-1.5B-Instruct,1.0,0,logiqa,0.0
31,1.84375,0.15822297604949842,Qwen/Qwen2-1.5B-Instruct,0.0,0,logiqa,0.0
32,1.90625,0.1486367305381225,Qwen/Qwen2-1.5B-Instruct,0.0,0,logiqa,0.0
33,1.015625,0.3621759990808257,Qwen/Qwen2-1.5B-Instruct,1.0,0,logiqa,0.0
34,1.0625,0.3455907525769745,Qwen/Qwen2-1.5B-Instruct,1.0,0,logiqa,0.0
35,2.640625,0.07131668269775804,Qwen/Qwen2-1.5B-Instruct,0.0,0,logiqa,0.0
36,0.431640625,0.6494427282327384,Qwen/Qwen2-1.5B-Instruct,1.0,0,logiqa,0.0
37,2.3125,0.0990134083638263,Qwen/Qwen2-1.5B-Instruct,0.0,0,logiqa,0.0
38,0.91015625,0.4024613345370006,Qwen/Qwen2-1.5B-Instruct,1.0,0,logiqa,0.0
39,1.5703125,0.207980178394932,Qwen/Qwen2-1.5B-Instruct,0.0,0,logiqa,0.0
40,1.21875,0.29559943537737077,Qwen/Qwen2-1.5B-Instruct,0.0,0,logiqa,0.0
41,3.84375,0.021413151278198653,Qwen/Qwen2-1.5B-Instruct,0.0,0,logiqa,0.0
42,1.7890625,0.16711676822020574,Qwen/Qwen2-1.5B-Instruct,0.0,0,logiqa,0.0
43,1.9296875,0.14519356438370257,Qwen/Qwen2-1.5B-Instruct,0.0,0,logiqa,0.0
44,0.023193359375,0.9770735391778969,Qwen/Qwen2-1.5B-Instruct,1.0,0,logiqa,0.0
45,3.125,0.04393693362340742,Qwen/Qwen2-1.5B-Instruct,0.0,0,logiqa,0.0
46,0.9453125,0.3885581275123641,Qwen/Qwen2-1.5B-Instruct,1.0,0,logiqa,0.0
47,2.078125,0.1251646760876602,Qwen/Qwen2-1.5B-Instruct,0.0,0,logiqa,0.0
48,0.2890625,0.7489653936027156,Qwen/Qwen2-1.5B-Instruct,1.0,0,logiqa,0.0
49,1.125,0.32465246735834974,Qwen/Qwen2-1.5B-Instruct,0.0,0,logiqa,0.0
50,1.3359375,0.26291158027609046,Qwen/Qwen2-1.5B-Instruct,0.0,0,logiqa,0.0
51,6.3125,0.0018134938327346152,Qwen/Qwen2-1.5B-Instruct,0.0,0,logiqa,0.0
52,0.023193359375,0.9770735391778969,Qwen/Qwen2-1.5B-Instruct,1.0,0,logiqa,0.0
53,1.59375,0.20316232275153173,Qwen/Qwen2-1.5B-Instruct,0.0,0,logiqa,0.0
54,0.8125,0.44374731008107987,Qwen/Qwen2-1.5B-Instruct,1.0,0,logiqa,0.0
55,0.5234375,0.5924803921133679,Qwen/Qwen2-1.5B-Instruct,1.0,0,logiqa,0.0
56,1.671875,0.18789443308700168,Qwen/Qwen2-1.5B-Instruct,0.0,0,logiqa,0.0
57,2.8125,0.060054667895307945,Qwen/Qwen2-1.5B-Instruct,0.0,0,logiqa,0.0
58,2.625,0.07243975703425146,Qwen/Qwen2-1.5B-Instruct,0.0,0,logiqa,0.0
59,1.5078125,0.221393747466153,Qwen/Qwen2-1.5B-Instruct,0.0,0,logiqa,0.0
60,0.1318359375,0.8764847815685415,Qwen/Qwen2-1.5B-Instruct,1.0,0,logiqa,0.0
61,2.6875,0.0680508540250102,Qwen/Qwen2-1.5B-Instruct,0.0,0,logiqa,0.0
62,1.1875,0.3049827687110593,Qwen/Qwen2-1.5B-Instruct,0.0,0,logiqa,0.0
63,1.4140625,0.2431534629991392,Qwen/Qwen2-1.5B-Instruct,0.0,0,logiqa,0.0
64,1.28125,0.27768997095378994,Qwen/Qwen2-1.5B-Instruct,0.0,0,logiqa,0.0
65,3.140625,0.043255754605187734,Qwen/Qwen2-1.5B-Instruct,0.0,0,logiqa,0.0
66,0.06787109375,0.9343809133539388,Qwen/Qwen2-1.5B-Instruct,1.0,0,logiqa,0.0
67,0.038330078125,0.9623952228475297,Qwen/Qwen2-1.5B-Instruct,1.0,0,logiqa,0.0
68,0.86328125,0.4217758572543825,Qwen/Qwen2-1.5B-Instruct,1.0,0,logiqa,0.0
69,1.09375,0.33495804292529496,Qwen/Qwen2-1.5B-Instruct,0.0,0,logiqa,0.0
70,3.265625,0.03817306945803752,Qwen/Qwen2-1.5B-Instruct,0.0,0,logiqa,0.0
71,0.007781982421875,0.9922482188107336,Qwen/Qwen2-1.5B-Instruct,1.0,0,logiqa,0.0
72,1.8828125,0.1521615490248429,Qwen/Qwen2-1.5B-Instruct,0.0,0,logiqa,0.0
73,1.296875,0.27338478699614155,Qwen/Qwen2-1.5B-Instruct,0.0,0,logiqa,0.0
74,0.91796875,0.39932935558376886,Qwen/Qwen2-1.5B-Instruct,1.0,0,logiqa,0.0
75,1.71875,0.17929012055011864,Qwen/Qwen2-1.5B-Instruct,0.0,0,logiqa,0.0
76,1.90625,0.1486367305381225,Qwen/Qwen2-1.5B-Instruct,0.0,0,logiqa,0.0
77,1.5625,0.2096113871510978,Qwen/Qwen2-1.5B-Instruct,0.0,0,logiqa,0.0
78,0.984375,0.373672699406043,Qwen/Qwen2-1.5B-Instruct,1.0,0,logiqa,0.0
1,4.5,0.011108996538242306,Qwen/Qwen2-1.5B-Instruct,0.0,0,logiqa,0.0
2,1.1875,0.3049827687110593,Qwen/Qwen2-1.5B-Instruct,0.0,0,logiqa,0.0
3,0.953125,0.3855343441745787,Qwen/Qwen2-1.5B-Instruct,1.0,0,logiqa,0.0
4,0.060546875,0.941249646907103,Qwen/Qwen2-1.5B-Instruct,1.0,0,logiqa,0.0
5,2.0625,0.1271357329320356,Qwen/Qwen2-1.5B-Instruct,0.0,0,logiqa,0.0
6,0.96484375,0.3810427330152126,Qwen/Qwen2-1.5B-Instruct,1.0,0,logiqa,0.0
7,2.6875,0.0680508540250102,Qwen/Qwen2-1.5B-Instruct,0.0,0,logiqa,0.0
8,0.6484375,0.5228621108821537,Qwen/Qwen2-1.5B-Instruct,1.0,0,logiqa,0.0
9,0.92578125,0.3962217498841188,Qwen/Qwen2-1.5B-Instruct,0.0,0,logiqa,0.0
10,0.67578125,0.5087587974957017,Qwen/Qwen2-1.5B-Instruct,1.0,0,logiqa,0.0
11,1.5625,0.2096113871510978,Qwen/Qwen2-1.5B-Instruct,0.0,0,logiqa,0.0
12,0.57421875,0.5631446537543375,Qwen/Qwen2-1.5B-Instruct,1.0,0,logiqa,0.0
13,2.078125,0.1251646760876602,Qwen/Qwen2-1.5B-Instruct,0.0,0,logiqa,0.0
14,1.453125,0.23383840011408472,Qwen/Qwen2-1.5B-Instruct,0.0,0,logiqa,0.0
15,4.1875,0.015184197956837946,Qwen/Qwen2-1.5B-Instruct,0.0,0,logiqa,0.0
16,0.55859375,0.572012891653811,Qwen/Qwen2-1.5B-Instruct,1.0,0,logiqa,0.0
17,0.0155029296875,0.9846166221284973,Qwen/Qwen2-1.5B-Instruct,1.0,0,logiqa,0.0
18,0.03076171875,0.9697066084520289,Qwen/Qwen2-1.5B-Instruct,1.0,0,logiqa,0.0
19,1.265625,0.28206295169381546,Qwen/Qwen2-1.5B-Instruct,0.0,0,logiqa,0.0
20,2.390625,0.09157243321777621,Qwen/Qwen2-1.5B-Instruct,0.0,0,logiqa,0.0
21,1.421875,0.2412612277378443,Qwen/Qwen2-1.5B-Instruct,0.0,0,logiqa,0.0
22,2.1875,0.11219689052034373,Qwen/Qwen2-1.5B-Instruct,0.0,0,logiqa,0.0
23,0.90625,0.4040365236633421,Qwen/Qwen2-1.5B-Instruct,0.0,0,logiqa,0.0
24,2.8125,0.060054667895307945,Qwen/Qwen2-1.5B-Instruct,0.0,0,logiqa,0.0
25,1.5,0.22313016014842982,Qwen/Qwen2-1.5B-Instruct,0.0,0,logiqa,0.0
26,1.2421875,0.2887518818320782,Qwen/Qwen2-1.5B-Instruct,0.0,0,logiqa,0.0
27,1.71875,0.17929012055011864,Qwen/Qwen2-1.5B-Instruct,0.0,0,logiqa,0.0
28,1.3671875,0.2548226413322821,Qwen/Qwen2-1.5B-Instruct,0.0,0,logiqa,0.0
29,0.271484375,0.76224719348739,Qwen/Qwen2-1.5B-Instruct,1.0,0,logiqa,0.0
30,0.9609375,0.3825340921054156,Qwen/Qwen2-1.5B-Instruct,1.0,0,logiqa,0.0
31,2.65625,0.07021102001498804,Qwen/Qwen2-1.5B-Instruct,0.0,0,logiqa,0.0
32,1.0703125,0.34290134400373157,Qwen/Qwen2-1.5B-Instruct,1.0,0,logiqa,0.0
33,0.96484375,0.3810427330152126,Qwen/Qwen2-1.5B-Instruct,0.0,0,logiqa,0.0
34,0.609375,0.5436905695130004,Qwen/Qwen2-1.5B-Instruct,1.0,0,logiqa,0.0
35,1.65625,0.19085333986431632,Qwen/Qwen2-1.5B-Instruct,0.0,0,logiqa,0.0
36,1.8359375,0.15946393423094812,Qwen/Qwen2-1.5B-Instruct,0.0,0,logiqa,0.0
37,0.99609375,0.3693192805940405,Qwen/Qwen2-1.5B-Instruct,1.0,0,logiqa,0.0
38,1.71875,0.17929012055011864,Qwen/Qwen2-1.5B-Instruct,0.0,0,logiqa,0.0
39,1.7421875,0.17513686938087475,Qwen/Qwen2-1.5B-Instruct,0.0,0,logiqa,0.0
40,0.271484375,0.76224719348739,Qwen/Qwen2-1.5B-Instruct,1.0,0,logiqa,0.0
41,0.99609375,0.3693192805940405,Qwen/Qwen2-1.5B-Instruct,1.0,0,logiqa,0.0
42,3.21875,0.04000503331137926,Qwen/Qwen2-1.5B-Instruct,0.0,0,logiqa,0.0
43,1.265625,0.28206295169381546,Qwen/Qwen2-1.5B-Instruct,0.0,0,logiqa,0.0
44,1.28125,0.27768997095378994,Qwen/Qwen2-1.5B-Instruct,0.0,0,logiqa,0.0
45,2.9375,0.0529980584033558,Qwen/Qwen2-1.5B-Instruct,0.0,0,logiqa,0.0
46,1.078125,0.34023286457404905,Qwen/Qwen2-1.5B-Instruct,0.0,0,logiqa,0.0
47,1.890625,0.1509774184559146,Qwen/Qwen2-1.5B-Instruct,0.0,0,logiqa,0.0
48,0.2890625,0.7489653936027156,Qwen/Qwen2-1.5B-Instruct,1.0,0,logiqa,0.0
49,0.8984375,0.407205421393389,Qwen/Qwen2-1.5B-Instruct,1.0,0,logiqa,0.0
50,0.05322265625,0.9481688732517508,Qwen/Qwen2-1.5B-Instruct,1.0,0,logiqa,0.0
51,3.21875,0.04000503331137926,Qwen/Qwen2-1.5B-Instruct,0.0,0,logiqa,0.0
52,0.86328125,0.4217758572543825,Qwen/Qwen2-1.5B-Instruct,1.0,0,logiqa,0.0
53,0.294921875,0.7445897562683694,Qwen/Qwen2-1.5B-Instruct,1.0,0,logiqa,0.0
54,1.796875,0.1658162552121675,Qwen/Qwen2-1.5B-Instruct,0.0,0,logiqa,0.0
55,1.59375,0.20316232275153173,Qwen/Qwen2-1.5B-Instruct,0.0,0,logiqa,0.0
56,0.060546875,0.941249646907103,Qwen/Qwen2-1.5B-Instruct,1.0,0,logiqa,0.0
57,3.546875,0.028814544556403775,Qwen/Qwen2-1.5B-Instruct,0.0,0,logiqa,0.0
58,1.1328125,0.3221260018134028,Qwen/Qwen2-1.5B-Instruct,0.0,0,logiqa,0.0
59,0.0458984375,0.9551389635657673,Qwen/Qwen2-1.5B-Instruct,1.0,0,logiqa,0.0
60,1.265625,0.28206295169381546,Qwen/Qwen2-1.5B-Instruct,1.0,0,logiqa,0.0
61,0.4765625,0.6209141198060958,Qwen/Qwen2-1.5B-Instruct,1.0,0,logiqa,0.0
62,0.1787109375,0.8363476211932502,Qwen/Qwen2-1.5B-Instruct,1.0,0,logiqa,0.0
63,1.25,0.2865047968601901,Qwen/Qwen2-1.5B-Instruct,0.0,0,logiqa,0.0
64,0.8984375,0.407205421393389,Qwen/Qwen2-1.5B-Instruct,1.0,0,logiqa,0.0
65,1.0078125,0.36501658064745907,Qwen/Qwen2-1.5B-Instruct,1.0,0,logiqa,0.0
66,2.875,0.05641613950377735,Qwen/Qwen2-1.5B-Instruct,0.0,0,logiqa,0.0
67,1.875,0.15335496684492847,Qwen/Qwen2-1.5B-Instruct,0.0,0,logiqa,0.0
68,0.390625,0.676633846161729,Qwen/Qwen2-1.5B-Instruct,1.0,0,logiqa,0.0
69,1.0078125,0.36501658064745907,Qwen/Qwen2-1.5B-Instruct,1.0,0,logiqa,0.0
70,1.28125,0.27768997095378994,Qwen/Qwen2-1.5B-Instruct,0.0,0,logiqa,0.0
71,0.060546875,0.941249646907103,Qwen/Qwen2-1.5B-Instruct,1.0,0,logiqa,0.0
72,0.9453125,0.3885581275123641,Qwen/Qwen2-1.5B-Instruct,1.0,0,logiqa,0.0
73,1.421875,0.2412612277378443,Qwen/Qwen2-1.5B-Instruct,0.0,0,logiqa,0.0
74,1.7890625,0.16711676822020574,Qwen/Qwen2-1.5B-Instruct,0.0,0,logiqa,0.0
75,0.86328125,0.4217758572543825,Qwen/Qwen2-1.5B-Instruct,1.0,0,logiqa,0.0
76,2.15625,0.11575840213626322,Qwen/Qwen2-1.5B-Instruct,0.0,0,logiqa,0.0
77,1.234375,0.29101659090983195,Qwen/Qwen2-1.5B-Instruct,0.0,0,logiqa,0.0
78,1.890625,0.1509774184559146,Qwen/Qwen2-1.5B-Instruct,0.0,0,logiqa,0.0
1,0.03076171875,0.9697066084520289,Qwen/Qwen2-1.5B-Instruct,1.0,0,logiqa,0.0
2,1.8125,0.1632455124539584,Qwen/Qwen2-1.5B-Instruct,0.0,0,logiqa,0.0
3,1.5625,0.2096113871510978,Qwen/Qwen2-1.5B-Instruct,0.0,0,logiqa,0.0
4,0.08984375,0.9140739981758944,Qwen/Qwen2-1.5B-Instruct,1.0,0,logiqa,0.0
5,1.5390625,0.21458217794945839,Qwen/Qwen2-1.5B-Instruct,0.0,0,logiqa,0.0
6,5.28125,0.005086069231012701,Qwen/Qwen2-1.5B-Instruct,0.0,0,logiqa,0.0
7,0.67578125,0.5087587974957017,Qwen/Qwen2-1.5B-Instruct,1.0,0,logiqa,0.0
8,1.921875,0.1463323316229146,Qwen/Qwen2-1.5B-Instruct,0.0,0,logiqa,0.0
9,0.61328125,0.5415709208598878,Qwen/Qwen2-1.5B-Instruct,1.0,0,logiqa,0.0
10,2.4375,0.08737902619542039,Qwen/Qwen2-1.5B-Instruct,0.0,0,logiqa,0.0
11,0.94140625,0.39007890102496307,Qwen/Qwen2-1.5B-Instruct,1.0,0,logiqa,0.0
12,1.15625,0.314663961018459,Qwen/Qwen2-1.5B-Instruct,0.0,0,logiqa,0.0
13,0.890625,0.41039917309637,Qwen/Qwen2-1.5B-Instruct,1.0,0,logiqa,0.0
14,1.1328125,0.3221260018134028,Qwen/Qwen2-1.5B-Instruct,1.0,0,logiqa,0.0
15,3.46875,0.031155951269699805,Qwen/Qwen2-1.5B-Instruct,0.0,0,logiqa,0.0
16,3.46875,0.031155951269699805,Qwen/Qwen2-1.5B-Instruct,0.0,0,logiqa,0.0
17,0.9453125,0.3885581275123641,Qwen/Qwen2-1.5B-Instruct,1.0,0,logiqa,0.0
18,0.6328125,0.5310959910353452,Qwen/Qwen2-1.5B-Instruct,1.0,0,logiqa,0.0
19,1.59375,0.20316232275153173,Qwen/Qwen2-1.5B-Instruct,0.0,0,logiqa,0.0
20,0.0155029296875,0.9846166221284973,Qwen/Qwen2-1.5B-Instruct,1.0,0,logiqa,0.0
21,4.1875,0.015184197956837946,Qwen/Qwen2-1.5B-Instruct,0.0,0,logiqa,0.0
22,2.484375,0.08337764926156645,Qwen/Qwen2-1.5B-Instruct,0.0,0,logiqa,0.0
23,0.283203125,0.7533667446967807,Qwen/Qwen2-1.5B-Instruct,1.0,0,logiqa,0.0
24,1.5,0.22313016014842982,Qwen/Qwen2-1.5B-Instruct,0.0,0,logiqa,0.0
25,2.71875,0.06595714935553817,Qwen/Qwen2-1.5B-Instruct,0.0,0,logiqa,0.0
26,3.75,0.023517745856009107,Qwen/Qwen2-1.5B-Instruct,0.0,0,logiqa,0.0
27,1.8125,0.1632455124539584,Qwen/Qwen2-1.5B-Instruct,0.0,0,logiqa,0.0
28,3.125,0.04393693362340742,Qwen/Qwen2-1.5B-Instruct,0.0,0,logiqa,0.0
29,0.12451171875,0.8829279144942641,Qwen/Qwen2-1.5B-Instruct,1.0,0,logiqa,0.0
30,0.94140625,0.39007890102496307,Qwen/Qwen2-1.5B-Instruct,1.0,0,logiqa,0.0
31,0.0751953125,0.9275623041230301,Qwen/Qwen2-1.5B-Instruct,1.0,0,logiqa,0.0
32,1.734375,0.17651048487186194,Qwen/Qwen2-1.5B-Instruct,0.0,0,logiqa,0.0
33,3.3125,0.036424997337364234,Qwen/Qwen2-1.5B-Instruct,0.0,0,logiqa,0.0
34,2.140625,0.11758133171956547,Qwen/Qwen2-1.5B-Instruct,0.0,0,logiqa,0.0
35,1.3515625,0.25883551402927246,Qwen/Qwen2-1.5B-Instruct,0.0,0,logiqa,0.0
36,1.875,0.15335496684492847,Qwen/Qwen2-1.5B-Instruct,0.0,0,logiqa,0.0
37,1.015625,0.3621759990808257,Qwen/Qwen2-1.5B-Instruct,0.0,0,logiqa,0.0
38,1.59375,0.20316232275153173,Qwen/Qwen2-1.5B-Instruct,0.0,0,logiqa,0.0
39,2.90625,0.05468039736791477,Qwen/Qwen2-1.5B-Instruct,0.0,0,logiqa,0.0
40,1.9296875,0.14519356438370257,Qwen/Qwen2-1.5B-Instruct,0.0,0,logiqa,0.0
41,1.4609375,0.23201865524727103,Qwen/Qwen2-1.5B-Instruct,0.0,0,logiqa,0.0
42,0.5078125,0.6018106006716945,Qwen/Qwen2-1.5B-Instruct,1.0,0,logiqa,0.0
43,2.046875,0.129137829405204,Qwen/Qwen2-1.5B-Instruct,0.0,0,logiqa,0.0
44,2.15625,0.11575840213626322,Qwen/Qwen2-1.5B-Instruct,0.0,0,logiqa,0.0
45,0.890625,0.41039917309637,Qwen/Qwen2-1.5B-Instruct,1.0,0,logiqa,0.0
46,1.5234375,0.21796135555570278,Qwen/Qwen2-1.5B-Instruct,0.0,0,logiqa,0.0
47,1.453125,0.23383840011408472,Qwen/Qwen2-1.5B-Instruct,0.0,0,logiqa,0.0
48,3.359375,0.034756975267222885,Qwen/Qwen2-1.5B-Instruct,0.0,0,logiqa,0.0
49,0.306640625,0.7359150228524268,Qwen/Qwen2-1.5B-Instruct,1.0,0,logiqa,0.0
50,1.078125,0.34023286457404905,Qwen/Qwen2-1.5B-Instruct,0.0,0,logiqa,0.0
51,1.9765625,0.13854466699075552,Qwen/Qwen2-1.5B-Instruct,0.0,0,logiqa,0.0
52,0.91015625,0.4024613345370006,Qwen/Qwen2-1.5B-Instruct,1.0,0,logiqa,0.0
53,1.734375,0.17651048487186194,Qwen/Qwen2-1.5B-Instruct,0.0,0,logiqa,0.0
54,0.216796875,0.8050934873117519,Qwen/Qwen2-1.5B-Instruct,1.0,0,logiqa,0.0
55,2.6875,0.0680508540250102,Qwen/Qwen2-1.5B-Instruct,0.0,0,logiqa,0.0
56,0.1845703125,0.8314614757090356,Qwen/Qwen2-1.5B-Instruct,1.0,0,logiqa,0.0
57,1.5859375,0.20475574459755974,Qwen/Qwen2-1.5B-Instruct,0.0,0,logiqa,0.0
58,1.2421875,0.2887518818320782,Qwen/Qwen2-1.5B-Instruct,1.0,0,logiqa,0.0
59,1.6875,0.18498139990730428,Qwen/Qwen2-1.5B-Instruct,0.0,0,logiqa,0.0
60,1.328125,0.26497362135689667,Qwen/Qwen2-1.5B-Instruct,0.0,0,logiqa,0.0
61,1.03125,0.356560980663947,Qwen/Qwen2-1.5B-Instruct,1.0,0,logiqa,0.0
62,0.91015625,0.4024613345370006,Qwen/Qwen2-1.5B-Instruct,1.0,0,logiqa,0.0
63,0.435546875,0.64691079098504,Qwen/Qwen2-1.5B-Instruct,1.0,0,logiqa,0.0
64,1.875,0.15335496684492847,Qwen/Qwen2-1.5B-Instruct,0.0,0,logiqa,0.0
65,2.09375,0.12322417764723749,Qwen/Qwen2-1.5B-Instruct,0.0,0,logiqa,0.0
66,1.546875,0.21291228619240427,Qwen/Qwen2-1.5B-Instruct,0.0,0,logiqa,0.0
67,1.859375,0.15576995617312325,Qwen/Qwen2-1.5B-Instruct,0.0,0,logiqa,0.0
68,0.61328125,0.5415709208598878,Qwen/Qwen2-1.5B-Instruct,1.0,0,logiqa,0.0
69,3.703125,0.024646386044811498,Qwen/Qwen2-1.5B-Instruct,0.0,0,logiqa,0.0
70,1.5625,0.2096113871510978,Qwen/Qwen2-1.5B-Instruct,0.0,0,logiqa,0.0
71,1.1328125,0.3221260018134028,Qwen/Qwen2-1.5B-Instruct,0.0,0,logiqa,0.0
72,2.625,0.07243975703425146,Qwen/Qwen2-1.5B-Instruct,0.0,0,logiqa,0.0
73,0.73828125,0.47793466018873804,Qwen/Qwen2-1.5B-Instruct,1.0,0,logiqa,0.0
74,1.5546875,0.21125538963610227,Qwen/Qwen2-1.5B-Instruct,0.0,0,logiqa,0.0
75,2.203125,0.1104574389603643,Qwen/Qwen2-1.5B-Instruct,0.0,0,logiqa,0.0
76,1.234375,0.29101659090983195,Qwen/Qwen2-1.5B-Instruct,0.0,0,logiqa,0.0
77,1.578125,0.20636166380601706,Qwen/Qwen2-1.5B-Instruct,0.0,0,logiqa,0.0
78,0.05322265625,0.9481688732517508,Qwen/Qwen2-1.5B-Instruct,1.0,0,logiqa,0.0
79,1.5234375,0.21796135555570278,Qwen/Qwen2-1.5B-Instruct,0.0,0,logiqa,0.0
80,0.93359375,0.39313832776388624,Qwen/Qwen2-1.5B-Instruct,1.0,0,logiqa,0.0
81,2.296875,0.10057264266491435,Qwen/Qwen2-1.5B-Instruct,0.0,0,logiqa,0.0
82,0.1787109375,0.8363476211932502,Qwen/Qwen2-1.5B-Instruct,1.0,0,logiqa,0.0
1,6.75,0.0011708796207911744,Qwen/Qwen2-1.5B-Instruct,0.0,0,logiqa,0.0
2,3.59375,0.02749503049258667,Qwen/Qwen2-1.5B-Instruct,0.0,0,logiqa,0.0
3,0.75390625,0.47052497007720323,Qwen/Qwen2-1.5B-Instruct,1.0,0,logiqa,0.0
4,0.625,0.5352614285189903,Qwen/Qwen2-1.5B-Instruct,1.0,0,logiqa,0.0
5,2.59375,0.0747392417609257,Qwen/Qwen2-1.5B-Instruct,0.0,0,logiqa,0.0
6,1.625,0.19691167520419406,Qwen/Qwen2-1.5B-Instruct,0.0,0,logiqa,0.0
7,2.859375,0.057304564428268645,Qwen/Qwen2-1.5B-Instruct,0.0,0,logiqa,0.0
8,0.8125,0.44374731008107987,Qwen/Qwen2-1.5B-Instruct,0.0,0,logiqa,0.0
9,1.390625,0.2489196812036605,Qwen/Qwen2-1.5B-Instruct,0.0,0,logiqa,0.0
10,1.78125,0.16842748127818424,Qwen/Qwen2-1.5B-Instruct,0.0,0,logiqa,0.0
11,2.90625,0.05468039736791477,Qwen/Qwen2-1.5B-Instruct,0.0,0,logiqa,0.0
12,0.5703125,0.5653487396106142,Qwen/Qwen2-1.5B-Instruct,1.0,0,logiqa,0.0
13,0.283203125,0.7533667446967807,Qwen/Qwen2-1.5B-Instruct,1.0,0,logiqa,0.0
14,3.5,0.0301973834223185,Qwen/Qwen2-1.5B-Instruct,0.0,0,logiqa,0.0
15,1.3125,0.26914634872918386,Qwen/Qwen2-1.5B-Instruct,1.0,0,logiqa,0.0
16,1.4375,0.23752081909545814,Qwen/Qwen2-1.5B-Instruct,0.0,0,logiqa,0.0
17,1.984375,0.13746650383851944,Qwen/Qwen2-1.5B-Instruct,0.0,0,logiqa,0.0
18,0.265625,0.76672659607082,Qwen/Qwen2-1.5B-Instruct,1.0,0,logiqa,0.0
19,1.875,0.15335496684492847,Qwen/Qwen2-1.5B-Instruct,0.0,0,logiqa,0.0
20,1.828125,0.16071462536804407,Qwen/Qwen2-1.5B-Instruct,0.0,0,logiqa,0.0
21,0.330078125,0.7188675697091758,Qwen/Qwen2-1.5B-Instruct,1.0,0,logiqa,0.0
22,1.4140625,0.2431534629991392,Qwen/Qwen2-1.5B-Instruct,0.0,0,logiqa,0.0
23,1.0625,0.3455907525769745,Qwen/Qwen2-1.5B-Instruct,0.0,0,logiqa,0.0
24,2.03125,0.13117145431019428,Qwen/Qwen2-1.5B-Instruct,0.0,0,logiqa,0.0
25,0.52734375,0.5901705299683179,Qwen/Qwen2-1.5B-Instruct,1.0,0,logiqa,0.0
26,1.59375,0.20316232275153173,Qwen/Qwen2-1.5B-Instruct,0.0,0,logiqa,0.0
27,1.546875,0.21291228619240427,Qwen/Qwen2-1.5B-Instruct,0.0,0,logiqa,0.0
28,1.46875,0.23021307174736147,Qwen/Qwen2-1.5B-Instruct,0.0,0,logiqa,0.0
29,1.4296875,0.23938371796817895,Qwen/Qwen2-1.5B-Instruct,0.0,0,logiqa,0.0
30,3.75,0.023517745856009107,Qwen/Qwen2-1.5B-Instruct,0.0,0,logiqa,0.0
31,5.03125,0.006530642163653784,Qwen/Qwen2-1.5B-Instruct,0.0,0,logiqa,0.0
32,0.138671875,0.870513618882206,Qwen/Qwen2-1.5B-Instruct,1.0,0,logiqa,0.0
33,1.90625,0.1486367305381225,Qwen/Qwen2-1.5B-Instruct,0.0,0,logiqa,0.0
34,3.515625,0.02972921638615875,Qwen/Qwen2-1.5B-Instruct,0.0,0,logiqa,0.0
35,1.71875,0.17929012055011864,Qwen/Qwen2-1.5B-Instruct,0.0,0,logiqa,0.0
36,1.78125,0.16842748127818424,Qwen/Qwen2-1.5B-Instruct,0.0,0,logiqa,0.0
37,1.6796875,0.18643222700816212,Qwen/Qwen2-1.5B-Instruct,0.0,0,logiqa,0.0
38,1.5546875,0.21125538963610227,Qwen/Qwen2-1.5B-Instruct,0.0,0,logiqa,0.0
39,0.384765625,0.6806101355130432,Qwen/Qwen2-1.5B-Instruct,1.0,0,logiqa,0.0
40,1.234375,0.29101659090983195,Qwen/Qwen2-1.5B-Instruct,0.0,0,logiqa,0.0
41,0.76953125,0.463230156563083,Qwen/Qwen2-1.5B-Instruct,1.0,0,logiqa,0.0
42,1.796875,0.1658162552121675,Qwen/Qwen2-1.5B-Instruct,0.0,0,logiqa,0.0
43,1.8125,0.1632455124539584,Qwen/Qwen2-1.5B-Instruct,0.0,0,logiqa,0.0
44,3.21875,0.04000503331137926,Qwen/Qwen2-1.5B-Instruct,0.0,0,logiqa,0.0
45,1.703125,0.18211352912101367,Qwen/Qwen2-1.5B-Instruct,0.0,0,logiqa,0.0
46,1.125,0.32465246735834974,Qwen/Qwen2-1.5B-Instruct,0.0,0,logiqa,0.0
47,0.400390625,0.6700582534023591,Qwen/Qwen2-1.5B-Instruct,1.0,0,logiqa,0.0
48,2.734375,0.0649345785355609,Qwen/Qwen2-1.5B-Instruct,0.0,0,logiqa,0.0
49,1.0078125,0.36501658064745907,Qwen/Qwen2-1.5B-Instruct,1.0,0,logiqa,0.0
50,0.97265625,0.3780774349414026,Qwen/Qwen2-1.5B-Instruct,0.0,0,logiqa,0.0
51,1.9296875,0.14519356438370257,Qwen/Qwen2-1.5B-Instruct,0.0,0,logiqa,0.0
52,1.34375,0.26086558612628497,Qwen/Qwen2-1.5B-Instruct,0.0,0,logiqa,0.0
53,0.41015625,0.663546562885513,Qwen/Qwen2-1.5B-Instruct,1.0,0,logiqa,0.0
54,2.09375,0.12322417764723749,Qwen/Qwen2-1.5B-Instruct,0.0,0,logiqa,0.0
55,3.09375,0.045331641611676264,Qwen/Qwen2-1.5B-Instruct,0.0,0,logiqa,0.0
56,2.5625,0.07711171996831671,Qwen/Qwen2-1.5B-Instruct,0.0,0,logiqa,0.0
57,1.609375,0.2000125828826258,Qwen/Qwen2-1.5B-Instruct,0.0,0,logiqa,0.0
58,3.28125,0.037581250870997916,Qwen/Qwen2-1.5B-Instruct,0.0,0,logiqa,0.0
59,1.5234375,0.21796135555570278,Qwen/Qwen2-1.5B-Instruct,0.0,0,logiqa,0.0
60,1.375,0.25283959580474646,Qwen/Qwen2-1.5B-Instruct,0.0,0,logiqa,0.0
61,1.296875,0.27338478699614155,Qwen/Qwen2-1.5B-Instruct,0.0,0,logiqa,0.0
62,1.8125,0.1632455124539584,Qwen/Qwen2-1.5B-Instruct,0.0,0,logiqa,0.0
63,1.3203125,0.26705183522634335,Qwen/Qwen2-1.5B-Instruct,0.0,0,logiqa,0.0
64,1.484375,0.22664394888734782,Qwen/Qwen2-1.5B-Instruct,0.0,0,logiqa,0.0
65,1.8203125,0.1619751257973035,Qwen/Qwen2-1.5B-Instruct,0.0,0,logiqa,0.0
66,0.08251953125,0.9207934534340386,Qwen/Qwen2-1.5B-Instruct,1.0,0,logiqa,0.0
67,0.97265625,0.3780774349414026,Qwen/Qwen2-1.5B-Instruct,0.0,0,logiqa,0.0
68,1.6328125,0.19537929639047613,Qwen/Qwen2-1.5B-Instruct,0.0,0,logiqa,0.0
69,2.109375,0.1213137638466268,Qwen/Qwen2-1.5B-Instruct,0.0,0,logiqa,0.0
70,0.11767578125,0.8889842312518604,Qwen/Qwen2-1.5B-Instruct,1.0,0,logiqa,0.0
71,1.625,0.19691167520419406,Qwen/Qwen2-1.5B-Instruct,0.0,0,logiqa,0.0
72,1.609375,0.2000125828826258,Qwen/Qwen2-1.5B-Instruct,0.0,0,logiqa,0.0
73,0.73046875,0.48168314818692903,Qwen/Qwen2-1.5B-Instruct,1.0,0,logiqa,0.0
74,0.90234375,0.40561787790561105,Qwen/Qwen2-1.5B-Instruct,0.0,0,logiqa,0.0
75,1.78125,0.16842748127818424,Qwen/Qwen2-1.5B-Instruct,0.0,0,logiqa,0.0
76,0.45703125,0.6331605534862997,Qwen/Qwen2-1.5B-Instruct,1.0,0,logiqa,0.0
77,2.40625,0.09015273423081638,Qwen/Qwen2-1.5B-Instruct,0.0,0,logiqa,0.0
78,1.15625,0.314663961018459,Qwen/Qwen2-1.5B-Instruct,0.0,0,logiqa,0.0
1,2.59375,0.0747392417609257,Qwen/Qwen2-1.5B-Instruct,0.0,0,logiqa,0.0
2,2.328125,0.0974783477499485,Qwen/Qwen2-1.5B-Instruct,0.0,0,logiqa,0.0
3,1.40625,0.2450605392455259,Qwen/Qwen2-1.5B-Instruct,0.0,0,logiqa,0.0
4,1.1328125,0.3221260018134028,Qwen/Qwen2-1.5B-Instruct,1.0,0,logiqa,0.0
5,0.69921875,0.49697341264527733,Qwen/Qwen2-1.5B-Instruct,1.0,0,logiqa,0.0
6,0.216796875,0.8050934873117519,Qwen/Qwen2-1.5B-Instruct,1.0,0,logiqa,0.0
7,1.34375,0.26086558612628497,Qwen/Qwen2-1.5B-Instruct,0.0,0,logiqa,0.0
8,0.1845703125,0.8314614757090356,Qwen/Qwen2-1.5B-Instruct,1.0,0,logiqa,0.0
9,1.125,0.32465246735834974,Qwen/Qwen2-1.5B-Instruct,0.0,0,logiqa,0.0
10,2.84375,0.058206980009571974,Qwen/Qwen2-1.5B-Instruct,0.0,0,logiqa,0.0
11,1.734375,0.17651048487186194,Qwen/Qwen2-1.5B-Instruct,0.0,0,logiqa,0.0
12,1.28125,0.27768997095378994,Qwen/Qwen2-1.5B-Instruct,0.0,0,logiqa,0.0
13,1.53125,0.2162651668298873,Qwen/Qwen2-1.5B-Instruct,0.0,0,logiqa,0.0
14,1.765625,0.17107982817134254,Qwen/Qwen2-1.5B-Instruct,0.0,0,logiqa,0.0
15,2.4375,0.08737902619542039,Qwen/Qwen2-1.5B-Instruct,0.0,0,logiqa,0.0
16,1.984375,0.13746650383851944,Qwen/Qwen2-1.5B-Instruct,0.0,0,logiqa,0.0
17,3.875,0.020754337873699742,Qwen/Qwen2-1.5B-Instruct,0.0,0,logiqa,0.0
18,2.390625,0.09157243321777621,Qwen/Qwen2-1.5B-Instruct,0.0,0,logiqa,0.0
19,3.453125,0.03164658611103602,Qwen/Qwen2-1.5B-Instruct,0.0,0,logiqa,0.0
20,2.4375,0.08737902619542039,Qwen/Qwen2-1.5B-Instruct,0.0,0,logiqa,0.0
21,1.8359375,0.15946393423094812,Qwen/Qwen2-1.5B-Instruct,0.0,0,logiqa,0.0
22,1.5703125,0.207980178394932,Qwen/Qwen2-1.5B-Instruct,0.0,0,logiqa,0.0
23,1.109375,0.3297649998062575,Qwen/Qwen2-1.5B-Instruct,1.0,0,logiqa,0.0
24,0.52734375,0.5901705299683179,Qwen/Qwen2-1.5B-Instruct,1.0,0,logiqa,0.0
25,0.318359375,0.7273413531419732,Qwen/Qwen2-1.5B-Instruct,1.0,0,logiqa,0.0
26,0.8828125,0.41361797370441067,Qwen/Qwen2-1.5B-Instruct,1.0,0,logiqa,0.0
27,0.50390625,0.604166020765368,Qwen/Qwen2-1.5B-Instruct,1.0,0,logiqa,0.0
28,0.390625,0.676633846161729,Qwen/Qwen2-1.5B-Instruct,1.0,0,logiqa,0.0
29,3.71875,0.02426427924617674,Qwen/Qwen2-1.5B-Instruct,0.0,0,logiqa,0.0
30,0.50390625,0.604166020765368,Qwen/Qwen2-1.5B-Instruct,1.0,0,logiqa,0.0
31,2.453125,0.08602433995839362,Qwen/Qwen2-1.5B-Instruct,0.0,0,logiqa,0.0
32,3.0,0.049787068367863944,Qwen/Qwen2-1.5B-Instruct,0.0,0,logiqa,0.0
33,1.8828125,0.1521615490248429,Qwen/Qwen2-1.5B-Instruct,0.0,0,logiqa,0.0
34,0.1845703125,0.8314614757090356,Qwen/Qwen2-1.5B-Instruct,1.0,0,logiqa,0.0
35,0.95703125,0.3840312882100615,Qwen/Qwen2-1.5B-Instruct,0.0,0,logiqa,0.0
36,1.828125,0.16071462536804407,Qwen/Qwen2-1.5B-Instruct,0.0,0,logiqa,0.0
37,0.39453125,0.673995900791531,Qwen/Qwen2-1.5B-Instruct,1.0,0,logiqa,0.0
38,0.15234375,0.8586930542645764,Qwen/Qwen2-1.5B-Instruct,1.0,0,logiqa,0.0
39,1.03125,0.356560980663947,Qwen/Qwen2-1.5B-Instruct,1.0,0,logiqa,0.0
40,0.060546875,0.941249646907103,Qwen/Qwen2-1.5B-Instruct,1.0,0,logiqa,0.0
41,0.97265625,0.3780774349414026,Qwen/Qwen2-1.5B-Instruct,1.0,0,logiqa,0.0
42,1.0234375,0.35935752309532076,Qwen/Qwen2-1.5B-Instruct,1.0,0,logiqa,0.0
43,1.3125,0.26914634872918386,Qwen/Qwen2-1.5B-Instruct,0.0,0,logiqa,0.0
44,2.84375,0.058206980009571974,Qwen/Qwen2-1.5B-Instruct,0.0,0,logiqa,0.0
45,0.40625,0.6661436107034878,Qwen/Qwen2-1.5B-Instruct,1.0,0,logiqa,0.0
46,2.359375,0.09447925428109244,Qwen/Qwen2-1.5B-Instruct,0.0,0,logiqa,0.0
47,0.06787109375,0.9343809133539388,Qwen/Qwen2-1.5B-Instruct,1.0,0,logiqa,0.0
48,1.28125,0.27768997095378994,Qwen/Qwen2-1.5B-Instruct,0.0,0,logiqa,0.0
49,1.6875,0.18498139990730428,Qwen/Qwen2-1.5B-Instruct,0.0,0,logiqa,0.0
50,1.640625,0.19385884264329528,Qwen/Qwen2-1.5B-Instruct,0.0,0,logiqa,0.0
51,1.828125,0.16071462536804407,Qwen/Qwen2-1.5B-Instruct,0.0,0,logiqa,0.0
52,0.74609375,0.4742153431555798,Qwen/Qwen2-1.5B-Instruct,1.0,0,logiqa,0.0
53,0.91796875,0.39932935558376886,Qwen/Qwen2-1.5B-Instruct,1.0,0,logiqa,0.0
54,1.7109375,0.18069631039374898,Qwen/Qwen2-1.5B-Instruct,0.0,0,logiqa,0.0
55,2.640625,0.07131668269775804,Qwen/Qwen2-1.5B-Instruct,0.0,0,logiqa,0.0
56,4.0,0.01831563888873418,Qwen/Qwen2-1.5B-Instruct,0.0,0,logiqa,0.0
57,0.55859375,0.572012891653811,Qwen/Qwen2-1.5B-Instruct,1.0,0,logiqa,0.0
58,0.58203125,0.5587622272904076,Qwen/Qwen2-1.5B-Instruct,1.0,0,logiqa,0.0
59,2.40625,0.09015273423081638,Qwen/Qwen2-1.5B-Instruct,0.0,0,logiqa,0.0
60,1.234375,0.29101659090983195,Qwen/Qwen2-1.5B-Instruct,0.0,0,logiqa,0.0
61,1.7578125,0.17242162389375282,Qwen/Qwen2-1.5B-Instruct,0.0,0,logiqa,0.0
62,1.78125,0.16842748127818424,Qwen/Qwen2-1.5B-Instruct,0.0,0,logiqa,0.0
63,1.7265625,0.17789487376266921,Qwen/Qwen2-1.5B-Instruct,0.0,0,logiqa,0.0
64,4.1875,0.015184197956837946,Qwen/Qwen2-1.5B-Instruct,0.0,0,logiqa,0.0
65,0.4765625,0.6209141198060958,Qwen/Qwen2-1.5B-Instruct,1.0,0,logiqa,0.0
66,3.921875,0.019803927546861083,Qwen/Qwen2-1.5B-Instruct,0.0,0,logiqa,0.0
67,1.2578125,0.2842751988422877,Qwen/Qwen2-1.5B-Instruct,0.0,0,logiqa,0.0
68,2.59375,0.0747392417609257,Qwen/Qwen2-1.5B-Instruct,0.0,0,logiqa,0.0
69,1.453125,0.23383840011408472,Qwen/Qwen2-1.5B-Instruct,0.0,0,logiqa,0.0
70,0.03076171875,0.9697066084520289,Qwen/Qwen2-1.5B-Instruct,1.0,0,logiqa,0.0
71,0.94140625,0.39007890102496307,Qwen/Qwen2-1.5B-Instruct,0.0,0,logiqa,0.0
72,0.5859375,0.556583819812148,Qwen/Qwen2-1.5B-Instruct,1.0,0,logiqa,0.0
73,2.3125,0.0990134083638263,Qwen/Qwen2-1.5B-Instruct,0.0,0,logiqa,0.0
74,2.015625,0.13323710414756298,Qwen/Qwen2-1.5B-Instruct,0.0,0,logiqa,0.0
75,2.28125,0.1021564313333943,Qwen/Qwen2-1.5B-Instruct,0.0,0,logiqa,0.0
76,4.375,0.012588142242433998,Qwen/Qwen2-1.5B-Instruct,0.0,0,logiqa,0.0
77,0.1650390625,0.847860583886983,Qwen/Qwen2-1.5B-Instruct,1.0,0,logiqa,0.0
78,2.21875,0.10874495509722103,Qwen/Qwen2-1.5B-Instruct,0.0,0,logiqa,0.0
79,0.625,0.5352614285189903,Qwen/Qwen2-1.5B-Instruct,1.0,0,logiqa,0.0
80,0.39453125,0.673995900791531,Qwen/Qwen2-1.5B-Instruct,1.0,0,logiqa,0.0
81,1.8671875,0.15455774475698483,Qwen/Qwen2-1.5B-Instruct,0.0,0,logiqa,0.0
82,1.015625,0.3621759990808257,Qwen/Qwen2-1.5B-Instruct,1.0,0,logiqa,0.0
1,1.8671875,0.15455774475698483,Qwen/Qwen2-1.5B-Instruct,0.0,0,logiqa,0.0
2,1.4375,0.23752081909545814,Qwen/Qwen2-1.5B-Instruct,0.0,0,logiqa,0.0
3,0.71484375,0.48926855403569414,Qwen/Qwen2-1.5B-Instruct,1.0,0,logiqa,0.0
4,0.05322265625,0.9481688732517508,Qwen/Qwen2-1.5B-Instruct,1.0,0,logiqa,0.0
5,1.5,0.22313016014842982,Qwen/Qwen2-1.5B-Instruct,0.0,0,logiqa,0.0
6,5.40625,0.004488440342699523,Qwen/Qwen2-1.5B-Instruct,0.0,0,logiqa,0.0
7,1.5625,0.2096113871510978,Qwen/Qwen2-1.5B-Instruct,0.0,0,logiqa,0.0
8,1.4140625,0.2431534629991392,Qwen/Qwen2-1.5B-Instruct,0.0,0,logiqa,0.0
9,2.71875,0.06595714935553817,Qwen/Qwen2-1.5B-Instruct,0.0,0,logiqa,0.0
10,2.640625,0.07131668269775804,Qwen/Qwen2-1.5B-Instruct,0.0,0,logiqa,0.0
11,0.25390625,0.7757645265618263,Qwen/Qwen2-1.5B-Instruct,1.0,0,logiqa,0.0
12,2.296875,0.10057264266491435,Qwen/Qwen2-1.5B-Instruct,0.0,0,logiqa,0.0
13,0.038330078125,0.9623952228475297,Qwen/Qwen2-1.5B-Instruct,1.0,0,logiqa,0.0
14,2.3125,0.0990134083638263,Qwen/Qwen2-1.5B-Instruct,0.0,0,logiqa,0.0
15,3.953125,0.019194624751579337,Qwen/Qwen2-1.5B-Instruct,0.0,0,logiqa,0.0
16,2.921875,0.053832656382752,Qwen/Qwen2-1.5B-Instruct,0.0,0,logiqa,0.0
17,0.05322265625,0.9481688732517508,Qwen/Qwen2-1.5B-Instruct,1.0,0,logiqa,0.0
18,1.3125,0.26914634872918386,Qwen/Qwen2-1.5B-Instruct,0.0,0,logiqa,0.0
19,0.216796875,0.8050934873117519,Qwen/Qwen2-1.5B-Instruct,1.0,0,logiqa,0.0
20,0.007781982421875,0.9922482188107336,Qwen/Qwen2-1.5B-Instruct,1.0,0,logiqa,0.0
21,2.09375,0.12322417764723749,Qwen/Qwen2-1.5B-Instruct,0.0,0,logiqa,0.0
22,1.90625,0.1486367305381225,Qwen/Qwen2-1.5B-Instruct,0.0,0,logiqa,0.0
23,0.490234375,0.612482826698251,Qwen/Qwen2-1.5B-Instruct,1.0,0,logiqa,0.0
24,1.59375,0.20316232275153173,Qwen/Qwen2-1.5B-Instruct,0.0,0,logiqa,0.0
25,1.625,0.19691167520419406,Qwen/Qwen2-1.5B-Instruct,0.0,0,logiqa,0.0
26,1.90625,0.1486367305381225,Qwen/Qwen2-1.5B-Instruct,0.0,0,logiqa,0.0
27,0.70703125,0.49310593486505433,Qwen/Qwen2-1.5B-Instruct,1.0,0,logiqa,0.0
28,1.4375,0.23752081909545814,Qwen/Qwen2-1.5B-Instruct,0.0,0,logiqa,0.0
29,0.42578125,0.6532592269479727,Qwen/Qwen2-1.5B-Instruct,1.0,0,logiqa,0.0
30,1.390625,0.2489196812036605,Qwen/Qwen2-1.5B-Instruct,0.0,0,logiqa,0.0
31,2.203125,0.1104574389603643,Qwen/Qwen2-1.5B-Instruct,0.0,0,logiqa,0.0
32,1.65625,0.19085333986431632,Qwen/Qwen2-1.5B-Instruct,0.0,0,logiqa,0.0
33,4.9375,0.007172507245008699,Qwen/Qwen2-1.5B-Instruct,0.0,0,logiqa,0.0
34,1.046875,0.3510330150388101,Qwen/Qwen2-1.5B-Instruct,1.0,0,logiqa,0.0
35,3.1875,0.04127492938579755,Qwen/Qwen2-1.5B-Instruct,0.0,0,logiqa,0.0
36,0.70703125,0.49310593486505433,Qwen/Qwen2-1.5B-Instruct,1.0,0,logiqa,0.0
37,3.1875,0.04127492938579755,Qwen/Qwen2-1.5B-Instruct,0.0,0,logiqa,0.0
38,2.203125,0.1104574389603643,Qwen/Qwen2-1.5B-Instruct,0.0,0,logiqa,0.0
39,0.0751953125,0.9275623041230301,Qwen/Qwen2-1.5B-Instruct,1.0,0,logiqa,0.0
40,1.953125,0.14183015908734253,Qwen/Qwen2-1.5B-Instruct,0.0,0,logiqa,0.0
41,0.060546875,0.941249646907103,Qwen/Qwen2-1.5B-Instruct,1.0,0,logiqa,0.0
42,1.625,0.19691167520419406,Qwen/Qwen2-1.5B-Instruct,0.0,0,logiqa,0.0
43,0.345703125,0.7077225610574206,Qwen/Qwen2-1.5B-Instruct,1.0,0,logiqa,0.0
44,1.2734375,0.27986792038923625,Qwen/Qwen2-1.5B-Instruct,1.0,0,logiqa,0.0
45,1.3046875,0.27125728970502744,Qwen/Qwen2-1.5B-Instruct,0.0,0,logiqa,0.0
46,1.6875,0.18498139990730428,Qwen/Qwen2-1.5B-Instruct,0.0,0,logiqa,0.0
47,0.060546875,0.941249646907103,Qwen/Qwen2-1.5B-Instruct,1.0,0,logiqa,0.0
48,2.484375,0.08337764926156645,Qwen/Qwen2-1.5B-Instruct,0.0,0,logiqa,0.0
49,1.4921875,0.22488019168416426,Qwen/Qwen2-1.5B-Instruct,0.0,0,logiqa,0.0
50,1.234375,0.29101659090983195,Qwen/Qwen2-1.5B-Instruct,0.0,0,logiqa,0.0
51,1.125,0.32465246735834974,Qwen/Qwen2-1.5B-Instruct,0.0,0,logiqa,0.0
52,0.0155029296875,0.9846166221284973,Qwen/Qwen2-1.5B-Instruct,1.0,0,logiqa,0.0
53,3.25,0.03877420783172201,Qwen/Qwen2-1.5B-Instruct,0.0,0,logiqa,0.0
54,4.875,0.007635094218859962,Qwen/Qwen2-1.5B-Instruct,0.0,0,logiqa,0.0
55,1.953125,0.14183015908734253,Qwen/Qwen2-1.5B-Instruct,0.0,0,logiqa,0.0
56,3.09375,0.045331641611676264,Qwen/Qwen2-1.5B-Instruct,0.0,0,logiqa,0.0
57,1.359375,0.25682124007865503,Qwen/Qwen2-1.5B-Instruct,0.0,0,logiqa,0.0
58,1.1875,0.3049827687110593,Qwen/Qwen2-1.5B-Instruct,1.0,0,logiqa,0.0
59,1.375,0.25283959580474646,Qwen/Qwen2-1.5B-Instruct,0.0,0,logiqa,0.0
60,1.953125,0.14183015908734253,Qwen/Qwen2-1.5B-Instruct,0.0,0,logiqa,0.0
61,0.73046875,0.48168314818692903,Qwen/Qwen2-1.5B-Instruct,1.0,0,logiqa,0.0
62,0.373046875,0.6886329524177447,Qwen/Qwen2-1.5B-Instruct,1.0,0,logiqa,0.0
63,1.6875,0.18498139990730428,Qwen/Qwen2-1.5B-Instruct,0.0,0,logiqa,0.0
64,0.61328125,0.5415709208598878,Qwen/Qwen2-1.5B-Instruct,1.0,0,logiqa,0.0
65,0.007781982421875,0.9922482188107336,Qwen/Qwen2-1.5B-Instruct,1.0,0,logiqa,0.0
66,0.3125,0.7316156289466418,Qwen/Qwen2-1.5B-Instruct,1.0,0,logiqa,0.0
67,2.5625,0.07711171996831671,Qwen/Qwen2-1.5B-Instruct,0.0,0,logiqa,0.0
68,1.28125,0.27768997095378994,Qwen/Qwen2-1.5B-Instruct,0.0,0,logiqa,0.0
69,1.25,0.2865047968601901,Qwen/Qwen2-1.5B-Instruct,1.0,0,logiqa,0.0
70,0.25390625,0.7757645265618263,Qwen/Qwen2-1.5B-Instruct,1.0,0,logiqa,0.0
71,0.15234375,0.8586930542645764,Qwen/Qwen2-1.5B-Instruct,1.0,0,logiqa,0.0
72,0.06787109375,0.9343809133539388,Qwen/Qwen2-1.5B-Instruct,1.0,0,logiqa,0.0
73,1.296875,0.27338478699614155,Qwen/Qwen2-1.5B-Instruct,0.0,0,logiqa,0.0
74,1.46875,0.23021307174736147,Qwen/Qwen2-1.5B-Instruct,0.0,0,logiqa,0.0
75,1.90625,0.1486367305381225,Qwen/Qwen2-1.5B-Instruct,0.0,0,logiqa,0.0
76,1.3515625,0.25883551402927246,Qwen/Qwen2-1.5B-Instruct,0.0,0,logiqa,0.0
77,0.52734375,0.5901705299683179,Qwen/Qwen2-1.5B-Instruct,1.0,0,logiqa,0.0
78,5.46875,0.004216499489590926,Qwen/Qwen2-1.5B-Instruct,0.0,0,logiqa,0.0
79,1.1015625,0.3323513787550223,Qwen/Qwen2-1.5B-Instruct,1.0,0,logiqa,0.0
80,1.4375,0.23752081909545814,Qwen/Qwen2-1.5B-Instruct,0.0,0,logiqa,0.0
81,2.140625,0.11758133171956547,Qwen/Qwen2-1.5B-Instruct,0.0,0,logiqa,0.0
1,3.75,0.023517745856009107,Qwen/Qwen2-1.5B-Instruct,0.0,0,logiqa,0.0
2,1.8046875,0.16452586287665122,Qwen/Qwen2-1.5B-Instruct,0.0,0,logiqa,0.0
3,1.3515625,0.25883551402927246,Qwen/Qwen2-1.5B-Instruct,0.0,0,logiqa,0.0
4,0.2421875,0.7849089933174918,Qwen/Qwen2-1.5B-Instruct,1.0,0,logiqa,0.0
5,0.50390625,0.604166020765368,Qwen/Qwen2-1.5B-Instruct,1.0,0,logiqa,0.0
6,1.921875,0.1463323316229146,Qwen/Qwen2-1.5B-Instruct,0.0,0,logiqa,0.0
7,1.1484375,0.31713190105209277,Qwen/Qwen2-1.5B-Instruct,0.0,0,logiqa,0.0
8,0.138671875,0.870513618882206,Qwen/Qwen2-1.5B-Instruct,1.0,0,logiqa,0.0
9,0.93359375,0.39313832776388624,Qwen/Qwen2-1.5B-Instruct,1.0,0,logiqa,0.0
10,1.9140625,0.1474800303242793,Qwen/Qwen2-1.5B-Instruct,0.0,0,logiqa,0.0
11,1.171875,0.30978554847668166,Qwen/Qwen2-1.5B-Instruct,1.0,0,logiqa,0.0
12,0.03076171875,0.9697066084520289,Qwen/Qwen2-1.5B-Instruct,1.0,0,logiqa,0.0
13,0.1650390625,0.847860583886983,Qwen/Qwen2-1.5B-Instruct,1.0,0,logiqa,0.0
14,0.45703125,0.6331605534862997,Qwen/Qwen2-1.5B-Instruct,1.0,0,logiqa,0.0
15,0.158203125,0.8536763613451477,Qwen/Qwen2-1.5B-Instruct,1.0,0,logiqa,0.0
16,2.71875,0.06595714935553817,Qwen/Qwen2-1.5B-Instruct,0.0,0,logiqa,0.0
17,1.515625,0.21967084765457534,Qwen/Qwen2-1.5B-Instruct,0.0,0,logiqa,0.0
18,1.34375,0.26086558612628497,Qwen/Qwen2-1.5B-Instruct,0.0,0,logiqa,0.0
19,0.91015625,0.4024613345370006,Qwen/Qwen2-1.5B-Instruct,1.0,0,logiqa,0.0
20,0.81640625,0.44201730327044453,Qwen/Qwen2-1.5B-Instruct,1.0,0,logiqa,0.0
21,2.03125,0.13117145431019428,Qwen/Qwen2-1.5B-Instruct,0.0,0,logiqa,0.0
22,2.0625,0.1271357329320356,Qwen/Qwen2-1.5B-Instruct,0.0,0,logiqa,0.0
23,2.296875,0.10057264266491435,Qwen/Qwen2-1.5B-Instruct,0.0,0,logiqa,0.0
24,1.9609375,0.14072642803276533,Qwen/Qwen2-1.5B-Instruct,0.0,0,logiqa,0.0
25,2.34375,0.09596708604499847,Qwen/Qwen2-1.5B-Instruct,0.0,0,logiqa,0.0
26,0.94921875,0.3870432829338104,Qwen/Qwen2-1.5B-Instruct,0.0,0,logiqa,0.0
27,1.84375,0.15822297604949842,Qwen/Qwen2-1.5B-Instruct,0.0,0,logiqa,0.0
28,0.2353515625,0.7902929634144612,Qwen/Qwen2-1.5B-Instruct,1.0,0,logiqa,0.0
29,0.06787109375,0.9343809133539388,Qwen/Qwen2-1.5B-Instruct,1.0,0,logiqa,0.0
30,1.3515625,0.25883551402927246,Qwen/Qwen2-1.5B-Instruct,0.0,0,logiqa,0.0
31,1.421875,0.2412612277378443,Qwen/Qwen2-1.5B-Instruct,0.0,0,logiqa,0.0
32,1.078125,0.34023286457404905,Qwen/Qwen2-1.5B-Instruct,0.0,0,logiqa,0.0
33,1.46875,0.23021307174736147,Qwen/Qwen2-1.5B-Instruct,0.0,0,logiqa,0.0
34,0.67578125,0.5087587974957017,Qwen/Qwen2-1.5B-Instruct,1.0,0,logiqa,0.0
35,0.54296875,0.5810207839794026,Qwen/Qwen2-1.5B-Instruct,1.0,0,logiqa,0.0
36,1.8515625,0.1569916750812332,Qwen/Qwen2-1.5B-Instruct,0.0,0,logiqa,0.0
37,1.1796875,0.30737477821235176,Qwen/Qwen2-1.5B-Instruct,1.0,0,logiqa,0.0
38,2.0,0.1353352832366127,Qwen/Qwen2-1.5B-Instruct,0.0,0,logiqa,0.0
39,1.2421875,0.2887518818320782,Qwen/Qwen2-1.5B-Instruct,0.0,0,logiqa,0.0
40,0.984375,0.373672699406043,Qwen/Qwen2-1.5B-Instruct,1.0,0,logiqa,0.0
41,1.0390625,0.353786201098432,Qwen/Qwen2-1.5B-Instruct,0.0,0,logiqa,0.0
42,1.59375,0.20316232275153173,Qwen/Qwen2-1.5B-Instruct,0.0,0,logiqa,0.0
43,5.0625,0.006329715427485747,Qwen/Qwen2-1.5B-Instruct,0.0,0,logiqa,0.0
44,3.09375,0.045331641611676264,Qwen/Qwen2-1.5B-Instruct,0.0,0,logiqa,0.0
45,1.765625,0.17107982817134254,Qwen/Qwen2-1.5B-Instruct,0.0,0,logiqa,0.0
46,0.98828125,0.372215887611955,Qwen/Qwen2-1.5B-Instruct,1.0,0,logiqa,0.0
47,4.1875,0.015184197956837946,Qwen/Qwen2-1.5B-Instruct,0.0,0,logiqa,0.0
48,0.93359375,0.39313832776388624,Qwen/Qwen2-1.5B-Instruct,1.0,0,logiqa,0.0
49,1.9609375,0.14072642803276533,Qwen/Qwen2-1.5B-Instruct,0.0,0,logiqa,0.0
50,2.25,0.10539922456186433,Qwen/Qwen2-1.5B-Instruct,0.0,0,logiqa,0.0
51,0.05322265625,0.9481688732517508,Qwen/Qwen2-1.5B-Instruct,1.0,0,logiqa,0.0
52,1.375,0.25283959580474646,Qwen/Qwen2-1.5B-Instruct,0.0,0,logiqa,0.0
53,0.007781982421875,0.9922482188107336,Qwen/Qwen2-1.5B-Instruct,1.0,0,logiqa,0.0
54,1.4765625,0.2284215394097245,Qwen/Qwen2-1.5B-Instruct,0.0,0,logiqa,0.0
55,0.06787109375,0.9343809133539388,Qwen/Qwen2-1.5B-Instruct,1.0,0,logiqa,0.0
56,1.4609375,0.23201865524727103,Qwen/Qwen2-1.5B-Instruct,0.0,0,logiqa,0.0
57,1.84375,0.15822297604949842,Qwen/Qwen2-1.5B-Instruct,0.0,0,logiqa,0.0
58,2.421875,0.08875504563653425,Qwen/Qwen2-1.5B-Instruct,0.0,0,logiqa,0.0
59,1.5859375,0.20475574459755974,Qwen/Qwen2-1.5B-Instruct,0.0,0,logiqa,0.0
60,0.890625,0.41039917309637,Qwen/Qwen2-1.5B-Instruct,1.0,0,logiqa,0.0
61,1.3984375,0.24698257287629313,Qwen/Qwen2-1.5B-Instruct,0.0,0,logiqa,0.0
62,0.171875,0.8420844271433824,Qwen/Qwen2-1.5B-Instruct,1.0,0,logiqa,0.0
63,0.3515625,0.7035878743456275,Qwen/Qwen2-1.5B-Instruct,1.0,0,logiqa,0.0
64,0.08984375,0.9140739981758944,Qwen/Qwen2-1.5B-Instruct,1.0,0,logiqa,0.0
65,0.91796875,0.39932935558376886,Qwen/Qwen2-1.5B-Instruct,1.0,0,logiqa,0.0
66,0.259765625,0.7712323221982079,Qwen/Qwen2-1.5B-Instruct,1.0,0,logiqa,0.0
67,1.5859375,0.20475574459755974,Qwen/Qwen2-1.5B-Instruct,0.0,0,logiqa,0.0
68,0.63671875,0.5290254439903966,Qwen/Qwen2-1.5B-Instruct,1.0,0,logiqa,0.0
69,3.0,0.049787068367863944,Qwen/Qwen2-1.5B-Instruct,0.0,0,logiqa,0.0
70,1.21875,0.29559943537737077,Qwen/Qwen2-1.5B-Instruct,0.0,0,logiqa,0.0
71,1.21875,0.29559943537737077,Qwen/Qwen2-1.5B-Instruct,1.0,0,logiqa,0.0
72,0.0751953125,0.9275623041230301,Qwen/Qwen2-1.5B-Instruct,1.0,0,logiqa,0.0
73,0.11767578125,0.8889842312518604,Qwen/Qwen2-1.5B-Instruct,1.0,0,logiqa,0.0
74,1.7578125,0.17242162389375282,Qwen/Qwen2-1.5B-Instruct,0.0,0,logiqa,0.0
75,1.03125,0.356560980663947,Qwen/Qwen2-1.5B-Instruct,0.0,0,logiqa,0.0
76,1.6484375,0.1923502211610474,Qwen/Qwen2-1.5B-Instruct,0.0,0,logiqa,0.0
77,1.8828125,0.1521615490248429,Qwen/Qwen2-1.5B-Instruct,0.0,0,logiqa,0.0
78,1.71875,0.17929012055011864,Qwen/Qwen2-1.5B-Instruct,0.0,0,logiqa,0.0
1,1.6171875,0.19845607261390505,Qwen/Qwen2-1.5B-Instruct,0.0,0,logiqa,0.0
2,0.0966796875,0.9078467542291261,Qwen/Qwen2-1.5B-Instruct,1.0,0,logiqa,0.0
3,2.578125,0.0759162135601666,Qwen/Qwen2-1.5B-Instruct,0.0,0,logiqa,0.0
4,0.72265625,0.485461035940867,Qwen/Qwen2-1.5B-Instruct,1.0,0,logiqa,0.0
5,1.0234375,0.35935752309532076,Qwen/Qwen2-1.5B-Instruct,1.0,0,logiqa,0.0
6,5.25,0.005247518399181385,Qwen/Qwen2-1.5B-Instruct,0.0,0,logiqa,0.0
7,3.9375,0.019496896108597995,Qwen/Qwen2-1.5B-Instruct,0.0,0,logiqa,0.0
8,1.75,0.17377394345044514,Qwen/Qwen2-1.5B-Instruct,0.0,0,logiqa,0.0
9,1.375,0.25283959580474646,Qwen/Qwen2-1.5B-Instruct,0.0,0,logiqa,0.0
10,1.5859375,0.20475574459755974,Qwen/Qwen2-1.5B-Instruct,0.0,0,logiqa,0.0
11,0.357421875,0.6994773434756083,Qwen/Qwen2-1.5B-Instruct,1.0,0,logiqa,0.0
12,1.734375,0.17651048487186194,Qwen/Qwen2-1.5B-Instruct,0.0,0,logiqa,0.0
13,2.46875,0.0846906561847805,Qwen/Qwen2-1.5B-Instruct,0.0,0,logiqa,0.0
14,0.87109375,0.4184935714928901,Qwen/Qwen2-1.5B-Instruct,1.0,0,logiqa,0.0
15,2.59375,0.0747392417609257,Qwen/Qwen2-1.5B-Instruct,0.0,0,logiqa,0.0
16,0.158203125,0.8536763613451477,Qwen/Qwen2-1.5B-Instruct,1.0,0,logiqa,0.0
17,0.71484375,0.48926855403569414,Qwen/Qwen2-1.5B-Instruct,1.0,0,logiqa,0.0
18,1.21875,0.29559943537737077,Qwen/Qwen2-1.5B-Instruct,0.0,0,logiqa,0.0
19,0.384765625,0.6806101355130432,Qwen/Qwen2-1.5B-Instruct,1.0,0,logiqa,0.0
20,1.5703125,0.207980178394932,Qwen/Qwen2-1.5B-Instruct,0.0,0,logiqa,0.0
21,0.341796875,0.7104925088436513,Qwen/Qwen2-1.5B-Instruct,1.0,0,logiqa,0.0
22,0.93359375,0.39313832776388624,Qwen/Qwen2-1.5B-Instruct,1.0,0,logiqa,0.0
23,2.21875,0.10874495509722103,Qwen/Qwen2-1.5B-Instruct,0.0,0,logiqa,0.0
24,2.0625,0.1271357329320356,Qwen/Qwen2-1.5B-Instruct,0.0,0,logiqa,0.0
25,2.578125,0.0759162135601666,Qwen/Qwen2-1.5B-Instruct,0.0,0,logiqa,0.0
26,1.3984375,0.24698257287629313,Qwen/Qwen2-1.5B-Instruct,0.0,0,logiqa,0.0
27,2.46875,0.0846906561847805,Qwen/Qwen2-1.5B-Instruct,0.0,0,logiqa,0.0
28,0.0155029296875,0.9846166221284973,Qwen/Qwen2-1.5B-Instruct,1.0,0,logiqa,0.0
29,1.140625,0.31961919737930994,Qwen/Qwen2-1.5B-Instruct,0.0,0,logiqa,0.0
30,0.72265625,0.485461035940867,Qwen/Qwen2-1.5B-Instruct,1.0,0,logiqa,0.0
31,0.038330078125,0.9623952228475297,Qwen/Qwen2-1.5B-Instruct,1.0,0,logiqa,0.0
32,1.359375,0.25682124007865503,Qwen/Qwen2-1.5B-Instruct,0.0,0,logiqa,0.0
33,2.046875,0.129137829405204,Qwen/Qwen2-1.5B-Instruct,0.0,0,logiqa,0.0
34,0.58984375,0.5544139051397897,Qwen/Qwen2-1.5B-Instruct,1.0,0,logiqa,0.0
35,1.625,0.19691167520419406,Qwen/Qwen2-1.5B-Instruct,0.0,0,logiqa,0.0
36,0.87890625,0.4152368286818413,Qwen/Qwen2-1.5B-Instruct,1.0,0,logiqa,0.0
37,4.375,0.012588142242433998,Qwen/Qwen2-1.5B-Instruct,0.0,0,logiqa,0.0
38,2.203125,0.1104574389603643,Qwen/Qwen2-1.5B-Instruct,0.0,0,logiqa,0.0
39,5.125,0.005946217356472094,Qwen/Qwen2-1.5B-Instruct,0.0,0,logiqa,0.0
40,1.1953125,0.30260937397538795,Qwen/Qwen2-1.5B-Instruct,1.0,0,logiqa,0.0
41,2.328125,0.0974783477499485,Qwen/Qwen2-1.5B-Instruct,0.0,0,logiqa,0.0
42,1.7421875,0.17513686938087475,Qwen/Qwen2-1.5B-Instruct,0.0,0,logiqa,0.0
43,1.609375,0.2000125828826258,Qwen/Qwen2-1.5B-Instruct,0.0,0,logiqa,0.0
44,1.6015625,0.20158130101268698,Qwen/Qwen2-1.5B-Instruct,0.0,0,logiqa,0.0
45,1.2578125,0.2842751988422877,Qwen/Qwen2-1.5B-Instruct,0.0,0,logiqa,0.0
46,1.109375,0.3297649998062575,Qwen/Qwen2-1.5B-Instruct,0.0,0,logiqa,0.0
47,3.265625,0.03817306945803752,Qwen/Qwen2-1.5B-Instruct,0.0,0,logiqa,0.0
48,1.296875,0.27338478699614155,Qwen/Qwen2-1.5B-Instruct,1.0,0,logiqa,0.0
49,1.546875,0.21291228619240427,Qwen/Qwen2-1.5B-Instruct,0.0,0,logiqa,0.0
50,1.421875,0.2412612277378443,Qwen/Qwen2-1.5B-Instruct,0.0,0,logiqa,0.0
51,0.0155029296875,0.9846166221284973,Qwen/Qwen2-1.5B-Instruct,1.0,0,logiqa,0.0
52,0.984375,0.373672699406043,Qwen/Qwen2-1.5B-Instruct,1.0,0,logiqa,0.0
53,0.369140625,0.6913281855882473,Qwen/Qwen2-1.5B-Instruct,1.0,0,logiqa,0.0
54,1.796875,0.1658162552121675,Qwen/Qwen2-1.5B-Instruct,0.0,0,logiqa,0.0
55,1.8984375,0.14980250286418162,Qwen/Qwen2-1.5B-Instruct,0.0,0,logiqa,0.0
56,1.65625,0.19085333986431632,Qwen/Qwen2-1.5B-Instruct,0.0,0,logiqa,0.0
57,4.34375,0.012987732771292249,Qwen/Qwen2-1.5B-Instruct,0.0,0,logiqa,0.0
58,1.2109375,0.2979178504832066,Qwen/Qwen2-1.5B-Instruct,1.0,0,logiqa,0.0
59,0.78125,0.45783336177161427,Qwen/Qwen2-1.5B-Instruct,1.0,0,logiqa,0.0
60,3.96875,0.018897039677585683,Qwen/Qwen2-1.5B-Instruct,0.0,0,logiqa,0.0
61,2.0,0.1353352832366127,Qwen/Qwen2-1.5B-Instruct,0.0,0,logiqa,0.0
62,1.4296875,0.23938371796817895,Qwen/Qwen2-1.5B-Instruct,0.0,0,logiqa,0.0
63,1.046875,0.3510330150388101,Qwen/Qwen2-1.5B-Instruct,0.0,0,logiqa,0.0
64,0.8984375,0.407205421393389,Qwen/Qwen2-1.5B-Instruct,1.0,0,logiqa,0.0
65,0.2109375,0.8098246793420792,Qwen/Qwen2-1.5B-Instruct,1.0,0,logiqa,0.0
66,0.2109375,0.8098246793420792,Qwen/Qwen2-1.5B-Instruct,1.0,0,logiqa,0.0
67,1.171875,0.30978554847668166,Qwen/Qwen2-1.5B-Instruct,0.0,0,logiqa,0.0
68,0.08251953125,0.9207934534340386,Qwen/Qwen2-1.5B-Instruct,1.0,0,logiqa,0.0
69,0.05322265625,0.9481688732517508,Qwen/Qwen2-1.5B-Instruct,1.0,0,logiqa,0.0
70,2.046875,0.129137829405204,Qwen/Qwen2-1.5B-Instruct,0.0,0,logiqa,0.0
71,2.46875,0.0846906561847805,Qwen/Qwen2-1.5B-Instruct,0.0,0,logiqa,0.0
72,2.5,0.0820849986238988,Qwen/Qwen2-1.5B-Instruct,0.0,0,logiqa,0.0
73,0.77734375,0.459625270884992,Qwen/Qwen2-1.5B-Instruct,1.0,0,logiqa,0.0
74,1.0625,0.3455907525769745,Qwen/Qwen2-1.5B-Instruct,0.0,0,logiqa,0.0
75,0.94140625,0.39007890102496307,Qwen/Qwen2-1.5B-Instruct,0.0,0,logiqa,0.0
76,1.0859375,0.3375851514160396,Qwen/Qwen2-1.5B-Instruct,1.0,0,logiqa,0.0
77,3.015625,0.049015191417106724,Qwen/Qwen2-1.5B-Instruct,0.0,0,logiqa,0.0
78,3.234375,0.039384812757335554,Qwen/Qwen2-1.5B-Instruct,0.0,0,logiqa,0.0
79,3.078125,0.04604551109353302,Qwen/Qwen2-1.5B-Instruct,0.0,0,logiqa,0.0
1,2.34375,0.09596708604499847,Qwen/Qwen2-1.5B-Instruct,0.0,0,logiqa,0.0
2,1.6171875,0.19845607261390505,Qwen/Qwen2-1.5B-Instruct,0.0,0,logiqa,0.0
3,3.1875,0.04127492938579755,Qwen/Qwen2-1.5B-Instruct,0.0,0,logiqa,0.0
4,1.5625,0.2096113871510978,Qwen/Qwen2-1.5B-Instruct,0.0,0,logiqa,0.0
5,1.53125,0.2162651668298873,Qwen/Qwen2-1.5B-Instruct,0.0,0,logiqa,0.0
6,1.8359375,0.15946393423094812,Qwen/Qwen2-1.5B-Instruct,0.0,0,logiqa,0.0
7,1.375,0.25283959580474646,Qwen/Qwen2-1.5B-Instruct,0.0,0,logiqa,0.0
8,0.36328125,0.6953908273230813,Qwen/Qwen2-1.5B-Instruct,1.0,0,logiqa,0.0
9,0.08984375,0.9140739981758944,Qwen/Qwen2-1.5B-Instruct,1.0,0,logiqa,0.0
10,1.796875,0.1658162552121675,Qwen/Qwen2-1.5B-Instruct,0.0,0,logiqa,0.0
11,0.0155029296875,0.9846166221284973,Qwen/Qwen2-1.5B-Instruct,1.0,0,logiqa,0.0
12,2.75,0.06392786120670757,Qwen/Qwen2-1.5B-Instruct,0.0,0,logiqa,0.0
13,0.4453125,0.6406240497330474,Qwen/Qwen2-1.5B-Instruct,1.0,0,logiqa,0.0
14,2.375,0.09301448921066349,Qwen/Qwen2-1.5B-Instruct,0.0,0,logiqa,0.0
15,3.03125,0.04825528130927965,Qwen/Qwen2-1.5B-Instruct,0.0,0,logiqa,0.0
16,0.546875,0.5787555986124843,Qwen/Qwen2-1.5B-Instruct,1.0,0,logiqa,0.0
17,2.484375,0.08337764926156645,Qwen/Qwen2-1.5B-Instruct,0.0,0,logiqa,0.0
18,2.53125,0.07955950871822769,Qwen/Qwen2-1.5B-Instruct,0.0,0,logiqa,0.0
19,2.5,0.0820849986238988,Qwen/Qwen2-1.5B-Instruct,0.0,0,logiqa,0.0
20,0.341796875,0.7104925088436513,Qwen/Qwen2-1.5B-Instruct,1.0,0,logiqa,0.0
21,1.3046875,0.27125728970502744,Qwen/Qwen2-1.5B-Instruct,0.0,0,logiqa,0.0
22,1.6328125,0.19537929639047613,Qwen/Qwen2-1.5B-Instruct,0.0,0,logiqa,0.0
23,1.796875,0.1658162552121675,Qwen/Qwen2-1.5B-Instruct,0.0,0,logiqa,0.0
24,3.421875,0.03265115658991408,Qwen/Qwen2-1.5B-Instruct,0.0,0,logiqa,0.0
25,0.921875,0.39777251796661167,Qwen/Qwen2-1.5B-Instruct,1.0,0,logiqa,0.0
26,3.65625,0.025829190807190754,Qwen/Qwen2-1.5B-Instruct,0.0,0,logiqa,0.0
27,1.3828125,0.25087198245993886,Qwen/Qwen2-1.5B-Instruct,0.0,0,logiqa,0.0
28,1.5625,0.2096113871510978,Qwen/Qwen2-1.5B-Instruct,0.0,0,logiqa,0.0
29,1.8984375,0.14980250286418162,Qwen/Qwen2-1.5B-Instruct,0.0,0,logiqa,0.0
30,0.05322265625,0.9481688732517508,Qwen/Qwen2-1.5B-Instruct,1.0,0,logiqa,0.0
31,2.5,0.0820849986238988,Qwen/Qwen2-1.5B-Instruct,0.0,0,logiqa,0.0
32,1.375,0.25283959580474646,Qwen/Qwen2-1.5B-Instruct,0.0,0,logiqa,0.0
33,1.1328125,0.3221260018134028,Qwen/Qwen2-1.5B-Instruct,1.0,0,logiqa,0.0
34,3.265625,0.03817306945803752,Qwen/Qwen2-1.5B-Instruct,0.0,0,logiqa,0.0
35,1.84375,0.15822297604949842,Qwen/Qwen2-1.5B-Instruct,0.0,0,logiqa,0.0
36,0.060546875,0.941249646907103,Qwen/Qwen2-1.5B-Instruct,1.0,0,logiqa,0.0
37,1.921875,0.1463323316229146,Qwen/Qwen2-1.5B-Instruct,0.0,0,logiqa,0.0
38,1.453125,0.23383840011408472,Qwen/Qwen2-1.5B-Instruct,0.0,0,logiqa,0.0
39,1.671875,0.18789443308700168,Qwen/Qwen2-1.5B-Instruct,0.0,0,logiqa,0.0
40,0.060546875,0.941249646907103,Qwen/Qwen2-1.5B-Instruct,1.0,0,logiqa,0.0
41,0.03076171875,0.9697066084520289,Qwen/Qwen2-1.5B-Instruct,1.0,0,logiqa,0.0
42,1.90625,0.1486367305381225,Qwen/Qwen2-1.5B-Instruct,0.0,0,logiqa,0.0
43,0.306640625,0.7359150228524268,Qwen/Qwen2-1.5B-Instruct,1.0,0,logiqa,0.0
44,0.7890625,0.4542704742837873,Qwen/Qwen2-1.5B-Instruct,1.0,0,logiqa,0.0
45,1.140625,0.31961919737930994,Qwen/Qwen2-1.5B-Instruct,0.0,0,logiqa,0.0
46,1.0703125,0.34290134400373157,Qwen/Qwen2-1.5B-Instruct,0.0,0,logiqa,0.0
47,0.023193359375,0.9770735391778969,Qwen/Qwen2-1.5B-Instruct,1.0,0,logiqa,0.0
48,2.15625,0.11575840213626322,Qwen/Qwen2-1.5B-Instruct,0.0,0,logiqa,0.0
49,1.90625,0.1486367305381225,Qwen/Qwen2-1.5B-Instruct,0.0,0,logiqa,0.0
50,0.007781982421875,0.9922482188107336,Qwen/Qwen2-1.5B-Instruct,1.0,0,logiqa,0.0
51,1.40625,0.2450605392455259,Qwen/Qwen2-1.5B-Instruct,0.0,0,logiqa,0.0
52,1.7734375,0.16974847438608623,Qwen/Qwen2-1.5B-Instruct,0.0,0,logiqa,0.0
53,0.2353515625,0.7902929634144612,Qwen/Qwen2-1.5B-Instruct,1.0,0,logiqa,0.0
54,2.328125,0.0974783477499485,Qwen/Qwen2-1.5B-Instruct,0.0,0,logiqa,0.0
55,0.98828125,0.372215887611955,Qwen/Qwen2-1.5B-Instruct,0.0,0,logiqa,0.0
56,1.46875,0.23021307174736147,Qwen/Qwen2-1.5B-Instruct,0.0,0,logiqa,0.0
57,4.5,0.011108996538242306,Qwen/Qwen2-1.5B-Instruct,0.0,0,logiqa,0.0
58,2.5,0.0820849986238988,Qwen/Qwen2-1.5B-Instruct,0.0,0,logiqa,0.0
59,0.37890625,0.6846097918258168,Qwen/Qwen2-1.5B-Instruct,1.0,0,logiqa,0.0
60,1.3359375,0.26291158027609046,Qwen/Qwen2-1.5B-Instruct,0.0,0,logiqa,0.0
61,0.248046875,0.7803233647630088,Qwen/Qwen2-1.5B-Instruct,1.0,0,logiqa,0.0
62,0.060546875,0.941249646907103,Qwen/Qwen2-1.5B-Instruct,1.0,0,logiqa,0.0
63,2.3125,0.0990134083638263,Qwen/Qwen2-1.5B-Instruct,0.0,0,logiqa,0.0
64,3.0625,0.04677062238395898,Qwen/Qwen2-1.5B-Instruct,0.0,0,logiqa,0.0
65,1.359375,0.25682124007865503,Qwen/Qwen2-1.5B-Instruct,0.0,0,logiqa,0.0
66,1.53125,0.2162651668298873,Qwen/Qwen2-1.5B-Instruct,0.0,0,logiqa,0.0
67,2.546875,0.07832605286299588,Qwen/Qwen2-1.5B-Instruct,0.0,0,logiqa,0.0
68,0.486328125,0.6148800167035864,Qwen/Qwen2-1.5B-Instruct,1.0,0,logiqa,0.0
69,2.25,0.10539922456186433,Qwen/Qwen2-1.5B-Instruct,0.0,0,logiqa,0.0
70,0.060546875,0.941249646907103,Qwen/Qwen2-1.5B-Instruct,1.0,0,logiqa,0.0
71,2.578125,0.0759162135601666,Qwen/Qwen2-1.5B-Instruct,0.0,0,logiqa,0.0
72,1.796875,0.1658162552121675,Qwen/Qwen2-1.5B-Instruct,0.0,0,logiqa,0.0
73,1.9375,0.14406365910145327,Qwen/Qwen2-1.5B-Instruct,0.0,0,logiqa,0.0
74,1.3046875,0.27125728970502744,Qwen/Qwen2-1.5B-Instruct,0.0,0,logiqa,0.0
75,0.87890625,0.4152368286818413,Qwen/Qwen2-1.5B-Instruct,1.0,0,logiqa,0.0
76,1.25,0.2865047968601901,Qwen/Qwen2-1.5B-Instruct,1.0,0,logiqa,0.0
77,0.11083984375,0.8950820904412523,Qwen/Qwen2-1.5B-Instruct,1.0,0,logiqa,0.0
1,1.640625,0.19385884264329528,Qwen/Qwen2-1.5B-Instruct,0.0,0,logiqa,0.0
2,3.21875,0.04000503331137926,Qwen/Qwen2-1.5B-Instruct,0.0,0,logiqa,0.0
3,1.46875,0.23021307174736147,Qwen/Qwen2-1.5B-Instruct,0.0,0,logiqa,0.0
4,1.78125,0.16842748127818424,Qwen/Qwen2-1.5B-Instruct,0.0,0,logiqa,0.0
5,1.078125,0.34023286457404905,Qwen/Qwen2-1.5B-Instruct,1.0,0,logiqa,0.0
6,3.09375,0.045331641611676264,Qwen/Qwen2-1.5B-Instruct,0.0,0,logiqa,0.0
7,0.1455078125,0.8645831354918224,Qwen/Qwen2-1.5B-Instruct,1.0,0,logiqa,0.0
8,1.8046875,0.16452586287665122,Qwen/Qwen2-1.5B-Instruct,0.0,0,logiqa,0.0
9,0.306640625,0.7359150228524268,Qwen/Qwen2-1.5B-Instruct,1.0,0,logiqa,0.0
10,1.7890625,0.16711676822020574,Qwen/Qwen2-1.5B-Instruct,0.0,0,logiqa,0.0
11,0.1455078125,0.8645831354918224,Qwen/Qwen2-1.5B-Instruct,1.0,0,logiqa,0.0
12,2.296875,0.10057264266491435,Qwen/Qwen2-1.5B-Instruct,0.0,0,logiqa,0.0
13,1.0625,0.3455907525769745,Qwen/Qwen2-1.5B-Instruct,0.0,0,logiqa,0.0
14,0.984375,0.373672699406043,Qwen/Qwen2-1.5B-Instruct,1.0,0,logiqa,0.0
15,1.9375,0.14406365910145327,Qwen/Qwen2-1.5B-Instruct,0.0,0,logiqa,0.0
16,4.25,0.014264233908999256,Qwen/Qwen2-1.5B-Instruct,0.0,0,logiqa,0.0
17,1.7421875,0.17513686938087475,Qwen/Qwen2-1.5B-Instruct,0.0,0,logiqa,0.0
18,0.36328125,0.6953908273230813,Qwen/Qwen2-1.5B-Instruct,1.0,0,logiqa,0.0
19,3.359375,0.034756975267222885,Qwen/Qwen2-1.5B-Instruct,0.0,0,logiqa,0.0
20,2.890625,0.05554148833106887,Qwen/Qwen2-1.5B-Instruct,0.0,0,logiqa,0.0
21,3.953125,0.019194624751579337,Qwen/Qwen2-1.5B-Instruct,0.0,0,logiqa,0.0
22,0.75390625,0.47052497007720323,Qwen/Qwen2-1.5B-Instruct,1.0,0,logiqa,0.0
23,1.703125,0.18211352912101367,Qwen/Qwen2-1.5B-Instruct,0.0,0,logiqa,0.0
24,2.125,0.11943296826671962,Qwen/Qwen2-1.5B-Instruct,0.0,0,logiqa,0.0
25,1.640625,0.19385884264329528,Qwen/Qwen2-1.5B-Instruct,0.0,0,logiqa,0.0
26,0.0458984375,0.9551389635657673,Qwen/Qwen2-1.5B-Instruct,1.0,0,logiqa,0.0
27,1.921875,0.1463323316229146,Qwen/Qwen2-1.5B-Instruct,0.0,0,logiqa,0.0
28,2.46875,0.0846906561847805,Qwen/Qwen2-1.5B-Instruct,0.0,0,logiqa,0.0
29,4.53125,0.010767208646547101,Qwen/Qwen2-1.5B-Instruct,0.0,0,logiqa,0.0
30,3.90625,0.02011579402674089,Qwen/Qwen2-1.5B-Instruct,0.0,0,logiqa,0.0
31,0.27734375,0.7577939606593946,Qwen/Qwen2-1.5B-Instruct,1.0,0,logiqa,0.0
32,0.265625,0.76672659607082,Qwen/Qwen2-1.5B-Instruct,1.0,0,logiqa,0.0
33,0.73828125,0.47793466018873804,Qwen/Qwen2-1.5B-Instruct,1.0,0,logiqa,0.0
34,1.515625,0.21967084765457534,Qwen/Qwen2-1.5B-Instruct,0.0,0,logiqa,0.0
35,1.6171875,0.19845607261390505,Qwen/Qwen2-1.5B-Instruct,0.0,0,logiqa,0.0
36,1.3984375,0.24698257287629313,Qwen/Qwen2-1.5B-Instruct,0.0,0,logiqa,0.0
37,1.84375,0.15822297604949842,Qwen/Qwen2-1.5B-Instruct,0.0,0,logiqa,0.0
38,0.41015625,0.663546562885513,Qwen/Qwen2-1.5B-Instruct,1.0,0,logiqa,0.0
39,0.8984375,0.407205421393389,Qwen/Qwen2-1.5B-Instruct,1.0,0,logiqa,0.0
40,0.138671875,0.870513618882206,Qwen/Qwen2-1.5B-Instruct,1.0,0,logiqa,0.0
41,3.6875,0.025034510149960148,Qwen/Qwen2-1.5B-Instruct,0.0,0,logiqa,0.0
42,0.3515625,0.7035878743456275,Qwen/Qwen2-1.5B-Instruct,1.0,0,logiqa,0.0
43,2.984375,0.050571100611906464,Qwen/Qwen2-1.5B-Instruct,0.0,0,logiqa,0.0
44,0.4609375,0.6306920944221607,Qwen/Qwen2-1.5B-Instruct,1.0,0,logiqa,0.0
45,1.609375,0.2000125828826258,Qwen/Qwen2-1.5B-Instruct,0.0,0,logiqa,0.0
46,2.859375,0.057304564428268645,Qwen/Qwen2-1.5B-Instruct,0.0,0,logiqa,0.0
47,0.58203125,0.5587622272904076,Qwen/Qwen2-1.5B-Instruct,1.0,0,logiqa,0.0
48,0.06787109375,0.9343809133539388,Qwen/Qwen2-1.5B-Instruct,1.0,0,logiqa,0.0
49,1.390625,0.2489196812036605,Qwen/Qwen2-1.5B-Instruct,0.0,0,logiqa,0.0
50,1.1015625,0.3323513787550223,Qwen/Qwen2-1.5B-Instruct,0.0,0,logiqa,0.0
51,0.67578125,0.5087587974957017,Qwen/Qwen2-1.5B-Instruct,1.0,0,logiqa,0.0
52,1.390625,0.2489196812036605,Qwen/Qwen2-1.5B-Instruct,0.0,0,logiqa,0.0
53,1.1796875,0.30737477821235176,Qwen/Qwen2-1.5B-Instruct,1.0,0,logiqa,0.0
54,4.8125,0.008127515489292211,Qwen/Qwen2-1.5B-Instruct,0.0,0,logiqa,0.0
55,1.2421875,0.2887518818320782,Qwen/Qwen2-1.5B-Instruct,0.0,0,logiqa,0.0
56,2.359375,0.09447925428109244,Qwen/Qwen2-1.5B-Instruct,0.0,0,logiqa,0.0
57,1.734375,0.17651048487186194,Qwen/Qwen2-1.5B-Instruct,0.0,0,logiqa,0.0
58,0.1982421875,0.8201711938713908,Qwen/Qwen2-1.5B-Instruct,1.0,0,logiqa,0.0
59,2.09375,0.12322417764723749,Qwen/Qwen2-1.5B-Instruct,0.0,0,logiqa,0.0
60,0.038330078125,0.9623952228475297,Qwen/Qwen2-1.5B-Instruct,1.0,0,logiqa,0.0
61,1.453125,0.23383840011408472,Qwen/Qwen2-1.5B-Instruct,0.0,0,logiqa,0.0
62,4.59375,0.010114856452604551,Qwen/Qwen2-1.5B-Instruct,0.0,0,logiqa,0.0
63,2.515625,0.08081238867682222,Qwen/Qwen2-1.5B-Instruct,0.0,0,logiqa,0.0
64,0.06787109375,0.9343809133539388,Qwen/Qwen2-1.5B-Instruct,1.0,0,logiqa,0.0
65,0.1787109375,0.8363476211932502,Qwen/Qwen2-1.5B-Instruct,1.0,0,logiqa,0.0
66,1.09375,0.33495804292529496,Qwen/Qwen2-1.5B-Instruct,1.0,0,logiqa,0.0
67,0.73828125,0.47793466018873804,Qwen/Qwen2-1.5B-Instruct,1.0,0,logiqa,0.0
68,1.515625,0.21967084765457534,Qwen/Qwen2-1.5B-Instruct,0.0,0,logiqa,0.0
69,2.25,0.10539922456186433,Qwen/Qwen2-1.5B-Instruct,0.0,0,logiqa,0.0
70,0.515625,0.5971272734216274,Qwen/Qwen2-1.5B-Instruct,1.0,0,logiqa,0.0
71,0.1318359375,0.8764847815685415,Qwen/Qwen2-1.5B-Instruct,1.0,0,logiqa,0.0
72,1.1875,0.3049827687110593,Qwen/Qwen2-1.5B-Instruct,0.0,0,logiqa,0.0
73,2.640625,0.07131668269775804,Qwen/Qwen2-1.5B-Instruct,0.0,0,logiqa,0.0
74,1.609375,0.2000125828826258,Qwen/Qwen2-1.5B-Instruct,0.0,0,logiqa,0.0
75,0.578125,0.5609491608144708,Qwen/Qwen2-1.5B-Instruct,1.0,0,logiqa,0.0
76,1.3515625,0.25883551402927246,Qwen/Qwen2-1.5B-Instruct,0.0,0,logiqa,0.0
77,1.765625,0.17107982817134254,Qwen/Qwen2-1.5B-Instruct,0.0,0,logiqa,0.0
78,1.640625,0.19385884264329528,Qwen/Qwen2-1.5B-Instruct,0.0,0,logiqa,0.0
79,0.72265625,0.485461035940867,Qwen/Qwen2-1.5B-Instruct,1.0,0,logiqa,0.0
1,0.0458984375,0.9551389635657673,Qwen/Qwen2-1.5B-Instruct,1.0,0,logiqa,0.0
2,1.5625,0.2096113871510978,Qwen/Qwen2-1.5B-Instruct,0.0,0,logiqa,0.0
3,2.375,0.09301448921066349,Qwen/Qwen2-1.5B-Instruct,0.0,0,logiqa,0.0
4,4.96875,0.006951832396384793,Qwen/Qwen2-1.5B-Instruct,0.0,0,logiqa,0.0
5,1.53125,0.2162651668298873,Qwen/Qwen2-1.5B-Instruct,0.0,0,logiqa,0.0
6,1.859375,0.15576995617312325,Qwen/Qwen2-1.5B-Instruct,0.0,0,logiqa,0.0
7,4.90625,0.0074001870652772766,Qwen/Qwen2-1.5B-Instruct,0.0,0,logiqa,0.0
8,0.53125,0.5878696731223465,Qwen/Qwen2-1.5B-Instruct,1.0,0,logiqa,0.0
9,2.734375,0.0649345785355609,Qwen/Qwen2-1.5B-Instruct,0.0,0,logiqa,0.0
10,0.5234375,0.5924803921133679,Qwen/Qwen2-1.5B-Instruct,1.0,0,logiqa,0.0
11,4.125,0.016163494588165874,Qwen/Qwen2-1.5B-Instruct,0.0,0,logiqa,0.0
12,1.71875,0.17929012055011864,Qwen/Qwen2-1.5B-Instruct,0.0,0,logiqa,0.0
13,1.78125,0.16842748127818424,Qwen/Qwen2-1.5B-Instruct,0.0,0,logiqa,0.0
14,1.28125,0.27768997095378994,Qwen/Qwen2-1.5B-Instruct,0.0,0,logiqa,0.0
15,5.25,0.005247518399181385,Qwen/Qwen2-1.5B-Instruct,0.0,0,logiqa,0.0
16,2.984375,0.050571100611906464,Qwen/Qwen2-1.5B-Instruct,0.0,0,logiqa,0.0
17,3.09375,0.045331641611676264,Qwen/Qwen2-1.5B-Instruct,0.0,0,logiqa,0.0
18,1.6171875,0.19845607261390505,Qwen/Qwen2-1.5B-Instruct,0.0,0,logiqa,0.0
19,1.1640625,0.31221522664653706,Qwen/Qwen2-1.5B-Instruct,0.0,0,logiqa,0.0
20,4.4375,0.011825465259096618,Qwen/Qwen2-1.5B-Instruct,0.0,0,logiqa,0.0
21,3.828125,0.021750359344450344,Qwen/Qwen2-1.5B-Instruct,0.0,0,logiqa,0.0
22,1.375,0.25283959580474646,Qwen/Qwen2-1.5B-Instruct,0.0,0,logiqa,0.0
23,1.046875,0.3510330150388101,Qwen/Qwen2-1.5B-Instruct,0.0,0,logiqa,0.0
24,1.4921875,0.22488019168416426,Qwen/Qwen2-1.5B-Instruct,0.0,0,logiqa,0.0
25,1.9375,0.14406365910145327,Qwen/Qwen2-1.5B-Instruct,0.0,0,logiqa,0.0
26,0.19140625,0.8257970399501007,Qwen/Qwen2-1.5B-Instruct,1.0,0,logiqa,0.0
27,3.546875,0.028814544556403775,Qwen/Qwen2-1.5B-Instruct,0.0,0,logiqa,0.0
28,3.03125,0.04825528130927965,Qwen/Qwen2-1.5B-Instruct,0.0,0,logiqa,0.0
29,1.421875,0.2412612277378443,Qwen/Qwen2-1.5B-Instruct,0.0,0,logiqa,0.0
30,0.11767578125,0.8889842312518604,Qwen/Qwen2-1.5B-Instruct,1.0,0,logiqa,0.0
31,0.12451171875,0.8829279144942641,Qwen/Qwen2-1.5B-Instruct,1.0,0,logiqa,0.0
32,0.384765625,0.6806101355130432,Qwen/Qwen2-1.5B-Instruct,1.0,0,logiqa,0.0
33,4.3125,0.013400007665140828,Qwen/Qwen2-1.5B-Instruct,0.0,0,logiqa,0.0
34,1.9296875,0.14519356438370257,Qwen/Qwen2-1.5B-Instruct,0.0,0,logiqa,0.0
35,0.0751953125,0.9275623041230301,Qwen/Qwen2-1.5B-Instruct,1.0,0,logiqa,0.0
36,1.0,0.36787944117144233,Qwen/Qwen2-1.5B-Instruct,1.0,0,logiqa,0.0
37,0.10400390625,0.9012217770167625,Qwen/Qwen2-1.5B-Instruct,1.0,0,logiqa,0.0
38,0.72265625,0.485461035940867,Qwen/Qwen2-1.5B-Instruct,1.0,0,logiqa,0.0
39,1.4765625,0.2284215394097245,Qwen/Qwen2-1.5B-Instruct,0.0,0,logiqa,0.0
40,2.96875,0.05136747956725073,Qwen/Qwen2-1.5B-Instruct,0.0,0,logiqa,0.0
41,2.203125,0.1104574389603643,Qwen/Qwen2-1.5B-Instruct,0.0,0,logiqa,0.0
42,0.470703125,0.6245629680224108,Qwen/Qwen2-1.5B-Instruct,1.0,0,logiqa,0.0
43,1.4765625,0.2284215394097245,Qwen/Qwen2-1.5B-Instruct,0.0,0,logiqa,0.0
44,1.9375,0.14406365910145327,Qwen/Qwen2-1.5B-Instruct,0.0,0,logiqa,0.0
45,1.96875,0.13963128628139898,Qwen/Qwen2-1.5B-Instruct,0.0,0,logiqa,0.0
46,2.046875,0.129137829405204,Qwen/Qwen2-1.5B-Instruct,0.0,0,logiqa,0.0
47,1.375,0.25283959580474646,Qwen/Qwen2-1.5B-Instruct,0.0,0,logiqa,0.0
48,0.96484375,0.3810427330152126,Qwen/Qwen2-1.5B-Instruct,1.0,0,logiqa,0.0
49,0.94921875,0.3870432829338104,Qwen/Qwen2-1.5B-Instruct,0.0,0,logiqa,0.0
50,4.625,0.009803655035821828,Qwen/Qwen2-1.5B-Instruct,0.0,0,logiqa,0.0
51,0.369140625,0.6913281855882473,Qwen/Qwen2-1.5B-Instruct,1.0,0,logiqa,0.0
52,1.984375,0.13746650383851944,Qwen/Qwen2-1.5B-Instruct,0.0,0,logiqa,0.0
53,3.3125,0.036424997337364234,Qwen/Qwen2-1.5B-Instruct,0.0,0,logiqa,0.0
54,1.125,0.32465246735834974,Qwen/Qwen2-1.5B-Instruct,0.0,0,logiqa,0.0
55,0.060546875,0.941249646907103,Qwen/Qwen2-1.5B-Instruct,1.0,0,logiqa,0.0
56,0.023193359375,0.9770735391778969,Qwen/Qwen2-1.5B-Instruct,1.0,0,logiqa,0.0
57,0.03076171875,0.9697066084520289,Qwen/Qwen2-1.5B-Instruct,1.0,0,logiqa,0.0
58,1.65625,0.19085333986431632,Qwen/Qwen2-1.5B-Instruct,0.0,0,logiqa,0.0
59,0.138671875,0.870513618882206,Qwen/Qwen2-1.5B-Instruct,1.0,0,logiqa,0.0
60,1.375,0.25283959580474646,Qwen/Qwen2-1.5B-Instruct,0.0,0,logiqa,0.0
61,1.2265625,0.29329906232102687,Qwen/Qwen2-1.5B-Instruct,0.0,0,logiqa,0.0
62,1.390625,0.2489196812036605,Qwen/Qwen2-1.5B-Instruct,0.0,0,logiqa,0.0
63,1.375,0.25283959580474646,Qwen/Qwen2-1.5B-Instruct,0.0,0,logiqa,0.0
64,4.71875,0.008926329489511324,Qwen/Qwen2-1.5B-Instruct,0.0,0,logiqa,0.0
65,2.625,0.07243975703425146,Qwen/Qwen2-1.5B-Instruct,0.0,0,logiqa,0.0
66,0.060546875,0.941249646907103,Qwen/Qwen2-1.5B-Instruct,1.0,0,logiqa,0.0
67,1.0703125,0.34290134400373157,Qwen/Qwen2-1.5B-Instruct,1.0,0,logiqa,0.0
68,2.71875,0.06595714935553817,Qwen/Qwen2-1.5B-Instruct,0.0,0,logiqa,0.0
69,2.984375,0.050571100611906464,Qwen/Qwen2-1.5B-Instruct,0.0,0,logiqa,0.0
70,1.609375,0.2000125828826258,Qwen/Qwen2-1.5B-Instruct,0.0,0,logiqa,0.0
71,1.1015625,0.3323513787550223,Qwen/Qwen2-1.5B-Instruct,1.0,0,logiqa,0.0
72,0.3359375,0.7146677711559482,Qwen/Qwen2-1.5B-Instruct,1.0,0,logiqa,0.0
73,0.3125,0.7316156289466418,Qwen/Qwen2-1.5B-Instruct,1.0,0,logiqa,0.0
74,1.8984375,0.14980250286418162,Qwen/Qwen2-1.5B-Instruct,0.0,0,logiqa,0.0
75,0.609375,0.5436905695130004,Qwen/Qwen2-1.5B-Instruct,1.0,0,logiqa,0.0
76,2.609375,0.07358051721811718,Qwen/Qwen2-1.5B-Instruct,0.0,0,logiqa,0.0
77,1.96875,0.13963128628139898,Qwen/Qwen2-1.5B-Instruct,0.0,0,logiqa,0.0
78,0.357421875,0.6994773434756083,Qwen/Qwen2-1.5B-Instruct,1.0,0,logiqa,0.0
1,2.234375,0.10705902083552722,Qwen/Qwen2-1.5B-Instruct,0.0,0,logiqa,0.0
2,1.625,0.19691167520419406,Qwen/Qwen2-1.5B-Instruct,0.0,0,logiqa,0.0
3,1.78125,0.16842748127818424,Qwen/Qwen2-1.5B-Instruct,0.0,0,logiqa,0.0
4,0.984375,0.373672699406043,Qwen/Qwen2-1.5B-Instruct,1.0,0,logiqa,0.0
5,2.78125,0.061961007690531984,Qwen/Qwen2-1.5B-Instruct,0.0,0,logiqa,0.0
6,2.203125,0.1104574389603643,Qwen/Qwen2-1.5B-Instruct,0.0,0,logiqa,0.0
7,0.96484375,0.3810427330152126,Qwen/Qwen2-1.5B-Instruct,1.0,0,logiqa,0.0
8,1.5546875,0.21125538963610227,Qwen/Qwen2-1.5B-Instruct,0.0,0,logiqa,0.0
9,0.65625,0.5187931656538893,Qwen/Qwen2-1.5B-Instruct,1.0,0,logiqa,0.0
10,2.21875,0.10874495509722103,Qwen/Qwen2-1.5B-Instruct,0.0,0,logiqa,0.0
11,1.515625,0.21967084765457534,Qwen/Qwen2-1.5B-Instruct,0.0,0,logiqa,0.0
12,0.8125,0.44374731008107987,Qwen/Qwen2-1.5B-Instruct,1.0,0,logiqa,0.0
13,1.859375,0.15576995617312325,Qwen/Qwen2-1.5B-Instruct,0.0,0,logiqa,0.0
14,1.4453125,0.23567241741677974,Qwen/Qwen2-1.5B-Instruct,0.0,0,logiqa,0.0
15,1.2734375,0.27986792038923625,Qwen/Qwen2-1.5B-Instruct,1.0,0,logiqa,0.0
16,1.59375,0.20316232275153173,Qwen/Qwen2-1.5B-Instruct,0.0,0,logiqa,0.0
17,1.6171875,0.19845607261390505,Qwen/Qwen2-1.5B-Instruct,0.0,0,logiqa,0.0
18,0.71484375,0.48926855403569414,Qwen/Qwen2-1.5B-Instruct,1.0,0,logiqa,0.0
19,3.0625,0.04677062238395898,Qwen/Qwen2-1.5B-Instruct,0.0,0,logiqa,0.0
20,2.390625,0.09157243321777621,Qwen/Qwen2-1.5B-Instruct,0.0,0,logiqa,0.0
21,0.67578125,0.5087587974957017,Qwen/Qwen2-1.5B-Instruct,1.0,0,logiqa,0.0
22,1.265625,0.28206295169381546,Qwen/Qwen2-1.5B-Instruct,0.0,0,logiqa,0.0
23,2.71875,0.06595714935553817,Qwen/Qwen2-1.5B-Instruct,0.0,0,logiqa,0.0
24,3.015625,0.049015191417106724,Qwen/Qwen2-1.5B-Instruct,0.0,0,logiqa,0.0
25,2.859375,0.057304564428268645,Qwen/Qwen2-1.5B-Instruct,0.0,0,logiqa,0.0
26,3.9375,0.019496896108597995,Qwen/Qwen2-1.5B-Instruct,0.0,0,logiqa,0.0
27,2.09375,0.12322417764723749,Qwen/Qwen2-1.5B-Instruct,0.0,0,logiqa,0.0
28,1.875,0.15335496684492847,Qwen/Qwen2-1.5B-Instruct,0.0,0,logiqa,0.0
29,1.625,0.19691167520419406,Qwen/Qwen2-1.5B-Instruct,0.0,0,logiqa,0.0
30,2.078125,0.1251646760876602,Qwen/Qwen2-1.5B-Instruct,0.0,0,logiqa,0.0
31,0.8984375,0.407205421393389,Qwen/Qwen2-1.5B-Instruct,1.0,0,logiqa,0.0
32,0.8984375,0.407205421393389,Qwen/Qwen2-1.5B-Instruct,1.0,0,logiqa,0.0
33,1.359375,0.25682124007865503,Qwen/Qwen2-1.5B-Instruct,0.0,0,logiqa,0.0
34,4.3125,0.013400007665140828,Qwen/Qwen2-1.5B-Instruct,0.0,0,logiqa,0.0
35,0.060546875,0.941249646907103,Qwen/Qwen2-1.5B-Instruct,1.0,0,logiqa,0.0
36,1.234375,0.29101659090983195,Qwen/Qwen2-1.5B-Instruct,0.0,0,logiqa,0.0
37,2.640625,0.07131668269775804,Qwen/Qwen2-1.5B-Instruct,0.0,0,logiqa,0.0
38,3.546875,0.028814544556403775,Qwen/Qwen2-1.5B-Instruct,0.0,0,logiqa,0.0
39,2.375,0.09301448921066349,Qwen/Qwen2-1.5B-Instruct,0.0,0,logiqa,0.0
40,1.578125,0.20636166380601706,Qwen/Qwen2-1.5B-Instruct,0.0,0,logiqa,0.0
41,0.2353515625,0.7902929634144612,Qwen/Qwen2-1.5B-Instruct,1.0,0,logiqa,0.0
42,1.9375,0.14406365910145327,Qwen/Qwen2-1.5B-Instruct,0.0,0,logiqa,0.0
43,1.1953125,0.30260937397538795,Qwen/Qwen2-1.5B-Instruct,0.0,0,logiqa,0.0
44,1.90625,0.1486367305381225,Qwen/Qwen2-1.5B-Instruct,0.0,0,logiqa,0.0
45,0.1318359375,0.8764847815685415,Qwen/Qwen2-1.5B-Instruct,1.0,0,logiqa,0.0
46,0.90234375,0.40561787790561105,Qwen/Qwen2-1.5B-Instruct,1.0,0,logiqa,0.0
47,0.0458984375,0.9551389635657673,Qwen/Qwen2-1.5B-Instruct,1.0,0,logiqa,0.0
48,0.390625,0.676633846161729,Qwen/Qwen2-1.5B-Instruct,1.0,0,logiqa,0.0
49,1.109375,0.3297649998062575,Qwen/Qwen2-1.5B-Instruct,1.0,0,logiqa,0.0
50,1.515625,0.21967084765457534,Qwen/Qwen2-1.5B-Instruct,0.0,0,logiqa,0.0
51,0.96484375,0.3810427330152126,Qwen/Qwen2-1.5B-Instruct,1.0,0,logiqa,0.0
52,1.8984375,0.14980250286418162,Qwen/Qwen2-1.5B-Instruct,0.0,0,logiqa,0.0
53,2.078125,0.1251646760876602,Qwen/Qwen2-1.5B-Instruct,0.0,0,logiqa,0.0
54,0.318359375,0.7273413531419732,Qwen/Qwen2-1.5B-Instruct,1.0,0,logiqa,0.0
55,1.6328125,0.19537929639047613,Qwen/Qwen2-1.5B-Instruct,0.0,0,logiqa,0.0
56,2.140625,0.11758133171956547,Qwen/Qwen2-1.5B-Instruct,0.0,0,logiqa,0.0
57,1.9296875,0.14519356438370257,Qwen/Qwen2-1.5B-Instruct,0.0,0,logiqa,0.0
58,0.77734375,0.459625270884992,Qwen/Qwen2-1.5B-Instruct,1.0,0,logiqa,0.0
59,0.6171875,0.5394595359337269,Qwen/Qwen2-1.5B-Instruct,1.0,0,logiqa,0.0
60,0.038330078125,0.9623952228475297,Qwen/Qwen2-1.5B-Instruct,1.0,0,logiqa,0.0
61,3.828125,0.021750359344450344,Qwen/Qwen2-1.5B-Instruct,0.0,0,logiqa,0.0
62,0.431640625,0.6494427282327384,Qwen/Qwen2-1.5B-Instruct,1.0,0,logiqa,0.0
63,0.90234375,0.40561787790561105,Qwen/Qwen2-1.5B-Instruct,1.0,0,logiqa,0.0
64,0.2353515625,0.7902929634144612,Qwen/Qwen2-1.5B-Instruct,1.0,0,logiqa,0.0
65,2.4375,0.08737902619542039,Qwen/Qwen2-1.5B-Instruct,0.0,0,logiqa,0.0
66,2.765625,0.06293675158337987,Qwen/Qwen2-1.5B-Instruct,0.0,0,logiqa,0.0
67,2.734375,0.0649345785355609,Qwen/Qwen2-1.5B-Instruct,0.0,0,logiqa,0.0
68,0.2421875,0.7849089933174918,Qwen/Qwen2-1.5B-Instruct,1.0,0,logiqa,0.0
69,3.546875,0.028814544556403775,Qwen/Qwen2-1.5B-Instruct,0.0,0,logiqa,0.0
70,1.4453125,0.23567241741677974,Qwen/Qwen2-1.5B-Instruct,0.0,0,logiqa,0.0
71,2.0625,0.1271357329320356,Qwen/Qwen2-1.5B-Instruct,0.0,0,logiqa,0.0
72,1.4140625,0.2431534629991392,Qwen/Qwen2-1.5B-Instruct,0.0,0,logiqa,0.0
73,1.453125,0.23383840011408472,Qwen/Qwen2-1.5B-Instruct,0.0,0,logiqa,0.0
74,1.6171875,0.19845607261390505,Qwen/Qwen2-1.5B-Instruct,0.0,0,logiqa,0.0
75,0.05322265625,0.9481688732517508,Qwen/Qwen2-1.5B-Instruct,1.0,0,logiqa,0.0
76,0.259765625,0.7712323221982079,Qwen/Qwen2-1.5B-Instruct,1.0,0,logiqa,0.0
77,0.546875,0.5787555986124843,Qwen/Qwen2-1.5B-Instruct,1.0,0,logiqa,0.0
78,0.466796875,0.6270074383640806,Qwen/Qwen2-1.5B-Instruct,1.0,0,logiqa,0.0
79,2.6875,0.0680508540250102,Qwen/Qwen2-1.5B-Instruct,0.0,0,logiqa,0.0
80,2.1875,0.11219689052034373,Qwen/Qwen2-1.5B-Instruct,0.0,0,logiqa,0.0
1,5.84375,0.00289795489322345,Qwen/Qwen2-1.5B-Instruct,0.0,0,logiqa,0.0
2,1.75,0.17377394345044514,Qwen/Qwen2-1.5B-Instruct,0.0,0,logiqa,0.0
3,1.640625,0.19385884264329528,Qwen/Qwen2-1.5B-Instruct,0.0,0,logiqa,0.0
4,2.765625,0.06293675158337987,Qwen/Qwen2-1.5B-Instruct,0.0,0,logiqa,0.0
5,0.19140625,0.8257970399501007,Qwen/Qwen2-1.5B-Instruct,1.0,0,logiqa,0.0
6,1.09375,0.33495804292529496,Qwen/Qwen2-1.5B-Instruct,1.0,0,logiqa,0.0
7,3.3125,0.036424997337364234,Qwen/Qwen2-1.5B-Instruct,0.0,0,logiqa,0.0
8,1.890625,0.1509774184559146,Qwen/Qwen2-1.5B-Instruct,0.0,0,logiqa,0.0
9,0.03076171875,0.9697066084520289,Qwen/Qwen2-1.5B-Instruct,1.0,0,logiqa,0.0
10,1.3359375,0.26291158027609046,Qwen/Qwen2-1.5B-Instruct,0.0,0,logiqa,0.0
11,0.2294921875,0.7949371790602927,Qwen/Qwen2-1.5B-Instruct,1.0,0,logiqa,0.0
12,1.453125,0.23383840011408472,Qwen/Qwen2-1.5B-Instruct,0.0,0,logiqa,0.0
13,0.0751953125,0.9275623041230301,Qwen/Qwen2-1.5B-Instruct,1.0,0,logiqa,0.0
14,1.921875,0.1463323316229146,Qwen/Qwen2-1.5B-Instruct,0.0,0,logiqa,0.0
15,2.5,0.0820849986238988,Qwen/Qwen2-1.5B-Instruct,0.0,0,logiqa,0.0
16,0.138671875,0.870513618882206,Qwen/Qwen2-1.5B-Instruct,1.0,0,logiqa,0.0
17,1.4765625,0.2284215394097245,Qwen/Qwen2-1.5B-Instruct,0.0,0,logiqa,0.0
18,1.375,0.25283959580474646,Qwen/Qwen2-1.5B-Instruct,0.0,0,logiqa,0.0
19,3.8125,0.022092877665062443,Qwen/Qwen2-1.5B-Instruct,0.0,0,logiqa,0.0
20,0.0966796875,0.9078467542291261,Qwen/Qwen2-1.5B-Instruct,1.0,0,logiqa,0.0
21,1.28125,0.27768997095378994,Qwen/Qwen2-1.5B-Instruct,0.0,0,logiqa,0.0
22,2.203125,0.1104574389603643,Qwen/Qwen2-1.5B-Instruct,0.0,0,logiqa,0.0
23,1.5078125,0.221393747466153,Qwen/Qwen2-1.5B-Instruct,0.0,0,logiqa,0.0
24,1.59375,0.20316232275153173,Qwen/Qwen2-1.5B-Instruct,0.0,0,logiqa,0.0
25,1.375,0.25283959580474646,Qwen/Qwen2-1.5B-Instruct,0.0,0,logiqa,0.0
26,1.6953125,0.18354186323251906,Qwen/Qwen2-1.5B-Instruct,0.0,0,logiqa,0.0
27,1.5390625,0.21458217794945839,Qwen/Qwen2-1.5B-Instruct,0.0,0,logiqa,0.0
28,1.2421875,0.2887518818320782,Qwen/Qwen2-1.5B-Instruct,0.0,0,logiqa,0.0
29,2.375,0.09301448921066349,Qwen/Qwen2-1.5B-Instruct,0.0,0,logiqa,0.0
30,0.99609375,0.3693192805940405,Qwen/Qwen2-1.5B-Instruct,0.0,0,logiqa,0.0
31,0.9609375,0.3825340921054156,Qwen/Qwen2-1.5B-Instruct,1.0,0,logiqa,0.0
32,4.3125,0.013400007665140828,Qwen/Qwen2-1.5B-Instruct,0.0,0,logiqa,0.0
33,0.1787109375,0.8363476211932502,Qwen/Qwen2-1.5B-Instruct,1.0,0,logiqa,0.0
34,0.890625,0.41039917309637,Qwen/Qwen2-1.5B-Instruct,1.0,0,logiqa,0.0
35,2.0,0.1353352832366127,Qwen/Qwen2-1.5B-Instruct,0.0,0,logiqa,0.0
36,1.75,0.17377394345044514,Qwen/Qwen2-1.5B-Instruct,0.0,0,logiqa,0.0
37,1.9453125,0.14294254681187055,Qwen/Qwen2-1.5B-Instruct,0.0,0,logiqa,0.0
38,0.03076171875,0.9697066084520289,Qwen/Qwen2-1.5B-Instruct,1.0,0,logiqa,0.0
39,1.171875,0.30978554847668166,Qwen/Qwen2-1.5B-Instruct,1.0,0,logiqa,0.0
40,0.91015625,0.4024613345370006,Qwen/Qwen2-1.5B-Instruct,1.0,0,logiqa,0.0
41,0.08984375,0.9140739981758944,Qwen/Qwen2-1.5B-Instruct,1.0,0,logiqa,0.0
42,4.71875,0.008926329489511324,Qwen/Qwen2-1.5B-Instruct,0.0,0,logiqa,0.0
43,2.21875,0.10874495509722103,Qwen/Qwen2-1.5B-Instruct,0.0,0,logiqa,0.0
44,1.90625,0.1486367305381225,Qwen/Qwen2-1.5B-Instruct,0.0,0,logiqa,0.0
45,1.2421875,0.2887518818320782,Qwen/Qwen2-1.5B-Instruct,1.0,0,logiqa,0.0
46,0.984375,0.373672699406043,Qwen/Qwen2-1.5B-Instruct,0.0,0,logiqa,0.0
47,4.71875,0.008926329489511324,Qwen/Qwen2-1.5B-Instruct,0.0,0,logiqa,0.0
48,0.0966796875,0.9078467542291261,Qwen/Qwen2-1.5B-Instruct,1.0,0,logiqa,0.0
49,1.984375,0.13746650383851944,Qwen/Qwen2-1.5B-Instruct,0.0,0,logiqa,0.0
50,0.2353515625,0.7902929634144612,Qwen/Qwen2-1.5B-Instruct,1.0,0,logiqa,0.0
51,3.3125,0.036424997337364234,Qwen/Qwen2-1.5B-Instruct,0.0,0,logiqa,0.0
52,2.953125,0.05217639966630833,Qwen/Qwen2-1.5B-Instruct,0.0,0,logiqa,0.0
53,1.2421875,0.2887518818320782,Qwen/Qwen2-1.5B-Instruct,0.0,0,logiqa,0.0
54,1.140625,0.31961919737930994,Qwen/Qwen2-1.5B-Instruct,1.0,0,logiqa,0.0
55,2.90625,0.05468039736791477,Qwen/Qwen2-1.5B-Instruct,0.0,0,logiqa,0.0
56,0.609375,0.5436905695130004,Qwen/Qwen2-1.5B-Instruct,1.0,0,logiqa,0.0
57,1.484375,0.22664394888734782,Qwen/Qwen2-1.5B-Instruct,0.0,0,logiqa,0.0
58,2.0,0.1353352832366127,Qwen/Qwen2-1.5B-Instruct,0.0,0,logiqa,0.0
59,1.796875,0.1658162552121675,Qwen/Qwen2-1.5B-Instruct,0.0,0,logiqa,0.0
60,2.875,0.05641613950377735,Qwen/Qwen2-1.5B-Instruct,0.0,0,logiqa,0.0
61,0.55859375,0.572012891653811,Qwen/Qwen2-1.5B-Instruct,1.0,0,logiqa,0.0
62,0.1455078125,0.8645831354918224,Qwen/Qwen2-1.5B-Instruct,1.0,0,logiqa,0.0
63,1.703125,0.18211352912101367,Qwen/Qwen2-1.5B-Instruct,0.0,0,logiqa,0.0
64,0.2421875,0.7849089933174918,Qwen/Qwen2-1.5B-Instruct,1.0,0,logiqa,0.0
65,0.060546875,0.941249646907103,Qwen/Qwen2-1.5B-Instruct,1.0,0,logiqa,0.0
66,2.96875,0.05136747956725073,Qwen/Qwen2-1.5B-Instruct,0.0,0,logiqa,0.0
67,0.44140625,0.6431313813711866,Qwen/Qwen2-1.5B-Instruct,1.0,0,logiqa,0.0
68,0.007781982421875,0.9922482188107336,Qwen/Qwen2-1.5B-Instruct,1.0,0,logiqa,0.0
69,0.55859375,0.572012891653811,Qwen/Qwen2-1.5B-Instruct,1.0,0,logiqa,0.0
70,4.65625,0.00950202828005989,Qwen/Qwen2-1.5B-Instruct,0.0,0,logiqa,0.0
71,1.1796875,0.30737477821235176,Qwen/Qwen2-1.5B-Instruct,1.0,0,logiqa,0.0
72,1.1796875,0.30737477821235176,Qwen/Qwen2-1.5B-Instruct,0.0,0,logiqa,0.0
73,0.70703125,0.49310593486505433,Qwen/Qwen2-1.5B-Instruct,1.0,0,logiqa,0.0
74,5.0,0.006737946999085467,Qwen/Qwen2-1.5B-Instruct,0.0,0,logiqa,0.0
75,0.06787109375,0.9343809133539388,Qwen/Qwen2-1.5B-Instruct,1.0,0,logiqa,0.0
76,1.390625,0.2489196812036605,Qwen/Qwen2-1.5B-Instruct,0.0,0,logiqa,0.0
77,2.71875,0.06595714935553817,Qwen/Qwen2-1.5B-Instruct,0.0,0,logiqa,0.0
78,1.96875,0.13963128628139898,Qwen/Qwen2-1.5B-Instruct,0.0,0,logiqa,0.0
79,3.140625,0.043255754605187734,Qwen/Qwen2-1.5B-Instruct,0.0,0,logiqa,0.0
80,1.9375,0.14406365910145327,Qwen/Qwen2-1.5B-Instruct,0.0,0,logiqa,0.0
81,1.8828125,0.1521615490248429,Qwen/Qwen2-1.5B-Instruct,0.0,0,logiqa,0.0
82,0.494140625,0.6100949824510565,Qwen/Qwen2-1.5B-Instruct,1.0,0,logiqa,0.0
83,3.625,0.026649097336355485,Qwen/Qwen2-1.5B-Instruct,0.0,0,logiqa,0.0
1,2.859375,0.057304564428268645,Qwen/Qwen2-1.5B-Instruct,0.0,0,logiqa,0.0
2,0.494140625,0.6100949824510565,Qwen/Qwen2-1.5B-Instruct,1.0,0,logiqa,0.0
3,1.046875,0.3510330150388101,Qwen/Qwen2-1.5B-Instruct,1.0,0,logiqa,0.0
4,0.007781982421875,0.9922482188107336,Qwen/Qwen2-1.5B-Instruct,1.0,0,logiqa,0.0
5,0.796875,0.4507353134063624,Qwen/Qwen2-1.5B-Instruct,1.0,0,logiqa,0.0
6,1.9140625,0.1474800303242793,Qwen/Qwen2-1.5B-Instruct,0.0,0,logiqa,0.0
7,1.671875,0.18789443308700168,Qwen/Qwen2-1.5B-Instruct,0.0,0,logiqa,0.0
8,0.023193359375,0.9770735391778969,Qwen/Qwen2-1.5B-Instruct,1.0,0,logiqa,0.0
9,2.46875,0.0846906561847805,Qwen/Qwen2-1.5B-Instruct,0.0,0,logiqa,0.0
10,1.328125,0.26497362135689667,Qwen/Qwen2-1.5B-Instruct,0.0,0,logiqa,0.0
11,0.421875,0.6558160112715016,Qwen/Qwen2-1.5B-Instruct,1.0,0,logiqa,0.0
12,0.0155029296875,0.9846166221284973,Qwen/Qwen2-1.5B-Instruct,1.0,0,logiqa,0.0
13,3.296875,0.03699860758070385,Qwen/Qwen2-1.5B-Instruct,0.0,0,logiqa,0.0
14,1.421875,0.2412612277378443,Qwen/Qwen2-1.5B-Instruct,0.0,0,logiqa,0.0
15,0.87890625,0.4152368286818413,Qwen/Qwen2-1.5B-Instruct,1.0,0,logiqa,0.0
16,2.0,0.1353352832366127,Qwen/Qwen2-1.5B-Instruct,0.0,0,logiqa,0.0
17,0.75390625,0.47052497007720323,Qwen/Qwen2-1.5B-Instruct,1.0,0,logiqa,0.0
18,2.5625,0.07711171996831671,Qwen/Qwen2-1.5B-Instruct,0.0,0,logiqa,0.0
19,2.125,0.11943296826671962,Qwen/Qwen2-1.5B-Instruct,0.0,0,logiqa,0.0
20,0.0458984375,0.9551389635657673,Qwen/Qwen2-1.5B-Instruct,1.0,0,logiqa,0.0
21,3.375,0.03421811831166603,Qwen/Qwen2-1.5B-Instruct,0.0,0,logiqa,0.0
22,1.1796875,0.30737477821235176,Qwen/Qwen2-1.5B-Instruct,1.0,0,logiqa,0.0
23,0.05322265625,0.9481688732517508,Qwen/Qwen2-1.5B-Instruct,1.0,0,logiqa,0.0
24,0.36328125,0.6953908273230813,Qwen/Qwen2-1.5B-Instruct,1.0,0,logiqa,0.0
25,1.46875,0.23021307174736147,Qwen/Qwen2-1.5B-Instruct,0.0,0,logiqa,0.0
26,2.828125,0.059123606568473756,Qwen/Qwen2-1.5B-Instruct,0.0,0,logiqa,0.0
27,1.71875,0.17929012055011864,Qwen/Qwen2-1.5B-Instruct,0.0,0,logiqa,0.0
28,0.5234375,0.5924803921133679,Qwen/Qwen2-1.5B-Instruct,1.0,0,logiqa,0.0
29,1.59375,0.20316232275153173,Qwen/Qwen2-1.5B-Instruct,0.0,0,logiqa,0.0
30,0.1982421875,0.8201711938713908,Qwen/Qwen2-1.5B-Instruct,1.0,0,logiqa,0.0
31,1.328125,0.26497362135689667,Qwen/Qwen2-1.5B-Instruct,0.0,0,logiqa,0.0
32,1.5625,0.2096113871510978,Qwen/Qwen2-1.5B-Instruct,0.0,0,logiqa,0.0
33,0.10400390625,0.9012217770167625,Qwen/Qwen2-1.5B-Instruct,1.0,0,logiqa,0.0
34,0.69921875,0.49697341264527733,Qwen/Qwen2-1.5B-Instruct,1.0,0,logiqa,0.0
35,1.2109375,0.2979178504832066,Qwen/Qwen2-1.5B-Instruct,1.0,0,logiqa,0.0
36,2.8125,0.060054667895307945,Qwen/Qwen2-1.5B-Instruct,0.0,0,logiqa,0.0
37,2.375,0.09301448921066349,Qwen/Qwen2-1.5B-Instruct,0.0,0,logiqa,0.0
38,0.76953125,0.463230156563083,Qwen/Qwen2-1.5B-Instruct,1.0,0,logiqa,0.0
39,1.4453125,0.23567241741677974,Qwen/Qwen2-1.5B-Instruct,0.0,0,logiqa,0.0
40,0.470703125,0.6245629680224108,Qwen/Qwen2-1.5B-Instruct,1.0,0,logiqa,0.0
41,0.1318359375,0.8764847815685415,Qwen/Qwen2-1.5B-Instruct,1.0,0,logiqa,0.0
42,1.9609375,0.14072642803276533,Qwen/Qwen2-1.5B-Instruct,0.0,0,logiqa,0.0
43,1.171875,0.30978554847668166,Qwen/Qwen2-1.5B-Instruct,0.0,0,logiqa,0.0
44,0.27734375,0.7577939606593946,Qwen/Qwen2-1.5B-Instruct,1.0,0,logiqa,0.0
45,0.435546875,0.64691079098504,Qwen/Qwen2-1.5B-Instruct,1.0,0,logiqa,0.0
46,0.494140625,0.6100949824510565,Qwen/Qwen2-1.5B-Instruct,1.0,0,logiqa,0.0
47,1.03125,0.356560980663947,Qwen/Qwen2-1.5B-Instruct,1.0,0,logiqa,0.0
48,1.1640625,0.31221522664653706,Qwen/Qwen2-1.5B-Instruct,0.0,0,logiqa,0.0
49,1.328125,0.26497362135689667,Qwen/Qwen2-1.5B-Instruct,0.0,0,logiqa,0.0
50,1.875,0.15335496684492847,Qwen/Qwen2-1.5B-Instruct,0.0,0,logiqa,0.0
51,0.5703125,0.5653487396106142,Qwen/Qwen2-1.5B-Instruct,1.0,0,logiqa,0.0
52,1.6171875,0.19845607261390505,Qwen/Qwen2-1.5B-Instruct,0.0,0,logiqa,0.0
53,0.1455078125,0.8645831354918224,Qwen/Qwen2-1.5B-Instruct,1.0,0,logiqa,0.0
54,3.78125,0.022794180883612344,Qwen/Qwen2-1.5B-Instruct,0.0,0,logiqa,0.0
55,1.3984375,0.24698257287629313,Qwen/Qwen2-1.5B-Instruct,0.0,0,logiqa,0.0
56,1.78125,0.16842748127818424,Qwen/Qwen2-1.5B-Instruct,0.0,0,logiqa,0.0
57,4.71875,0.008926329489511324,Qwen/Qwen2-1.5B-Instruct,0.0,0,logiqa,0.0
58,3.421875,0.03265115658991408,Qwen/Qwen2-1.5B-Instruct,0.0,0,logiqa,0.0
59,1.5859375,0.20475574459755974,Qwen/Qwen2-1.5B-Instruct,0.0,0,logiqa,0.0
60,3.15625,0.04258513628878761,Qwen/Qwen2-1.5B-Instruct,0.0,0,logiqa,0.0
61,0.70703125,0.49310593486505433,Qwen/Qwen2-1.5B-Instruct,1.0,0,logiqa,0.0
62,2.4375,0.08737902619542039,Qwen/Qwen2-1.5B-Instruct,0.0,0,logiqa,0.0
63,0.421875,0.6558160112715016,Qwen/Qwen2-1.5B-Instruct,1.0,0,logiqa,0.0
64,0.1787109375,0.8363476211932502,Qwen/Qwen2-1.5B-Instruct,1.0,0,logiqa,0.0
65,2.5,0.0820849986238988,Qwen/Qwen2-1.5B-Instruct,0.0,0,logiqa,0.0
66,2.265625,0.10376516104428837,Qwen/Qwen2-1.5B-Instruct,0.0,0,logiqa,0.0
67,1.03125,0.356560980663947,Qwen/Qwen2-1.5B-Instruct,1.0,0,logiqa,0.0
68,3.46875,0.031155951269699805,Qwen/Qwen2-1.5B-Instruct,0.0,0,logiqa,0.0
69,1.40625,0.2450605392455259,Qwen/Qwen2-1.5B-Instruct,0.0,0,logiqa,0.0
70,2.015625,0.13323710414756298,Qwen/Qwen2-1.5B-Instruct,0.0,0,logiqa,0.0
71,0.05322265625,0.9481688732517508,Qwen/Qwen2-1.5B-Instruct,1.0,0,logiqa,0.0
72,2.578125,0.0759162135601666,Qwen/Qwen2-1.5B-Instruct,0.0,0,logiqa,0.0
73,1.6171875,0.19845607261390505,Qwen/Qwen2-1.5B-Instruct,0.0,0,logiqa,0.0
74,0.82421875,0.43857749732635326,Qwen/Qwen2-1.5B-Instruct,1.0,0,logiqa,0.0
75,0.84375,0.43009464064006225,Qwen/Qwen2-1.5B-Instruct,1.0,0,logiqa,0.0
76,1.5625,0.2096113871510978,Qwen/Qwen2-1.5B-Instruct,0.0,0,logiqa,0.0
77,0.06787109375,0.9343809133539388,Qwen/Qwen2-1.5B-Instruct,1.0,0,logiqa,0.0
78,0.30078125,0.7402396824677261,Qwen/Qwen2-1.5B-Instruct,1.0,0,logiqa,0.0
79,1.46875,0.23021307174736147,Qwen/Qwen2-1.5B-Instruct,0.0,0,logiqa,0.0
80,2.375,0.09301448921066349,Qwen/Qwen2-1.5B-Instruct,0.0,0,logiqa,0.0
81,1.0703125,0.34290134400373157,Qwen/Qwen2-1.5B-Instruct,1.0,0,logiqa,0.0
1,0.84375,0.43009464064006225,Qwen/Qwen2-1.5B-Instruct,1.0,0,logiqa,0.0
2,2.671875,0.06912249904327114,Qwen/Qwen2-1.5B-Instruct,0.0,0,logiqa,0.0
3,0.953125,0.3855343441745787,Qwen/Qwen2-1.5B-Instruct,1.0,0,logiqa,0.0
4,0.1318359375,0.8764847815685415,Qwen/Qwen2-1.5B-Instruct,1.0,0,logiqa,0.0
5,1.234375,0.29101659090983195,Qwen/Qwen2-1.5B-Instruct,0.0,0,logiqa,0.0
6,0.62109375,0.5373563825172994,Qwen/Qwen2-1.5B-Instruct,1.0,0,logiqa,0.0
7,0.271484375,0.76224719348739,Qwen/Qwen2-1.5B-Instruct,1.0,0,logiqa,0.0
8,4.6875,0.00920968160396814,Qwen/Qwen2-1.5B-Instruct,0.0,0,logiqa,0.0
9,0.08251953125,0.9207934534340386,Qwen/Qwen2-1.5B-Instruct,1.0,0,logiqa,0.0
10,1.03125,0.356560980663947,Qwen/Qwen2-1.5B-Instruct,0.0,0,logiqa,0.0
11,0.12451171875,0.8829279144942641,Qwen/Qwen2-1.5B-Instruct,1.0,0,logiqa,0.0
12,1.5234375,0.21796135555570278,Qwen/Qwen2-1.5B-Instruct,0.0,0,logiqa,0.0
13,1.484375,0.22664394888734782,Qwen/Qwen2-1.5B-Instruct,0.0,0,logiqa,0.0
14,1.390625,0.2489196812036605,Qwen/Qwen2-1.5B-Instruct,0.0,0,logiqa,0.0
15,2.0,0.1353352832366127,Qwen/Qwen2-1.5B-Instruct,0.0,0,logiqa,0.0
16,1.40625,0.2450605392455259,Qwen/Qwen2-1.5B-Instruct,0.0,0,logiqa,0.0
17,2.375,0.09301448921066349,Qwen/Qwen2-1.5B-Instruct,0.0,0,logiqa,0.0
18,1.328125,0.26497362135689667,Qwen/Qwen2-1.5B-Instruct,0.0,0,logiqa,0.0
19,0.15234375,0.8586930542645764,Qwen/Qwen2-1.5B-Instruct,1.0,0,logiqa,0.0
20,1.65625,0.19085333986431632,Qwen/Qwen2-1.5B-Instruct,0.0,0,logiqa,0.0
21,0.84375,0.43009464064006225,Qwen/Qwen2-1.5B-Instruct,1.0,0,logiqa,0.0
22,0.007781982421875,0.9922482188107336,Qwen/Qwen2-1.5B-Instruct,1.0,0,logiqa,0.0
23,0.84375,0.43009464064006225,Qwen/Qwen2-1.5B-Instruct,1.0,0,logiqa,0.0
24,1.546875,0.21291228619240427,Qwen/Qwen2-1.5B-Instruct,0.0,0,logiqa,0.0
25,1.046875,0.3510330150388101,Qwen/Qwen2-1.5B-Instruct,1.0,0,logiqa,0.0
26,2.578125,0.0759162135601666,Qwen/Qwen2-1.5B-Instruct,0.0,0,logiqa,0.0
27,1.7578125,0.17242162389375282,Qwen/Qwen2-1.5B-Instruct,0.0,0,logiqa,0.0
28,3.59375,0.02749503049258667,Qwen/Qwen2-1.5B-Instruct,0.0,0,logiqa,0.0
29,1.5703125,0.207980178394932,Qwen/Qwen2-1.5B-Instruct,0.0,0,logiqa,0.0
30,3.796875,0.022440789864373145,Qwen/Qwen2-1.5B-Instruct,0.0,0,logiqa,0.0
31,3.421875,0.03265115658991408,Qwen/Qwen2-1.5B-Instruct,0.0,0,logiqa,0.0
32,0.8984375,0.407205421393389,Qwen/Qwen2-1.5B-Instruct,1.0,0,logiqa,0.0
33,2.25,0.10539922456186433,Qwen/Qwen2-1.5B-Instruct,0.0,0,logiqa,0.0
34,0.007781982421875,0.9922482188107336,Qwen/Qwen2-1.5B-Instruct,1.0,0,logiqa,0.0
35,1.578125,0.20636166380601706,Qwen/Qwen2-1.5B-Instruct,0.0,0,logiqa,0.0
36,0.15234375,0.8586930542645764,Qwen/Qwen2-1.5B-Instruct,1.0,0,logiqa,0.0
37,2.34375,0.09596708604499847,Qwen/Qwen2-1.5B-Instruct,0.0,0,logiqa,0.0
38,1.90625,0.1486367305381225,Qwen/Qwen2-1.5B-Instruct,0.0,0,logiqa,0.0
39,0.40625,0.6661436107034878,Qwen/Qwen2-1.5B-Instruct,1.0,0,logiqa,0.0
40,1.3125,0.26914634872918386,Qwen/Qwen2-1.5B-Instruct,0.0,0,logiqa,0.0
41,1.8828125,0.1521615490248429,Qwen/Qwen2-1.5B-Instruct,0.0,0,logiqa,0.0
42,1.9140625,0.1474800303242793,Qwen/Qwen2-1.5B-Instruct,0.0,0,logiqa,0.0
43,1.25,0.2865047968601901,Qwen/Qwen2-1.5B-Instruct,0.0,0,logiqa,0.0
44,1.5234375,0.21796135555570278,Qwen/Qwen2-1.5B-Instruct,0.0,0,logiqa,0.0
45,0.08251953125,0.9207934534340386,Qwen/Qwen2-1.5B-Instruct,1.0,0,logiqa,0.0
46,0.66015625,0.5167705827795767,Qwen/Qwen2-1.5B-Instruct,1.0,0,logiqa,0.0
47,1.09375,0.33495804292529496,Qwen/Qwen2-1.5B-Instruct,0.0,0,logiqa,0.0
48,0.87890625,0.4152368286818413,Qwen/Qwen2-1.5B-Instruct,1.0,0,logiqa,0.0
49,1.3125,0.26914634872918386,Qwen/Qwen2-1.5B-Instruct,0.0,0,logiqa,0.0
50,0.73828125,0.47793466018873804,Qwen/Qwen2-1.5B-Instruct,1.0,0,logiqa,0.0
51,1.3828125,0.25087198245993886,Qwen/Qwen2-1.5B-Instruct,0.0,0,logiqa,0.0
52,2.203125,0.1104574389603643,Qwen/Qwen2-1.5B-Instruct,0.0,0,logiqa,0.0
53,1.859375,0.15576995617312325,Qwen/Qwen2-1.5B-Instruct,0.0,0,logiqa,0.0
54,1.84375,0.15822297604949842,Qwen/Qwen2-1.5B-Instruct,0.0,0,logiqa,0.0
55,2.34375,0.09596708604499847,Qwen/Qwen2-1.5B-Instruct,0.0,0,logiqa,0.0
56,1.59375,0.20316232275153173,Qwen/Qwen2-1.5B-Instruct,0.0,0,logiqa,0.0
57,1.390625,0.2489196812036605,Qwen/Qwen2-1.5B-Instruct,0.0,0,logiqa,0.0
58,2.234375,0.10705902083552722,Qwen/Qwen2-1.5B-Instruct,0.0,0,logiqa,0.0
59,3.03125,0.04825528130927965,Qwen/Qwen2-1.5B-Instruct,0.0,0,logiqa,0.0
60,0.2353515625,0.7902929634144612,Qwen/Qwen2-1.5B-Instruct,1.0,0,logiqa,0.0
61,2.09375,0.12322417764723749,Qwen/Qwen2-1.5B-Instruct,0.0,0,logiqa,0.0
62,1.5859375,0.20475574459755974,Qwen/Qwen2-1.5B-Instruct,0.0,0,logiqa,0.0
63,0.5234375,0.5924803921133679,Qwen/Qwen2-1.5B-Instruct,1.0,0,logiqa,0.0
64,0.19140625,0.8257970399501007,Qwen/Qwen2-1.5B-Instruct,1.0,0,logiqa,0.0
65,0.84375,0.43009464064006225,Qwen/Qwen2-1.5B-Instruct,1.0,0,logiqa,0.0
66,0.22265625,0.8003899360518268,Qwen/Qwen2-1.5B-Instruct,1.0,0,logiqa,0.0
67,3.359375,0.034756975267222885,Qwen/Qwen2-1.5B-Instruct,0.0,0,logiqa,0.0
68,5.75,0.003182780796509667,Qwen/Qwen2-1.5B-Instruct,0.0,0,logiqa,0.0
69,1.7734375,0.16974847438608623,Qwen/Qwen2-1.5B-Instruct,0.0,0,logiqa,0.0
70,2.96875,0.05136747956725073,Qwen/Qwen2-1.5B-Instruct,0.0,0,logiqa,0.0
71,2.828125,0.059123606568473756,Qwen/Qwen2-1.5B-Instruct,0.0,0,logiqa,0.0
72,0.2041015625,0.8153795549957998,Qwen/Qwen2-1.5B-Instruct,1.0,0,logiqa,0.0
73,1.6875,0.18498139990730428,Qwen/Qwen2-1.5B-Instruct,0.0,0,logiqa,0.0
74,3.34375,0.03530431798508576,Qwen/Qwen2-1.5B-Instruct,0.0,0,logiqa,0.0
75,2.28125,0.1021564313333943,Qwen/Qwen2-1.5B-Instruct,0.0,0,logiqa,0.0
76,0.73828125,0.47793466018873804,Qwen/Qwen2-1.5B-Instruct,1.0,0,logiqa,0.0
77,1.78125,0.16842748127818424,Qwen/Qwen2-1.5B-Instruct,0.0,0,logiqa,0.0
78,1.59375,0.20316232275153173,Qwen/Qwen2-1.5B-Instruct,0.0,0,logiqa,0.0
79,2.078125,0.1251646760876602,Qwen/Qwen2-1.5B-Instruct,0.0,0,logiqa,0.0
1,4.5,0.011108996538242306,Qwen/Qwen2-1.5B-Instruct,0.0,0,logiqa,0.0
2,1.203125,0.30025444914408245,Qwen/Qwen2-1.5B-Instruct,1.0,0,logiqa,0.0
3,0.32421875,0.7230920486923872,Qwen/Qwen2-1.5B-Instruct,1.0,0,logiqa,0.0
4,2.21875,0.10874495509722103,Qwen/Qwen2-1.5B-Instruct,0.0,0,logiqa,0.0
5,0.859375,0.4234266412852628,Qwen/Qwen2-1.5B-Instruct,1.0,0,logiqa,0.0
6,0.0751953125,0.9275623041230301,Qwen/Qwen2-1.5B-Instruct,1.0,0,logiqa,0.0
7,0.08984375,0.9140739981758944,Qwen/Qwen2-1.5B-Instruct,1.0,0,logiqa,0.0
8,1.515625,0.21967084765457534,Qwen/Qwen2-1.5B-Instruct,0.0,0,logiqa,0.0
9,1.296875,0.27338478699614155,Qwen/Qwen2-1.5B-Instruct,0.0,0,logiqa,0.0
10,1.046875,0.3510330150388101,Qwen/Qwen2-1.5B-Instruct,1.0,0,logiqa,0.0
11,3.125,0.04393693362340742,Qwen/Qwen2-1.5B-Instruct,0.0,0,logiqa,0.0
12,0.609375,0.5436905695130004,Qwen/Qwen2-1.5B-Instruct,1.0,0,logiqa,0.0
13,0.306640625,0.7359150228524268,Qwen/Qwen2-1.5B-Instruct,1.0,0,logiqa,0.0
14,1.390625,0.2489196812036605,Qwen/Qwen2-1.5B-Instruct,0.0,0,logiqa,0.0
15,1.1953125,0.30260937397538795,Qwen/Qwen2-1.5B-Instruct,1.0,0,logiqa,0.0
16,1.703125,0.18211352912101367,Qwen/Qwen2-1.5B-Instruct,0.0,0,logiqa,0.0
17,1.6171875,0.19845607261390505,Qwen/Qwen2-1.5B-Instruct,0.0,0,logiqa,0.0
18,1.234375,0.29101659090983195,Qwen/Qwen2-1.5B-Instruct,0.0,0,logiqa,0.0
19,2.5,0.0820849986238988,Qwen/Qwen2-1.5B-Instruct,0.0,0,logiqa,0.0
20,1.5859375,0.20475574459755974,Qwen/Qwen2-1.5B-Instruct,0.0,0,logiqa,0.0
21,0.6171875,0.5394595359337269,Qwen/Qwen2-1.5B-Instruct,1.0,0,logiqa,0.0
22,0.6640625,0.514755885208607,Qwen/Qwen2-1.5B-Instruct,1.0,0,logiqa,0.0
23,0.060546875,0.941249646907103,Qwen/Qwen2-1.5B-Instruct,1.0,0,logiqa,0.0
24,0.76953125,0.463230156563083,Qwen/Qwen2-1.5B-Instruct,1.0,0,logiqa,0.0
25,1.2109375,0.2979178504832066,Qwen/Qwen2-1.5B-Instruct,0.0,0,logiqa,0.0
26,1.6015625,0.20158130101268698,Qwen/Qwen2-1.5B-Instruct,0.0,0,logiqa,0.0
27,0.40625,0.6661436107034878,Qwen/Qwen2-1.5B-Instruct,1.0,0,logiqa,0.0
28,0.875,0.4168620196785084,Qwen/Qwen2-1.5B-Instruct,0.0,0,logiqa,0.0
29,0.0458984375,0.9551389635657673,Qwen/Qwen2-1.5B-Instruct,1.0,0,logiqa,0.0
30,2.34375,0.09596708604499847,Qwen/Qwen2-1.5B-Instruct,0.0,0,logiqa,0.0
31,1.796875,0.1658162552121675,Qwen/Qwen2-1.5B-Instruct,0.0,0,logiqa,0.0
32,3.265625,0.03817306945803752,Qwen/Qwen2-1.5B-Instruct,0.0,0,logiqa,0.0
33,0.2041015625,0.8153795549957998,Qwen/Qwen2-1.5B-Instruct,1.0,0,logiqa,0.0
34,0.27734375,0.7577939606593946,Qwen/Qwen2-1.5B-Instruct,1.0,0,logiqa,0.0
35,1.171875,0.30978554847668166,Qwen/Qwen2-1.5B-Instruct,0.0,0,logiqa,0.0
36,1.6484375,0.1923502211610474,Qwen/Qwen2-1.5B-Instruct,0.0,0,logiqa,0.0
37,0.91015625,0.4024613345370006,Qwen/Qwen2-1.5B-Instruct,1.0,0,logiqa,0.0
38,3.1875,0.04127492938579755,Qwen/Qwen2-1.5B-Instruct,0.0,0,logiqa,0.0
39,1.78125,0.16842748127818424,Qwen/Qwen2-1.5B-Instruct,0.0,0,logiqa,0.0
40,0.341796875,0.7104925088436513,Qwen/Qwen2-1.5B-Instruct,1.0,0,logiqa,0.0
41,1.046875,0.3510330150388101,Qwen/Qwen2-1.5B-Instruct,1.0,0,logiqa,0.0
42,1.328125,0.26497362135689667,Qwen/Qwen2-1.5B-Instruct,0.0,0,logiqa,0.0
43,0.85546875,0.42508388630216154,Qwen/Qwen2-1.5B-Instruct,0.0,0,logiqa,0.0
44,3.515625,0.02972921638615875,Qwen/Qwen2-1.5B-Instruct,0.0,0,logiqa,0.0
45,2.546875,0.07832605286299588,Qwen/Qwen2-1.5B-Instruct,0.0,0,logiqa,0.0
46,1.8125,0.1632455124539584,Qwen/Qwen2-1.5B-Instruct,0.0,0,logiqa,0.0
47,1.28125,0.27768997095378994,Qwen/Qwen2-1.5B-Instruct,0.0,0,logiqa,0.0
48,0.96484375,0.3810427330152126,Qwen/Qwen2-1.5B-Instruct,1.0,0,logiqa,0.0
49,1.34375,0.26086558612628497,Qwen/Qwen2-1.5B-Instruct,0.0,0,logiqa,0.0
50,1.8046875,0.16452586287665122,Qwen/Qwen2-1.5B-Instruct,0.0,0,logiqa,0.0
51,0.384765625,0.6806101355130432,Qwen/Qwen2-1.5B-Instruct,1.0,0,logiqa,0.0
52,1.328125,0.26497362135689667,Qwen/Qwen2-1.5B-Instruct,0.0,0,logiqa,0.0
53,1.9765625,0.13854466699075552,Qwen/Qwen2-1.5B-Instruct,0.0,0,logiqa,0.0
54,1.5078125,0.221393747466153,Qwen/Qwen2-1.5B-Instruct,0.0,0,logiqa,0.0
55,1.1015625,0.3323513787550223,Qwen/Qwen2-1.5B-Instruct,1.0,0,logiqa,0.0
56,1.953125,0.14183015908734253,Qwen/Qwen2-1.5B-Instruct,0.0,0,logiqa,0.0
57,0.96484375,0.3810427330152126,Qwen/Qwen2-1.5B-Instruct,0.0,0,logiqa,0.0
58,2.09375,0.12322417764723749,Qwen/Qwen2-1.5B-Instruct,0.0,0,logiqa,0.0
59,4.875,0.007635094218859962,Qwen/Qwen2-1.5B-Instruct,0.0,0,logiqa,0.0
60,0.416015625,0.6596699630606897,Qwen/Qwen2-1.5B-Instruct,1.0,0,logiqa,0.0
61,2.609375,0.07358051721811718,Qwen/Qwen2-1.5B-Instruct,0.0,0,logiqa,0.0
62,1.828125,0.16071462536804407,Qwen/Qwen2-1.5B-Instruct,0.0,0,logiqa,0.0
63,1.4609375,0.23201865524727103,Qwen/Qwen2-1.5B-Instruct,0.0,0,logiqa,0.0
64,1.46875,0.23021307174736147,Qwen/Qwen2-1.5B-Instruct,0.0,0,logiqa,0.0
65,1.34375,0.26086558612628497,Qwen/Qwen2-1.5B-Instruct,0.0,0,logiqa,0.0
66,0.060546875,0.941249646907103,Qwen/Qwen2-1.5B-Instruct,1.0,0,logiqa,0.0
67,1.40625,0.2450605392455259,Qwen/Qwen2-1.5B-Instruct,0.0,0,logiqa,0.0
68,0.66015625,0.5167705827795767,Qwen/Qwen2-1.5B-Instruct,1.0,0,logiqa,0.0
69,0.08984375,0.9140739981758944,Qwen/Qwen2-1.5B-Instruct,1.0,0,logiqa,0.0
70,3.703125,0.024646386044811498,Qwen/Qwen2-1.5B-Instruct,0.0,0,logiqa,0.0
71,1.3203125,0.26705183522634335,Qwen/Qwen2-1.5B-Instruct,0.0,0,logiqa,0.0
72,1.1875,0.3049827687110593,Qwen/Qwen2-1.5B-Instruct,0.0,0,logiqa,0.0
73,1.546875,0.21291228619240427,Qwen/Qwen2-1.5B-Instruct,0.0,0,logiqa,0.0
74,0.0458984375,0.9551389635657673,Qwen/Qwen2-1.5B-Instruct,1.0,0,logiqa,0.0
75,0.8515625,0.4267476175926629,Qwen/Qwen2-1.5B-Instruct,1.0,0,logiqa,0.0
76,2.625,0.07243975703425146,Qwen/Qwen2-1.5B-Instruct,0.0,0,logiqa,0.0
77,1.359375,0.25682124007865503,Qwen/Qwen2-1.5B-Instruct,0.0,0,logiqa,0.0
78,3.421875,0.03265115658991408,Qwen/Qwen2-1.5B-Instruct,0.0,0,logiqa,0.0
79,1.859375,0.15576995617312325,Qwen/Qwen2-1.5B-Instruct,0.0,0,logiqa,0.0
80,1.5859375,0.20475574459755974,Qwen/Qwen2-1.5B-Instruct,0.0,0,logiqa,0.0
81,1.2109375,0.2979178504832066,Qwen/Qwen2-1.5B-Instruct,0.0,0,logiqa,0.0
82,3.671875,0.025428746320412147,Qwen/Qwen2-1.5B-Instruct,0.0,0,logiqa,0.0
83,0.87109375,0.4184935714928901,Qwen/Qwen2-1.5B-Instruct,1.0,0,logiqa,0.0
84,0.06787109375,0.9343809133539388,Qwen/Qwen2-1.5B-Instruct,1.0,0,logiqa,0.0
1,0.138671875,0.870513618882206,Qwen/Qwen2-1.5B-Instruct,1.0,0,logiqa,0.0
2,1.5234375,0.21796135555570278,Qwen/Qwen2-1.5B-Instruct,0.0,0,logiqa,0.0
3,0.82421875,0.43857749732635326,Qwen/Qwen2-1.5B-Instruct,1.0,0,logiqa,0.0
4,1.671875,0.18789443308700168,Qwen/Qwen2-1.5B-Instruct,0.0,0,logiqa,0.0
5,0.75390625,0.47052497007720323,Qwen/Qwen2-1.5B-Instruct,1.0,0,logiqa,0.0
6,1.1953125,0.30260937397538795,Qwen/Qwen2-1.5B-Instruct,0.0,0,logiqa,0.0
7,1.734375,0.17651048487186194,Qwen/Qwen2-1.5B-Instruct,0.0,0,logiqa,0.0
8,2.65625,0.07021102001498804,Qwen/Qwen2-1.5B-Instruct,0.0,0,logiqa,0.0
9,0.12451171875,0.8829279144942641,Qwen/Qwen2-1.5B-Instruct,1.0,0,logiqa,0.0
10,1.40625,0.2450605392455259,Qwen/Qwen2-1.5B-Instruct,0.0,0,logiqa,0.0
11,0.470703125,0.6245629680224108,Qwen/Qwen2-1.5B-Instruct,1.0,0,logiqa,0.0
12,2.375,0.09301448921066349,Qwen/Qwen2-1.5B-Instruct,0.0,0,logiqa,0.0
13,3.875,0.020754337873699742,Qwen/Qwen2-1.5B-Instruct,0.0,0,logiqa,0.0
14,0.060546875,0.941249646907103,Qwen/Qwen2-1.5B-Instruct,1.0,0,logiqa,0.0
15,3.34375,0.03530431798508576,Qwen/Qwen2-1.5B-Instruct,0.0,0,logiqa,0.0
16,1.109375,0.3297649998062575,Qwen/Qwen2-1.5B-Instruct,0.0,0,logiqa,0.0
17,1.953125,0.14183015908734253,Qwen/Qwen2-1.5B-Instruct,0.0,0,logiqa,0.0
18,1.0625,0.3455907525769745,Qwen/Qwen2-1.5B-Instruct,0.0,0,logiqa,0.0
19,2.625,0.07243975703425146,Qwen/Qwen2-1.5B-Instruct,0.0,0,logiqa,0.0
20,0.42578125,0.6532592269479727,Qwen/Qwen2-1.5B-Instruct,1.0,0,logiqa,0.0
21,1.9375,0.14406365910145327,Qwen/Qwen2-1.5B-Instruct,0.0,0,logiqa,0.0
22,2.0625,0.1271357329320356,Qwen/Qwen2-1.5B-Instruct,0.0,0,logiqa,0.0
23,1.734375,0.17651048487186194,Qwen/Qwen2-1.5B-Instruct,0.0,0,logiqa,0.0
24,1.34375,0.26086558612628497,Qwen/Qwen2-1.5B-Instruct,0.0,0,logiqa,0.0
25,1.1796875,0.30737477821235176,Qwen/Qwen2-1.5B-Instruct,1.0,0,logiqa,0.0
26,1.4921875,0.22488019168416426,Qwen/Qwen2-1.5B-Instruct,0.0,0,logiqa,0.0
27,0.2890625,0.7489653936027156,Qwen/Qwen2-1.5B-Instruct,1.0,0,logiqa,0.0
28,2.0625,0.1271357329320356,Qwen/Qwen2-1.5B-Instruct,0.0,0,logiqa,0.0
29,2.84375,0.058206980009571974,Qwen/Qwen2-1.5B-Instruct,0.0,0,logiqa,0.0
30,1.484375,0.22664394888734782,Qwen/Qwen2-1.5B-Instruct,0.0,0,logiqa,0.0
31,2.0,0.1353352832366127,Qwen/Qwen2-1.5B-Instruct,0.0,0,logiqa,0.0
32,1.4375,0.23752081909545814,Qwen/Qwen2-1.5B-Instruct,0.0,0,logiqa,0.0
33,1.1875,0.3049827687110593,Qwen/Qwen2-1.5B-Instruct,0.0,0,logiqa,0.0
34,1.984375,0.13746650383851944,Qwen/Qwen2-1.5B-Instruct,0.0,0,logiqa,0.0
35,2.78125,0.061961007690531984,Qwen/Qwen2-1.5B-Instruct,0.0,0,logiqa,0.0
36,1.546875,0.21291228619240427,Qwen/Qwen2-1.5B-Instruct,0.0,0,logiqa,0.0
37,1.46875,0.23021307174736147,Qwen/Qwen2-1.5B-Instruct,0.0,0,logiqa,0.0
38,1.1875,0.3049827687110593,Qwen/Qwen2-1.5B-Instruct,0.0,0,logiqa,0.0
39,0.83984375,0.43177798346854385,Qwen/Qwen2-1.5B-Instruct,1.0,0,logiqa,0.0
40,3.421875,0.03265115658991408,Qwen/Qwen2-1.5B-Instruct,0.0,0,logiqa,0.0
41,1.296875,0.27338478699614155,Qwen/Qwen2-1.5B-Instruct,0.0,0,logiqa,0.0
42,3.125,0.04393693362340742,Qwen/Qwen2-1.5B-Instruct,0.0,0,logiqa,0.0
43,2.515625,0.08081238867682222,Qwen/Qwen2-1.5B-Instruct,0.0,0,logiqa,0.0
44,1.375,0.25283959580474646,Qwen/Qwen2-1.5B-Instruct,0.0,0,logiqa,0.0
45,1.5859375,0.20475574459755974,Qwen/Qwen2-1.5B-Instruct,0.0,0,logiqa,0.0
46,1.0078125,0.36501658064745907,Qwen/Qwen2-1.5B-Instruct,1.0,0,logiqa,0.0
47,0.8046875,0.4472276633691456,Qwen/Qwen2-1.5B-Instruct,1.0,0,logiqa,0.0
48,1.40625,0.2450605392455259,Qwen/Qwen2-1.5B-Instruct,0.0,0,logiqa,0.0
49,2.34375,0.09596708604499847,Qwen/Qwen2-1.5B-Instruct,0.0,0,logiqa,0.0
50,2.796875,0.06100039130459344,Qwen/Qwen2-1.5B-Instruct,0.0,0,logiqa,0.0
51,0.0155029296875,0.9846166221284973,Qwen/Qwen2-1.5B-Instruct,1.0,0,logiqa,0.0
52,1.4375,0.23752081909545814,Qwen/Qwen2-1.5B-Instruct,0.0,0,logiqa,0.0
53,0.0966796875,0.9078467542291261,Qwen/Qwen2-1.5B-Instruct,1.0,0,logiqa,0.0
54,0.0458984375,0.9551389635657673,Qwen/Qwen2-1.5B-Instruct,1.0,0,logiqa,0.0
55,1.046875,0.3510330150388101,Qwen/Qwen2-1.5B-Instruct,1.0,0,logiqa,0.0
56,3.734375,0.023888096464365276,Qwen/Qwen2-1.5B-Instruct,0.0,0,logiqa,0.0
57,1.703125,0.18211352912101367,Qwen/Qwen2-1.5B-Instruct,0.0,0,logiqa,0.0
58,0.62890625,0.5331746419722976,Qwen/Qwen2-1.5B-Instruct,1.0,0,logiqa,0.0
59,1.0625,0.3455907525769745,Qwen/Qwen2-1.5B-Instruct,0.0,0,logiqa,0.0
60,2.234375,0.10705902083552722,Qwen/Qwen2-1.5B-Instruct,0.0,0,logiqa,0.0
61,0.2421875,0.7849089933174918,Qwen/Qwen2-1.5B-Instruct,1.0,0,logiqa,0.0
62,2.25,0.10539922456186433,Qwen/Qwen2-1.5B-Instruct,0.0,0,logiqa,0.0
63,1.0078125,0.36501658064745907,Qwen/Qwen2-1.5B-Instruct,1.0,0,logiqa,0.0
64,3.984375,0.018604068232532935,Qwen/Qwen2-1.5B-Instruct,0.0,0,logiqa,0.0
65,1.1484375,0.31713190105209277,Qwen/Qwen2-1.5B-Instruct,0.0,0,logiqa,0.0
66,1.3203125,0.26705183522634335,Qwen/Qwen2-1.5B-Instruct,0.0,0,logiqa,0.0
67,5.40625,0.004488440342699523,Qwen/Qwen2-1.5B-Instruct,0.0,0,logiqa,0.0
68,0.30078125,0.7402396824677261,Qwen/Qwen2-1.5B-Instruct,1.0,0,logiqa,0.0
69,1.5234375,0.21796135555570278,Qwen/Qwen2-1.5B-Instruct,0.0,0,logiqa,0.0
70,0.8828125,0.41361797370441067,Qwen/Qwen2-1.5B-Instruct,1.0,0,logiqa,0.0
71,0.984375,0.373672699406043,Qwen/Qwen2-1.5B-Instruct,1.0,0,logiqa,0.0
72,1.265625,0.28206295169381546,Qwen/Qwen2-1.5B-Instruct,0.0,0,logiqa,0.0
73,4.65625,0.00950202828005989,Qwen/Qwen2-1.5B-Instruct,0.0,0,logiqa,0.0
74,1.265625,0.28206295169381546,Qwen/Qwen2-1.5B-Instruct,0.0,0,logiqa,0.0
75,2.296875,0.10057264266491435,Qwen/Qwen2-1.5B-Instruct,0.0,0,logiqa,0.0
76,0.486328125,0.6148800167035864,Qwen/Qwen2-1.5B-Instruct,1.0,0,logiqa,0.0
77,3.40625,0.03316533748891029,Qwen/Qwen2-1.5B-Instruct,0.0,0,logiqa,0.0
78,3.28125,0.037581250870997916,Qwen/Qwen2-1.5B-Instruct,0.0,0,logiqa,0.0
79,4.96875,0.006951832396384793,Qwen/Qwen2-1.5B-Instruct,0.0,0,logiqa,0.0
80,0.2109375,0.8098246793420792,Qwen/Qwen2-1.5B-Instruct,1.0,0,logiqa,0.0
81,0.55859375,0.572012891653811,Qwen/Qwen2-1.5B-Instruct,1.0,0,logiqa,0.0
1,2.53125,0.07955950871822769,Qwen/Qwen2-1.5B-Instruct,0.0,0,logiqa,0.0
2,1.3515625,0.25883551402927246,Qwen/Qwen2-1.5B-Instruct,0.0,0,logiqa,0.0
3,1.1484375,0.31713190105209277,Qwen/Qwen2-1.5B-Instruct,1.0,0,logiqa,0.0
4,0.5234375,0.5924803921133679,Qwen/Qwen2-1.5B-Instruct,1.0,0,logiqa,0.0
5,1.0546875,0.34830125444308524,Qwen/Qwen2-1.5B-Instruct,0.0,0,logiqa,0.0
6,0.74609375,0.4742153431555798,Qwen/Qwen2-1.5B-Instruct,1.0,0,logiqa,0.0
7,0.9375,0.391605626676799,Qwen/Qwen2-1.5B-Instruct,0.0,0,logiqa,0.0
8,0.27734375,0.7577939606593946,Qwen/Qwen2-1.5B-Instruct,1.0,0,logiqa,0.0
9,4.0,0.01831563888873418,Qwen/Qwen2-1.5B-Instruct,0.0,0,logiqa,0.0
10,1.25,0.2865047968601901,Qwen/Qwen2-1.5B-Instruct,0.0,0,logiqa,0.0
11,0.76953125,0.463230156563083,Qwen/Qwen2-1.5B-Instruct,1.0,0,logiqa,0.0
12,1.125,0.32465246735834974,Qwen/Qwen2-1.5B-Instruct,1.0,0,logiqa,0.0
13,0.0155029296875,0.9846166221284973,Qwen/Qwen2-1.5B-Instruct,1.0,0,logiqa,0.0
14,0.1982421875,0.8201711938713908,Qwen/Qwen2-1.5B-Instruct,1.0,0,logiqa,0.0
15,1.90625,0.1486367305381225,Qwen/Qwen2-1.5B-Instruct,0.0,0,logiqa,0.0
16,2.453125,0.08602433995839362,Qwen/Qwen2-1.5B-Instruct,0.0,0,logiqa,0.0
17,1.96875,0.13963128628139898,Qwen/Qwen2-1.5B-Instruct,0.0,0,logiqa,0.0
18,1.75,0.17377394345044514,Qwen/Qwen2-1.5B-Instruct,0.0,0,logiqa,0.0
19,1.703125,0.18211352912101367,Qwen/Qwen2-1.5B-Instruct,0.0,0,logiqa,0.0
20,0.265625,0.76672659607082,Qwen/Qwen2-1.5B-Instruct,1.0,0,logiqa,0.0
21,0.400390625,0.6700582534023591,Qwen/Qwen2-1.5B-Instruct,1.0,0,logiqa,0.0
22,1.0703125,0.34290134400373157,Qwen/Qwen2-1.5B-Instruct,1.0,0,logiqa,0.0
23,2.65625,0.07021102001498804,Qwen/Qwen2-1.5B-Instruct,0.0,0,logiqa,0.0
24,3.0625,0.04677062238395898,Qwen/Qwen2-1.5B-Instruct,0.0,0,logiqa,0.0
25,2.203125,0.1104574389603643,Qwen/Qwen2-1.5B-Instruct,0.0,0,logiqa,0.0
26,2.53125,0.07955950871822769,Qwen/Qwen2-1.5B-Instruct,0.0,0,logiqa,0.0
27,2.515625,0.08081238867682222,Qwen/Qwen2-1.5B-Instruct,0.0,0,logiqa,0.0
28,1.921875,0.1463323316229146,Qwen/Qwen2-1.5B-Instruct,0.0,0,logiqa,0.0
29,0.265625,0.76672659607082,Qwen/Qwen2-1.5B-Instruct,1.0,0,logiqa,0.0
30,1.328125,0.26497362135689667,Qwen/Qwen2-1.5B-Instruct,0.0,0,logiqa,0.0
31,0.42578125,0.6532592269479727,Qwen/Qwen2-1.5B-Instruct,1.0,0,logiqa,0.0
32,4.09375,0.016676578983487567,Qwen/Qwen2-1.5B-Instruct,0.0,0,logiqa,0.0
33,0.68359375,0.5047996051229459,Qwen/Qwen2-1.5B-Instruct,1.0,0,logiqa,0.0
34,0.55078125,0.5764992443663932,Qwen/Qwen2-1.5B-Instruct,1.0,0,logiqa,0.0
35,1.5625,0.2096113871510978,Qwen/Qwen2-1.5B-Instruct,0.0,0,logiqa,0.0
36,1.5078125,0.221393747466153,Qwen/Qwen2-1.5B-Instruct,0.0,0,logiqa,0.0
37,2.640625,0.07131668269775804,Qwen/Qwen2-1.5B-Instruct,0.0,0,logiqa,0.0
38,2.703125,0.06699582332279769,Qwen/Qwen2-1.5B-Instruct,0.0,0,logiqa,0.0
39,2.03125,0.13117145431019428,Qwen/Qwen2-1.5B-Instruct,0.0,0,logiqa,0.0
40,0.9765625,0.3766034507108804,Qwen/Qwen2-1.5B-Instruct,1.0,0,logiqa,0.0
41,2.9375,0.0529980584033558,Qwen/Qwen2-1.5B-Instruct,0.0,0,logiqa,0.0
42,1.296875,0.27338478699614155,Qwen/Qwen2-1.5B-Instruct,0.0,0,logiqa,0.0
43,2.84375,0.058206980009571974,Qwen/Qwen2-1.5B-Instruct,0.0,0,logiqa,0.0
44,0.4609375,0.6306920944221607,Qwen/Qwen2-1.5B-Instruct,1.0,0,logiqa,0.0
45,0.40625,0.6661436107034878,Qwen/Qwen2-1.5B-Instruct,1.0,0,logiqa,0.0
46,1.3359375,0.26291158027609046,Qwen/Qwen2-1.5B-Instruct,0.0,0,logiqa,0.0
47,1.8203125,0.1619751257973035,Qwen/Qwen2-1.5B-Instruct,0.0,0,logiqa,0.0
48,0.82421875,0.43857749732635326,Qwen/Qwen2-1.5B-Instruct,0.0,0,logiqa,0.0
49,0.71484375,0.48926855403569414,Qwen/Qwen2-1.5B-Instruct,1.0,0,logiqa,0.0
50,1.265625,0.28206295169381546,Qwen/Qwen2-1.5B-Instruct,0.0,0,logiqa,0.0
51,0.390625,0.676633846161729,Qwen/Qwen2-1.5B-Instruct,1.0,0,logiqa,0.0
52,1.2109375,0.2979178504832066,Qwen/Qwen2-1.5B-Instruct,1.0,0,logiqa,0.0
53,1.546875,0.21291228619240427,Qwen/Qwen2-1.5B-Instruct,0.0,0,logiqa,0.0
54,1.75,0.17377394345044514,Qwen/Qwen2-1.5B-Instruct,0.0,0,logiqa,0.0
55,1.40625,0.2450605392455259,Qwen/Qwen2-1.5B-Instruct,0.0,0,logiqa,0.0
56,1.328125,0.26497362135689667,Qwen/Qwen2-1.5B-Instruct,0.0,0,logiqa,0.0
57,2.859375,0.057304564428268645,Qwen/Qwen2-1.5B-Instruct,0.0,0,logiqa,0.0
58,0.2109375,0.8098246793420792,Qwen/Qwen2-1.5B-Instruct,1.0,0,logiqa,0.0
59,1.0703125,0.34290134400373157,Qwen/Qwen2-1.5B-Instruct,0.0,0,logiqa,0.0
60,1.6953125,0.18354186323251906,Qwen/Qwen2-1.5B-Instruct,0.0,0,logiqa,0.0
61,3.40625,0.03316533748891029,Qwen/Qwen2-1.5B-Instruct,0.0,0,logiqa,0.0
62,1.5703125,0.207980178394932,Qwen/Qwen2-1.5B-Instruct,0.0,0,logiqa,0.0
63,1.65625,0.19085333986431632,Qwen/Qwen2-1.5B-Instruct,0.0,0,logiqa,0.0
64,4.71875,0.008926329489511324,Qwen/Qwen2-1.5B-Instruct,0.0,0,logiqa,0.0
65,2.625,0.07243975703425146,Qwen/Qwen2-1.5B-Instruct,0.0,0,logiqa,0.0
66,0.345703125,0.7077225610574206,Qwen/Qwen2-1.5B-Instruct,1.0,0,logiqa,0.0
67,1.5625,0.2096113871510978,Qwen/Qwen2-1.5B-Instruct,0.0,0,logiqa,0.0
68,0.1845703125,0.8314614757090356,Qwen/Qwen2-1.5B-Instruct,1.0,0,logiqa,0.0
69,1.140625,0.31961919737930994,Qwen/Qwen2-1.5B-Instruct,0.0,0,logiqa,0.0
70,1.484375,0.22664394888734782,Qwen/Qwen2-1.5B-Instruct,0.0,0,logiqa,0.0
71,2.203125,0.1104574389603643,Qwen/Qwen2-1.5B-Instruct,0.0,0,logiqa,0.0
72,0.19140625,0.8257970399501007,Qwen/Qwen2-1.5B-Instruct,1.0,0,logiqa,0.0
73,1.859375,0.15576995617312325,Qwen/Qwen2-1.5B-Instruct,0.0,0,logiqa,0.0
74,0.5,0.6065306597126334,Qwen/Qwen2-1.5B-Instruct,1.0,0,logiqa,0.0
75,1.125,0.32465246735834974,Qwen/Qwen2-1.5B-Instruct,1.0,0,logiqa,0.0
76,2.625,0.07243975703425146,Qwen/Qwen2-1.5B-Instruct,0.0,0,logiqa,0.0
77,1.5390625,0.21458217794945839,Qwen/Qwen2-1.5B-Instruct,0.0,0,logiqa,0.0
78,1.765625,0.17107982817134254,Qwen/Qwen2-1.5B-Instruct,0.0,0,logiqa,0.0
